id,definitionId,set,dots,slot,tier,level,locked,rerolledCount,equipped,source,assignedTo,primaryStat,primaryValue,primaryValueRaw,primaryRolls,primaryRawRolls,secondary1Stat,secondary1Value,secondary1ValueRaw,secondary1Rolls,secondary1RawRolls,secondary2Stat,secondary2Value,secondary2ValueRaw,secondary2Rolls,secondary2RawRolls,secondary3Stat,secondary3Value,secondary3ValueRaw,secondary3Rolls,secondary3RawRolls,secondary4Stat,secondary4Value,secondary4ValueRaw,secondary4Rolls,secondary4RawRolls,tierName,secondaryRollsTotal,secondaryRollsMaxAtTier,secondaryRollsRemainingAtTier,modQuality,modValue,speedQuality,potentialCeiling,potentialGain,projected6EQuality,nextInvestment,calibrationAttemptsMax,calibrationAttemptsUsed,calibrationAttemptsRemaining,calibrationNextCost,fitScore,primaryFit,secondaryFit,setFit,fitTarget,characterFit,recommendedAction,reason,replacementGain,replacesModId,chainStatus,patchOwner,patchOwnerName,patchSlot,chainId,chainStep,chainLength,chainPath,accountGain,optimizerTarget,optimizerScore,optimizerTotalScore,optimizerBaseScore,optimizerSetBonusScore,optimizerCurrentScore,optimizerGain,optimizerSource,optimizerCandidate,optimizerModScore,optimizerFullBuildGain,optimizerFullBuildSetBonus,chainGain
0GCYtSVTTnyDFDUJBKtcvg,552,Critical Chance,5,Arrow,1,15,False,0,False,MAGAZYN,,Health %,5.88%,588,0,,Potency %,1.4%,140,1,1400,Defense %,1.35%,135,1,1355,Tenacity %,2.13%,213,1,2132,Speed,5,50000,1,582990,E,4,4,0,100.0,51.5,83.3,51.5,0,0.0,slice,0,0,0,0,16.2,0.0,25.0,0.0,JARJARBINKS,CANDIDATE,KEEP,wartość secondary zbyt niska,0.0,,,,,,,,,,,,,,,,,,,,,,,
1_os2EuqQJWYXijdPWXMSg,552,Critical Chance,5,Arrow,4,15,False,0,True,POSTAĆ: CAPTAINTARPALS,ID6hA34wT-ehem_mRgkBFw,Speed,30,300000,0,,Health,567,5670000,2,27828998|28954073,Protection,657,6570000,1,65775214,Critical Chance %,4.08%,408,2,1984|2102,Offense %,0.87%,87,2,518|357,B,7,7,0,100.0,54.0,0.0,54.0,0,0.0,slice,0,0,0,0,28.5,95.1,14.5,0.0,JARJARBINKS,CANDIDATE,KEEP,obserwuj przed wydaniem materiałów,0.0,,,,,,,,,,,,,,,,,,,,,,,
4-DU89I2QCKAnEoXasgP-g,552,Critical Chance,5,Arrow,1,15,False,0,False,MAGAZYN,,Health %,5.88%,588,0,,Protection %,2.12%,212,1,2120,Offense,32,320000,1,3124284,Protection,669,6690000,1,66975431,Speed,5,50000,1,588960,E,4,4,0,100.0,75.0,83.3,75.0,0,0.0,slice,0,0,0,0,33.7,0.0,51.8,0.0,JARJARBINKS,CANDIDATE,SLICE,wartość moda lub dopasowanie do postaci uzasadnia kolejny roll,0.0,,,,,,,,,,,,,,,,,,,,,,,
Aqp9bzjCSJydr4jUE54U8A,552,Critical Chance,5,Arrow,1,15,False,0,True,POSTAĆ: CT210408,YPRCzSBMSZOy5sV9hrImNg,Speed,30,300000,0,,Offense %,0.51%,51,1,517,Tenacity %,2.24%,224,1,2246,Health,328,3280000,1,32843618,Protection,731,7310000,1,73121871,E,4,4,0,100.0,54.5,0.0,54.5,0,0.0,slice,0,0,0,0,30.3,95.1,17.4,0.0,JARJARBINKS,CANDIDATE,KEEP,obserwuj przed wydaniem materiałów,0.0,,,,,,,,,,,,,,,,,,,,,,,
ET3qzR9qRQe_RM0uwek99A,552,Critical Chance,5,Arrow,1,15,False,0,False,MAGAZYN,,Health %,5.88%,588,0,,Offense,44,440000,1,4300080,Critical Chance %,1.91%,191,1,1915,Speed,5,50000,1,553680,Defense,9,90000,1,951090,E,4,4,0,100.0,60.2,83.3,60.2,0,0.0,slice,0,0,0,0,27.0,0.0,41.5,0.0,JARJARBINKS,CANDIDATE,SLICE,wartość moda lub dopasowanie do postaci uzasadnia kolejny roll,0.0,,,,,,,,,,,,,,,,,,,,,,,
El4awg0IRqGHHxJLEFzEsA,552,Critical Chance,5,Arrow,2,15,False,0,True,POSTAĆ: HUYANG,DRi0qZeRRkKUKuIu-ZZ2yA,Speed,30,300000,0,,Health %,0.71%,71,1,718,Tenacity %,1.82%,182,1,1827,Protection %,2.85%,285,2,1127|1726,Defense,8,80000,1,827904,D,5,5,0,100.0,55.2,0.0,55.2,0,0.0,slice,0,0,0,0,32.3,95.1,20.4,0.0,JARJARBINKS,CANDIDATE,KEEP,obserwuj przed wydaniem materiałów,0.0,,,,,,,,,,,,,,,,,,,,,,,
JPbGHgmZRbO98aelcNwKvA,552,Critical Chance,5,Arrow,3,15,False,0,True,POSTAĆ: APPO,BYy6_mWtS8ao4M8ZdNvnBw,Speed,30,300000,0,,Defense,13,130000,2,533953|863135,Offense,24,240000,1,2334948,Critical Chance %,3.58%,358,2,1978|1606,Tenacity %,2.17%,217,1,2174,C,6,6,0,100.0,38.3,0.0,38.3,0,0.0,slice,0,0,0,0,29.6,95.1,16.2,0.0,JARJARBINKS,CANDIDATE,KEEP,wartość secondary zbyt niska,0.0,,,,,,,,,,,,,,,,,,,,,,,
MpOvdBTgT7GxySQXABMi8g,552,Critical Chance,5,Arrow,1,15,False,0,True,POSTAĆ: VEERS,psU_fbWrRvmPvrnEGCuShA,Speed,30,300000,0,,Tenacity %,1.21%,121,1,1212,Critical Chance %,1.55%,155,1,1551,Defense,5,50000,1,522879,Potency %,2.13%,213,1,2137,E,4,4,0,100.0,30.8,0.0,30.8,0,0.0,slice,0,0,0,0,24.1,95.1,7.8,0.0,JARJARBINKS,CANDIDATE,KEEP,wartość secondary zbyt niska,0.0,,,,,,,,,,,,,,,,,,,,,,,
Nmx7B8UJQya90vKhCC_QCQ,552,Critical Chance,5,Arrow,1,15,False,0,True,POSTAĆ: FIRSTORDERTIEPILOT,OxZ6DwWiQLGs4heGmPpiCg,Speed,30,300000,0,,Critical Chance %,1.69%,169,1,1699,Tenacity %,1.6%,160,1,1603,Health,271,2710000,1,27151810,Potency %,1.13%,113,1,1131,E,4,4,0,100.0,34.2,0.0,34.2,0,0.0,slice,0,0,0,0,24.2,95.1,8.0,0.0,JARJARBINKS,CANDIDATE,KEEP,wartość secondary zbyt niska,0.0,,,,,,,,,,,,,,,,,,,,,,,
QauoTnhWQAy6UlLtZy0eaA,552,Critical Chance,5,Arrow,1,15,False,0,True,POSTAĆ: WICKET,8DP_aO6lT0WLxgUPVNx4Hw,Speed,30,300000,0,,Offense %,0.45%,45,1,457,Health,395,3950000,1,39591925,Potency %,1.14%,114,1,1145,Protection %,2.11%,211,1,2118,E,4,4,0,100.0,61.0,0.0,61.0,0,0.0,slice,0,0,0,0,30.0,95.1,16.8,0.0,JARJARBINKS,CANDIDATE,SLICE,wartość moda lub dopasowanie do postaci uzasadnia kolejny roll,0.0,,,,,,,,,,,,,,,,,,,,,,,
SBLYH_jPT7u_c4_jp99BDQ,552,Critical Chance,5,Arrow,1,15,False,0,False,MAGAZYN,,Offense %,5.88%,588,0,,Offense,37,370000,1,3697704,Health %,0.72%,72,1,722,Speed,5,50000,1,597810,Potency %,1.49%,149,1,1495,E,4,4,0,100.0,72.0,83.3,72.0,0,0.0,slice,0,0,0,0,21.9,0.0,33.7,0.0,JARJARBINKS,CANDIDATE,SLICE,wartość moda lub dopasowanie do postaci uzasadnia kolejny roll,0.0,,,,,,,,,,,,,,,,,,,,,,,
SQrxJbkoQQKcpmIFsx0LGg,552,Critical Chance,5,Arrow,1,15,False,0,True,POSTAĆ: IG88,_99o-Wu8SrO65c6RIrem8g,Speed,30,300000,0,,Potency %,1.36%,136,1,1369,Tenacity %,2.1%,210,1,2108,Health,319,3190000,1,31949987,Offense,42,420000,1,4131132,E,4,4,0,100.0,48.5,0.0,48.5,0,0.0,slice,0,0,0,0,29.9,95.1,16.7,0.0,JARJARBINKS,CANDIDATE,KEEP,wartość secondary zbyt niska,0.0,,,,,,,,,,,,,,,,,,,,,,,
WYIppPH4T_OgKOnE8iNqGw,552,Critical Chance,5,Arrow,5,15,False,0,True,POSTAĆ: MAUL,VlElFadkTf6o-_YqwnflHw,Offense %,5.88%,588,0,,Speed,14,140000,3,529290|438510|436230,Defense %,3.62%,362,3,1641|1113|872,Health,269,2690000,1,26999657,Critical Chance %,2.02%,202,1,2025,A,8,8,0,100.0,62.4,77.8,62.4,0,49.7,6-dot,0,0,0,0,27.0,0.0,41.5,0.0,JARJARBINKS,CANDIDATE,SLICE_6E,5A ma wystarczającą wartość lub dopasowanie do postaci,0.0,,,,,,,,,,,,,,,,,,,,,,,
XO20-QSiT_OdbnLqUCur1g,552,Critical Chance,5,Arrow,1,15,False,0,True,POSTAĆ: AAYLASECURA,RS9O5t5dSA2YiqfvgQojGw,Speed,30,300000,0,,Potency %,1.41%,141,1,1413,Tenacity %,1.68%,168,1,1683,Offense %,0.46%,46,1,468,Critical Chance %,2.18%,218,1,2185,E,4,4,0,100.0,45.2,0.0,45.2,0,0.0,slice,0,0,0,0,19.0,95.1,0.0,0.0,JARJARBINKS,CANDIDATE,KEEP,wartość secondary zbyt niska,0.0,,,,,,,,,,,,,,,,,,,,,,,
_AvlqIewT1W2C0V3Aq0moA,552,Critical Chance,5,Arrow,5,15,False,0,True,POSTAĆ: GEONOSIANSOLDIER,LvNZqxXYT-GiIZkY9B14ZQ,Speed,30,300000,0,,Potency %,1.29%,129,1,1297,Defense,30,300000,4,922131|627102|881853|616175,Offense %,0.82%,82,2,287|535,Health,293,2930000,1,29380530,A,8,8,0,100.0,50.3,0.0,50.3,0,44.4,6-dot,0,0,0,0,31.8,95.1,19.7,0.0,JARJARBINKS,CANDIDATE,SLICE_6E,5A ma wystarczającą wartość lub dopasowanie do postaci,0.0,,,,,,,,,,,,,,,,,,,,,,,
hNNmG5x0SwWPjBFekA-_wQ,552,Critical Chance,5,Arrow,5,15,False,0,True,POSTAĆ: HOTHLEIA,RtJDe5hPSziO9rDKc8VzLw,Speed,30,300000,0,,Defense,6,60000,1,683109,Critical Chance %,2.82%,282,2,1150|1678,Health,908,9080000,3,33968693|21646443|35243778,Tenacity %,4.03%,403,2,1985|2048,A,8,8,0,100.0,36.0,0.0,36.0,0,44.4,6-dot,0,0,0,0,29.4,95.1,15.9,0.0,JARJARBINKS,CANDIDATE,KEEP,5A nie uzasadnia kosztu 6E,0.0,,,,,,,,,,,,,,,,,,,,,,,
o7zCfjDGTDm6frfSu_5UHQ,552,Critical Chance,5,Arrow,1,15,False,0,True,POSTAĆ: JYNERSO,J5J6kyqwQjuErnn0IY4xFw,Speed,30,300000,0,,Defense,9,90000,1,961233,Protection %,1.24%,124,1,1241,Offense,27,270000,1,2639328,Health,269,2690000,1,26976084,E,4,4,0,100.0,58.5,0.0,58.5,0,0.0,slice,0,0,0,0,40.7,95.1,33.3,0.0,JARJARBINKS,CANDIDATE,SLICE,wartość moda lub dopasowanie do postaci uzasadnia kolejny roll,0.0,,,,,,,,,,,,,,,,,,,,,,,
p_fVP5BPQrydOeq9-Y34zw,552,Critical Chance,5,Arrow,1,15,False,0,False,MAGAZYN,,Health %,5.88%,588,0,,Critical Chance %,1.93%,193,1,1933,Defense %,1.53%,153,1,1531,Speed,5,50000,1,543930,Protection,571,5710000,1,57149433,E,4,4,0,100.0,53.8,83.3,53.8,0,0.0,slice,0,0,0,0,22.3,0.0,34.3,0.0,JARJARBINKS,CANDIDATE,KEEP,obserwuj przed wydaniem materiałów,0.0,,,,,,,,,,,,,,,,,,,,,,,
vJ334euuRHecFdfdCZnJ1g,552,Critical Chance,5,Arrow,3,15,False,0,True,POSTAĆ: HANSOLO,vlBMnzBvScekhGF38W0oig,Speed,30,300000,0,,Offense %,1.33%,133,3,319|473|544,Offense,29,290000,1,2889444,Health,261,2610000,1,26110312,Defense %,1.69%,169,1,1698,C,6,6,0,100.0,74.7,0.0,74.7,0,0.0,slice,0,0,0,0,26.3,95.1,11.1,0.0,JARJARBINKS,CANDIDATE,SLICE,wartość moda lub dopasowanie do postaci uzasadnia kolejny roll,0.0,,,,,,,,,,,,,,,,,,,,,,,
w1x6GZOgRhOeF3U_VF4-9g,552,Critical Chance,5,Arrow,3,15,False,0,True,POSTAĆ: DENGAR,BDU4PKqfT9OYtoYJHvWgEA,Speed,30,300000,0,,Tenacity %,1.77%,177,1,1779,Critical Chance %,5.76%,576,3,1424|2203|2141,Defense,6,60000,1,673701,Health,287,2870000,1,28771918,C,6,6,0,100.0,31.2,0.0,31.2,0,0.0,slice,0,0,0,0,25.9,95.1,10.6,0.0,JARJARBINKS,CANDIDATE,KEEP,wartość secondary zbyt niska,0.0,,,,,,,,,,,,,,,,,,,,,,,
y8WytUpmS7GRd30ql1mPrA,552,Critical Chance,5,Arrow,5,15,False,0,True,POSTAĆ: MISSIONVAO,mC-7d71PST-6m77PaKcJpA,Speed,30,300000,0,,Critical Chance %,2.24%,224,1,2247,Potency %,7.65%,765,4,2048|1924|1560|2118,Defense,9,90000,1,961870,Protection,1455,14550000,2,68358380|77146128,A,8,8,0,100.0,36.4,0.0,36.4,0,76.6,6-dot,0,0,0,0,27.6,95.1,13.3,0.0,JARJARBINKS,CANDIDATE,SLICE_6E,5A ma wystarczającą wartość lub dopasowanie do postaci,0.0,,,,,,,,,,,,,,,,,,,,,,,
z1sVpAShSfOXrc-DA2xuVw,552,Critical Chance,5,Arrow,1,15,False,0,False,MAGAZYN,,Health %,5.88%,588,0,,Tenacity %,1.51%,151,1,1513,Speed,5,50000,1,502860,Critical Chance %,1.73%,173,1,1734,Offense %,0.45%,45,1,459,E,4,4,0,100.0,61.8,83.3,61.8,0,0.0,slice,0,0,0,0,16.2,0.0,25.0,0.0,JARJARBINKS,CANDIDATE,SLICE,wartość moda lub dopasowanie do postaci uzasadnia kolejny roll,0.0,,,,,,,,,,,,,,,,,,,,,,,
zJHpatY4SOuircvJw75qFg,552,Critical Chance,5,Arrow,1,15,False,0,True,POSTAĆ: NIGHTTROOPER,jeM4ja3PSAO-gl1knvsBYQ,Health %,5.88%,588,0,,Speed,5,50000,1,516390,Tenacity %,1.63%,163,1,1639,Health,270,2700000,1,27021087,Defense,7,70000,1,780031,E,4,4,0,100.0,53.0,83.3,53.0,0,0.0,slice,0,0,0,0,26.6,0.0,40.9,0.0,JARJARBINKS,CANDIDATE,KEEP,obserwuj przed wydaniem materiałów,0.0,,,,,,,,,,,,,,,,,,,,,,,
VwWnDFG3SkqOnbsdXZjnPQ,552,Critical Chance,5,Arrow,2,9,False,0,False,MAGAZYN,,Offense %,3.63%,363,0,,Defense %,0.89%,89,1,898,Speed,5,50000,1,500220,Critical Chance %,1.37%,137,1,1370,Protection,711,7110000,1,71136737,D,4,5,1,100.0,53.8,83.3,63.0,9.2,0.0,upgrade,0,0,0,0,22.3,0.0,34.3,0.0,JARJARBINKS,CANDIDATE,UPGRADE,nieujawnione wszystkie secondary,0.0,,,,,,,,,,,,,,,,,,,,,,,
YOuM88ZbRr2cOweG1TLngg,552,Critical Chance,5,Arrow,2,9,False,0,True,POSTAĆ: THEMANDALORIAN,6lSlnvvGQTOnd0h0WeTJbQ,Speed,19,190000,0,,Protection %,1.14%,114,1,1148,Offense,31,310000,1,3048816,Protection,800,8000000,1,80053228,Defense %,1.36%,136,1,1367,D,4,5,1,100.0,60.5,0.0,64.8,4.3,0.0,upgrade,0,0,0,0,36.5,95.1,26.8,0.0,JARJARBINKS,CANDIDATE,UPGRADE,nieujawnione wszystkie secondary,0.0,,,,,,,,,,,,,,,,,,,,,,,
aqjuBJbcS1y14JMD6t-e4w,552,Critical Chance,5,Arrow,2,9,False,0,False,MAGAZYN,,Health %,3.63%,363,0,,Critical Chance %,1.38%,138,1,1389,Speed,5,50000,1,538950,Offense,36,360000,1,3538788,Defense,5,50000,1,514010,D,4,5,1,100.0,60.2,83.3,68.2,8.0,0.0,upgrade,0,0,0,0,27.0,0.0,41.5,0.0,JARJARBINKS,CANDIDATE,UPGRADE,nieujawnione wszystkie secondary,0.0,,,,,,,,,,,,,,,,,,,,,,,
hjMxj-p-R9uxIAYgqTp3lQ,552,Critical Chance,5,Arrow,2,9,False,0,False,MAGAZYN,,Health %,3.63%,363,0,,Protection,655,6550000,1,65571717,Defense %,1.01%,101,1,1017,Speed,5,50000,1,574140,Tenacity %,1.44%,144,1,1441,D,4,5,1,100.0,55.0,83.3,64.0,9.0,0.0,upgrade,0,0,0,0,22.3,0.0,34.3,0.0,JARJARBINKS,CANDIDATE,UPGRADE,nieujawnione wszystkie secondary,0.0,,,,,,,,,,,,,,,,,,,,,,,
pJzihfetR4CrcWnTNOGQrA,552,Critical Chance,5,Arrow,2,9,False,0,False,MAGAZYN,,Health %,3.63%,363,0,,Protection,816,8160000,1,81664592,Speed,5,50000,1,547290,Potency %,1.88%,188,1,1881,Defense %,1.4%,140,1,1404,D,4,5,1,100.0,56.0,83.3,64.8,8.8,0.0,upgrade,0,0,0,0,22.3,0.0,34.3,0.0,JARJARBINKS,CANDIDATE,UPGRADE,nieujawnione wszystkie secondary,0.0,,,,,,,,,,,,,,,,,,,,,,,
qGVcbGEcRIGEk5Tdj5YsHA,552,Critical Chance,5,Arrow,2,9,False,0,False,MAGAZYN,,Health %,3.63%,363,0,,Defense %,1.1%,110,1,1100,Speed,5,50000,1,574830,Defense,6,60000,1,628964,Protection,585,5850000,1,58594677,D,4,5,1,100.0,56.0,83.3,64.8,8.8,0.0,upgrade,0,0,0,0,27.4,0.0,42.2,0.0,JARJARBINKS,CANDIDATE,UPGRADE,nieujawnione wszystkie secondary,0.0,,,,,,,,,,,,,,,,,,,,,,,
2Q927axjShaoJsnOJlCU4g,552,Critical Chance,5,Arrow,3,7,False,0,True,POSTAĆ: FIRSTORDERSPECIALFORCESPILOT,2FNKDRFzSVmSla755aKVqQ,Speed,15,150000,0,,Offense,46,460000,1,4542672,Defense,5,50000,1,543018,Potency %,1.96%,196,1,1966,Defense %,1.05%,105,1,1052,C,4,6,2,100.0,48.0,0.0,59.3,11.3,0.0,upgrade,0,0,0,0,29.8,95.1,16.5,0.0,JARJARBINKS,CANDIDATE,UPGRADE,nieujawnione wszystkie secondary,0.0,,,,,,,,,,,,,,,,,,,,,,,
6bOlIB2uTfGHtMeCf6njCQ,552,Critical Chance,5,Arrow,3,6,False,0,False,MAGAZYN,,Health %,2.5%,250,0,,Critical Chance %,1.58%,158,1,1588,Tenacity %,1.26%,126,1,1267,Speed,5,50000,1,545520,Offense,25,250000,1,2496144,C,4,6,2,100.0,59.2,83.3,72.8,13.6,0.0,upgrade,0,0,0,0,21.9,0.0,33.7,0.0,JARJARBINKS,CANDIDATE,UPGRADE,nieujawnione wszystkie secondary,0.0,,,,,,,,,,,,,,,,,,,,,,,
6OZh5x_jRsOfidSk_QDxOQ,552,Critical Chance,5,Arrow,1,1,False,0,True,POSTAĆ: IG86SENTINELDROID,_2L-fZJ-RlWIgv7v8PDIBQ,Speed,4,40000,0,,,,,0,,,,,0,,,,,0,,,,,0,,E,0,4,4,0.0,0.0,0.0,0.0,0,0.0,upgrade,0,0,0,0,19.0,95.1,0.0,0.0,JARJARBINKS,CANDIDATE,UPGRADE,nieujawnione wszystkie secondary,0.0,,,,,,,,,,,,,,,,,,,,,,,
70DpMItISka9oo0nTcOAbA,552,Critical Chance,5,Arrow,4,1,False,0,True,POSTAĆ: ASAJJDARKDISCIPLE,6kd7K3mvTfGRd4B_leov2Q,Speed,4,40000,0,,Offense,30,300000,1,2920452,Health %,0.97%,97,1,971,Protection %,1.54%,154,1,1547,,,,0,,B,3,7,4,100.0,74.7,0.0,78.9,4.2,0.0,upgrade,0,0,0,0,34.2,95.1,23.3,0.0,JARJARBINKS,CANDIDATE,UPGRADE,nieujawnione wszystkie secondary,0.0,,,,,,,,,,,,,,,,,,,,,,,
BUqrUSuHS9CYnaQnxFcOXQ,552,Critical Chance,5,Arrow,1,1,False,0,True,POSTAĆ: DEATHTROOPER,IjtFAB8WS0i9xHoj9o97Ww,Speed,4,40000,0,,,,,0,,,,,0,,,,,0,,,,,0,,E,0,4,4,0.0,0.0,0.0,0.0,0,0.0,upgrade,0,0,0,0,19.0,95.1,0.0,0.0,JARJARBINKS,CANDIDATE,UPGRADE,nieujawnione wszystkie secondary,0.0,,,,,,,,,,,,,,,,,,,,,,,
CkHvHt35TzuHkDb8pvyUFA,552,Critical Chance,5,Arrow,2,1,False,0,True,POSTAĆ: NIGHTSISTERACOLYTE,cpJlNZsaRV-Sn2cV0HaJAQ,Speed,4,40000,0,,Health,315,3150000,1,31551389,,,,0,,,,,0,,,,,0,,D,1,5,4,100.0,48.0,0.0,48.0,0,0.0,upgrade,0,0,0,0,39.9,95.1,32.1,0.0,JARJARBINKS,CANDIDATE,UPGRADE,nieujawnione wszystkie secondary,0.0,,,,,,,,,,,,,,,,,,,,,,,
JM2SJZicRNKtBSQ7wLpcWw,552,Critical Chance,5,Arrow,1,1,False,0,False,MAGAZYN,,Speed,4,40000,0,,,,,0,,,,,0,,,,,0,,,,,0,,E,0,4,4,0.0,0.0,0.0,0.0,0,0.0,upgrade,0,0,0,0,19.0,95.1,0.0,0.0,JARJARBINKS,CANDIDATE,UPGRADE,nieujawnione wszystkie secondary,0.0,,,,,,,,,,,,,,,,,,,,,,,
Kpro-AEER1e_vr7H9yFhIw,552,Critical Chance,5,Arrow,5,1,False,0,False,MAGAZYN,,Health %,0.63%,63,0,,Protection %,1.76%,176,1,1765,Speed,5,50000,1,521100,Offense %,0.33%,33,1,333,Offense,26,260000,1,2584152,A,4,8,4,100.0,86.0,83.3,93.0,7.0,38.6,upgrade,0,0,0,0,27.6,0.0,42.5,0.0,JARJARBINKS,CANDIDATE,UPGRADE,nieujawnione wszystkie secondary,0.0,,,,,,,,,,,,,,,,,,,,,,,
SDvxHRYJRz-vbFMfjLVppA,552,Critical Chance,5,Arrow,3,1,False,0,True,POSTAĆ: JANGOFETT,aDW9AWUPTXewZQM3KFrxIg,Speed,4,40000,0,,Defense %,1.27%,127,1,1274,Potency %,1.62%,162,1,1621,,,,0,,,,,0,,C,2,6,4,100.0,38.0,0.0,40.7,2.7,0.0,upgrade,0,0,0,0,19.0,95.1,0.0,0.0,JARJARBINKS,CANDIDATE,UPGRADE,nieujawnione wszystkie secondary,0.0,,,,,,,,,,,,,,,,,,,,,,,
Ur_pFtdvRdmWrk3MKJvn-w,552,Critical Chance,5,Arrow,4,1,False,0,True,POSTAĆ: ITHANO,I6lWT32LQ66nfZ8QDQgnQg,Speed,4,40000,0,,Defense %,0.88%,88,1,884,Offense,39,390000,1,3880332,Defense,8,80000,1,823102,,,,0,,B,3,7,4,100.0,52.7,0.0,69.4,16.8,0.0,upgrade,0,0,0,0,33.3,95.1,22.0,0.0,JARJARBINKS,CANDIDATE,UPGRADE,nieujawnione wszystkie secondary,0.0,,,,,,,,,,,,,,,,,,,,,,,
baJ6tSN_RnaEWnYAmUuI0A,552,Critical Chance,5,Arrow,1,1,False,0,True,POSTAĆ: BADBATCHHUNTER,ftgjVcXCTeG9kkOKfFlUNA,Speed,4,40000,0,,,,,0,,,,,0,,,,,0,,,,,0,,E,0,4,4,0.0,0.0,0.0,0.0,0,0.0,upgrade,0,0,0,0,19.0,95.1,0.0,0.0,JARJARBINKS,CANDIDATE,UPGRADE,nieujawnione wszystkie secondary,0.0,,,,,,,,,,,,,,,,,,,,,,,
dpl9FxjuQQC7B3omrGoTTQ,552,Critical Chance,5,Arrow,2,1,False,0,False,MAGAZYN,,Offense %,0.63%,63,0,,Speed,5,50000,1,536760,,,,0,,,,,0,,,,,0,,D,1,5,4,100.0,100.0,83.3,100.0,0,0.0,upgrade,0,0,0,0,65.0,0.0,100.0,0.0,JARJARBINKS,CANDIDATE,UPGRADE,nieujawnione wszystkie secondary,0.0,,,,,,,,,,,,,,,,,,,,,,,
e3_lAUV2RsKSkc6J-iCTxg,552,Critical Chance,5,Arrow,3,1,False,0,False,MAGAZYN,,Speed,4,40000,0,,Tenacity %,1.31%,131,1,1318,Protection,545,5450000,1,54557961,,,,0,,,,,0,,C,2,6,4,100.0,39.0,0.0,45.0,6.0,0.0,upgrade,0,0,0,0,31.2,95.1,18.7,0.0,JARJARBINKS,CANDIDATE,UPGRADE,nieujawnione wszystkie secondary,0.0,,,,,,,,,,,,,,,,,,,,,,,
goEDPDMJQVKQiRbOG3-kdA,552,Critical Chance,5,Arrow,4,1,False,0,True,POSTAĆ: SMUGGLERHAN,6rtX-2-GT3iPpVPb0Ha2NA,Speed,4,40000,0,,Tenacity %,2.1%,210,1,2104,Health %,0.64%,64,1,645,Defense,5,50000,1,597016,,,,0,,B,3,7,4,100.0,45.3,0.0,60.6,15.2,0.0,upgrade,0,0,0,0,25.8,95.1,10.4,0.0,JARJARBINKS,CANDIDATE,UPGRADE,nieujawnione wszystkie secondary,0.0,,,,,,,,,,,,,,,,,,,,,,,
hzbLCoUmRMGK0KwHb7SDNA,552,Critical Chance,5,Arrow,1,1,False,0,False,MAGAZYN,,Speed,4,40000,0,,,,,0,,,,,0,,,,,0,,,,,0,,E,0,4,4,0.0,0.0,0.0,0.0,0,0.0,upgrade,0,0,0,0,19.0,95.1,0.0,0.0,JARJARBINKS,CANDIDATE,UPGRADE,nieujawnione wszystkie secondary,0.0,,,,,,,,,,,,,,,,,,,,,,,
kh_2YMihRVmWO839inH8Rw,552,Critical Chance,5,Arrow,1,1,False,0,True,POSTAĆ: YOUNGHAN,1sX1NWmXQjazGjpr_R39Eg,Speed,4,40000,0,,,,,0,,,,,0,,,,,0,,,,,0,,E,0,4,4,0.0,0.0,0.0,0.0,0,0.0,upgrade,0,0,0,0,19.0,95.1,0.0,0.0,JARJARBINKS,CANDIDATE,UPGRADE,nieujawnione wszystkie secondary,0.0,,,,,,,,,,,,,,,,,,,,,,,
nC4G4JtNRTe9syffBjskTg,552,Critical Chance,5,Arrow,1,1,False,0,True,POSTAĆ: SITHMARAUDER,KhTJFN1rSYC3fNW3msb0Bw,Speed,4,40000,0,,,,,0,,,,,0,,,,,0,,,,,0,,E,0,4,4,0.0,0.0,0.0,0.0,0,0.0,upgrade,0,0,0,0,19.0,95.1,0.0,0.0,JARJARBINKS,CANDIDATE,UPGRADE,nieujawnione wszystkie secondary,0.0,,,,,,,,,,,,,,,,,,,,,,,
nNywN_lXSOOK2FTCTjgS1A,552,Critical Chance,5,Arrow,3,1,False,0,False,MAGAZYN,,Health %,0.63%,63,0,,Defense,7,70000,1,764008,Speed,5,50000,1,505200,,,,0,,,,,0,,C,2,6,4,100.0,67.0,83.3,89.0,22.0,0.0,upgrade,0,0,0,0,42.7,0.0,65.7,0.0,JARJARBINKS,CANDIDATE,UPGRADE,nieujawnione wszystkie secondary,0.0,,,,,,,,,,,,,,,,,,,,,,,
wyXhqJu7RMaSWAFiYRVv7A,552,Critical Chance,5,Arrow,4,1,False,0,True,POSTAĆ: BATCHERS3,FoT8Jax1QlSDkoKEQLaNhA,Speed,4,40000,0,,Offense,24,240000,1,2340648,Health %,1.03%,103,1,1038,Critical Chance %,2.08%,208,1,2083,,,,0,,B,3,7,4,100.0,59.7,0.0,72.4,12.8,0.0,upgrade,0,0,0,0,26.6,95.1,11.6,0.0,JARJARBINKS,CANDIDATE,UPGRADE,nieujawnione wszystkie secondary,0.0,,,,,,,,,,,,,,,,,,,,,,,
z3alDD2UQwKQF_4iZwTjzA,552,Critical Chance,5,Arrow,1,1,False,0,False,MAGAZYN,,Speed,4,40000,0,,,,,0,,,,,0,,,,,0,,,,,0,,E,0,4,4,0.0,0.0,0.0,0.0,0,0.0,upgrade,0,0,0,0,19.0,95.1,0.0,0.0,JARJARBINKS,CANDIDATE,UPGRADE,nieujawnione wszystkie secondary,0.0,,,,,,,,,,,,,,,,,,,,,,,
-pUi4GLpRUON4Dg5IhrkTA,555,Critical Chance,5,Circle,1,15,False,0,True,POSTAĆ: BADBATCHOMEGA,4s1nUTzYQmC_aSDUsZwVTQ,Health %,5.88%,588,0,,Speed,5,50000,1,596520,Defense,8,80000,1,824670,Offense %,0.28%,28,1,288,Health,263,2630000,1,26373901,E,4,4,0,100.0,68.5,83.3,68.5,0,0.0,slice,0,0,0,0,26.6,0.0,40.9,0.0,JARJARBINKS,CANDIDATE,SLICE,wartość moda lub dopasowanie do postaci uzasadnia kolejny roll,0.0,,,,,,,,,,,,,,,,,,,,,,,
3CRYY8xnQeKUzRVMngkAVQ,555,Critical Chance,5,Circle,1,15,False,0,False,MAGAZYN,,Health %,5.88%,588,0,,Offense,41,410000,1,4050876,Speed,5,50000,1,588480,Offense %,0.53%,53,1,539,Health,240,2400000,1,24055175,E,4,4,0,100.0,80.5,83.3,80.5,0,0.0,slice,0,0,0,0,27.1,0.0,41.7,0.0,JARJARBINKS,CANDIDATE,SLICE,wartość moda lub dopasowanie do postaci uzasadnia kolejny roll,0.0,,,,,,,,,,,,,,,,,,,,,,,
91jkn2knS2SCLNBIoCUwIQ,555,Critical Chance,5,Circle,1,15,False,0,False,MAGAZYN,,Health %,5.88%,588,0,,Protection %,1.43%,143,1,1431,Defense %,1.33%,133,1,1331,Speed,5,50000,1,547230,Tenacity %,2.09%,209,1,2098,E,4,4,0,100.0,60.5,83.3,60.5,0,0.0,slice,0,0,0,0,22.0,0.0,33.8,0.0,JARJARBINKS,CANDIDATE,SLICE,wartość moda lub dopasowanie do postaci uzasadnia kolejny roll,0.0,,,,,,,,,,,,,,,,,,,,,,,
EJmrwANhTW2iCem3C78wjA,555,Critical Chance,5,Circle,4,15,False,0,True,POSTAĆ: AAYLASECURA,RS9O5t5dSA2YiqfvgQojGw,Health %,5.88%,588,0,,Offense %,0.49%,49,1,492,Offense,112,1120000,3,3606504|3200208|4387176,Speed,5,50000,1,583020,Health,546,5460000,2,29922709|24715219,B,7,7,0,100.0,76.3,83.3,76.3,0,0.0,slice,0,0,0,0,24.9,0.0,38.3,0.0,JARJARBINKS,CANDIDATE,SLICE,wartość moda lub dopasowanie do postaci uzasadnia kolejny roll,0.0,,,,,,,,,,,,,,,,,,,,,,,
HeU4GFt_TDqz8aEwKGek1w,555,Critical Chance,5,Circle,1,15,False,0,False,MAGAZYN,,Health %,5.88%,588,0,,Potency %,1.85%,185,1,1850,Health,345,3450000,1,34538731,Defense %,1.54%,154,1,1544,Speed,5,50000,1,593130,E,4,4,0,100.0,56.0,83.3,56.0,0,0.0,slice,0,0,0,0,21.5,0.0,33.0,0.0,JARJARBINKS,CANDIDATE,KEEP,obserwuj przed wydaniem materiałów,0.0,,,,,,,,,,,,,,,,,,,,,,,
I7hPzWjoRruQ0nNEmujkBg,555,Critical Chance,5,Circle,1,15,False,0,False,MAGAZYN,,Health %,5.88%,588,0,,Speed,5,50000,1,516180,Protection,697,6970000,1,69757941,Health,293,2930000,1,29397674,Offense %,0.49%,49,1,499,E,4,4,0,100.0,72.0,83.3,72.0,0,0.0,slice,0,0,0,0,27.5,0.0,42.4,0.0,JARJARBINKS,CANDIDATE,SLICE,wartość moda lub dopasowanie do postaci uzasadnia kolejny roll,0.0,,,,,,,,,,,,,,,,,,,,,,,
IXA8TAlzSlSHQsw3JRKZyQ,555,Critical Chance,5,Circle,1,15,False,0,False,MAGAZYN,,Health %,5.88%,588,0,,Critical Chance %,2.19%,219,1,2199,Speed,5,50000,1,574230,Tenacity %,1.28%,128,1,1289,Health,329,3290000,1,32976484,E,4,4,0,100.0,50.7,83.3,50.7,0,0.0,slice,0,0,0,0,21.5,0.0,33.0,0.0,JARJARBINKS,CANDIDATE,KEEP,wartość secondary zbyt niska,0.0,,,,,,,,,,,,,,,,,,,,,,,
Iws2O27cTH6cFhrJXtW1iw,555,Critical Chance,5,Circle,1,15,False,0,False,MAGAZYN,,Health %,5.88%,588,0,,Potency %,1.99%,199,1,1997,Health,291,2910000,1,29164087,Protection %,1.9%,190,1,1905,Speed,5,50000,1,520500,E,4,4,0,100.0,63.0,83.3,63.0,0,0.0,slice,0,0,0,0,27.2,0.0,41.8,0.0,JARJARBINKS,CANDIDATE,SLICE,wartość moda lub dopasowanie do postaci uzasadnia kolejny roll,0.0,,,,,,,,,,,,,,,,,,,,,,,
JYWRpA7jQS6pNEq8i6kcuw,555,Critical Chance,5,Circle,3,15,False,0,True,POSTAĆ: HANSOLO,vlBMnzBvScekhGF38W0oig,Protection %,23.5%,2350,0,,Potency %,4.11%,411,2,2151|1961,Offense,45,450000,1,4491144,Protection,1061,10610000,2,46218737|59931943,Speed,4,40000,1,479880,C,6,6,0,100.0,57.7,66.7,57.7,0,0.0,slice,0,0,0,0,22.7,0.0,34.9,0.0,JARJARBINKS,CANDIDATE,KEEP,obserwuj przed wydaniem materiałów,0.0,,,,,,,,,,,,,,,,,,,,,,,
L6QZNwDjSBKhlHgs49qwXQ,555,Critical Chance,5,Circle,1,15,False,0,True,POSTAĆ: YOUNGLANDO,z4RU3ZmER1G8dK2M15Ju6w,Protection %,23.5%,2350,0,,Speed,5,50000,1,539520,Offense %,0.5%,50,1,501,Critical Chance %,1.44%,144,1,1446,Potency %,1.54%,154,1,1547,E,4,4,0,100.0,62.8,83.3,62.8,0,0.0,slice,0,0,0,0,16.2,0.0,25.0,0.0,JARJARBINKS,CANDIDATE,SLICE,wartość moda lub dopasowanie do postaci uzasadnia kolejny roll,0.0,,,,,,,,,,,,,,,,,,,,,,,
O24xVx7WSbC9s0VA75ZVWQ,555,Critical Chance,5,Circle,1,15,False,0,False,MAGAZYN,,Health %,5.88%,588,0,,Protection %,1.12%,112,1,1127,Critical Chance %,1.66%,166,1,1660,Protection,709,7090000,1,70920781,Speed,5,50000,1,572580,E,4,4,0,100.0,60.7,83.3,60.7,0,0.0,slice,0,0,0,0,28.0,0.0,43.1,0.0,JARJARBINKS,CANDIDATE,SLICE,wartość moda lub dopasowanie do postaci uzasadnia kolejny roll,0.0,,,,,,,,,,,,,,,,,,,,,,,
OnW089KQRn-ztq1RuanCQg,555,Critical Chance,5,Circle,1,15,False,0,True,POSTAĆ: QIRA,Gi9SANbjSlmcceP-ctVgpA,Protection %,23.5%,2350,0,,Health,227,2270000,1,22711514,Offense,26,260000,1,2534676,Defense,7,70000,1,774592,Speed,5,50000,1,513900,E,4,4,0,100.0,66.0,83.3,66.0,0,0.0,slice,0,0,0,0,32.2,0.0,49.5,0.0,JARJARBINKS,CANDIDATE,SLICE,wartość moda lub dopasowanie do postaci uzasadnia kolejny roll,0.0,,,,,,,,,,,,,,,,,,,,,,,
Qj8aya7mRcS2Wv4AznlWsg,555,Critical Chance,5,Circle,2,15,False,0,True,POSTAĆ: PRINCESSKNEESAA,YP8tqbTTS0-G_zvWpZYVsQ,Protection %,23.5%,2350,0,,Tenacity %,2.15%,215,1,2150,Potency %,1.98%,198,1,1987,Offense,55,550000,2,2669424|2820816,Speed,5,50000,1,551070,D,5,5,0,100.0,65.6,83.3,65.6,0,0.0,slice,0,0,0,0,22.0,0.0,33.9,0.0,JARJARBINKS,CANDIDATE,SLICE,wartość moda lub dopasowanie do postaci uzasadnia kolejny roll,0.0,,,,,,,,,,,,,,,,,,,,,,,
SGKEfqGpRrukF-QcvKz-MQ,555,Critical Chance,5,Circle,1,15,False,0,True,POSTAĆ: SMUGGLERCHEWBACCA,AL3U1YFvTpiUOvsx0_Nrwg,Protection %,23.5%,2350,0,,Speed,5,50000,1,592500,Health %,0.98%,98,1,986,Potency %,1.95%,195,1,1951,Tenacity %,1.51%,151,1,1513,E,4,4,0,100.0,59.0,83.3,59.0,0,0.0,slice,0,0,0,0,16.2,0.0,25.0,0.0,JARJARBINKS,CANDIDATE,SLICE,wartość moda lub dopasowanie do postaci uzasadnia kolejny roll,0.0,,,,,,,,,,,,,,,,,,,,,,,
U5TMyHAcRamJ7QHtuYO5gw,555,Critical Chance,5,Circle,4,15,False,0,True,POSTAĆ: AURRA_SING,HWxexlgWQSa6Y_0eBSXcbw,Protection %,23.5%,2350,0,,Speed,4,40000,1,410010,Critical Chance %,2.07%,207,1,2075,Health %,0.94%,94,1,944,Tenacity %,7.61%,761,4,1768|2049|1935|1861,B,7,7,0,100.0,45.3,66.7,45.3,0,0.0,slice,0,0,0,0,9.3,0.0,14.3,0.0,JARJARBINKS,CANDIDATE,KEEP,wartość secondary zbyt niska,0.0,,,,,,,,,,,,,,,,,,,,,,,
U6-Rm9s-QzO0JRe28hqwIA,555,Critical Chance,5,Circle,5,15,False,0,False,MAGAZYN,,Health %,5.88%,588,0,,Potency %,1.68%,168,1,1688,Offense %,1.26%,126,3,422|422|422,Speed,15,150000,3,500010|500010|500010,Health,321,3210000,1,32145000,A,8,8,0,100.0,82.2,83.3,82.2,0,55.8,6-dot,0,0,0,0,27.0,0.0,41.5,0.0,JARJARBINKS,CANDIDATE,PATCH,PATCH YODACHEWBACCA; zachowanie setu Speed,14.2,oF_05ANbTtqUp3Ee3ujLvg,SAFE,aocllDwYT-a94UxrTjxOdQ,YODACHEWBACCA,Circle,JARJARBINKS:Circle,2,3,MOD: COLONELSTARCK -> JARJARBINKS; PATCH: YODACHEWBACCA -> COLONELSTARCK; PATCH: MAGAZYN -> YODACHEWBACCA,14.2,,,,,,,,,,,,,
aDJr8oUfSsO6z0cNFGnZ7g,555,Critical Chance,5,Circle,4,15,False,0,True,POSTAĆ: CAPTAINTARPALS,ID6hA34wT-ehem_mRgkBFw,Protection %,23.5%,2350,0,,Critical Chance %,3.57%,357,2,2022|1556,Defense %,0.95%,95,1,959,Speed,5,50000,1,508110,Offense %,1.49%,149,3,463|524|509,B,7,7,0,100.0,66.9,83.3,66.9,0,0.0,slice,0,0,0,0,9.3,0.0,14.3,0.0,JARJARBINKS,CANDIDATE,SLICE,wartość moda lub dopasowanie do postaci uzasadnia kolejny roll,0.0,,,,,,,,,,,,,,,,,,,,,,,
bHrblbg_Rd2vNhDO7hOL_Q,555,Critical Chance,5,Circle,1,15,False,0,False,MAGAZYN,,Health %,5.88%,588,0,,Critical Chance %,1.95%,195,1,1952,Offense %,0.33%,33,1,330,Health,347,3470000,1,34714457,Speed,5,50000,1,575850,E,4,4,0,100.0,66.2,83.3,66.2,0,0.0,slice,0,0,0,0,21.5,0.0,33.0,0.0,JARJARBINKS,CANDIDATE,SLICE,wartość moda lub dopasowanie do postaci uzasadnia kolejny roll,0.0,,,,,,,,,,,,,,,,,,,,,,,
ibU6W5LfQqmRApDyC0CvUA,555,Critical Chance,5,Circle,3,15,True,0,True,POSTAĆ: HK47,_9JH3pT2SfaXaZ-0tHSQMw,Protection %,23.5%,2350,0,,Speed,5,50000,1,507990,Offense %,0.44%,44,1,443,Defense %,1.28%,128,1,1286,Potency %,5.46%,546,3,1963|1554|1949,C,6,6,0,100.0,56.0,83.3,56.0,0.0,0.0,slice,0,0,0,0,10.8,0.0,16.7,0.0,JARJARBINKS,CANDIDATE,KEEP,obserwuj przed wydaniem materiałów,0.0,,,,,,,,,,,,,,,,,,,,,,,
nZORtV5zTfW45-V2FHN6Pw,555,Critical Chance,5,Circle,4,15,False,0,True,POSTAĆ: CROSSHAIRS3,VZaoVN_-Sh2WQ-_sXG6OKA,Health %,5.88%,588,0,,Offense %,0.84%,84,2,346|498,Speed,9,90000,2,530190|405270,Defense,8,80000,1,863527,Protection,1147,11470000,2,50949004|63810845,B,7,7,0,100.0,73.4,75.0,73.4,0,0.0,slice,0,0,0,0,28.4,0.0,43.7,0.0,JARJARBINKS,CANDIDATE,SLICE,wartość moda lub dopasowanie do postaci uzasadnia kolejny roll,0.0,,,,,,,,,,,,,,,,,,,,,,,
ocfaYIB5TTWeh-BrMlL_Jg,555,Critical Chance,5,Circle,2,15,False,0,True,POSTAĆ: MAUL,VlElFadkTf6o-_YqwnflHw,Health %,5.88%,588,0,,Speed,5,50000,1,506280,Protection,617,6170000,1,61767569,Offense %,0.9%,90,2,434|466,Defense,8,80000,1,845348,D,5,5,0,100.0,73.2,83.3,73.2,0,0.0,slice,0,0,0,0,21.9,0.0,33.7,0.0,JARJARBINKS,CANDIDATE,SLICE,wartość moda lub dopasowanie do postaci uzasadnia kolejny roll,0.0,,,,,,,,,,,,,,,,,,,,,,,
pNhL2vrERQGwS7u-qU8RBA,555,Critical Chance,5,Circle,1,15,False,0,False,MAGAZYN,,Health %,5.88%,588,0,,Speed,5,50000,1,509910,Tenacity %,1.91%,191,1,1911,Offense,41,410000,1,4005276,Defense,9,90000,1,955549,E,4,4,0,100.0,61.5,83.3,61.5,0,0.0,slice,0,0,0,0,27.0,0.0,41.5,0.0,JARJARBINKS,CANDIDATE,SLICE,wartość moda lub dopasowanie do postaci uzasadnia kolejny roll,0.0,,,,,,,,,,,,,,,,,,,,,,,
tr7T1apSRzqvh_fYYsgLcA,555,Critical Chance,5,Circle,1,15,False,0,True,POSTAĆ: SITHMARAUDER,KhTJFN1rSYC3fNW3msb0Bw,Health %,5.88%,588,0,,Speed,5,50000,1,526200,Potency %,1.63%,163,1,1630,Defense,5,50000,1,589666,Critical Chance %,1.29%,129,1,1295,E,4,4,0,100.0,48.3,83.3,48.3,0,0.0,slice,0,0,0,0,21.3,0.0,32.8,0.0,JARJARBINKS,CANDIDATE,KEEP,wartość secondary zbyt niska,0.0,,,,,,,,,,,,,,,,,,,,,,,
GevZllEISxK2IGhjf37VqA,555,Critical Chance,5,Circle,2,9,False,0,True,POSTAĆ: BIGGSDARKLIGHTER,26GkhZfITD-drSSqkDpQpg,Health %,3.63%,363,0,,Offense %,0.41%,41,1,418,Defense,6,60000,1,699622,Speed,5,50000,1,533490,Critical Chance %,1.75%,175,1,1759,D,4,5,1,100.0,62.8,83.3,70.2,7.4,0.0,upgrade,0,0,0,0,21.3,0.0,32.8,0.0,JARJARBINKS,CANDIDATE,UPGRADE,nieujawnione wszystkie secondary,0.0,,,,,,,,,,,,,,,,,,,,,,,
TD-YltfMQ7yXk2svMxIXxA,555,Critical Chance,5,Circle,2,9,False,0,True,POSTAĆ: FIRSTORDERTIEPILOT,OxZ6DwWiQLGs4heGmPpiCg,Health %,3.63%,363,0,,Protection %,2.01%,201,1,2014,Defense %,0.93%,93,1,932,Potency %,2.15%,215,1,2158,Speed,5,50000,1,521460,D,4,5,1,100.0,61.5,83.3,69.2,7.7,0.0,upgrade,0,0,0,0,22.0,0.0,33.8,0.0,JARJARBINKS,CANDIDATE,UPGRADE,nieujawnione wszystkie secondary,0.0,,,,,,,,,,,,,,,,,,,,,,,
cmIYC7ivQ2qZ2GLY-R1_Mw,555,Critical Chance,5,Circle,2,9,False,0,False,MAGAZYN,,Protection %,14.5%,1450,0,,Defense,5,50000,1,581630,Defense %,1.24%,124,1,1247,Potency %,1.14%,114,1,1141,Speed,5,50000,1,553800,D,4,5,1,100.0,52.5,83.3,62.0,9.5,0.0,upgrade,0,0,0,0,21.3,0.0,32.8,0.0,JARJARBINKS,CANDIDATE,UPGRADE,nieujawnione wszystkie secondary,0.0,,,,,,,,,,,,,,,,,,,,,,,
fXwxvADAQ26Y_EikLPuIgw,555,Critical Chance,5,Circle,2,9,False,0,True,POSTAĆ: EMBO,3J0VpdD-SmqZTGXikiZ3wA,Health %,3.63%,363,0,,Offense,25,250000,1,2495688,Speed,5,50000,1,542340,Health,258,2580000,1,25891726,Critical Chance %,1.44%,144,1,1447,D,4,5,1,100.0,63.7,83.3,71.0,7.3,0.0,upgrade,0,0,0,0,27.1,0.0,41.7,0.0,JARJARBINKS,CANDIDATE,UPGRADE,nieujawnione wszystkie secondary,0.0,,,,,,,,,,,,,,,,,,,,,,,
isrBIE-2Q3ejD9YMzHFTvA,555,Critical Chance,5,Circle,2,9,False,0,False,MAGAZYN,,Health %,3.63%,363,0,,Defense %,1.09%,109,1,1090,Tenacity %,1.56%,156,1,1569,Offense,31,310000,1,3062040,Speed,5,50000,1,549930,D,4,5,1,100.0,63.5,83.3,70.8,7.3,0.0,upgrade,0,0,0,0,21.9,0.0,33.7,0.0,JARJARBINKS,CANDIDATE,UPGRADE,nieujawnione wszystkie secondary,0.0,,,,,,,,,,,,,,,,,,,,,,,
wWVVllC9T-WW9H7hwTB1AQ,555,Critical Chance,5,Circle,3,6,False,0,True,POSTAĆ: BRUTUS,0GJlV2uVRWq0o-qgUIyXwA,Health %,2.5%,250,0,,Tenacity %,1.58%,158,1,1587,Potency %,1.15%,115,1,1157,Offense,38,380000,1,3799392,Speed,5,50000,1,511620,C,4,6,2,100.0,61.5,83.3,74.3,12.8,0.0,upgrade,0,0,0,0,21.9,0.0,33.7,0.0,JARJARBINKS,CANDIDATE,UPGRADE,nieujawnione wszystkie secondary,0.0,,,,,,,,,,,,,,,,,,,,,,,
Crd5tfkNQWGbYI9rRLbefw,555,Critical Chance,5,Circle,4,3,False,0,True,POSTAĆ: DEATHTROOPERPERIDEA,8EduLvZETyu5sKFUcwYpAQ,Health %,1.38%,138,0,,Potency %,2.06%,206,1,2062,Defense,7,70000,1,734608,Protection %,1.86%,186,1,1861,Speed,5,50000,1,572910,B,4,7,3,100.0,59.5,83.3,76.9,17.4,0.0,upgrade,0,0,0,0,27.1,0.0,41.6,0.0,JARJARBINKS,CANDIDATE,UPGRADE,nieujawnione wszystkie secondary,0.0,,,,,,,,,,,,,,,,,,,,,,,
Uyw1hMqdQUyEePu_Kti3_Q,555,Critical Chance,5,Circle,4,3,False,0,True,POSTAĆ: SMUGGLERHAN,6rtX-2-GT3iPpVPb0Ha2NA,Protection %,5.5%,550,0,,Defense,6,60000,1,607404,Health,287,2870000,1,28737630,Offense %,0.32%,32,1,325,Speed,5,50000,1,547290,B,4,7,3,100.0,68.5,83.3,82.0,13.5,0.0,upgrade,0,0,0,0,26.6,0.0,40.9,0.0,JARJARBINKS,CANDIDATE,UPGRADE,nieujawnione wszystkie secondary,0.0,,,,,,,,,,,,,,,,,,,,,,,
ag4KD7QSTYO89t2dc_N6qw,555,Critical Chance,5,Circle,4,3,False,0,True,POSTAĆ: DASHRENDAR,UvX9PUsvQNWgySnOmxD5Lw,Health %,1.38%,138,0,,Defense %,1.42%,142,1,1422,Defense,9,90000,1,953442,Protection,621,6210000,1,62182869,Speed,5,50000,1,576660,B,4,7,3,100.0,56.0,83.3,74.9,18.9,0.0,upgrade,0,0,0,0,27.4,0.0,42.2,0.0,JARJARBINKS,CANDIDATE,UPGRADE,nieujawnione wszystkie secondary,0.0,,,,,,,,,,,,,,,,,,,,,,,
-I0B77BeSLKQ75d0yT-fTw,555,Critical Chance,5,Circle,4,1,False,0,True,POSTAĆ: CT210408,YPRCzSBMSZOy5sV9hrImNg,Health %,0.63%,63,0,,Protection %,1.68%,168,1,1684,Defense %,0.97%,97,1,974,Speed,5,50000,1,599280,,,,0,,B,3,7,4,100.0,70.7,83.3,87.4,16.8,0.0,upgrade,0,0,0,0,29.3,0.0,45.1,0.0,JARJARBINKS,CANDIDATE,UPGRADE,nieujawnione wszystkie secondary,0.0,,,,,,,,,,,,,,,,,,,,,,,
MqdooXRbRRyiPkdU802ebA,555,Critical Chance,5,Circle,4,1,False,0,True,POSTAĆ: ITHANO,I6lWT32LQ66nfZ8QDQgnQg,Health %,0.63%,63,0,,Speed,5,50000,1,518790,Tenacity %,1.52%,152,1,1522,Defense %,1.09%,109,1,1097,,,,0,,B,3,7,4,100.0,57.3,83.3,81.7,24.4,0.0,upgrade,0,0,0,0,21.7,0.0,33.3,0.0,JARJARBINKS,CANDIDATE,UPGRADE,nieujawnione wszystkie secondary,0.0,,,,,,,,,,,,,,,,,,,,,,,
0Z8XEuMCTE2g5yeGrczUEw,556,Critical Chance,5,Cross,1,15,False,0,False,MAGAZYN,,Tenacity %,24%,2400,0,,Defense %,1.11%,111,1,1112,Offense %,0.29%,29,1,290,Speed,5,50000,1,597150,Protection %,1.68%,168,1,1689,E,4,4,0,100.0,76.0,83.3,76.0,0,0.0,slice,0,0,0,0,22.0,0.0,33.8,0.0,JARJARBINKS,CANDIDATE,SLICE,wartość moda lub dopasowanie do postaci uzasadnia kolejny roll,0.0,,,,,,,,,,,,,,,,,,,,,,,
0xs4tHs0QoawYl0cdYKVTQ,556,Critical Chance,5,Cross,5,15,False,0,True,POSTAĆ: ADMINISTRATORLANDO,hSjmg9v8T2qlZb_3hPb9-A,Offense %,5.88%,588,0,,Health,634,6340000,2,41462764|22006467,Defense %,2.53%,253,2,1630|901,Protection,1808,18080000,3,79475961|53810421|47547697,Offense,24,240000,1,2394684,A,8,8,0,100.0,50.7,0.0,50.7,0,41.8,6-dot,0,0,0,0,17.1,0.0,26.4,0.0,JARJARBINKS,CANDIDATE,SLICE_6E,5A ma wystarczającą wartość lub dopasowanie do postaci,0.0,,,,,,,,,,,,,,,,,,,,,,,
4pMJt4c-TK-RN1QYJ-mtzg,556,Critical Chance,5,Cross,1,15,False,0,False,MAGAZYN,,Tenacity %,24%,2400,0,,Offense,43,430000,1,4206828,Defense %,1.3%,130,1,1304,Protection %,1.89%,189,1,1890,Speed,5,50000,1,529710,E,4,4,0,100.0,73.5,83.3,73.5,0,0.0,slice,0,0,0,0,27.6,0.0,42.5,0.0,JARJARBINKS,CANDIDATE,SLICE,wartość moda lub dopasowanie do postaci uzasadnia kolejny roll,0.0,,,,,,,,,,,,,,,,,,,,,,,
JufC9mheRZW0bcYpBq4FiQ,556,Critical Chance,5,Cross,3,15,False,0,True,POSTAĆ: DENGAR,BDU4PKqfT9OYtoYJHvWgEA,Defense %,11.75%,1175,0,,Speed,10,100000,2,528630|549180,Offense %,0.62%,62,2,337|286,Protection,585,5850000,1,58578065,Protection %,1.13%,113,1,1139,C,6,6,0,100.0,83.7,83.3,83.7,0,0.0,slice,0,0,0,0,29.5,0.0,45.4,0.0,JARJARBINKS,CANDIDATE,SLICE,wartość moda lub dopasowanie do postaci uzasadnia kolejny roll,0.0,,,,,,,,,,,,,,,,,,,,,,,
NJhSKb16QdqCEiwDjGozQg,556,Critical Chance,5,Cross,2,15,False,0,True,POSTAĆ: WICKET,8DP_aO6lT0WLxgUPVNx4Hw,Protection %,23.5%,2350,0,,Protection,579,5790000,1,57901126,Speed,5,50000,1,501510,Offense %,0.93%,93,2,552|380,Critical Chance %,1.77%,177,1,1774,D,5,5,0,100.0,71.4,83.3,71.4,0,0.0,slice,0,0,0,0,17.9,0.0,27.5,0.0,JARJARBINKS,CANDIDATE,SLICE,wartość moda lub dopasowanie do postaci uzasadnia kolejny roll,0.0,,,,,,,,,,,,,,,,,,,,,,,
Y8fDPzTbR26HyV0bGPRZyg,556,Critical Chance,5,Cross,1,15,False,0,False,MAGAZYN,,Defense %,11.75%,1175,0,,Speed,5,50000,1,584610,Tenacity %,1.19%,119,1,1198,Health %,0.84%,84,1,846,Protection %,1.53%,153,1,1537,E,4,4,0,100.0,68.0,83.3,68.0,0,0.0,slice,0,0,0,0,22.0,0.0,33.8,0.0,JARJARBINKS,CANDIDATE,SLICE,wartość moda lub dopasowanie do postaci uzasadnia kolejny roll,0.0,,,,,,,,,,,,,,,,,,,,,,,
_cl3DRjcQhuLVvY14B2aOg,556,Critical Chance,5,Cross,1,15,False,0,False,MAGAZYN,,Health %,5.88%,588,0,,Health,217,2170000,1,21764308,Defense,6,60000,1,619017,Speed,5,50000,1,533820,Offense,45,450000,1,4431180,E,4,4,0,100.0,66.0,83.3,66.0,0,0.0,slice,0,0,0,0,32.2,0.0,49.5,0.0,JARJARBINKS,CANDIDATE,SLICE,wartość moda lub dopasowanie do postaci uzasadnia kolejny roll,0.0,,,,,,,,,,,,,,,,,,,,,,,
crh1azIaS4eS-zp7BguwDw,556,Critical Chance,5,Cross,1,15,False,0,False,MAGAZYN,,Protection %,23.5%,2350,0,,Speed,5,50000,1,591990,Tenacity %,2.22%,222,1,2227,Protection,547,5470000,1,54715775,Critical Chance %,1.98%,198,1,1981,E,4,4,0,100.0,50.7,83.3,50.7,0,0.0,slice,0,0,0,0,22.3,0.0,34.3,0.0,JARJARBINKS,CANDIDATE,KEEP,wartość secondary zbyt niska,0.0,,,,,,,,,,,,,,,,,,,,,,,
gtP1ROUTTMigNrLPxJ1Reg,556,Critical Chance,5,Cross,1,15,False,0,False,MAGAZYN,,Health %,5.88%,588,0,,Health,373,3730000,1,37382492,Protection %,1.79%,179,1,1793,Offense,37,370000,1,3653244,Speed,5,50000,1,512160,E,4,4,0,100.0,75.0,83.3,75.0,0,0.0,slice,0,0,0,0,32.8,0.0,50.5,0.0,JARJARBINKS,CANDIDATE,SLICE,wartość moda lub dopasowanie do postaci uzasadnia kolejny roll,0.0,,,,,,,,,,,,,,,,,,,,,,,
r2VkW0eIS3-IYaomXeqIYw,556,Critical Chance,5,Cross,1,15,False,0,True,POSTAĆ: MAUL,VlElFadkTf6o-_YqwnflHw,Protection %,23.5%,2350,0,,Protection,796,7960000,1,79642081,Speed,5,50000,1,531270,Potency %,1.89%,189,1,1894,Health,307,3070000,1,30760622,E,4,4,0,100.0,57.5,83.3,57.5,0,0.0,slice,0,0,0,0,27.5,0.0,42.4,0.0,JARJARBINKS,CANDIDATE,KEEP,obserwuj przed wydaniem materiałów,0.0,,,,,,,,,,,,,,,,,,,,,,,
uHfDGIydSKu81tugQ3ixXA,556,Critical Chance,5,Cross,1,15,False,0,False,MAGAZYN,,Health %,5.88%,588,0,,Health,294,2940000,1,29421247,Protection %,1.56%,156,1,1564,Offense %,0.44%,44,1,443,Speed,5,50000,1,520320,E,4,4,0,100.0,77.5,83.3,77.5,0,0.0,slice,0,0,0,0,27.2,0.0,41.8,0.0,JARJARBINKS,CANDIDATE,SLICE,wartość moda lub dopasowanie do postaci uzasadnia kolejny roll,0.0,,,,,,,,,,,,,,,,,,,,,,,
jyA9wLD4QHORsTqNcak1KA,556,Critical Chance,5,Cross,2,9,False,0,False,MAGAZYN,,Protection %,14.5%,1450,0,,Protection,826,8260000,1,82644700,Defense,6,60000,1,658413,Health,312,3120000,1,31264227,Speed,5,50000,1,599670,D,4,5,1,100.0,57.5,83.3,66.0,8.5,0.0,upgrade,0,0,0,0,32.6,0.0,50.2,0.0,JARJARBINKS,CANDIDATE,UPGRADE,nieujawnione wszystkie secondary,0.0,,,,,,,,,,,,,,,,,,,,,,,
oDOUIqfNR_Se5JuD59fhSA,556,Critical Chance,5,Cross,2,9,True,0,True,POSTAĆ: DIRECTORKRENNIC,ZFn8QPPBSn6_na9yfjMQ2Q,Protection %,14.5%,1450,0,,Health,417,4170000,1,41700637,Offense %,0.45%,45,1,454,Defense %,0.86%,86,1,866,Speed,5,50000,1,546030,D,4,5,1,100.0,70.5,83.3,76.4,5.9,0.0,upgrade,0,0,0,0,21.5,0.0,33.0,0.0,JARJARBINKS,CANDIDATE,UPGRADE,nieujawnione wszystkie secondary,0.0,,,,,,,,,,,,,,,,,,,,,,,
vxt3heeCRxGkSzW426UO6g,556,Critical Chance,5,Cross,2,9,False,0,False,MAGAZYN,,Health %,3.63%,363,0,,Tenacity %,1.85%,185,1,1859,Defense %,1.26%,126,1,1266,Speed,5,50000,1,516060,Offense %,0.55%,55,1,555,D,4,5,1,100.0,66.0,83.3,72.8,6.8,0.0,upgrade,0,0,0,0,16.2,0.0,25.0,0.0,JARJARBINKS,CANDIDATE,UPGRADE,nieujawnione wszystkie secondary,0.0,,,,,,,,,,,,,,,,,,,,,,,
E1sbTh3qRNGPUlkefO813Q,556,Critical Chance,5,Cross,3,6,False,0,True,POSTAĆ: ANAKINKNIGHT,y_TVNxsQSHO8H95wHnzAMQ,Health %,2.5%,250,0,,Protection %,1.15%,115,1,1150,Protection,635,6350000,1,63574124,Speed,5,50000,1,558060,Offense %,0.31%,31,1,316,C,4,6,2,100.0,77.5,83.3,85.0,7.5,0.0,upgrade,0,0,0,0,28.0,0.0,43.1,0.0,JARJARBINKS,CANDIDATE,UPGRADE,nieujawnione wszystkie secondary,0.0,,,,,,,,,,,,,,,,,,,,,,,
qYr-gBMUTdiYobFJchTADg,556,Critical Chance,5,Cross,3,6,False,0,True,POSTAĆ: JANGOFETT,aDW9AWUPTXewZQM3KFrxIg,Defense %,5%,500,0,,Defense,7,70000,1,741566,Protection %,1.43%,143,1,1433,Offense,39,390000,1,3883524,Speed,5,50000,1,568620,C,4,6,2,100.0,71.5,83.3,81.0,9.5,0.0,upgrade,0,0,0,0,32.7,0.0,50.3,0.0,JARJARBINKS,CANDIDATE,UPGRADE,nieujawnione wszystkie secondary,0.0,,,,,,,,,,,,,,,,,,,,,,,
64LiaPP_StyTrwPbtTNbGg,556,Critical Chance,5,Cross,4,1,False,0,False,MAGAZYN,,Tenacity %,3%,300,0,,Health,407,4070000,1,40747002,Speed,5,50000,1,536820,Offense %,0.44%,44,1,448,,,,0,,B,3,7,4,100.0,80.0,83.3,91.4,11.4,0.0,upgrade,0,0,0,0,28.6,0.0,44.0,0.0,JARJARBINKS,CANDIDATE,UPGRADE,nieujawnione wszystkie secondary,0.0,,,,,,,,,,,,,,,,,,,,,,,
89PNwdpAQ4qiA-yHeINs5A,556,Critical Chance,5,Cross,3,1,False,0,True,POSTAĆ: SMUGGLERCHEWBACCA,AL3U1YFvTpiUOvsx0_Nrwg,Defense %,1.25%,125,0,,Protection %,1.6%,160,1,1601,Speed,5,50000,1,526320,,,,0,,,,,0,,C,2,6,4,100.0,85.0,83.3,95.0,10.0,0.0,upgrade,0,0,0,0,43.9,0.0,67.6,0.0,JARJARBINKS,CANDIDATE,UPGRADE,nieujawnione wszystkie secondary,0.0,,,,,,,,,,,,,,,,,,,,,,,
bcC7wHrZR4uoPHJJ6b2WGA,556,Critical Chance,5,Cross,2,1,False,0,False,MAGAZYN,,Protection %,2.5%,250,0,,Speed,5,50000,1,565290,,,,0,,,,,0,,,,,0,,D,1,5,4,100.0,100.0,83.3,100.0,0,0.0,upgrade,0,0,0,0,65.0,0.0,100.0,0.0,JARJARBINKS,CANDIDATE,UPGRADE,nieujawnione wszystkie secondary,0.0,,,,,,,,,,,,,,,,,,,,,,,
cknARkC9SnaqpnTJ0YI-EQ,556,Critical Chance,5,Cross,3,1,False,0,True,POSTAĆ: TUSKENHUNTRESS,Om8oxl8XQyy1PCqOuPpJ3g,Defense %,1.25%,125,0,,Speed,5,50000,1,580530,Protection %,1.47%,147,1,1477,,,,0,,,,,0,,C,2,6,4,100.0,85.0,83.3,95.0,10.0,0.0,upgrade,0,0,0,0,43.9,0.0,67.6,0.0,JARJARBINKS,CANDIDATE,UPGRADE,nieujawnione wszystkie secondary,0.0,,,,,,,,,,,,,,,,,,,,,,,
sOr3Pj_CRYCZrG8I_q4rVQ,556,Critical Chance,5,Cross,4,1,False,0,True,POSTAĆ: CLONESERGEANTPHASEI,7KnyOYxwRIqOqf7x5FA73w,Protection %,2.5%,250,0,,Potency %,1.89%,189,1,1897,Speed,5,50000,1,578130,Protection,678,6780000,1,67814337,,,,0,,B,3,7,4,100.0,60.7,83.3,83.1,22.5,0.0,upgrade,0,0,0,0,29.8,0.0,45.8,0.0,JARJARBINKS,CANDIDATE,UPGRADE,nieujawnione wszystkie secondary,0.0,,,,,,,,,,,,,,,,,,,,,,,
xzVnhWk0QouDB--cTrQDqQ,556,Critical Chance,5,Cross,5,1,False,0,False,MAGAZYN,,Tenacity %,3%,300,0,,Defense %,1.29%,129,1,1298,Speed,5,50000,1,594150,Critical Chance %,2.07%,207,1,2074,Offense %,0.47%,47,1,471,A,4,8,4,100.0,64.8,83.3,82.4,17.6,67.3,upgrade,0,0,0,0,16.2,0.0,25.0,0.0,JARJARBINKS,CANDIDATE,UPGRADE,nieujawnione wszystkie secondary,0.0,,,,,,,,,,,,,,,,,,,,,,,
5nQm-dFRQWS9Anjm-WRjmw,553,Critical Chance,5,Diamond,1,15,False,0,True,POSTAĆ: CC2224,m_J2fZDlR1qleanuhPmZRg,Defense %,11.75%,1175,0,,Speed,5,50000,1,540360,Health %,0.62%,62,1,627,Offense %,0.48%,48,1,483,Protection %,1.46%,146,1,1468,E,4,4,0,100.0,83.5,83.3,83.5,0,0.0,slice,0,0,0,0,22.0,0.0,33.8,0.0,JARJARBINKS,CANDIDATE,SLICE,wartość moda lub dopasowanie do postaci uzasadnia kolejny roll,0.0,,,,,,,,,,,,,,,,,,,,,,,
JBay0iglRYWGMFeou4d_0Q,553,Critical Chance,5,Diamond,5,15,False,0,True,POSTAĆ: NIGHTTROOPER,jeM4ja3PSAO-gl1knvsBYQ,Defense %,11.75%,1175,0,,Speed,5,50000,1,573300,Tenacity %,3.47%,347,2,1985|1486,Offense,68,680000,2,3773400|2946444,Offense %,1.24%,124,3,395|296|554,A,8,8,0,100.0,75.0,83.3,75.0,0,51.7,6-dot,0,0,0,0,13.8,0.0,21.2,0.0,JARJARBINKS,CANDIDATE,SLICE_6E,5A ma wystarczającą wartość lub dopasowanie do postaci,0.0,,,,,,,,,,,,,,,,,,,,,,,
KeW1J2RXTq6FWVgyZsSO6w,553,Critical Chance,5,Diamond,4,15,False,0,True,POSTAĆ: ASAJVENTRESS,9rTdQPHJRLOYg663QADsHQ,Defense %,11.75%,1175,0,,Protection,640,6400000,1,64097402,Health %,2.65%,265,3,909|1032|719,Speed,5,50000,1,573270,Critical Chance %,2.97%,297,2,1283|1697,B,7,7,0,100.0,59.1,83.3,59.1,0,0.0,slice,0,0,0,0,12.8,0.0,19.6,0.0,JARJARBINKS,CANDIDATE,SLICE,wartość moda lub dopasowanie do postaci uzasadnia kolejny roll,0.0,,,,,,,,,,,,,,,,,,,,,,,
Knd5m297T1-3rfqWfAN78g,553,Critical Chance,5,Diamond,2,15,False,0,True,POSTAĆ: AAYLASECURA,RS9O5t5dSA2YiqfvgQojGw,Defense %,11.75%,1175,0,,Offense %,0.3%,30,1,302,Defense,7,70000,1,769741,Protection,1429,14290000,2,69745482|73242308,Speed,5,50000,1,553890,D,5,5,0,100.0,64.4,83.3,64.4,0,0.0,slice,0,0,0,0,26.8,0.0,41.2,0.0,JARJARBINKS,CANDIDATE,SLICE,wartość moda lub dopasowanie do postaci uzasadnia kolejny roll,0.0,,,,,,,,,,,,,,,,,,,,,,,
LepaOQtQRqihpUBhDrJm2A,553,Critical Chance,5,Diamond,1,15,False,0,True,POSTAĆ: WEDGEANTILLES,_-8UKeLXQm6rteZTYZGrAg,Defense %,11.75%,1175,0,,Offense %,0.31%,31,1,312,Offense,39,390000,1,3804180,Speed,5,50000,1,562860,Critical Chance %,2.1%,210,1,2101,E,4,4,0,100.0,74.8,83.3,74.8,0,0.0,slice,0,0,0,0,21.9,0.0,33.7,0.0,JARJARBINKS,CANDIDATE,SLICE,wartość moda lub dopasowanie do postaci uzasadnia kolejny roll,0.0,,,,,,,,,,,,,,,,,,,,,,,
N8ODgITQSQi3mttU9QNRRQ,553,Critical Chance,5,Diamond,5,15,False,0,True,POSTAĆ: PRINCESSLEIA,p8xJJuTVQsmyS_n-KE-kdA,Defense %,11.75%,1175,0,,Speed,18,180000,4,510900|590070|364740|339450,Offense %,0.52%,52,1,524,Protection,1273,12730000,2,74562962|52797089,Critical Chance %,1.68%,168,1,1681,A,8,8,0,100.0,76.6,75.0,76.6,0,55.1,6-dot,0,0,0,0,38.6,0.0,59.3,0.0,JARJARBINKS,CANDIDATE,SLICE_6E,5A ma wystarczającą wartość lub dopasowanie do postaci,0.0,,,,,,,,,,,,,,,,,,,,,,,
NSY-aAOeQ_WJ9ze5zi4swA,553,Critical Chance,5,Diamond,1,15,False,0,True,POSTAĆ: SABINEWRENS3,jEfaMS5YSUWnBpb1d-JyAw,Defense %,11.75%,1175,0,,Tenacity %,1.33%,133,1,1335,Speed,5,50000,1,588720,Defense,6,60000,1,664636,Protection %,1.7%,170,1,1701,E,4,4,0,100.0,58.5,83.3,58.5,0,0.0,slice,0,0,0,0,27.1,0.0,41.6,0.0,JARJARBINKS,CANDIDATE,SLICE,wartość moda lub dopasowanie do postaci uzasadnia kolejny roll,0.0,,,,,,,,,,,,,,,,,,,,,,,
OwE709MXSg-KcMCiRwCfKg,553,Critical Chance,5,Diamond,1,15,False,0,True,POSTAĆ: MAUL,VlElFadkTf6o-_YqwnflHw,Defense %,11.75%,1175,0,,Critical Chance %,2.08%,208,1,2080,Speed,5,50000,1,542490,Tenacity %,1.22%,122,1,1221,Offense %,0.49%,49,1,490,E,4,4,0,100.0,61.8,83.3,61.8,0,0.0,slice,0,0,0,0,16.2,0.0,25.0,0.0,JARJARBINKS,CANDIDATE,SLICE,wartość moda lub dopasowanie do postaci uzasadnia kolejny roll,0.0,,,,,,,,,,,,,,,,,,,,,,,
PWe517V4QVK_qrCFrWoZng,553,Critical Chance,5,Diamond,1,15,False,0,True,POSTAĆ: BADBATCHOMEGA,4s1nUTzYQmC_aSDUsZwVTQ,Defense %,11.75%,1175,0,,Offense %,0.35%,35,1,353,Health,284,2840000,1,28409751,Tenacity %,1.49%,149,1,1493,Speed,5,50000,1,575730,E,4,4,0,100.0,67.5,83.3,67.5,0,0.0,slice,0,0,0,0,21.5,0.0,33.0,0.0,JARJARBINKS,CANDIDATE,SLICE,wartość moda lub dopasowanie do postaci uzasadnia kolejny roll,0.0,,,,,,,,,,,,,,,,,,,,,,,
QXXhC9AqSQiwOjYcHNcoKA,553,Critical Chance,5,Diamond,1,15,False,0,True,POSTAĆ: AURRA_SING,HWxexlgWQSa6Y_0eBSXcbw,Defense %,11.75%,1175,0,,Tenacity %,1.16%,116,1,1160,Health %,1.06%,106,1,1062,Protection %,1.68%,168,1,1681,Speed,5,50000,1,559500,E,4,4,0,100.0,68.0,83.3,68.0,0,0.0,slice,0,0,0,0,22.0,0.0,33.8,0.0,JARJARBINKS,CANDIDATE,SLICE,wartość moda lub dopasowanie do postaci uzasadnia kolejny roll,0.0,,,,,,,,,,,,,,,,,,,,,,,
SnGbYDc4S2eNXMhwBBE8-w,553,Critical Chance,5,Diamond,5,15,False,0,True,POSTAĆ: MISSIONVAO,mC-7d71PST-6m77PaKcJpA,Defense %,11.75%,1175,0,,Offense %,1.39%,139,3,464|372|561,Critical Chance %,1.76%,176,1,1765,Speed,5,50000,1,536130,Health %,2.56%,256,3,1102|864|602,A,8,8,0,100.0,77.1,83.3,77.1,0,59.0,6-dot,0,0,0,0,8.1,0.0,12.5,0.0,JARJARBINKS,CANDIDATE,SLICE_6E,5A ma wystarczającą wartość lub dopasowanie do postaci,0.0,,,,,,,,,,,,,,,,,,,,,,,
b9TmC13VT5SNVeRJv32SbA,553,Critical Chance,5,Diamond,5,15,False,0,True,POSTAĆ: BT1,BM8YfesNREey0Pt2Ax4JzA,Defense %,11.75%,1175,0,,Health,1119,11190000,3,32447163|40363405|39178326,Critical Chance %,1.39%,139,1,1391,Speed,13,130000,3,551190|324270|521820,Potency %,1.9%,190,1,1904,A,8,8,0,100.0,62.9,72.2,62.9,0,56.0,6-dot,0,0,0,0,32.2,0.0,49.5,0.0,JARJARBINKS,CANDIDATE,SLICE_6E,5A ma wystarczającą wartość lub dopasowanie do postaci,0.0,,,,,,,,,,,,,,,,,,,,,,,
cUkZWWKdQXW4aC-xo7KbeA,553,Critical Chance,5,Diamond,2,15,False,0,True,POSTAĆ: TIEFIGHTERPILOT,EGIGnBBeQKypl69_NjyZMQ,Defense %,11.75%,1175,0,,Speed,5,50000,1,535980,Health,579,5790000,2,28617622|29344099,Defense,6,60000,1,687715,Critical Chance %,1.26%,126,1,1262,D,5,5,0,100.0,51.0,83.3,51.0,0,0.0,slice,0,0,0,0,25.4,0.0,39.1,0.0,JARJARBINKS,CANDIDATE,KEEP,wartość secondary zbyt niska,0.0,,,,,,,,,,,,,,,,,,,,,,,
fTyNUqBCTtC6mNekQvABiA,553,Critical Chance,5,Diamond,1,15,False,0,True,POSTAĆ: CADBANE,cgIOCS2bTnaFcuVB0Skslw,Defense %,11.75%,1175,0,,Critical Chance %,1.39%,139,1,1390,Speed,5,50000,1,539460,Health %,1.02%,102,1,1027,Defense,6,60000,1,600838,E,4,4,0,100.0,57.8,83.3,57.8,0,0.0,slice,0,0,0,0,21.3,0.0,32.8,0.0,JARJARBINKS,CANDIDATE,KEEP,obserwuj przed wydaniem materiałów,0.0,,,,,,,,,,,,,,,,,,,,,,,
gBpmKKqjQYmDttoS54AqNQ,553,Critical Chance,5,Diamond,3,15,True,0,True,POSTAĆ: EZRABRIDGERS3,7LiPaG8yQvywutOL0w1vgA,Defense %,11.75%,1175,0,,Defense,5,50000,1,509355,Speed,6,60000,2,356250|318720,Health %,0.98%,98,1,983,Offense %,0.63%,63,2,319|311,C,6,6,0,100.0,81.7,50.0,81.7,0,0.0,slice,0,0,0,0,25.1,0.0,38.6,0.0,JARJARBINKS,CANDIDATE,SLICE,wartość moda lub dopasowanie do postaci uzasadnia kolejny roll,0.0,,,,,,,,,,,,,,,,,,,,,,,
nZrzY0NKSmu6x2ddcS6w2w,553,Critical Chance,5,Diamond,2,15,False,0,True,POSTAĆ: GEONOSIANSPY,dTxp0Op1QFasisO6SSNNLw,Defense %,11.75%,1175,0,,Protection,807,8070000,1,80796615,Offense,30,300000,1,2925468,Defense,16,160000,2,663460|961576,Speed,5,50000,1,504030,D,5,5,0,100.0,59.6,83.3,59.6,0,0.0,slice,0,0,0,0,30.5,0.0,47.0,0.0,JARJARBINKS,CANDIDATE,SLICE,wartość moda lub dopasowanie do postaci uzasadnia kolejny roll,0.0,,,,,,,,,,,,,,,,,,,,,,,
rIt_eV0fR3K8SYh6EYwdTw,553,Critical Chance,5,Diamond,1,15,False,0,False,MAGAZYN,,Defense %,11.75%,1175,0,,Protection %,1.55%,155,1,1550,Potency %,1.3%,130,1,1306,Offense %,0.48%,48,1,489,Speed,5,50000,1,501660,E,4,4,0,100.0,74.0,83.3,74.0,0,0.0,slice,0,0,0,0,22.0,0.0,33.8,0.0,JARJARBINKS,CANDIDATE,SLICE,wartość moda lub dopasowanie do postaci uzasadnia kolejny roll,0.0,,,,,,,,,,,,,,,,,,,,,,,
s8mRYL91T5OcEzMP-TN_CA,553,Critical Chance,5,Diamond,1,15,False,0,True,POSTAĆ: FIRSTORDERTIEPILOT,OxZ6DwWiQLGs4heGmPpiCg,Defense %,11.75%,1175,0,,Critical Chance %,1.67%,167,1,1676,Protection,509,5090000,1,50919933,Protection %,1.91%,191,1,1915,Speed,5,50000,1,569700,E,4,4,0,100.0,60.7,83.3,60.7,0,0.0,slice,0,0,0,0,28.0,0.0,43.1,0.0,JARJARBINKS,CANDIDATE,SLICE,wartość moda lub dopasowanie do postaci uzasadnia kolejny roll,0.0,,,,,,,,,,,,,,,,,,,,,,,
t8uWhDwZSGKUyGA6kAb12A,553,Critical Chance,5,Diamond,2,15,False,0,True,POSTAĆ: BOBAFETT,ZKnLxXHHQ6OD7LSbTnf6DQ,Defense %,11.75%,1175,0,,Speed,5,50000,1,594060,Offense,54,540000,2,2865504|2466276,Protection %,2.07%,207,1,2073,Tenacity %,1.68%,168,1,1681,D,5,5,0,100.0,72.8,83.3,72.8,0,0.0,slice,0,0,0,0,26.6,0.0,40.9,0.0,JARJARBINKS,CANDIDATE,SLICE,wartość moda lub dopasowanie do postaci uzasadnia kolejny roll,0.0,,,,,,,,,,,,,,,,,,,,,,,
tVF2i7kDSmiT_FUiNk1m_Q,553,Critical Chance,5,Diamond,1,15,False,0,True,POSTAĆ: YOUNGHAN,1sX1NWmXQjazGjpr_R39Eg,Defense %,11.75%,1175,0,,Tenacity %,1.6%,160,1,1604,Speed,5,50000,1,515700,Critical Chance %,1.53%,153,1,1531,Health,390,3900000,1,39032602,E,4,4,0,100.0,50.7,83.3,50.7,0,0.0,slice,0,0,0,0,21.5,0.0,33.0,0.0,JARJARBINKS,CANDIDATE,KEEP,wartość secondary zbyt niska,0.0,,,,,,,,,,,,,,,,,,,,,,,
v09htnzKSme6Hu-72z6zNw,553,Critical Chance,5,Diamond,1,15,False,0,True,POSTAĆ: GEONOSIANBROODALPHA,EwaIJIQgRWGLZQCu-DgCiQ,Defense %,11.75%,1175,0,,Offense %,0.32%,32,1,325,Offense,31,310000,1,3042888,Health %,1.11%,111,1,1113,Speed,5,50000,1,507360,E,4,4,0,100.0,86.5,83.3,86.5,0,0.0,slice,0,0,0,0,21.9,0.0,33.7,0.0,JARJARBINKS,CANDIDATE,SLICE,wartość moda lub dopasowanie do postaci uzasadnia kolejny roll,0.0,,,,,,,,,,,,,,,,,,,,,,,
xKZ6pPEPR82APF6L5_fwGg,553,Critical Chance,5,Diamond,3,15,False,0,True,POSTAĆ: C3POCHEWBACCA,O-gueLfjRhidXy013cMzPQ,Defense %,11.75%,1175,0,,Potency %,3.5%,350,2,1969|1540,Health,610,6100000,2,25469555|35584515,Tenacity %,1.13%,113,1,1139,Speed,5,50000,1,543510,C,6,6,0,100.0,49.0,83.3,49.0,0,0.0,slice,0,0,0,0,17.8,0.0,27.4,0.0,JARJARBINKS,CANDIDATE,KEEP,wartość secondary zbyt niska,0.0,,,,,,,,,,,,,,,,,,,,,,,
xeAyONgrTROFH3vCSlLYVg,553,Critical Chance,5,Diamond,1,15,False,0,True,POSTAĆ: CAPTAINDROGAN,x_FQnn0_ShSNmm4-HLV34g,Defense %,11.75%,1175,0,,Tenacity %,1.96%,196,1,1966,Health,324,3240000,1,32449306,Speed,5,50000,1,559080,Health %,0.77%,77,1,779,E,4,4,0,100.0,62.5,83.3,62.5,0,0.0,slice,0,0,0,0,21.5,0.0,33.0,0.0,JARJARBINKS,CANDIDATE,SLICE,wartość moda lub dopasowanie do postaci uzasadnia kolejny roll,0.0,,,,,,,,,,,,,,,,,,,,,,,
zYv61oNeRXy2weKMmYXQug,553,Critical Chance,5,Diamond,2,15,False,0,True,POSTAĆ: PADAWANSABINE,9ssuNwf-QcmcfINQPjIqEA,Defense %,11.75%,1175,0,,Critical Chance %,2.84%,284,2,1520|1322,Offense,43,430000,1,4252200,Protection,802,8020000,1,80240113,Speed,5,50000,1,519810,D,5,5,0,100.0,56.0,83.3,56.0,0,0.0,slice,0,0,0,0,22.4,0.0,34.4,0.0,JARJARBINKS,CANDIDATE,KEEP,obserwuj przed wydaniem materiałów,0.0,,,,,,,,,,,,,,,,,,,,,,,
IN1C54XwR7aoeRRnjGjFqg,553,Critical Chance,5,Diamond,2,9,False,0,False,MAGAZYN,,Defense %,7.25%,725,0,,Offense,42,420000,1,4113804,Health %,0.74%,74,1,749,Speed,5,50000,1,581940,Health,383,3830000,1,38370415,D,4,5,1,100.0,75.5,83.3,80.4,4.9,0.0,upgrade,0,0,0,0,27.1,0.0,41.7,0.0,JARJARBINKS,CANDIDATE,UPGRADE,nieujawnione wszystkie secondary,0.0,,,,,,,,,,,,,,,,,,,,,,,
cuHLEXNnRyCzNRADcdC8ig,553,Critical Chance,5,Diamond,2,9,False,0,True,POSTAĆ: BIGGSDARKLIGHTER,26GkhZfITD-drSSqkDpQpg,Defense %,7.25%,725,0,,Health,389,3890000,1,38972598,Health %,0.7%,70,1,706,Defense,7,70000,1,781109,Speed,5,50000,1,544530,D,4,5,1,100.0,63.5,83.3,70.8,7.3,0.0,upgrade,0,0,0,0,26.6,0.0,40.9,0.0,JARJARBINKS,CANDIDATE,UPGRADE,nieujawnione wszystkie secondary,0.0,,,,,,,,,,,,,,,,,,,,,,,
vZCWwnZCSa-KgLvmWWorEg,553,Critical Chance,5,Diamond,3,6,False,0,True,POSTAĆ: QIRA,Gi9SANbjSlmcceP-ctVgpA,Defense %,5%,500,0,,Health %,1.02%,102,1,1027,Critical Chance %,2.21%,221,1,2219,Protection %,1.76%,176,1,1760,Speed,5,50000,1,503130,C,4,6,2,100.0,66.8,83.3,77.8,11.1,0.0,upgrade,0,0,0,0,22.0,0.0,33.8,0.0,JARJARBINKS,CANDIDATE,UPGRADE,nieujawnione wszystkie secondary,0.0,,,,,,,,,,,,,,,,,,,,,,,
69n1pCG4Tt6KPG8Ub-h92w,553,Critical Chance,5,Diamond,4,1,False,0,False,MAGAZYN,,Defense %,1.25%,125,0,,Health %,0.91%,91,1,915,Speed,5,50000,1,550470,Defense,6,60000,1,664440,,,,0,,B,3,7,4,100.0,68.7,83.3,86.6,17.9,0.0,upgrade,0,0,0,0,28.5,0.0,43.8,0.0,JARJARBINKS,CANDIDATE,UPGRADE,nieujawnione wszystkie secondary,0.0,,,,,,,,,,,,,,,,,,,,,,,
95H15pn0RmqdIHXNuv3xaA,553,Critical Chance,5,Diamond,4,1,False,0,True,POSTAĆ: NIGHTSISTERACOLYTE,cpJlNZsaRV-Sn2cV0HaJAQ,Defense %,1.25%,125,0,,Protection,811,8110000,1,81191150,Speed,5,50000,1,592890,Defense,8,80000,1,883421,,,,0,,B,3,7,4,100.0,60.7,83.3,83.1,22.5,0.0,upgrade,0,0,0,0,36.6,0.0,56.2,0.0,JARJARBINKS,CANDIDATE,UPGRADE,nieujawnione wszystkie secondary,0.0,,,,,,,,,,,,,,,,,,,,,,,
CmKRwhi_TYuEDJ0LuzbNXQ,553,Critical Chance,5,Diamond,3,1,False,0,True,POSTAĆ: SHINHATI,9S_8jjUPTMitddioEskQGQ,Defense %,1.25%,125,0,,Speed,5,50000,1,591780,Tenacity %,2.04%,204,1,2048,,,,0,,,,,0,,C,2,6,4,100.0,65.0,83.3,88.3,23.3,0.0,upgrade,0,0,0,0,32.5,0.0,50.0,0.0,JARJARBINKS,CANDIDATE,UPGRADE,nieujawnione wszystkie secondary,0.0,,,,,,,,,,,,,,,,,,,,,,,
-Fad3ufvRRCSYfx-XmXeQQ,551,Critical Chance,5,Square,1,15,False,0,True,POSTAĆ: IG86SENTINELDROID,_2L-fZJ-RlWIgv7v8PDIBQ,Offense %,5.88%,588,0,,Health,223,2230000,1,22338632,Speed,5,50000,1,500310,Offense,32,320000,1,3166692,Protection %,2.17%,217,1,2173,E,4,4,0,100.0,75.0,83.3,75.0,0,0.0,slice,0,0,0,0,32.8,0.0,50.5,0.0,JARJARBINKS,CANDIDATE,SLICE,wartość moda lub dopasowanie do postaci uzasadnia kolejny roll,0.0,,,,,,,,,,,,,,,,,,,,,,,
-dImbbWNR9aLrxaetiJ5QA,551,Critical Chance,5,Square,2,15,False,0,True,POSTAĆ: PADAWANSABINE,9ssuNwf-QcmcfINQPjIqEA,Offense %,5.88%,588,0,,Health %,1.52%,152,2,916|610,Protection,571,5710000,1,57145280,Speed,5,50000,1,510210,Defense %,1.59%,159,1,1596,D,5,5,0,100.0,66.8,83.3,66.8,0,0.0,slice,0,0,0,0,17.9,0.0,27.5,0.0,JARJARBINKS,CANDIDATE,SLICE,wartość moda lub dopasowanie do postaci uzasadnia kolejny roll,0.0,,,,,,,,,,,,,,,,,,,,,,,
4xW0IVk1TQOYKNO32OdRBg,551,Critical Chance,5,Square,4,15,False,0,True,POSTAĆ: CADBANE,cgIOCS2bTnaFcuVB0Skslw,Offense %,5.88%,588,0,,Defense,13,130000,2,833833|517636,Offense,88,880000,2,4284576|4490916,Speed,5,50000,1,546780,Health,716,7160000,2,36690303|35001619,B,7,7,0,100.0,61.1,83.3,61.1,0,0.0,slice,0,0,0,0,27.5,0.0,42.3,0.0,JARJARBINKS,CANDIDATE,SLICE,wartość moda lub dopasowanie do postaci uzasadnia kolejny roll,0.0,,,,,,,,,,,,,,,,,,,,,,,
5B9taFdhRhmVTWn6PJc6HQ,551,Critical Chance,5,Square,4,15,False,0,True,POSTAĆ: ASAJVENTRESS,9rTdQPHJRLOYg663QADsHQ,Offense %,5.88%,588,0,,Critical Chance %,3.23%,323,2,1735|1503,Health,835,8350000,2,41767070|41777785,Speed,9,90000,2,528840|379950,Offense,33,330000,1,3289812,B,7,7,0,100.0,61.1,75.0,61.1,0,0.0,slice,0,0,0,0,27.8,0.0,42.7,0.0,JARJARBINKS,CANDIDATE,SLICE,wartość moda lub dopasowanie do postaci uzasadnia kolejny roll,0.0,,,,,,,,,,,,,,,,,,,,,,,
5RcF3PpURIeif9-QZUl2Mg,551,Critical Chance,5,Square,5,15,False,0,True,POSTAĆ: C3POCHEWBACCA,O-gueLfjRhidXy013cMzPQ,Offense %,5.88%,588,0,,Defense %,1.32%,132,1,1329,Speed,13,130000,3,546030|317520|533100,Health %,2.67%,267,3,749|1038|884,Defense,9,90000,1,979363,A,8,8,0,100.0,74.0,72.2,74.0,0,55.9,6-dot,0,0,0,0,26.9,0.0,41.4,0.0,JARJARBINKS,CANDIDATE,SLICE_6E,5A ma wystarczającą wartość lub dopasowanie do postaci,0.0,,,,,,,,,,,,,,,,,,,,,,,
7okYh0HsQRelkjW3QzGjUg,551,Critical Chance,5,Square,2,15,False,0,True,POSTAĆ: EZRABRIDGERS3,7LiPaG8yQvywutOL0w1vgA,Offense %,5.88%,588,0,,Health,618,6180000,2,21620727|40219824,Speed,5,50000,1,540450,Defense %,1.66%,166,1,1660,Potency %,1.57%,157,1,1575,D,5,5,0,100.0,54.4,83.3,54.4,0,0.0,slice,0,0,0,0,21.3,0.0,32.8,0.0,JARJARBINKS,CANDIDATE,KEEP,obserwuj przed wydaniem materiałów,0.0,,,,,,,,,,,,,,,,,,,,,,,
C2dNvclcTFuP8YjVijNaTg,551,Critical Chance,5,Square,1,15,False,0,True,POSTAĆ: DIRECTORKRENNIC,ZFn8QPPBSn6_na9yfjMQ2Q,Offense %,5.88%,588,0,,Offense,27,270000,1,2658024,Speed,5,50000,1,511110,Protection,766,7660000,1,76602085,Defense,6,60000,1,671153,E,4,4,0,100.0,66.0,83.3,66.0,0,0.0,slice,0,0,0,0,33.1,0.0,50.9,0.0,JARJARBINKS,CANDIDATE,SLICE,wartość moda lub dopasowanie do postaci uzasadnia kolejny roll,0.0,,,,,,,,,,,,,,,,,,,,,,,
DqUzMyORRf27x7Rh0pR6xg,551,Critical Chance,5,Square,1,15,False,0,False,MAGAZYN,,Offense %,5.88%,588,0,,Defense,7,70000,1,732746,Protection %,1.48%,148,1,1486,Health %,0.69%,69,1,690,Speed,5,50000,1,570090,E,4,4,0,100.0,69.0,83.3,69.0,0,0.0,slice,0,0,0,0,27.1,0.0,41.6,0.0,JARJARBINKS,CANDIDATE,SLICE,wartość moda lub dopasowanie do postaci uzasadnia kolejny roll,0.0,,,,,,,,,,,,,,,,,,,,,,,
GTiOlpBwSN2JC9ntcH6vfA,551,Critical Chance,5,Square,1,15,False,0,False,MAGAZYN,,Offense %,5.88%,588,0,,Speed,5,50000,1,569730,Health,246,2460000,1,24655215,Health %,0.91%,91,1,917,Tenacity %,1.84%,184,1,1844,E,4,4,0,100.0,62.5,83.3,62.5,0,0.0,slice,0,0,0,0,21.5,0.0,33.0,0.0,JARJARBINKS,CANDIDATE,SLICE,wartość moda lub dopasowanie do postaci uzasadnia kolejny roll,0.0,,,,,,,,,,,,,,,,,,,,,,,
GiZ3ztwdT9GwLDWqLbYf5g,551,Critical Chance,5,Square,5,15,False,0,True,POSTAĆ: BT1,BM8YfesNREey0Pt2Ax4JzA,Offense %,5.88%,588,0,,Critical Chance %,5.11%,511,3,1853|1322|1938,Defense,13,130000,2,800170|565803,Speed,10,100000,2,514500|518370,Tenacity %,1.19%,119,1,1196,A,8,8,0,100.0,46.6,83.3,46.6,0,44.8,6-dot,0,0,0,0,21.3,0.0,32.8,0.0,JARJARBINKS,CANDIDATE,SLICE_6E,5A ma wystarczającą wartość lub dopasowanie do postaci,0.0,,,,,,,,,,,,,,,,,,,,,,,
IbsnZEcdQZW1Zug-TMPHlw,551,Critical Chance,5,Square,1,15,False,0,False,MAGAZYN,,Offense %,5.88%,588,0,,Protection %,1.72%,172,1,1727,Offense,29,290000,1,2890356,Defense %,1.6%,160,1,1607,Speed,5,50000,1,506400,E,4,4,0,100.0,73.5,83.3,73.5,0,0.0,slice,0,0,0,0,27.6,0.0,42.5,0.0,JARJARBINKS,CANDIDATE,SLICE,wartość moda lub dopasowanie do postaci uzasadnia kolejny roll,0.0,,,,,,,,,,,,,,,,,,,,,,,
Jh8kPayHSU6Yom7ks2mkWQ,551,Critical Chance,5,Square,1,15,False,0,True,POSTAĆ: MAUL,VlElFadkTf6o-_YqwnflHw,Offense %,5.88%,588,0,,Offense,32,320000,1,3168972,Speed,5,50000,1,569850,Critical Chance %,2.23%,223,1,2234,Protection,449,4490000,1,44985296,E,4,4,0,100.0,63.7,83.3,63.7,0,0.0,slice,0,0,0,0,28.0,0.0,43.0,0.0,JARJARBINKS,CANDIDATE,SLICE,wartość moda lub dopasowanie do postaci uzasadnia kolejny roll,0.0,,,,,,,,,,,,,,,,,,,,,,,
Nw4zoRdHTnupKo7vLDnynQ,551,Critical Chance,5,Square,5,15,False,0,True,POSTAĆ: ADMINISTRATORLANDO,hSjmg9v8T2qlZb_3hPb9-A,Offense %,5.88%,588,0,,Speed,5,50000,1,534510,Defense %,2.86%,286,2,1300|1565,Protection,1921,19210000,3,66900677|44470324|80821533,Critical Chance %,2.71%,271,2,1483|1231,A,8,8,0,100.0,47.2,83.3,47.2,0,50.8,6-dot,0,0,0,0,17.2,0.0,26.5,0.0,JARJARBINKS,CANDIDATE,SLICE_6E,5A ma wystarczającą wartość lub dopasowanie do postaci,0.0,,,,,,,,,,,,,,,,,,,,,,,
TrFtQTTbSIWr1mv1HCnFGQ,551,Critical Chance,5,Square,1,15,False,0,True,POSTAĆ: CAPTAINDROGAN,x_FQnn0_ShSNmm4-HLV34g,Offense %,5.88%,588,0,,Defense,7,70000,1,752101,Speed,5,50000,1,536460,Offense,40,400000,1,3937788,Health,342,3420000,1,34200137,E,4,4,0,100.0,66.0,83.3,66.0,0,0.0,slice,0,0,0,0,32.2,0.0,49.5,0.0,JARJARBINKS,CANDIDATE,SLICE,wartość moda lub dopasowanie do postaci uzasadnia kolejny roll,0.0,,,,,,,,,,,,,,,,,,,,,,,
WprEhh5lSPWCtCdHr3QDtw,551,Critical Chance,5,Square,3,15,False,0,True,POSTAĆ: RESISTANCETROOPER,UXe92bH9RBC-qNgRNgSpBg,Offense %,5.88%,588,0,,Defense,13,130000,2,551789|770476,Tenacity %,1.36%,136,1,1361,Speed,9,90000,2,552090|385560,Protection,725,7250000,1,72561216,C,6,6,0,100.0,57.7,75.0,57.7,0,0.0,slice,0,0,0,0,32.5,0.0,50.0,0.0,JARJARBINKS,CANDIDATE,SLICE,wartość moda lub dopasowanie do postaci uzasadnia kolejny roll,0.0,,,,,,,,,,,,,,,,,,,,,,,
d-Iq0NEETnq0l5HKwEs4KA,551,Critical Chance,5,Square,1,15,False,0,True,POSTAĆ: BADBATCHHUNTER,ftgjVcXCTeG9kkOKfFlUNA,Offense %,5.88%,588,0,,Tenacity %,1.85%,185,1,1854,Speed,5,50000,1,576000,Defense %,0.95%,95,1,956,Protection %,1.12%,112,1,1129,E,4,4,0,100.0,60.5,83.3,60.5,0,0.0,slice,0,0,0,0,22.0,0.0,33.8,0.0,JARJARBINKS,CANDIDATE,SLICE,wartość moda lub dopasowanie do postaci uzasadnia kolejny roll,0.0,,,,,,,,,,,,,,,,,,,,,,,
jwWdISjZRS6_fY9l6khfkA,551,Critical Chance,5,Square,1,15,False,0,True,POSTAĆ: TIEFIGHTERPILOT,EGIGnBBeQKypl69_NjyZMQ,Offense %,5.88%,588,0,,Protection %,1.77%,177,1,1774,Speed,5,50000,1,505560,Defense,5,50000,1,536256,Health,423,4230000,1,42345680,E,4,4,0,100.0,63.0,83.3,63.0,0,0.0,slice,0,0,0,0,32.3,0.0,49.7,0.0,JARJARBINKS,CANDIDATE,SLICE,wartość moda lub dopasowanie do postaci uzasadnia kolejny roll,0.0,,,,,,,,,,,,,,,,,,,,,,,
l_OI9S3jRgS5tNgn1c6SZg,551,Critical Chance,5,Square,2,15,False,0,True,POSTAĆ: BOBAFETT,ZKnLxXHHQ6OD7LSbTnf6DQ,Offense %,5.88%,588,0,,Tenacity %,2.16%,216,1,2163,Health %,0.85%,85,1,857,Speed,8,80000,2,514800|350250,Offense,28,280000,1,2792316,D,5,5,0,100.0,76.8,66.7,76.8,0,0.0,slice,0,0,0,0,30.5,0.0,46.9,0.0,JARJARBINKS,CANDIDATE,SLICE,wartość moda lub dopasowanie do postaci uzasadnia kolejny roll,0.0,,,,,,,,,,,,,,,,,,,,,,,
lcAlxDr4RE25YTO8oI_KQQ,551,Critical Chance,5,Square,2,15,False,0,True,POSTAĆ: QIRA,Gi9SANbjSlmcceP-ctVgpA,Offense %,5.88%,588,0,,Tenacity %,1.62%,162,1,1620,Defense %,1.27%,127,1,1275,Speed,9,90000,2,501180|484080,Health,216,2160000,1,21693589,D,5,5,0,100.0,64.0,75.0,64.0,0,0.0,slice,0,0,0,0,30.2,0.0,46.4,0.0,JARJARBINKS,CANDIDATE,SLICE,wartość moda lub dopasowanie do postaci uzasadnia kolejny roll,0.0,,,,,,,,,,,,,,,,,,,,,,,
m_YGRBqyRE-PWqg3CwslUQ,551,Critical Chance,5,Square,1,15,False,0,True,POSTAĆ: FIRSTORDERTIEPILOT,OxZ6DwWiQLGs4heGmPpiCg,Offense %,5.88%,588,0,,Speed,5,50000,1,591540,Potency %,1.93%,193,1,1937,Offense,25,250000,1,2419308,Protection,618,6180000,1,61879700,E,4,4,0,100.0,66.0,83.3,66.0,0,0.0,slice,0,0,0,0,28.0,0.0,43.0,0.0,JARJARBINKS,CANDIDATE,SLICE,wartość moda lub dopasowanie do postaci uzasadnia kolejny roll,0.0,,,,,,,,,,,,,,,,,,,,,,,
mr4KkXc1R16-MEGPAAE2Wg,551,Critical Chance,5,Square,1,15,False,0,True,POSTAĆ: FIRSTORDERSPECIALFORCESPILOT,2FNKDRFzSVmSla755aKVqQ,Offense %,5.88%,588,0,,Critical Chance %,1.57%,157,1,1578,Tenacity %,1.62%,162,1,1624,Defense %,1.04%,104,1,1040,Speed,5,50000,1,516930,E,4,4,0,100.0,49.2,83.3,49.2,0,0.0,slice,0,0,0,0,16.2,0.0,25.0,0.0,JARJARBINKS,CANDIDATE,KEEP,wartość secondary zbyt niska,0.0,,,,,,,,,,,,,,,,,,,,,,,
oof27BZ0Q02OHbeWYJdxbw,551,Critical Chance,5,Square,1,15,False,0,True,POSTAĆ: CLONESERGEANTPHASEI,7KnyOYxwRIqOqf7x5FA73w,Offense %,5.88%,588,0,,Offense,27,270000,1,2635680,Defense,5,50000,1,591528,Health,369,3690000,1,36953892,Speed,5,50000,1,553230,E,4,4,0,100.0,66.0,83.3,66.0,0,0.0,slice,0,0,0,0,32.2,0.0,49.5,0.0,JARJARBINKS,CANDIDATE,SLICE,wartość moda lub dopasowanie do postaci uzasadnia kolejny roll,0.0,,,,,,,,,,,,,,,,,,,,,,,
pi2a5_MRT_GUDkG4iCKIFg,551,Critical Chance,5,Square,1,15,False,0,True,POSTAĆ: JYNERSO,J5J6kyqwQjuErnn0IY4xFw,Offense %,5.88%,588,0,,Health,324,3240000,1,32432162,Speed,5,50000,1,511260,Protection,564,5640000,1,56422658,Health %,0.81%,81,1,818,E,4,4,0,100.0,67.0,83.3,67.0,0,0.0,slice,0,0,0,0,27.5,0.0,42.4,0.0,JARJARBINKS,CANDIDATE,SLICE,wartość moda lub dopasowanie do postaci uzasadnia kolejny roll,0.0,,,,,,,,,,,,,,,,,,,,,,,
rJc53-3fR8-2-K9rI6wh5Q,551,Critical Chance,5,Square,5,15,False,0,True,POSTAĆ: BOOMADIER,I-M6qZctR4y_eyiDi7CTRA,Offense %,5.88%,588,0,,Tenacity %,2.78%,278,2,1174|1607,Protection,457,4570000,1,45736989,Defense %,2.71%,271,2,1045|1665,Speed,14,140000,3,562230|458850|402510,A,8,8,0,100.0,61.5,77.8,61.5,0,42.8,6-dot,0,0,0,0,27.4,0.0,42.2,0.0,JARJARBINKS,CANDIDATE,SLICE_6E,5A ma wystarczającą wartość lub dopasowanie do postaci,0.0,,,,,,,,,,,,,,,,,,,,,,,
rgzDyVI9TUyYpa6kL_0bIw,551,Critical Chance,5,Square,3,15,False,0,True,POSTAĆ: HUYANG,DRi0qZeRRkKUKuIu-ZZ2yA,Offense %,5.88%,588,0,,Health %,2.57%,257,3,955|720|899,Speed,5,50000,1,565740,Potency %,2.23%,223,1,2234,Defense %,1.68%,168,1,1687,C,6,6,0,100.0,65.3,83.3,65.3,0,0.0,slice,0,0,0,0,10.8,0.0,16.7,0.0,JARJARBINKS,CANDIDATE,SLICE,wartość moda lub dopasowanie do postaci uzasadnia kolejny roll,0.0,,,,,,,,,,,,,,,,,,,,,,,
t-kHEedSQfGtzxIoPV-RVQ,551,Critical Chance,5,Square,1,15,False,0,True,POSTAĆ: WEDGEANTILLES,_-8UKeLXQm6rteZTYZGrAg,Offense %,5.88%,588,0,,Speed,5,50000,1,570270,Protection %,1.58%,158,1,1583,Critical Chance %,1.34%,134,1,1342,Health %,0.85%,85,1,858,E,4,4,0,100.0,66.8,83.3,66.8,0,0.0,slice,0,0,0,0,22.0,0.0,33.8,0.0,JARJARBINKS,CANDIDATE,SLICE,wartość moda lub dopasowanie do postaci uzasadnia kolejny roll,0.0,,,,,,,,,,,,,,,,,,,,,,,
uc_DdIqLQJCyKHTeNoxyrw,551,Critical Chance,5,Square,5,15,False,0,True,POSTAĆ: APPO,BYy6_mWtS8ao4M8ZdNvnBw,Offense %,5.88%,588,0,,Speed,10,100000,2,599460|439050,Defense,13,130000,2,589666|763175,Protection %,4.18%,418,3,1184|1285|1713,Defense %,1.47%,147,1,1477,A,8,8,0,100.0,65.0,83.3,65.0,0,42.9,6-dot,0,0,0,0,29.9,0.0,46.0,0.0,JARJARBINKS,CANDIDATE,SLICE_6E,5A ma wystarczającą wartość lub dopasowanie do postaci,0.0,,,,,,,,,,,,,,,,,,,,,,,
ynxBfCnfTZOn8WRc6CRF9A,551,Critical Chance,5,Square,1,15,False,0,True,POSTAĆ: CC2224,m_J2fZDlR1qleanuhPmZRg,Offense %,5.88%,588,0,,Potency %,1.97%,197,1,1973,Tenacity %,1.8%,180,1,1804,Speed,5,50000,1,570150,Defense,7,70000,1,797573,E,4,4,0,100.0,49.5,83.3,49.5,0,0.0,slice,0,0,0,0,21.3,0.0,32.8,0.0,JARJARBINKS,CANDIDATE,KEEP,wartość secondary zbyt niska,0.0,,,,,,,,,,,,,,,,,,,,,,,
F8Zlu1v7S2i4Trdqqs0ymw,551,Critical Chance,5,Square,2,9,False,0,False,MAGAZYN,,Offense %,3.63%,363,0,,Defense,7,70000,1,782187,Speed,5,50000,1,503940,Defense %,1.03%,103,1,1038,Tenacity %,2.12%,212,1,2126,D,4,5,1,100.0,51.5,83.3,61.2,9.7,0.0,upgrade,0,0,0,0,21.3,0.0,32.8,0.0,JARJARBINKS,CANDIDATE,UPGRADE,nieujawnione wszystkie secondary,0.0,,,,,,,,,,,,,,,,,,,,,,,
fcWlKCiYSAajgBMJwrSw3w,551,Critical Chance,5,Square,2,9,False,0,False,MAGAZYN,,Offense %,3.63%,363,0,,Tenacity %,1.71%,171,1,1713,Protection,478,4780000,1,47830101,Speed,5,50000,1,509400,Offense,36,360000,1,3574812,D,4,5,1,100.0,65.0,83.3,72.0,7.0,0.0,upgrade,0,0,0,0,28.0,0.0,43.0,0.0,JARJARBINKS,CANDIDATE,UPGRADE,nieujawnione wszystkie secondary,0.0,,,,,,,,,,,,,,,,,,,,,,,
D1RvJyQcRUennULhl7IZiQ,551,Critical Chance,5,Square,3,1,False,0,True,POSTAĆ: ANAKINKNIGHT,y_TVNxsQSHO8H95wHnzAMQ,Offense %,0.63%,63,0,,Speed,5,50000,1,575190,Health,368,3680000,1,36806025,,,,0,,,,,0,,C,2,6,4,100.0,74.0,83.3,91.3,17.3,0.0,upgrade,0,0,0,0,42.9,0.0,66.0,0.0,JARJARBINKS,CANDIDATE,UPGRADE,nieujawnione wszystkie secondary,0.0,,,,,,,,,,,,,,,,,,,,,,,
kYjTq451R9-EmbDDJ19ZWg,551,Critical Chance,5,Square,2,1,False,0,False,MAGAZYN,,Offense %,0.63%,63,0,,Speed,5,50000,1,552810,,,,0,,,,,0,,,,,0,,D,1,5,4,100.0,100.0,83.3,100.0,0,0.0,upgrade,0,0,0,0,65.0,0.0,100.0,0.0,JARJARBINKS,CANDIDATE,UPGRADE,nieujawnione wszystkie secondary,0.0,,,,,,,,,,,,,,,,,,,,,,,
oLWSfX-3TPmgr7Sd4YNFoQ,551,Critical Chance,5,Square,5,1,False,0,True,POSTAĆ: DEATHTROOPERPERIDEA,8EduLvZETyu5sKFUcwYpAQ,Offense %,0.63%,63,0,,Protection,530,5300000,1,53083646,Tenacity %,1.6%,160,1,1605,Health %,0.85%,85,1,857,Speed,5,50000,1,516810,A,4,8,4,100.0,62.5,83.3,81.2,18.8,46.9,upgrade,0,0,0,0,22.3,0.0,34.3,0.0,JARJARBINKS,CANDIDATE,UPGRADE,nieujawnione wszystkie secondary,0.0,,,,,,,,,,,,,,,,,,,,,,,
tVpmH4-wSOePGJ5kT2bLtw,551,Critical Chance,5,Square,5,1,False,0,True,POSTAĆ: ASAJJDARKDISCIPLE,6kd7K3mvTfGRd4B_leov2Q,Offense %,0.63%,63,0,,Health,393,3930000,1,39302620,Offense,37,370000,1,3601716,Defense %,1.32%,132,1,1327,Speed,5,50000,1,502980,A,4,8,4,100.0,68.0,83.3,84.0,16.0,66.9,upgrade,0,0,0,0,27.1,0.0,41.7,0.0,JARJARBINKS,CANDIDATE,UPGRADE,nieujawnione wszystkie secondary,0.0,,,,,,,,,,,,,,,,,,,,,,,
7bi-tlc1TSi5iPX48TetAw,554,Critical Chance,5,Triangle,1,15,False,0,False,MAGAZYN,,Offense %,5.88%,588,0,,Protection,600,6000000,1,60077298,Speed,5,50000,1,575670,Health %,0.95%,95,1,954,Critical Chance %,1.29%,129,1,1290,E,4,4,0,100.0,61.3,83.3,61.3,0,0.0,slice,0,0,0,0,22.3,0.0,34.3,0.0,JARJARBINKS,CANDIDATE,SLICE,wartość moda lub dopasowanie do postaci uzasadnia kolejny roll,0.0,,,,,,,,,,,,,,,,,,,,,,,
97PdnwYpRD2taZrsZGrBKg,554,Critical Chance,5,Triangle,2,15,False,0,False,MAGAZYN,,Defense %,11.75%,1175,0,,Offense,24,240000,1,2380320,Tenacity %,4.19%,419,2,2246|1949,Speed,5,50000,1,521610,Health,317,3170000,1,31787119,D,5,5,0,100.0,58.0,83.3,58.0,0,0.0,slice,0,0,0,0,21.7,0.0,33.4,0.0,JARJARBINKS,CANDIDATE,SLICE,wartość moda lub dopasowanie do postaci uzasadnia kolejny roll,0.0,,,,,,,,,,,,,,,,,,,,,,,
AVGXx-rdSUykfmNQI8F8Kg,554,Critical Chance,5,Triangle,1,15,False,0,False,MAGAZYN,,Health %,5.88%,588,0,,Defense %,1.07%,107,1,1078,Health,361,3610000,1,36113836,Offense %,0.54%,54,1,540,Speed,5,50000,1,574590,E,4,4,0,100.0,70.5,83.3,70.5,0,0.0,slice,0,0,0,0,21.5,0.0,33.0,0.0,JARJARBINKS,CANDIDATE,SLICE,wartość moda lub dopasowanie do postaci uzasadnia kolejny roll,0.0,,,,,,,,,,,,,,,,,,,,,,,
AktDCfIlQQG7rEMdHVXk3A,554,Critical Chance,5,Triangle,1,15,False,0,False,MAGAZYN,,Critical Chance %,12%,1200,0,,Tenacity %,1.42%,142,1,1429,Health %,0.99%,99,1,998,Defense,9,90000,1,916790,Speed,5,50000,1,564840,E,4,4,0,100.0,59.0,83.3,59.0,0,0.0,slice,0,0,0,0,21.3,0.0,32.8,0.0,JARJARBINKS,CANDIDATE,SLICE,wartość moda lub dopasowanie do postaci uzasadnia kolejny roll,0.0,,,,,,,,,,,,,,,,,,,,,,,
Aslkimv7RzKA55Zwj9pQDw,554,Critical Chance,5,Triangle,1,15,False,0,False,MAGAZYN,,Offense %,5.88%,588,0,,Defense %,1%,100,1,1007,Speed,5,50000,1,527880,Critical Chance %,1.92%,192,1,1925,Health %,0.87%,87,1,871,E,4,4,0,100.0,59.8,83.3,59.8,0,0.0,slice,0,0,0,0,16.2,0.0,25.0,0.0,JARJARBINKS,CANDIDATE,SLICE,wartość moda lub dopasowanie do postaci uzasadnia kolejny roll,0.0,,,,,,,,,,,,,,,,,,,,,,,
Im4ZecfXQ5SxYogw9MI2cQ,554,Critical Chance,5,Triangle,1,15,False,0,True,POSTAĆ: BRUTUS,0GJlV2uVRWq0o-qgUIyXwA,Offense %,5.88%,588,0,,Health %,1.11%,111,1,1114,Defense %,1.66%,166,1,1661,Speed,5,50000,1,523830,Protection,591,5910000,1,59180250,E,4,4,0,100.0,65.5,83.3,65.5,0,0.0,slice,0,0,0,0,22.3,0.0,34.3,0.0,JARJARBINKS,CANDIDATE,SLICE,wartość moda lub dopasowanie do postaci uzasadnia kolejny roll,0.0,,,,,,,,,,,,,,,,,,,,,,,
JZf7qdpzRxiDN4NuAUyxGA,554,Critical Chance,5,Triangle,1,15,False,0,False,MAGAZYN,,Critical Chance %,12%,1200,0,,Tenacity %,1.96%,196,1,1960,Speed,5,50000,1,536670,Health %,0.63%,63,1,634,Health,337,3370000,1,33773680,E,4,4,0,100.0,62.5,83.3,62.5,0,0.0,slice,0,0,0,0,21.5,0.0,33.0,0.0,JARJARBINKS,CANDIDATE,SLICE,wartość moda lub dopasowanie do postaci uzasadnia kolejny roll,0.0,,,,,,,,,,,,,,,,,,,,,,,
OWUu6dchQUGtNCoBN2AwaQ,554,Critical Chance,5,Triangle,5,15,False,0,True,POSTAĆ: MAUL,VlElFadkTf6o-_YqwnflHw,Health %,5.88%,588,0,,Defense %,1.03%,103,1,1036,Critical Chance %,3.17%,317,2,1796|1382,Tenacity %,5.41%,541,3,1344|2237|1834,Speed,10,100000,2,561420|475740,A,8,8,0,100.0,47.8,83.3,47.8,0,52.1,6-dot,0,0,0,0,16.2,0.0,25.0,0.0,JARJARBINKS,CANDIDATE,SLICE_6E,5A ma wystarczającą wartość lub dopasowanie do postaci,0.0,,,,,,,,,,,,,,,,,,,,,,,
YFEhSHXcQRSn_Qi3UZPR4w,554,Critical Chance,5,Triangle,1,15,False,0,True,POSTAĆ: TUSKENHUNTRESS,Om8oxl8XQyy1PCqOuPpJ3g,Health %,5.88%,588,0,,Speed,5,50000,1,529140,Tenacity %,1.47%,147,1,1471,Offense %,0.35%,35,1,351,Defense %,1.56%,156,1,1568,E,4,4,0,100.0,66.0,83.3,66.0,0,0.0,slice,0,0,0,0,16.2,0.0,25.0,0.0,JARJARBINKS,CANDIDATE,SLICE,wartość moda lub dopasowanie do postaci uzasadnia kolejny roll,0.0,,,,,,,,,,,,,,,,,,,,,,,
YVQeW0mTRNG8qy_c2-VLRA,554,Critical Chance,5,Triangle,1,15,False,0,True,POSTAĆ: QIRA,Gi9SANbjSlmcceP-ctVgpA,Critical Chance %,12%,1200,0,,Speed,5,50000,1,584400,Defense,9,90000,1,900473,Potency %,1.3%,130,1,1303,Protection,715,7150000,1,71510507,E,4,4,0,100.0,54.0,83.3,54.0,0,0.0,slice,0,0,0,0,27.4,0.0,42.2,0.0,JARJARBINKS,CANDIDATE,KEEP,obserwuj przed wydaniem materiałów,0.0,,,,,,,,,,,,,,,,,,,,,,,
_of8dweMTUGjbnTRXkOeDA,554,Critical Chance,5,Triangle,1,15,False,0,False,MAGAZYN,,Defense %,11.75%,1175,0,,Tenacity %,1.16%,116,1,1169,Potency %,1.56%,156,1,1564,Health %,1.06%,106,1,1066,Speed,5,50000,1,539160,E,4,4,0,100.0,59.0,83.3,59.0,0,0.0,slice,0,0,0,0,16.2,0.0,25.0,0.0,JARJARBINKS,CANDIDATE,SLICE,wartość moda lub dopasowanie do postaci uzasadnia kolejny roll,0.0,,,,,,,,,,,,,,,,,,,,,,,
gwJ3_6SYRE6JCAHxF0TZmA,554,Critical Chance,5,Triangle,3,15,False,0,True,POSTAĆ: HK47,_9JH3pT2SfaXaZ-0tHSQMw,Offense %,5.88%,588,0,,Speed,5,50000,1,536460,Protection,1389,13890000,2,69363406|69600127,Potency %,1.74%,174,1,1748,Critical Chance %,4.18%,418,2,2029|2154,C,6,6,0,100.0,46.7,83.3,46.7,0,0.0,slice,0,0,0,0,18.9,0.0,29.1,0.0,JARJARBINKS,CANDIDATE,KEEP,wartość secondary zbyt niska,0.0,,,,,,,,,,,,,,,,,,,,,,,
hJL8hHS9ScmMmtQkK0KeSQ,554,Critical Chance,5,Triangle,1,15,False,0,False,MAGAZYN,,Defense %,11.75%,1175,0,,Speed,5,50000,1,566010,Protection,626,6260000,1,62639699,Critical Chance %,1.15%,115,1,1159,Offense,28,280000,1,2763360,E,4,4,0,100.0,63.7,83.3,63.7,0,0.0,slice,0,0,0,0,28.0,0.0,43.0,0.0,JARJARBINKS,CANDIDATE,SLICE,wartość moda lub dopasowanie do postaci uzasadnia kolejny roll,0.0,,,,,,,,,,,,,,,,,,,,,,,
i7_Wb8WwScSLClbOYezQgA,554,Critical Chance,5,Triangle,3,15,False,0,True,POSTAĆ: IG88,_99o-Wu8SrO65c6RIrem8g,Offense %,5.88%,588,0,,Offense,55,550000,2,2537868|2958072,Defense %,1.29%,129,1,1294,Speed,9,90000,2,549120|392850,Tenacity %,1.81%,181,1,1816,C,6,6,0,100.0,72.7,75.0,72.7,0,0.0,slice,0,0,0,0,29.2,0.0,44.9,0.0,JARJARBINKS,CANDIDATE,SLICE,wartość moda lub dopasowanie do postaci uzasadnia kolejny roll,0.0,,,,,,,,,,,,,,,,,,,,,,,
iexzzqJ3RVy5suHm7vbFWw,554,Critical Chance,5,Triangle,1,15,False,0,False,MAGAZYN,,Protection %,23.5%,2350,0,,Tenacity %,1.91%,191,1,1916,Offense,38,380000,1,3792552,Health %,0.63%,63,1,639,Speed,5,50000,1,572940,E,4,4,0,100.0,71.0,83.3,71.0,0,0.0,slice,0,0,0,0,21.9,0.0,33.7,0.0,JARJARBINKS,CANDIDATE,SLICE,wartość moda lub dopasowanie do postaci uzasadnia kolejny roll,0.0,,,,,,,,,,,,,,,,,,,,,,,
o3toX4JpROWWST2I0DGJIg,554,Critical Chance,5,Triangle,1,15,False,0,False,MAGAZYN,,Critical Chance %,12%,1200,0,,Speed,5,50000,1,516210,Defense,8,80000,1,833686,Defense %,1.01%,101,1,1018,Tenacity %,1.64%,164,1,1646,E,4,4,0,100.0,51.5,83.3,51.5,0,0.0,slice,0,0,0,0,21.3,0.0,32.8,0.0,JARJARBINKS,CANDIDATE,KEEP,wartość secondary zbyt niska,0.0,,,,,,,,,,,,,,,,,,,,,,,
pIWg8KLvSZS4e-02jJv7XQ,554,Critical Chance,5,Triangle,1,15,False,0,True,POSTAĆ: BATCHERS3,FoT8Jax1QlSDkoKEQLaNhA,Offense %,5.88%,588,0,,Offense,34,340000,1,3349092,Critical Chance %,1.94%,194,1,1944,Tenacity %,1.14%,114,1,1149,Speed,5,50000,1,543960,E,4,4,0,100.0,59.2,83.3,59.2,0,0.0,slice,0,0,0,0,21.9,0.0,33.7,0.0,JARJARBINKS,CANDIDATE,SLICE,wartość moda lub dopasowanie do postaci uzasadnia kolejny roll,0.0,,,,,,,,,,,,,,,,,,,,,,,
q3k7u0oZT1OyY48BegmqyA,554,Critical Chance,5,Triangle,1,15,False,0,False,MAGAZYN,,Defense %,11.75%,1175,0,,Protection,627,6270000,1,62776748,Speed,5,50000,1,549030,Offense,31,310000,1,3010968,Tenacity %,2.19%,219,1,2192,E,4,4,0,100.0,65.0,83.3,65.0,0,0.0,slice,0,0,0,0,28.0,0.0,43.0,0.0,JARJARBINKS,CANDIDATE,SLICE,wartość moda lub dopasowanie do postaci uzasadnia kolejny roll,0.0,,,,,,,,,,,,,,,,,,,,,,,
qEK8b7saR46fBqy_43qLCw,554,Critical Chance,5,Triangle,1,15,False,0,True,POSTAĆ: THEMANDALORIAN,6lSlnvvGQTOnd0h0WeTJbQ,Critical Chance %,12%,1200,0,,Health %,0.85%,85,1,852,Protection %,1.87%,187,1,1879,Speed,5,50000,1,564210,Tenacity %,2.03%,203,1,2036,E,4,4,0,100.0,68.0,83.3,68.0,0,0.0,slice,0,0,0,0,22.0,0.0,33.8,0.0,JARJARBINKS,CANDIDATE,SLICE,wartość moda lub dopasowanie do postaci uzasadnia kolejny roll,0.0,,,,,,,,,,,,,,,,,,,,,,,
u5h4NcZvR0G4hhpKCDqFPA,554,Critical Chance,5,Triangle,1,15,False,0,False,MAGAZYN,,Protection %,23.5%,2350,0,,Defense,5,50000,1,534590,Protection,709,7090000,1,70912475,Offense,45,450000,1,4465608,Speed,5,50000,1,587820,E,4,4,0,100.0,66.0,83.3,66.0,0,0.0,slice,0,0,0,0,33.1,0.0,50.9,0.0,JARJARBINKS,CANDIDATE,SLICE,wartość moda lub dopasowanie do postaci uzasadnia kolejny roll,0.0,,,,,,,,,,,,,,,,,,,,,,,
xUqFtdk5SwOHWgfNcL2_Gg,554,Critical Chance,5,Triangle,1,15,False,0,True,POSTAĆ: EMBO,3J0VpdD-SmqZTGXikiZ3wA,Protection %,23.5%,2350,0,,Health %,1.11%,111,1,1114,Tenacity %,2.06%,206,1,2066,Defense,5,50000,1,573888,Speed,5,50000,1,514860,E,4,4,0,100.0,59.0,83.3,59.0,0,0.0,slice,0,0,0,0,21.3,0.0,32.8,0.0,JARJARBINKS,CANDIDATE,SLICE,wartość moda lub dopasowanie do postaci uzasadnia kolejny roll,0.0,,,,,,,,,,,,,,,,,,,,,,,
xgNnTeyUSpuGjjyG27FPYg,554,Critical Chance,5,Triangle,2,15,False,0,True,POSTAĆ: DEATHTROOPER,IjtFAB8WS0i9xHoj9o97Ww,Offense %,5.88%,588,0,,Potency %,2.99%,299,2,1610|1385,Speed,5,50000,1,501780,Tenacity %,1.97%,197,1,1978,Protection,769,7690000,1,76942631,D,5,5,0,100.0,49.2,83.3,49.2,0,0.0,slice,0,0,0,0,17.9,0.0,27.5,0.0,JARJARBINKS,CANDIDATE,KEEP,wartość secondary zbyt niska,0.0,,,,,,,,,,,,,,,,,,,,,,,
zKWsV_diQy2edg4tzZWdnw,554,Critical Chance,5,Triangle,5,15,False,0,True,POSTAĆ: AAYLASECURA,RS9O5t5dSA2YiqfvgQojGw,Critical Chance %,12%,1200,0,,Offense,78,780000,2,3995928|3802812,Health,648,6480000,2,29866991|34954473,Speed,9,90000,2,515250|465810,Tenacity %,3.18%,318,2,2002|1182,A,8,8,0,100.0,65.0,75.0,65.0,0,53.4,6-dot,0,0,0,0,27.1,0.0,41.7,0.0,JARJARBINKS,CANDIDATE,SLICE_6E,5A ma wystarczającą wartość lub dopasowanie do postaci,0.0,,,,,,,,,,,,,,,,,,,,,,,
0dVfSU_6RRSXCn98Izqi4g,554,Critical Chance,5,Triangle,2,9,False,0,True,POSTAĆ: YOUNGLANDO,z4RU3ZmER1G8dK2M15Ju6w,Offense %,3.63%,363,0,,Defense %,1.27%,127,1,1271,Health,425,4250000,1,42532121,Tenacity %,1.4%,140,1,1400,Speed,5,50000,1,549870,D,4,5,1,100.0,55.0,83.3,64.0,9.0,0.0,upgrade,0,0,0,0,21.5,0.0,33.0,0.0,JARJARBINKS,CANDIDATE,UPGRADE,nieujawnione wszystkie secondary,0.0,,,,,,,,,,,,,,,,,,,,,,,
66N49MjnSXKgEaPk03x2-g,554,Critical Chance,5,Triangle,2,9,False,0,True,POSTAĆ: HOTHREBELSCOUT,tErdjSLFT8GIu_zK5I-RZA,Critical Chance %,7.5%,750,0,,Protection %,1.3%,130,1,1300,Speed,5,50000,1,558210,Defense,5,50000,1,575162,Health,268,2680000,1,26858219,D,4,5,1,100.0,63.0,83.3,70.4,7.4,0.0,upgrade,0,0,0,0,32.3,0.0,49.7,0.0,JARJARBINKS,CANDIDATE,UPGRADE,nieujawnione wszystkie secondary,0.0,,,,,,,,,,,,,,,,,,,,,,,
K9951EFJR9uRdu7ROpR3Vw,554,Critical Chance,5,Triangle,2,9,False,0,True,POSTAĆ: RESISTANCETROOPER,UXe92bH9RBC-qNgRNgSpBg,Defense %,7.25%,725,0,,Health %,0.96%,96,1,966,Speed,5,50000,1,565020,Critical Chance %,1.98%,198,1,1981,Offense,30,300000,1,2918172,D,4,5,1,100.0,69.8,83.3,75.8,6.0,0.0,upgrade,0,0,0,0,21.9,0.0,33.7,0.0,JARJARBINKS,CANDIDATE,UPGRADE,nieujawnione wszystkie secondary,0.0,,,,,,,,,,,,,,,,,,,,,,,
P2dx8sN6TyqS2yThdd0Syw,554,Critical Chance,5,Triangle,2,9,False,0,True,POSTAĆ: PRINCESSLEIA,p8xJJuTVQsmyS_n-KE-kdA,Health %,3.63%,363,0,,Offense,43,430000,1,4216404,Defense,7,70000,1,703444,Speed,5,50000,1,591660,Potency %,1.75%,175,1,1753,D,4,5,1,100.0,62.5,83.3,70.0,7.5,0.0,upgrade,0,0,0,0,27.0,0.0,41.5,0.0,JARJARBINKS,CANDIDATE,UPGRADE,nieujawnione wszystkie secondary,0.0,,,,,,,,,,,,,,,,,,,,,,,
uDQ-J7XSRNi66zb1oEN-1Q,554,Critical Chance,5,Triangle,2,9,False,0,True,POSTAĆ: PRINCESSKNEESAA,YP8tqbTTS0-G_zvWpZYVsQ,Protection %,14.5%,1450,0,,Defense %,1.07%,107,1,1079,Health %,0.61%,61,1,611,Protection,428,4280000,1,42896337,Speed,5,50000,1,558480,D,4,5,1,100.0,65.5,83.3,72.4,6.9,0.0,upgrade,0,0,0,0,22.3,0.0,34.3,0.0,JARJARBINKS,CANDIDATE,UPGRADE,nieujawnione wszystkie secondary,0.0,,,,,,,,,,,,,,,,,,,,,,,
FGovni7JTW6Zmwk8EPzosw,554,Critical Chance,5,Triangle,3,6,False,0,True,POSTAĆ: DASHRENDAR,UvX9PUsvQNWgySnOmxD5Lw,Defense %,5%,500,0,,Health,296,2960000,1,29641976,Critical Chance %,1.23%,123,1,1239,Speed,5,50000,1,592680,Protection,632,6320000,1,63246037,C,4,6,2,100.0,55.2,83.3,70.2,14.9,0.0,upgrade,0,0,0,0,27.5,0.0,42.4,0.0,JARJARBINKS,CANDIDATE,UPGRADE,nieujawnione wszystkie secondary,0.0,,,,,,,,,,,,,,,,,,,,,,,
uo5Mj2vyRfO1p4PfLtB66g,554,Critical Chance,5,Triangle,3,6,False,0,True,POSTAĆ: CROSSHAIRS3,VZaoVN_-Sh2WQ-_sXG6OKA,Critical Damage %,15.75%,1575,0,,Health %,0.58%,58,1,588,Health,293,2930000,1,29367672,Tenacity %,1.56%,156,1,1562,Speed,4,40000,1,437910,C,4,6,2,100.0,62.5,66.7,75.0,12.5,0.0,upgrade,0,0,0,0,21.5,0.0,33.0,0.0,JARJARBINKS,CANDIDATE,UPGRADE,nieujawnione wszystkie secondary,0.0,,,,,,,,,,,,,,,,,,,,,,,
FrtEXq6iThWXtdPE-CAAFA,554,Critical Chance,5,Triangle,5,1,False,0,False,MAGAZYN,,Critical Chance %,1.5%,150,0,,Defense %,1.45%,145,1,1458,Offense %,0.35%,35,1,353,Speed,5,50000,1,556110,Defense,6,60000,1,697319,A,4,8,4,100.0,67.0,83.3,83.5,16.5,46.0,upgrade,0,0,0,0,21.3,0.0,32.8,0.0,JARJARBINKS,CANDIDATE,UPGRADE,nieujawnione wszystkie secondary,0.0,,,,,,,,,,,,,,,,,,,,,,,
QmYN-90VSuyuIrH7PxLTtA,554,Critical Chance,5,Triangle,4,1,False,0,True,POSTAĆ: GREEDO,EEBBIPwYRfGGcNIsO_1wwQ,Defense %,1.25%,125,0,,Health,348,3480000,1,34828036,Speed,5,50000,1,550230,Potency %,1.35%,135,1,1357,,,,0,,B,3,7,4,100.0,60.7,83.3,83.1,22.5,0.0,upgrade,0,0,0,0,28.6,0.0,44.0,0.0,JARJARBINKS,CANDIDATE,UPGRADE,nieujawnione wszystkie secondary,0.0,,,,,,,,,,,,,,,,,,,,,,,
e3wC4DexQkCzZa_ZN41H1Q,554,Critical Chance,5,Triangle,2,1,False,0,True,POSTAĆ: UNDERCOVERLANDO,4ANsPhIlSCiRGIga0LvMOw,Offense %,0.63%,63,0,,Speed,5,50000,1,599280,,,,0,,,,,0,,,,,0,,D,1,5,4,100.0,100.0,83.3,100.0,0,0.0,upgrade,0,0,0,0,65.0,0.0,100.0,0.0,JARJARBINKS,CANDIDATE,UPGRADE,nieujawnione wszystkie secondary,0.0,,,,,,,,,,,,,,,,,,,,,,,
yz9Bb3N8TqOD2vjwz3qfMw,554,Critical Chance,5,Triangle,4,1,False,0,True,POSTAĆ: SABINEWRENS3,jEfaMS5YSUWnBpb1d-JyAw,Offense %,0.63%,63,0,,Defense %,0.88%,88,1,880,Critical Chance %,1.48%,148,1,1486,Speed,5,50000,1,551070,,,,0,,B,3,7,4,100.0,55.7,83.3,81.0,25.3,0.0,upgrade,0,0,0,0,21.7,0.0,33.3,0.0,JARJARBINKS,CANDIDATE,UPGRADE,nieujawnione wszystkie secondary,0.0,,,,,,,,,,,,,,,,,,,,,,,
zHSw9FRESCCr01s6VKTSxQ,554,Critical Chance,5,Triangle,5,1,False,0,True,POSTAĆ: SHINHATI,9S_8jjUPTMitddioEskQGQ,Protection %,2.5%,250,0,,Offense %,0.56%,56,1,562,Defense %,1.02%,102,1,1028,Speed,5,50000,1,526710,Tenacity %,1.69%,169,1,1694,A,4,8,4,100.0,66.0,83.3,83.0,17.0,59.0,upgrade,0,0,0,0,16.2,0.0,25.0,0.0,JARJARBINKS,CANDIDATE,UPGRADE,nieujawnione wszystkie secondary,0.0,,,,,,,,,,,,,,,,,,,,,,,
QUEgUPgiQ56wY4ORhjaltg,562,Critical Chance,6,Arrow,5,15,False,0,True,POSTAĆ: VADER,wo01pSvBRDmugpLTZ2XlZQ,Speed,32,320000,0,,Protection %,4.86%,486,2,2167|2698,Defense %,7.15%,715,2,3479|3676,Potency %,9.09%,909,4,2197|2354|1992|2556,Critical Chance %,6.85%,685,4,1839|1371|2171|1475,A,12,12,0,100.0,38.3,0.0,38.3,0,0.0,calibration,6,0,6,15,22.8,95.1,5.9,0.0,JARJARBINKS,CANDIDATE,KEEP,6A nie wymaga obecnie inwestycji,0.0,,,,,,,,,,,,,,,,,,,,,,,
R8XHHgvQTSuLt0g2oxT3-A,565,Critical Chance,6,Circle,5,15,False,1,True,POSTAĆ: HOTHLEIA,RtJDe5hPSziO9rDKc8VzLw,Protection %,24%,2400,0,,Defense,53,530000,4,1519360|1148400|1526000|1164320,Speed,19,190000,4,544650|320340|398640|597810,Offense,115,1150000,3,4119000|2596750|4742250,Health,499,4990000,1,49941900,A,12,12,0,100.0,69.2,79.2,69.2,0,0.0,calibration,6,1,5,25,35.8,0.0,55.1,0.0,JARJARBINKS,CANDIDATE,CALIBRATE,6A ma wartość lub dopasowanie uzasadniające calibration,0.0,,,,,,,,,,,,,,,,,,,,,,,
Vl0ZKWvYSsCmh2heRA_dWQ,565,Critical Chance,6,Circle,5,15,False,0,True,POSTAĆ: BOOMADIER,I-M6qZctR4y_eyiDi7CTRA,Protection %,24%,2400,0,,Speed,21,210000,4,561810|417060|550440|569640,Defense,28,280000,3,944720|821520|1105440,Potency %,7.55%,755,3,2393|2693|2471,Tenacity %,5.02%,502,2,2092|2932,A,12,12,0,100.0,55.3,87.5,55.3,0,0.0,calibration,6,0,6,15,26.8,0.0,41.2,0.0,JARJARBINKS,CANDIDATE,CALIBRATE,6A ma wartość lub dopasowanie uzasadniające calibration,0.0,,,,,,,,,,,,,,,,,,,,,,,
iUtGpBDgRNyg10HXY0xvSQ,565,Critical Chance,6,Circle,5,15,False,5,True,POSTAĆ: VADER,wo01pSvBRDmugpLTZ2XlZQ,Protection %,24%,2400,0,,Defense,29,290000,2,1411760|1522000,Offense,132,1320000,4,2844750|4017250|3788500|2528250,Speed,17,170000,4,372390|485040|300270|515400,Protection,1301,13010000,2,47200600|82938000,A,12,12,0,100.0,74.3,70.8,74.3,0,0.0,calibration,6,5,1,150,36.6,0.0,56.4,0.0,JARJARBINKS,CANDIDATE,CALIBRATE,6A ma wartość lub dopasowanie uzasadniające calibration,0.0,,,,,,,,,,,,,,,,,,,,,,,
t22vPQQwRIWblbi5kdnjgg,565,Critical Chance,6,Circle,1,15,False,0,True,POSTAĆ: DEPABILLABA,ytWp8MF_Sgmq5dAEEOjNoA,Protection %,24%,2400,0,,Offense %,1.4%,140,1,1405,Health,1772,17720000,5,39306600|28333800|36466200|46048500|27086400,Speed,5,50000,1,426420,Health %,1.12%,112,1,1128,E,8,8,0,100.0,63.0,83.3,63.0,0,0.0,slice,1,0,1,15,21.2,0.0,32.6,0.0,JARJARBINKS,CANDIDATE,KEEP,brak wystarczającej wartości do kolejnego slice,0.0,,,,,,,,,,,,,,,,,,,,,,,
yJsmDSTiTH2KwUwvtKBxgw,565,Critical Chance,6,Circle,1,15,False,0,True,POSTAĆ: SECONDSISTER,Mv_cN3LOSiSmzBPPnpWsrA,Health %,16%,1600,0,,Defense %,5.05%,505,2,2961|2091,Tenacity %,2.35%,235,1,2351,Health,1210,12100000,3,32032800|43993800|45019800,Speed,10,100000,2,522390|427560,E,8,8,0,100.0,57.2,83.3,57.2,0,0.0,slice,1,0,1,15,24.1,0.0,37.0,0.0,JARJARBINKS,CANDIDATE,KEEP,brak wystarczającej wartości do kolejnego slice,0.0,,,,,,,,,,,,,,,,,,,,,,,
M2bWvzDNRFqNz5KN6flizA,566,Critical Chance,6,Cross,2,15,False,0,True,POSTAĆ: EIGHTHBROTHER,2TMYQqW4Qdqjr4ZD4ThE6A,Offense %,8.5%,850,0,,Critical Chance %,3.24%,324,2,1201|2048,Speed,14,140000,3,552750|336930|439470,Health %,2.65%,265,2,1184|1474,Tenacity %,4.9%,490,2,2859|2047,D,9,9,0,100.0,61.6,77.8,61.6,0,0.0,slice,2,0,2,15,21.7,0.0,33.3,0.0,JARJARBINKS,CANDIDATE,SLICE,6-dot ma dobry profil do kolejnego rolla,0.0,,,,,,,,,,,,,,,,,,,,,,,
b7M89ZLnTmuyV-UfID_czw,566,Critical Chance,6,Cross,1,15,False,0,True,POSTAĆ: SECONDSISTER,Mv_cN3LOSiSmzBPPnpWsrA,Potency %,30%,3000,0,,Protection,855,8550000,1,85514000,Defense %,9.76%,976,3,3497|3627|2641,Protection %,4.25%,425,2,2517|1734,Speed,10,100000,2,522420|477030,E,8,8,0,100.0,64.2,83.3,64.2,0,0.0,slice,1,0,1,15,25.0,0.0,38.5,0.0,JARJARBINKS,CANDIDATE,KEEP,brak wystarczającej wartości do kolejnego slice,0.0,,,,,,,,,,,,,,,,,,,,,,,
wzG04kMUTfiLk4tVK8LzzA,566,Critical Chance,6,Cross,2,15,False,0,False,MAGAZYN,,Potency %,30%,3000,0,,Defense,45,450000,4,957360|1469440|1238400|847040,Speed,10,100000,2,512400|435810,Tenacity %,5.19%,519,2,2922|2269,Health %,1.68%,168,1,1683,D,9,9,0,100.0,52.0,83.3,52.0,0,0.0,slice,2,0,2,15,23.5,0.0,36.2,0.0,JARJARBINKS,CANDIDATE,KEEP,brak wystarczającej wartości do kolejnego slice,0.0,,,,,,,,,,,,,,,,,,,,,,,
0rP3p3s-TKGSYK51l4scNA,563,Critical Chance,6,Diamond,1,15,False,0,True,POSTAĆ: DEPABILLABA,ytWp8MF_Sgmq5dAEEOjNoA,Defense %,20%,2000,0,,Speed,6,60000,1,519750,Tenacity %,5%,500,2,2166|2835,Potency %,4.79%,479,2,2879|1915,Protection %,5.75%,575,3,2225|1764|1768,E,8,8,0,100.0,54.8,100.0,54.8,0,0.0,slice,1,0,1,15,16.7,0.0,25.7,0.0,JARJARBINKS,CANDIDATE,KEEP,brak wystarczającej wartości do kolejnego slice,0.0,,,,,,,,,,,,,,,,,,,,,,,
ByvlQFGpTkCuvHysnElwnA,563,Critical Chance,6,Diamond,1,15,False,0,True,POSTAĆ: EWOKSCOUT,69GroYoGQ3G5kdeYik4aRQ,Defense %,20%,2000,0,,Critical Chance %,6.03%,603,3,1954|2239|1838,Speed,6,60000,1,511410,Protection %,3.72%,372,2,2153|1571,Protection,1219,12190000,2,69276000|52716000,E,8,8,0,100.0,51.4,100.0,51.4,0,0.0,slice,1,0,1,15,19.9,0.0,30.6,0.0,JARJARBINKS,CANDIDATE,KEEP,brak wystarczającej wartości do kolejnego slice,0.0,,,,,,,,,,,,,,,,,,,,,,,
FzXlVLeiTKaZ1uYbU1bqww,563,Critical Chance,6,Diamond,1,15,False,0,True,POSTAĆ: GEONOSIANSOLDIER,LvNZqxXYT-GiIZkY9B14ZQ,Defense %,20%,2000,0,,Speed,12,120000,2,584910|583170,Tenacity %,10.32%,1032,4,2922|2809|1755|2839,Health,304,3040000,1,30431700,Critical Chance %,1.52%,152,1,1526,E,8,8,0,100.0,49.1,100.0,49.1,0,0.0,slice,1,0,1,15,18.9,0.0,29.0,0.0,JARJARBINKS,CANDIDATE,KEEP,brak wystarczającej wartości do kolejnego slice,0.0,,,,,,,,,,,,,,,,,,,,,,,
RsvnsFUBR-GdfZsGQ9JdZA,563,Critical Chance,6,Diamond,2,15,False,0,True,POSTAĆ: EIGHTHBROTHER,2TMYQqW4Qdqjr4ZD4ThE6A,Defense %,20%,2000,0,,Speed,11,110000,2,505260|560880,Health,747,7470000,2,46369800|28417500,Offense %,4.33%,433,3,1621|1624|1086,Health %,3.05%,305,2,1819|1232,D,9,9,0,100.0,79.6,91.7,79.6,0,0.0,slice,2,0,2,15,19.1,0.0,29.4,0.0,JARJARBINKS,CANDIDATE,SLICE,6-dot ma dobry profil do kolejnego rolla,0.0,,,,,,,,,,,,,,,,,,,,,,,
ZSU-B2TMSH-twwBAdHAAmg,561,Critical Chance,6,Square,1,15,False,0,True,POSTAĆ: GEONOSIANSPY,dTxp0Op1QFasisO6SSNNLw,Offense %,8.5%,850,0,,Health,885,8850000,2,45092700|43459200,Critical Chance %,1.45%,145,1,1454,Protection,2549,25490000,3,81636200|89295200|83996000,Speed,9,90000,2,506310|357420,E,8,8,0,100.0,58.1,75.0,58.1,0,0.0,slice,1,0,1,15,30.6,0.0,47.0,0.0,JARJARBINKS,CANDIDATE,KEEP,brak wystarczającej wartości do kolejnego slice,0.0,,,,,,,,,,,,,,,,,,,,,,,
mHZUJ8mAQpie0dZrgBwY9Q,561,Critical Chance,6,Square,1,15,False,0,True,POSTAĆ: EWOKSCOUT,69GroYoGQ3G5kdeYik4aRQ,Offense %,8.5%,850,0,,Protection %,3.53%,353,2,1950|1586,Defense %,2.35%,235,1,2359,Speed,10,100000,2,553800|362940,Offense,106,1060000,3,2701000|4029750|3866250,E,8,8,0,100.0,78.5,83.3,78.5,0,0.0,slice,1,0,1,15,30.4,0.0,46.8,0.0,JARJARBINKS,CANDIDATE,SLICE,6-dot ma dobry profil do kolejnego rolla,0.0,,,,,,,,,,,,,,,,,,,,,,,
xXEuuRXJRP6icwXe-Vbrug,561,Critical Chance,6,Square,5,15,False,0,True,POSTAĆ: REY,XwrwbP9sTEGfCkSIggzntA,Offense %,8.5%,850,0,,Tenacity %,7.45%,745,3,2486|1972|2993,Protection %,3.98%,398,2,1916|2067,Speed,16,160000,3,594450|549450|411810,Critical Chance %,6.36%,636,4,1751|1573|1509|1528,A,12,12,0,100.0,52.5,88.9,52.5,0.0,0.0,calibration,6,0,6,15,20.1,0.0,30.9,0.0,JARJARBINKS,CANDIDATE,CALIBRATE,6A ma wartość lub dopasowanie uzasadniające calibration,0.0,,,,,,,,,,,,,,,,,,,,,,,
DZgHjdO6QU6PM0M2QM-eAg,564,Critical Chance,6,Triangle,5,15,False,0,True,POSTAĆ: REY,XwrwbP9sTEGfCkSIggzntA,Critical Damage %,42%,4200,0,,Health,1285,12850000,4,30623400|39317400|27858600|30766500,Speed,19,190000,4,456180|402480|355500|588720,Tenacity %,7.37%,737,3,2108|2910|2359,Offense %,1.67%,167,1,1679,A,12,12,0,100.0,64.5,79.2,64.5,0,0.0,calibration,6,0,6,15,28.6,0.0,44.0,0.0,JARJARBINKS,CANDIDATE,CALIBRATE,6A ma wartość lub dopasowanie uzasadniające calibration,0.0,,,,,,,,,,,,,,,,,,,,,,,
-2wcPy8hQGqEUJrbdOY6Sg,652,Critical Damage,5,Arrow,2,15,False,0,True,POSTAĆ: BIGGSDARKLIGHTER,26GkhZfITD-drSSqkDpQpg,Speed,30,300000,0,,Potency %,2.78%,278,2,1170|1619,Offense,39,390000,1,3890364,Tenacity %,1.36%,136,1,1363,Offense %,0.38%,38,1,382,D,5,5,0,100.0,54.4,0.0,54.4,0,0.0,slice,0,0,0,0,23.5,95.1,6.9,0.0,JARJARBINKS,CANDIDATE,KEEP,obserwuj przed wydaniem materiałów,0.0,,,,,,,,,,,,,,,,,,,,,,,
3miYBrc5S1WK98SgnP4JnQ,652,Critical Damage,5,Arrow,3,15,False,0,True,POSTAĆ: GEONOSIANSPY,dTxp0Op1QFasisO6SSNNLw,Speed,30,300000,0,,Offense %,0.98%,98,2,489|500,Protection,516,5160000,1,51650861,Health,468,4680000,2,22681512|24158039,Defense %,1.39%,139,1,1396,C,6,6,0,100.0,61.7,0.0,61.7,0,0.0,slice,0,0,0,0,30.0,95.1,16.9,0.0,JARJARBINKS,CANDIDATE,SLICE,wartość moda lub dopasowanie do postaci uzasadnia kolejny roll,0.0,,,,,,,,,,,,,,,,,,,,,,,
5D4Hy06rTcimwOCRq2yT3w,652,Critical Damage,5,Arrow,1,15,False,0,True,POSTAĆ: SMUGGLERCHEWBACCA,AL3U1YFvTpiUOvsx0_Nrwg,Speed,30,300000,0,,Protection,827,8270000,1,82715301,Protection %,2.02%,202,1,2026,Health,361,3610000,1,36137409,Defense,7,70000,1,797867,E,4,4,0,100.0,50.0,0.0,50.0,0,0.0,slice,0,0,0,0,41.1,95.1,34.0,0.0,JARJARBINKS,CANDIDATE,KEEP,wartość secondary zbyt niska,0.0,,,,,,,,,,,,,,,,,,,,,,,
9oZp6WdoT9OUqd0UZRPV8Q,652,Critical Damage,5,Arrow,1,15,False,0,True,POSTAĆ: AURRA_SING,HWxexlgWQSa6Y_0eBSXcbw,Speed,30,300000,0,,Potency %,1.36%,136,1,1361,Protection,796,7960000,1,79646234,Offense,25,250000,1,2437092,Defense %,1.63%,163,1,1635,E,4,4,0,100.0,51.5,0.0,51.5,0,0.0,slice,0,0,0,0,30.7,95.1,18.0,0.0,JARJARBINKS,CANDIDATE,KEEP,wartość secondary zbyt niska,0.0,,,,,,,,,,,,,,,,,,,,,,,
C1Xu0rcvQIykwvj7WqwAPw,652,Critical Damage,5,Arrow,2,15,True,0,True,POSTAĆ: EZRABRIDGERS3,7LiPaG8yQvywutOL0w1vgA,Speed,30,300000,0,,Defense %,1.4%,140,1,1407,Health,343,3430000,1,34388721,Protection,1129,11290000,2,69546138|43398850,Offense,24,240000,1,2349768,D,5,5,0,100.0,53.6,0.0,53.6,0,0.0,slice,0,0,0,0,37.4,95.1,28.3,0.0,JARJARBINKS,CANDIDATE,KEEP,obserwuj przed wydaniem materiałów,0.0,,,,,,,,,,,,,,,,,,,,,,,
DXXRe2tHT6mS3g0ZZT8HtA,652,Critical Damage,5,Arrow,1,15,False,0,False,MAGAZYN,,Protection %,23.5%,2350,0,,Offense %,0.38%,38,1,383,Defense %,1.03%,103,1,1030,Speed,5,50000,1,572160,Protection,446,4460000,1,44673821,E,4,4,0,100.0,70.5,83.3,70.5,0,0.0,slice,0,0,0,0,22.3,0.0,34.3,0.0,JARJARBINKS,CANDIDATE,SLICE,wartość moda lub dopasowanie do postaci uzasadnia kolejny roll,0.0,,,,,,,,,,,,,,,,,,,,,,,
FL3a4tGTT1ue-l9HGzBlbw,652,Critical Damage,5,Arrow,3,15,False,0,True,POSTAĆ: C3POCHEWBACCA,O-gueLfjRhidXy013cMzPQ,Speed,30,300000,0,,Health,372,3720000,1,37290343,Critical Chance %,2.49%,249,2,1271|1218,Health %,1.78%,178,2,734|1049,Tenacity %,1.83%,183,1,1832,C,6,6,0,100.0,45.3,0.0,45.3,0,0.0,slice,0,0,0,0,22.5,95.1,5.3,0.0,JARJARBINKS,CANDIDATE,KEEP,wartość secondary zbyt niska,0.0,,,,,,,,,,,,,,,,,,,,,,,
GX8hBXM8R9O8dFLLa_xPMQ,652,Critical Damage,5,Arrow,1,15,False,0,True,POSTAĆ: CADBANE,cgIOCS2bTnaFcuVB0Skslw,Speed,30,300000,0,,Defense,8,80000,1,878815,Protection,451,4510000,1,45168028,Tenacity %,2.04%,204,1,2041,Protection %,2.11%,211,1,2113,E,4,4,0,100.0,45.5,0.0,45.5,0,0.0,slice,0,0,0,0,35.9,95.1,26.0,0.0,JARJARBINKS,CANDIDATE,KEEP,wartość secondary zbyt niska,0.0,,,,,,,,,,,,,,,,,,,,,,,
I3p5Ce6ATqaxiOV1OiPG-w,652,Critical Damage,5,Arrow,2,15,False,0,True,POSTAĆ: GREEDO,EEBBIPwYRfGGcNIsO_1wwQ,Speed,30,300000,0,,Protection %,2.21%,221,1,2214,Health,301,3010000,1,30186298,Defense %,1.56%,156,1,1563,Offense,68,680000,2,3978828|2730984,D,5,5,0,100.0,64.8,0.0,64.8,0,0.0,slice,0,0,0,0,36.8,95.1,27.4,0.0,JARJARBINKS,CANDIDATE,SLICE,wartość moda lub dopasowanie do postaci uzasadnia kolejny roll,0.0,,,,,,,,,,,,,,,,,,,,,,,
IH-bQdBgSsGQFdS594K3fw,652,Critical Damage,5,Arrow,1,15,False,0,False,MAGAZYN,,Offense %,5.88%,588,0,,Protection,509,5090000,1,50961463,Speed,5,50000,1,528690,Health %,0.6%,60,1,607,Health,228,2280000,1,22827236,E,4,4,0,100.0,67.0,83.3,67.0,0,0.0,slice,0,0,0,0,27.5,0.0,42.4,0.0,JARJARBINKS,CANDIDATE,SLICE,wartość moda lub dopasowanie do postaci uzasadnia kolejny roll,0.0,,,,,,,,,,,,,,,,,,,,,,,
IN1EZlU7REiZKwqYAuMPcw,652,Critical Damage,5,Arrow,1,15,False,0,False,MAGAZYN,,Protection %,23.5%,2350,0,,Critical Chance %,1.35%,135,1,1356,Offense,42,420000,1,4146864,Speed,5,50000,1,581700,Tenacity %,1.66%,166,1,1660,E,4,4,0,100.0,59.2,83.3,59.2,0,0.0,slice,0,0,0,0,21.9,0.0,33.7,0.0,JARJARBINKS,CANDIDATE,SLICE,wartość moda lub dopasowanie do postaci uzasadnia kolejny roll,0.0,,,,,,,,,,,,,,,,,,,,,,,
MqdOAPMaS-Ch4PO41rsb8A,652,Critical Damage,5,Arrow,5,15,False,0,True,POSTAĆ: CARTHONASI,7MQUg-MyRx2R9oLzcUtByg,Speed,30,300000,0,,Offense %,1.07%,107,2,544|533,Tenacity %,3.46%,346,2,1571|1895,Critical Chance %,3.89%,389,2,1754|2142,Offense,70,700000,2,2958756|3961728,A,8,8,0,100.0,57.2,0.0,57.2,0,67.6,6-dot,0,0,0,0,24.7,95.1,8.7,0.0,JARJARBINKS,CANDIDATE,SLICE_6E,5A ma wystarczającą wartość lub dopasowanie do postaci,0.0,,,,,,,,,,,,,,,,,,,,,,,
NIwJhskcSsG31-X4yFN5hg,652,Critical Damage,5,Arrow,2,15,False,0,True,POSTAĆ: HK47,_9JH3pT2SfaXaZ-0tHSQMw,Speed,30,300000,0,,Defense %,0.91%,91,1,916,Protection,1186,11860000,2,67623299|50990534,Offense,34,340000,1,3301896,Defense,9,90000,1,900277,D,5,5,0,100.0,50.8,0.0,50.8,0,0.0,slice,0,0,0,0,37.3,95.1,28.2,0.0,JARJARBINKS,CANDIDATE,KEEP,wartość secondary zbyt niska,0.0,,,,,,,,,,,,,,,,,,,,,,,
SLFmO7odT2yCipmlzPNQrg,652,Critical Damage,5,Arrow,5,15,False,0,True,POSTAĆ: PRINCESSLEIA,p8xJJuTVQsmyS_n-KE-kdA,Speed,30,300000,0,,Tenacity %,3.26%,326,2,1701|1568,Protection %,4.5%,450,3,1228|1591|1690,Defense %,0.92%,92,1,921,Offense,67,670000,2,3546768|3061812,A,8,8,0,100.0,59.5,0.0,59.5,0,36.5,6-dot,0,0,0,0,33.3,95.1,21.9,0.0,JARJARBINKS,CANDIDATE,SLICE_6E,5A ma wystarczającą wartość lub dopasowanie do postaci,0.0,,,,,,,,,,,,,,,,,,,,,,,
TgKCGaRVT6Oq0inCg7r8fg,652,Critical Damage,5,Arrow,1,15,False,0,False,MAGAZYN,,Offense %,5.88%,588,0,,Speed,5,50000,1,531300,Health,421,4210000,1,42127094,Offense,27,270000,1,2668284,Health %,0.99%,99,1,993,E,4,4,0,100.0,75.5,83.3,75.5,0,0.0,slice,0,0,0,0,27.1,0.0,41.7,0.0,JARJARBINKS,CANDIDATE,SLICE,wartość moda lub dopasowanie do postaci uzasadnia kolejny roll,0.0,,,,,,,,,,,,,,,,,,,,,,,
Y3MHG4dSQGaFShTMFN1b9w,652,Critical Damage,5,Arrow,1,15,False,0,False,MAGAZYN,,Offense %,5.88%,588,0,,Speed,5,50000,1,562560,Health,372,3720000,1,37260341,Protection %,2.22%,222,1,2228,Tenacity %,1.23%,123,1,1235,E,4,4,0,100.0,62.0,83.3,62.0,0,0.0,slice,0,0,0,0,27.2,0.0,41.8,0.0,JARJARBINKS,CANDIDATE,SLICE,wartość moda lub dopasowanie do postaci uzasadnia kolejny roll,0.0,,,,,,,,,,,,,,,,,,,,,,,
YL_5hTl-SPm-q-qjUMg-Jw,652,Critical Damage,5,Arrow,2,15,False,0,True,POSTAĆ: KITFISTO,_IzZXS1PSpSB9HDxr5S_Dw,Speed,30,300000,0,,Offense,28,280000,1,2759256,Defense,14,140000,2,803012|630924,Health,224,2240000,1,22441496,Health %,0.65%,65,1,652,D,5,5,0,100.0,54.0,0.0,54.0,0,0.0,slice,0,0,0,0,35.9,95.1,25.9,0.0,JARJARBINKS,CANDIDATE,KEEP,obserwuj przed wydaniem materiałów,0.0,,,,,,,,,,,,,,,,,,,,,,,
YQWtUfqNSyqKdt7Q3qYLjg,652,Critical Damage,5,Arrow,5,15,False,0,True,POSTAĆ: ADMINISTRATORLANDO,hSjmg9v8T2qlZb_3hPb9-A,Health %,5.88%,588,0,,Speed,9,90000,2,523080|425970,Offense,65,650000,2,3595560|2850000,Defense %,1.89%,189,2,1005|888,Offense %,0.69%,69,2,349|345,A,8,8,0,100.0,79.0,75.0,79.0,0,31.6,6-dot,0,0,0,0,21.9,0.0,33.7,0.0,JARJARBINKS,CANDIDATE,SLICE_6E,5A ma wystarczającą wartość lub dopasowanie do postaci,0.0,,,,,,,,,,,,,,,,,,,,,,,
Yi5gV968QMWPiBxp5cRAKw,652,Critical Damage,5,Arrow,1,15,False,0,True,POSTAĆ: BADBATCHOMEGA,4s1nUTzYQmC_aSDUsZwVTQ,Speed,30,300000,0,,Critical Chance %,1.28%,128,1,1288,Potency %,2.09%,209,1,2094,Health,333,3330000,1,33310792,Health %,0.82%,82,1,823,E,4,4,0,100.0,44.8,0.0,44.8,0,0.0,slice,0,0,0,0,24.2,95.1,8.0,0.0,JARJARBINKS,CANDIDATE,KEEP,wartość secondary zbyt niska,0.0,,,,,,,,,,,,,,,,,,,,,,,
nALu5mYdS0uyMRJE1Db85A,652,Critical Damage,5,Arrow,3,15,False,0,True,POSTAĆ: ASAJVENTRESS,9rTdQPHJRLOYg663QADsHQ,Speed,30,300000,0,,Protection,1050,10500000,2,62058279|42996009,Offense,73,730000,2,3576636|3657576,Health,272,2720000,1,27224672,Tenacity %,1.96%,196,1,1960,C,6,6,0,100.0,56.3,0.0,56.3,0,0.0,slice,0,0,0,0,38.1,95.1,29.4,0.0,JARJARBINKS,CANDIDATE,KEEP,obserwuj przed wydaniem materiałów,0.0,,,,,,,,,,,,,,,,,,,,,,,
oo6HlnHnQI6DwFn48I-49A,652,Critical Damage,5,Arrow,2,15,False,0,True,POSTAĆ: ZEBS3,D5q4C1q7Ql2DCjsBT9cC_g,Speed,30,300000,0,,Offense,40,400000,1,3942804,Tenacity %,3.1%,310,2,1214|1890,Health,328,3280000,1,32890764,Protection,452,4520000,1,45280159,D,5,5,0,100.0,47.6,0.0,47.6,0.0,0.0,slice,0,0,0,0,32.6,95.1,20.8,0.0,JARJARBINKS,CANDIDATE,KEEP,wartość secondary zbyt niska,0.0,,,,,,,,,,,,,,,,,,,,,,,
slHIZt1-TG2sEsQeHkPfnQ,652,Critical Damage,5,Arrow,1,15,False,0,False,MAGAZYN,,Offense %,5.88%,588,0,,Defense %,1.28%,128,1,1288,Offense,44,440000,1,4350696,Speed,5,50000,1,562260,Protection,609,6090000,1,60974346,E,4,4,0,100.0,68.0,83.3,68.0,0,0.0,slice,0,0,0,0,28.0,0.0,43.0,0.0,JARJARBINKS,CANDIDATE,SLICE,wartość moda lub dopasowanie do postaci uzasadnia kolejny roll,0.0,,,,,,,,,,,,,,,,,,,,,,,
t9DxwLjZRZekO7RatGxc-A,652,Critical Damage,5,Arrow,3,15,True,0,True,POSTAĆ: BOBAFETT,ZKnLxXHHQ6OD7LSbTnf6DQ,Speed,30,300000,0,,Offense %,1.46%,146,3,503|429|535,Tenacity %,2.22%,222,1,2223,Defense,6,60000,1,640577,Protection,420,4200000,1,42098961,C,6,6,0,100.0,64.7,0.0,64.7,0,0.0,slice,0,0,0,0,26.5,95.1,11.5,0.0,JARJARBINKS,CANDIDATE,SLICE,wartość moda lub dopasowanie do postaci uzasadnia kolejny roll,0.0,,,,,,,,,,,,,,,,,,,,,,,
uKkhId9cSRKfOSpDb_8VVw,652,Critical Damage,5,Arrow,4,15,False,0,True,POSTAĆ: EMBO,3J0VpdD-SmqZTGXikiZ3wA,Speed,30,300000,0,,Potency %,1.42%,142,1,1425,Protection %,5.59%,559,3,2159|2014|1418,Critical Chance %,3.51%,351,2,1775|1744,Tenacity %,1.19%,119,1,1194,B,7,7,0,100.0,46.3,0.0,46.3,0,0.0,slice,0,0,0,0,28.8,95.1,15.1,0.0,JARJARBINKS,CANDIDATE,KEEP,wartość secondary zbyt niska,0.0,,,,,,,,,,,,,,,,,,,,,,,
DRECDs84TFq8P7j1hdBKxA,652,Critical Damage,5,Arrow,3,6,False,0,False,MAGAZYN,,Health %,2.5%,250,0,,Defense,4,40000,1,496370,Tenacity %,1.44%,144,1,1446,Protection,712,7120000,1,71223950,Speed,5,50000,1,504510,C,4,6,2,100.0,53.0,83.3,68.7,15.7,0.0,upgrade,0,0,0,0,27.4,0.0,42.2,0.0,JARJARBINKS,CANDIDATE,UPGRADE,nieujawnione wszystkie secondary,0.0,,,,,,,,,,,,,,,,,,,,,,,
DbQXq2JwQtSw8j9xyUBCUw,652,Critical Damage,5,Arrow,3,6,False,0,False,MAGAZYN,,Health %,2.5%,250,0,,Defense,9,90000,1,923062,Critical Chance %,1.79%,179,1,1799,Speed,5,50000,1,508800,Offense %,0.54%,54,1,540,C,4,6,2,100.0,62.8,83.3,75.2,12.4,0.0,upgrade,0,0,0,0,21.3,0.0,32.8,0.0,JARJARBINKS,CANDIDATE,UPGRADE,nieujawnione wszystkie secondary,0.0,,,,,,,,,,,,,,,,,,,,,,,
35KBRYDzQ460d4La-UPxtw,652,Critical Damage,5,Arrow,2,1,False,0,True,POSTAĆ: HOTHREBELSCOUT,tErdjSLFT8GIu_zK5I-RZA,Speed,4,40000,0,,Critical Chance %,1.75%,175,1,1757,,,,0,,,,,0,,,,,0,,D,1,5,4,100.0,25.0,0.0,25.0,0,0.0,upgrade,0,0,0,0,19.0,95.1,0.0,0.0,JARJARBINKS,CANDIDATE,UPGRADE,nieujawnione wszystkie secondary,0.0,,,,,,,,,,,,,,,,,,,,,,,
6SglhVdOSgOqMw1ry8W-3w,652,Critical Damage,5,Arrow,1,1,False,0,True,POSTAĆ: CLONESERGEANTPHASEI,7KnyOYxwRIqOqf7x5FA73w,Speed,4,40000,0,,,,,0,,,,,0,,,,,0,,,,,0,,E,0,4,4,0.0,0.0,0.0,0.0,0,0.0,upgrade,0,0,0,0,19.0,95.1,0.0,0.0,JARJARBINKS,CANDIDATE,UPGRADE,nieujawnione wszystkie secondary,0.0,,,,,,,,,,,,,,,,,,,,,,,
AWj0H0bSSUClL3yTMaObpQ,652,Critical Damage,5,Arrow,1,1,False,0,True,POSTAĆ: SHINHATI,9S_8jjUPTMitddioEskQGQ,Speed,4,40000,0,,,,,0,,,,,0,,,,,0,,,,,0,,E,0,4,4,0.0,0.0,0.0,0.0,0,0.0,upgrade,0,0,0,0,19.0,95.1,0.0,0.0,JARJARBINKS,CANDIDATE,UPGRADE,nieujawnione wszystkie secondary,0.0,,,,,,,,,,,,,,,,,,,,,,,
FivubNzHRqGAt0KmhELRRg,652,Critical Damage,5,Arrow,1,1,False,0,True,POSTAĆ: SABINEWRENS3,jEfaMS5YSUWnBpb1d-JyAw,Speed,4,40000,0,,,,,0,,,,,0,,,,,0,,,,,0,,E,0,4,4,0.0,0.0,0.0,0.0,0,0.0,upgrade,0,0,0,0,19.0,95.1,0.0,0.0,JARJARBINKS,CANDIDATE,UPGRADE,nieujawnione wszystkie secondary,0.0,,,,,,,,,,,,,,,,,,,,,,,
H20l-MA3TiOCAU5e9w8F-A,652,Critical Damage,5,Arrow,3,1,False,0,False,MAGAZYN,,Offense %,0.63%,63,0,,Protection %,1.42%,142,1,1428,Speed,5,50000,1,504270,,,,0,,,,,0,,C,2,6,4,100.0,85.0,83.3,95.0,10.0,0.0,upgrade,0,0,0,0,43.9,0.0,67.6,0.0,JARJARBINKS,CANDIDATE,UPGRADE,nieujawnione wszystkie secondary,0.0,,,,,,,,,,,,,,,,,,,,,,,
I1r_Xj2USoOUl6GJ4NlOWw,652,Critical Damage,5,Arrow,1,1,False,0,True,POSTAĆ: TUSKENHUNTRESS,Om8oxl8XQyy1PCqOuPpJ3g,Speed,4,40000,0,,,,,0,,,,,0,,,,,0,,,,,0,,E,0,4,4,0.0,0.0,0.0,0.0,0,0.0,upgrade,0,0,0,0,19.0,95.1,0.0,0.0,JARJARBINKS,CANDIDATE,UPGRADE,nieujawnione wszystkie secondary,0.0,,,,,,,,,,,,,,,,,,,,,,,
MT53zeFrRnifj5MGPkpZqA,652,Critical Damage,5,Arrow,1,1,False,0,True,POSTAĆ: WEDGEANTILLES,_-8UKeLXQm6rteZTYZGrAg,Speed,4,40000,0,,,,,0,,,,,0,,,,,0,,,,,0,,E,0,4,4,0.0,0.0,0.0,0.0,0,0.0,upgrade,0,0,0,0,19.0,95.1,0.0,0.0,JARJARBINKS,CANDIDATE,UPGRADE,nieujawnione wszystkie secondary,0.0,,,,,,,,,,,,,,,,,,,,,,,
P91RK8GaTSKRWP8vvsbE4g,652,Critical Damage,5,Arrow,5,1,False,0,True,POSTAĆ: ANAKINKNIGHT,y_TVNxsQSHO8H95wHnzAMQ,Speed,4,40000,0,,Offense,40,400000,1,3994332,Critical Chance %,1.57%,157,1,1572,Protection %,2.11%,211,1,2119,Offense %,0.4%,40,1,408,A,4,8,4,100.0,67.2,0.0,79.6,12.4,61.2,upgrade,0,0,0,0,30.4,95.1,17.5,0.0,JARJARBINKS,CANDIDATE,UPGRADE,nieujawnione wszystkie secondary,0.0,,,,,,,,,,,,,,,,,,,,,,,
XLMSA0YMQg2APK9Y5LeZQQ,652,Critical Damage,5,Arrow,2,1,False,0,True,POSTAĆ: PRINCESSKNEESAA,YP8tqbTTS0-G_zvWpZYVsQ,Speed,4,40000,0,,Offense,44,440000,1,4328124,,,,0,,,,,0,,,,,0,,D,1,5,4,100.0,82.0,0.0,82.0,0,0.0,upgrade,0,0,0,0,41.6,95.1,34.7,0.0,JARJARBINKS,CANDIDATE,UPGRADE,nieujawnione wszystkie secondary,0.0,,,,,,,,,,,,,,,,,,,,,,,
eQyX5t7pRKaeWpGqDkOyaA,652,Critical Damage,5,Arrow,1,1,False,0,False,MAGAZYN,,Speed,4,40000,0,,,,,0,,,,,0,,,,,0,,,,,0,,E,0,4,4,0.0,0.0,0.0,0.0,0,0.0,upgrade,0,0,0,0,19.0,95.1,0.0,0.0,JARJARBINKS,CANDIDATE,UPGRADE,nieujawnione wszystkie secondary,0.0,,,,,,,,,,,,,,,,,,,,,,,
g54GpPfERmiWWoV-hpkOdA,652,Critical Damage,5,Arrow,1,1,False,0,False,MAGAZYN,,Speed,4,40000,0,,,,,0,,,,,0,,,,,0,,,,,0,,E,0,4,4,0.0,0.0,0.0,0.0,0,0.0,upgrade,0,0,0,0,19.0,95.1,0.0,0.0,JARJARBINKS,CANDIDATE,UPGRADE,nieujawnione wszystkie secondary,0.0,,,,,,,,,,,,,,,,,,,,,,,
gcmhUvS6QIWtk0SUF2L-XA,652,Critical Damage,5,Arrow,2,1,False,0,True,POSTAĆ: DEATHTROOPERPERIDEA,8EduLvZETyu5sKFUcwYpAQ,Speed,4,40000,0,,Critical Chance %,1.82%,182,1,1824,,,,0,,,,,0,,,,,0,,D,1,5,4,100.0,25.0,0.0,25.0,0,0.0,upgrade,0,0,0,0,19.0,95.1,0.0,0.0,JARJARBINKS,CANDIDATE,UPGRADE,nieujawnione wszystkie secondary,0.0,,,,,,,,,,,,,,,,,,,,,,,
jC_EJMjbSGW7rrI-AbpYCw,652,Critical Damage,5,Arrow,2,1,False,0,False,MAGAZYN,,Offense %,0.63%,63,0,,Speed,5,50000,1,523650,,,,0,,,,,0,,,,,0,,D,1,5,4,100.0,100.0,83.3,100.0,0,0.0,upgrade,0,0,0,0,65.0,0.0,100.0,0.0,JARJARBINKS,CANDIDATE,UPGRADE,nieujawnione wszystkie secondary,0.0,,,,,,,,,,,,,,,,,,,,,,,
jCqd8f7QQE-VfuepTBmkgQ,652,Critical Damage,5,Arrow,1,1,False,0,False,MAGAZYN,,Speed,4,40000,0,,,,,0,,,,,0,,,,,0,,,,,0,,E,0,4,4,0.0,0.0,0.0,0.0,0,0.0,upgrade,0,0,0,0,19.0,95.1,0.0,0.0,JARJARBINKS,CANDIDATE,UPGRADE,nieujawnione wszystkie secondary,0.0,,,,,,,,,,,,,,,,,,,,,,,
nf1glSzwQW-nH6n2Zbu-5g,652,Critical Damage,5,Arrow,1,1,False,0,True,POSTAĆ: IDENVERSIOEMPIRE,sr_nh4YITPmLdZfkcE52Sg,Speed,4,40000,0,,,,,0,,,,,0,,,,,0,,,,,0,,E,0,4,4,0.0,0.0,0.0,0.0,0,0.0,upgrade,0,0,0,0,19.0,95.1,0.0,0.0,JARJARBINKS,CANDIDATE,UPGRADE,nieujawnione wszystkie secondary,0.0,,,,,,,,,,,,,,,,,,,,,,,
oHXnxx7mRUCjPfQJRlR7UQ,652,Critical Damage,5,Arrow,5,1,False,0,False,MAGAZYN,,Speed,4,40000,0,,Critical Chance %,2.2%,220,1,2202,Health %,0.71%,71,1,710,Potency %,1.31%,131,1,1310,Protection %,1.82%,182,1,1821,A,4,8,4,100.0,50.2,0.0,61.1,10.9,50.0,upgrade,0,0,0,0,24.7,95.1,8.8,0.0,JARJARBINKS,CANDIDATE,UPGRADE,nieujawnione wszystkie secondary,0.0,,,,,,,,,,,,,,,,,,,,,,,
qYKfgwjeQiqr89TwUQDrIw,652,Critical Damage,5,Arrow,1,1,False,0,False,MAGAZYN,,Speed,4,40000,0,,,,,0,,,,,0,,,,,0,,,,,0,,E,0,4,4,0.0,0.0,0.0,0.0,0,0.0,upgrade,0,0,0,0,19.0,95.1,0.0,0.0,JARJARBINKS,CANDIDATE,UPGRADE,nieujawnione wszystkie secondary,0.0,,,,,,,,,,,,,,,,,,,,,,,
r1_UATRnT0qJgI-9EnoKvA,652,Critical Damage,5,Arrow,2,1,False,0,True,POSTAĆ: RESISTANCETROOPER,UXe92bH9RBC-qNgRNgSpBg,Speed,4,40000,0,,Potency %,1.14%,114,1,1140,,,,0,,,,,0,,,,,0,,D,1,5,4,100.0,34.0,0.0,34.0,0.0,0.0,upgrade,0,0,0,0,19.0,95.1,0.0,0.0,JARJARBINKS,CANDIDATE,UPGRADE,nieujawnione wszystkie secondary,0.0,,,,,,,,,,,,,,,,,,,,,,,
w5GQEOpuQfqym4m3XgSv0A,652,Critical Damage,5,Arrow,4,1,False,0,False,MAGAZYN,,Protection %,2.5%,250,0,,Speed,5,50000,1,568980,Tenacity %,2.07%,207,1,2071,Health,402,4020000,1,40209109,,,,0,,B,3,7,4,100.0,59.3,83.3,82.6,23.2,0.0,upgrade,0,0,0,0,28.6,0.0,44.0,0.0,JARJARBINKS,CANDIDATE,UPGRADE,nieujawnione wszystkie secondary,0.0,,,,,,,,,,,,,,,,,,,,,,,
wVt7F95RSyqkKQXY5Wvang,652,Critical Damage,5,Arrow,1,1,False,0,False,MAGAZYN,,Speed,4,40000,0,,,,,0,,,,,0,,,,,0,,,,,0,,E,0,4,4,0.0,0.0,0.0,0.0,0,0.0,upgrade,0,0,0,0,19.0,95.1,0.0,0.0,JARJARBINKS,CANDIDATE,UPGRADE,nieujawnione wszystkie secondary,0.0,,,,,,,,,,,,,,,,,,,,,,,
2oObPLh9QhmQsCfNRkua7Q,655,Critical Damage,5,Circle,1,15,False,0,True,POSTAĆ: GREEDO,EEBBIPwYRfGGcNIsO_1wwQ,Health %,5.88%,588,0,,Critical Chance %,2.06%,206,1,2062,Tenacity %,2.07%,207,1,2078,Protection %,1.15%,115,1,1152,Speed,5,50000,1,509160,E,4,4,0,100.0,56.2,83.3,56.2,0,0.0,slice,0,0,0,0,22.0,0.0,33.8,0.0,JARJARBINKS,CANDIDATE,KEEP,obserwuj przed wydaniem materiałów,0.0,,,,,,,,,,,,,,,,,,,,,,,
2voG0VFiQ7eesKjW4_PrJA,655,Critical Damage,5,Circle,5,15,False,0,True,POSTAĆ: DENGAR,BDU4PKqfT9OYtoYJHvWgEA,Health %,5.88%,588,0,,Protection,1377,13770000,2,54877742|82827432,Defense %,2.5%,250,2,1040|1462,Offense %,0.56%,56,1,562,Speed,14,140000,3,529680|504030|377580,A,8,8,0,100.0,71.5,77.8,71.5,0,61.4,6-dot,0,0,0,0,30.4,0.0,46.8,0.0,JARJARBINKS,CANDIDATE,SLICE_6E,5A ma wystarczającą wartość lub dopasowanie do postaci,0.0,,,,,,,,,,,,,,,,,,,,,,,
4hjSIFYsRPe0OCXV1QZI5Q,655,Critical Damage,5,Circle,1,15,False,0,True,POSTAĆ: WEDGEANTILLES,_-8UKeLXQm6rteZTYZGrAg,Health %,5.88%,588,0,,Defense,7,70000,1,731619,Tenacity %,2.06%,206,1,2068,Speed,5,50000,1,536880,Defense %,0.88%,88,1,884,E,4,4,0,100.0,51.5,83.3,51.5,0,0.0,slice,0,0,0,0,21.3,0.0,32.8,0.0,JARJARBINKS,CANDIDATE,KEEP,wartość secondary zbyt niska,0.0,,,,,,,,,,,,,,,,,,,,,,,
AcLFdTSLQmSfn0V5GGstLw,655,Critical Damage,5,Circle,3,15,False,0,True,POSTAĆ: CARTHONASI,7MQUg-MyRx2R9oLzcUtByg,Health %,5.88%,588,0,,Speed,5,50000,1,595530,Critical Chance %,1.46%,146,1,1465,Offense %,1.01%,101,2,468|548,Potency %,3.54%,354,2,1720|1821,C,6,6,0,100.0,62.8,83.3,62.8,0.0,0.0,slice,0,0,0,0,10.8,0.0,16.7,0.0,JARJARBINKS,CANDIDATE,SLICE,wartość moda lub dopasowanie do postaci uzasadnia kolejny roll,0.0,,,,,,,,,,,,,,,,,,,,,,,
EQYO-Zy3TiOgN4h6iZVZEA,655,Critical Damage,5,Circle,2,15,False,0,True,POSTAĆ: BOBAFETT,ZKnLxXHHQ6OD7LSbTnf6DQ,Protection %,23.5%,2350,0,,Defense,13,130000,2,614656|691292,Tenacity %,2.1%,210,1,2104,Health,232,2320000,1,23283695,Potency %,1.42%,142,1,1420,D,5,5,0,100.0,36.0,0.0,36.0,0,0.0,slice,0,0,0,0,12.3,0.0,19.0,0.0,JARJARBINKS,CANDIDATE,KEEP,wartość secondary zbyt niska,0.0,,,,,,,,,,,,,,,,,,,,,,,
EnLG3REZSLu-K1y7MvgVDA,655,Critical Damage,5,Circle,1,15,False,0,True,POSTAĆ: GEONOSIANSPY,dTxp0Op1QFasisO6SSNNLw,Protection %,23.5%,2350,0,,Potency %,1.53%,153,1,1534,Health %,0.64%,64,1,648,Speed,5,50000,1,520470,Defense,9,90000,1,943054,E,4,4,0,100.0,60.0,83.3,60.0,0,0.0,slice,0,0,0,0,21.3,0.0,32.8,0.0,JARJARBINKS,CANDIDATE,SLICE,wartość moda lub dopasowanie do postaci uzasadnia kolejny roll,0.0,,,,,,,,,,,,,,,,,,,,,,,
G0Ke97cISWqXHWDlfrQ7aA,655,Critical Damage,5,Circle,2,15,False,0,True,POSTAĆ: FIRSTORDERSPECIALFORCESPILOT,2FNKDRFzSVmSla755aKVqQ,Protection %,23.5%,2350,0,,Offense,37,370000,1,3640932,Defense,8,80000,1,855736,Health %,1.39%,139,2,815|576,Speed,5,50000,1,579240,D,5,5,0,100.0,72.0,83.3,72.0,0,0.0,slice,0,0,0,0,21.6,0.0,33.2,0.0,JARJARBINKS,CANDIDATE,SLICE,wartość moda lub dopasowanie do postaci uzasadnia kolejny roll,0.0,,,,,,,,,,,,,,,,,,,,,,,
G1YhtYhKRSen3boUoSFkNg,655,Critical Damage,5,Circle,4,15,False,0,True,POSTAĆ: KITFISTO,_IzZXS1PSpSB9HDxr5S_Dw,Health %,5.88%,588,0,,Defense %,1.48%,148,1,1480,Offense %,0.95%,95,2,399|554,Offense,40,400000,1,3946452,Speed,16,160000,3,542520|493950|570990,B,7,7,0,100.0,86.9,88.9,86.9,0.0,0.0,slice,0,0,0,0,31.1,0.0,47.8,0.0,JARJARBINKS,CANDIDATE,SLICE,wartość moda lub dopasowanie do postaci uzasadnia kolejny roll,0.0,,,,,,,,,,,,,,,,,,,,,,,
J2yq_UQjQMGy5-IiTJLoTA,655,Critical Damage,5,Circle,1,15,False,0,True,POSTAĆ: CADBANE,cgIOCS2bTnaFcuVB0Skslw,Protection %,23.5%,2350,0,,Protection,784,7840000,1,78475088,Critical Chance %,2.18%,218,1,2186,Health,255,2550000,1,25548846,Offense,29,290000,1,2879412,E,4,4,0,100.0,50.7,0.0,50.7,0,0.0,slice,0,0,0,0,16.9,0.0,26.0,0.0,JARJARBINKS,CANDIDATE,KEEP,wartość secondary zbyt niska,0.0,,,,,,,,,,,,,,,,,,,,,,,
OtQTAqQETRSf1pphyGhlYQ,655,Critical Damage,5,Circle,1,15,False,0,False,MAGAZYN,,Protection %,23.5%,2350,0,,Health %,0.93%,93,1,936,Health,336,3360000,1,33662244,Speed,5,50000,1,504540,Offense %,0.37%,37,1,370,E,4,4,0,100.0,78.0,83.3,78.0,0,0.0,slice,0,0,0,0,21.5,0.0,33.0,0.0,JARJARBINKS,CANDIDATE,SLICE,wartość moda lub dopasowanie do postaci uzasadnia kolejny roll,0.0,,,,,,,,,,,,,,,,,,,,,,,
R1SEIM6cRrqA9KfK_1h8wg,655,Critical Damage,5,Circle,4,15,False,0,False,MAGAZYN,,Health %,5.88%,588,0,,Speed,5,50000,1,562260,Offense %,0.46%,46,1,466,Protection,1170,11700000,2,65222865|51812828,Defense %,4.08%,408,3,1154|1602|1328,B,7,7,0,100.0,59.1,83.3,59.1,0,0.0,slice,0,0,0,0,16.2,0.0,25.0,0.0,JARJARBINKS,CANDIDATE,SLICE,wartość moda lub dopasowanie do postaci uzasadnia kolejny roll,0.0,,,,,,,,,,,,,,,,,,,,,,,
RO0sG0VKR5yJOhU2Bm4zUQ,655,Critical Damage,5,Circle,1,15,False,0,True,POSTAĆ: JANGOFETT,aDW9AWUPTXewZQM3KFrxIg,Health %,5.88%,588,0,,Protection %,1.4%,140,1,1407,Offense %,0.48%,48,1,487,Potency %,1.54%,154,1,1541,Speed,5,50000,1,526260,E,4,4,0,100.0,74.0,83.3,74.0,0,0.0,slice,0,0,0,0,22.0,0.0,33.8,0.0,JARJARBINKS,CANDIDATE,SLICE,wartość moda lub dopasowanie do postaci uzasadnia kolejny roll,0.0,,,,,,,,,,,,,,,,,,,,,,,
S29JWAo8R5mZfhKDkkKh9w,655,Critical Damage,5,Circle,3,15,False,0,True,POSTAĆ: C3POCHEWBACCA,O-gueLfjRhidXy013cMzPQ,Protection %,23.5%,2350,0,,Speed,5,50000,1,564930,Health %,1.11%,111,1,1115,Defense %,0.87%,87,1,870,Potency %,4.43%,443,3,1411|1342|1686,C,6,6,0,100.0,52.7,83.3,52.7,0,0.0,slice,0,0,0,0,10.8,0.0,16.7,0.0,JARJARBINKS,CANDIDATE,KEEP,obserwuj przed wydaniem materiałów,0.0,,,,,,,,,,,,,,,,,,,,,,,
U0gwJYMxR_avcHGS-8QCVA,655,Critical Damage,5,Circle,1,15,False,0,True,POSTAĆ: WICKET,8DP_aO6lT0WLxgUPVNx4Hw,Protection %,23.5%,2350,0,,Protection,416,4160000,1,41675355,Speed,5,50000,1,521610,Offense,37,370000,1,3662136,Health,405,4050000,1,40569133,E,4,4,0,100.0,69.5,83.3,69.5,0,0.0,slice,0,0,0,0,33.2,0.0,51.0,0.0,JARJARBINKS,CANDIDATE,SLICE,wartość moda lub dopasowanie do postaci uzasadnia kolejny roll,0.0,,,,,,,,,,,,,,,,,,,,,,,
UMPWH7OAT8uZNI63NX9pCg,655,Critical Damage,5,Circle,1,15,False,0,True,POSTAĆ: HOTHREBELSCOUT,tErdjSLFT8GIu_zK5I-RZA,Health %,5.88%,588,0,,Defense %,1.06%,106,1,1066,Offense %,0.34%,34,1,343,Critical Chance %,1.29%,129,1,1290,Speed,5,50000,1,512220,E,4,4,0,100.0,64.8,83.3,64.8,0,0.0,slice,0,0,0,0,16.2,0.0,25.0,0.0,JARJARBINKS,CANDIDATE,SLICE,wartość moda lub dopasowanie do postaci uzasadnia kolejny roll,0.0,,,,,,,,,,,,,,,,,,,,,,,
ZUNRRVSTQKifUn-8S1_CCw,655,Critical Damage,5,Circle,1,15,False,0,True,POSTAĆ: IG86SENTINELDROID,_2L-fZJ-RlWIgv7v8PDIBQ,Protection %,23.5%,2350,0,,Tenacity %,2.08%,208,1,2086,Potency %,1.73%,173,1,1735,Offense %,0.44%,44,1,446,Speed,5,50000,1,595590,E,4,4,0,100.0,64.0,83.3,64.0,0,0.0,slice,0,0,0,0,16.2,0.0,25.0,0.0,JARJARBINKS,CANDIDATE,SLICE,wartość moda lub dopasowanie do postaci uzasadnia kolejny roll,0.0,,,,,,,,,,,,,,,,,,,,,,,
aj4TQ-iRQQebq9HUr6_46Q,655,Critical Damage,5,Circle,1,15,True,0,True,POSTAĆ: FIRSTORDEREXECUTIONER,-5fKFKFWQ-S2jMql8uPcpQ,Health %,5.88%,588,0,,Defense,9,90000,1,928452,Tenacity %,1.76%,176,1,1768,Speed,5,50000,1,584550,Potency %,2.22%,222,1,2222,E,4,4,0,100.0,49.5,83.3,49.5,0,0.0,slice,0,0,0,0,21.3,0.0,32.8,0.0,JARJARBINKS,CANDIDATE,KEEP,wartość secondary zbyt niska,0.0,,,,,,,,,,,,,,,,,,,,,,,
eKaJ9ARaRHO_pY-E6-U90Q,655,Critical Damage,5,Circle,5,15,False,0,True,POSTAĆ: IG88,_99o-Wu8SrO65c6RIrem8g,Protection %,23.5%,2350,0,,Health,845,8450000,3,31459240|22595792|30477746,Critical Chance %,3.82%,382,2,1769|2057,Offense %,0.52%,52,1,527,Speed,9,90000,2,550050|371610,A,8,8,0,100.0,60.8,75.0,60.8,0,52.3,6-dot,0,0,0,0,24.1,0.0,37.0,0.0,JARJARBINKS,CANDIDATE,SLICE_6E,5A ma wystarczającą wartość lub dopasowanie do postaci,0.0,,,,,,,,,,,,,,,,,,,,,,,
gAxw9uRVRuuneo5mXaxc9A,655,Critical Damage,5,Circle,1,15,False,0,False,MAGAZYN,,Protection %,23.5%,2350,0,,Critical Chance %,1.56%,156,1,1563,Offense,34,340000,1,3367560,Speed,5,50000,1,519150,Health,240,2400000,1,24093749,E,4,4,0,100.0,63.7,83.3,63.7,0,0.0,slice,0,0,0,0,27.1,0.0,41.7,0.0,JARJARBINKS,CANDIDATE,SLICE,wartość moda lub dopasowanie do postaci uzasadnia kolejny roll,0.0,,,,,,,,,,,,,,,,,,,,,,,
jlma5N4PTguDwlaUnU4sNQ,655,Critical Damage,5,Circle,1,15,False,0,True,POSTAĆ: NIGHTSISTERACOLYTE,cpJlNZsaRV-Sn2cV0HaJAQ,Protection %,23.5%,2350,0,,Potency %,1.89%,189,1,1899,Defense,4,40000,1,495145,Defense %,1.5%,150,1,1503,Health,232,2320000,1,23245121,E,4,4,0,100.0,39.5,0.0,39.5,0,0.0,slice,0,0,0,0,10.3,0.0,15.9,0.0,JARJARBINKS,CANDIDATE,KEEP,wartość secondary zbyt niska,0.0,,,,,,,,,,,,,,,,,,,,,,,
keBHYbsEQTyncHEZLK0cZg,655,Critical Damage,5,Circle,4,15,False,0,True,POSTAĆ: ASAJVENTRESS,9rTdQPHJRLOYg663QADsHQ,Health %,5.88%,588,0,,Offense %,0.87%,87,2,319|554,Speed,5,50000,1,580530,Health,818,8180000,3,35423790|24338051|22083615,Defense,6,60000,1,615342,B,7,7,0,100.0,66.0,83.3,66.0,0,0.0,slice,0,0,0,0,21.1,0.0,32.5,0.0,JARJARBINKS,CANDIDATE,SLICE,wartość moda lub dopasowanie do postaci uzasadnia kolejny roll,0.0,,,,,,,,,,,,,,,,,,,,,,,
lC_991f0TsufyQWKKSGIpQ,655,Critical Damage,5,Circle,2,15,False,0,True,POSTAĆ: PRINCESSLEIA,p8xJJuTVQsmyS_n-KE-kdA,Protection %,23.5%,2350,0,,Speed,9,90000,2,537570|365520,Defense %,1.3%,130,1,1307,Tenacity %,1.72%,172,1,1724,Critical Chance %,1.89%,189,1,1891,D,5,5,0,100.0,59.4,75.0,59.4,0,0.0,slice,0,0,0,0,26.0,0.0,40.0,0.0,JARJARBINKS,CANDIDATE,SLICE,wartość moda lub dopasowanie do postaci uzasadnia kolejny roll,0.0,,,,,,,,,,,,,,,,,,,,,,,
mCg2pPYMS4CkNrdRsEJypA,655,Critical Damage,5,Circle,1,15,False,0,True,POSTAĆ: CLONESERGEANTPHASEI,7KnyOYxwRIqOqf7x5FA73w,Protection %,23.5%,2350,0,,Potency %,1.9%,190,1,1909,Health,262,2620000,1,26271037,Speed,4,40000,1,465600,Offense %,0.46%,46,1,465,E,4,4,0,100.0,68.5,66.7,68.5,0,0.0,slice,0,0,0,0,21.5,0.0,33.0,0.0,JARJARBINKS,CANDIDATE,SLICE,wartość moda lub dopasowanie do postaci uzasadnia kolejny roll,0.0,,,,,,,,,,,,,,,,,,,,,,,
qe_9BVLwT4mc9llPZtd7zw,655,Critical Damage,5,Circle,1,15,False,0,True,POSTAĆ: SABINEWRENS3,jEfaMS5YSUWnBpb1d-JyAw,Protection %,23.5%,2350,0,,Defense %,1.41%,141,1,1417,Health,393,3930000,1,39373339,Speed,5,50000,1,511830,Health %,1.03%,103,1,1035,E,4,4,0,100.0,65.5,83.3,65.5,0,0.0,slice,0,0,0,0,21.5,0.0,33.0,0.0,JARJARBINKS,CANDIDATE,SLICE,wartość moda lub dopasowanie do postaci uzasadnia kolejny roll,0.0,,,,,,,,,,,,,,,,,,,,,,,
vO9OUSqhSZSnG2aYqXLHhg,655,Critical Damage,5,Circle,3,15,False,0,True,POSTAĆ: ANAKINKNIGHT,y_TVNxsQSHO8H95wHnzAMQ,Health %,5.88%,588,0,,Critical Chance %,1.76%,176,1,1767,Defense,22,220000,3,714028|630238|921837,Protection,586,5860000,1,58694349,Speed,5,50000,1,537600,C,6,6,0,100.0,45.8,83.3,45.8,0,0.0,slice,0,0,0,0,25.1,0.0,38.6,0.0,JARJARBINKS,CANDIDATE,KEEP,wartość secondary zbyt niska,0.0,,,,,,,,,,,,,,,,,,,,,,,
wp9hDTBoQqy10aPkHqLOig,655,Critical Damage,5,Circle,1,15,False,0,True,POSTAĆ: TUSKENHUNTRESS,Om8oxl8XQyy1PCqOuPpJ3g,Protection %,23.5%,2350,0,,Speed,5,50000,1,546210,Offense,31,310000,1,3087348,Offense %,0.49%,49,1,494,Health,366,3660000,1,36651729,E,4,4,0,100.0,80.5,83.3,80.5,0,0.0,slice,0,0,0,0,27.1,0.0,41.7,0.0,JARJARBINKS,CANDIDATE,SLICE,wartość moda lub dopasowanie do postaci uzasadnia kolejny roll,0.0,,,,,,,,,,,,,,,,,,,,,,,
2D-_KRm2TSi7AbnGVNPbzA,655,Critical Damage,5,Circle,2,9,False,0,True,POSTAĆ: SHINHATI,9S_8jjUPTMitddioEskQGQ,Protection %,14.5%,1450,0,,Critical Chance %,1.35%,135,1,1359,Speed,5,50000,1,511980,Defense %,0.94%,94,1,945,Protection,765,7650000,1,76548096,D,4,5,1,100.0,53.8,83.3,63.0,9.2,0.0,upgrade,0,0,0,0,22.3,0.0,34.3,0.0,JARJARBINKS,CANDIDATE,UPGRADE,nieujawnione wszystkie secondary,0.0,,,,,,,,,,,,,,,,,,,,,,,
pA9S1wXzTV6xnRk2mnjVvw,655,Critical Damage,5,Circle,2,9,False,0,True,POSTAĆ: EZRABRIDGERS3,7LiPaG8yQvywutOL0w1vgA,Protection %,14.5%,1450,0,,Offense %,0.52%,52,1,525,Tenacity %,1.69%,169,1,1693,Health,264,2640000,1,26491766,Speed,5,50000,1,552840,D,4,5,1,100.0,67.5,83.3,74.0,6.5,0.0,upgrade,0,0,0,0,21.5,0.0,33.0,0.0,JARJARBINKS,CANDIDATE,UPGRADE,nieujawnione wszystkie secondary,0.0,,,,,,,,,,,,,,,,,,,,,,,
MXFj3_0iQaWZwLwOIqgCeQ,655,Critical Damage,5,Circle,3,6,False,0,False,MAGAZYN,,Health %,2.5%,250,0,,Critical Chance %,2.16%,216,1,2169,Defense %,1.49%,149,1,1491,Offense %,0.41%,41,1,411,Speed,5,50000,1,545730,C,4,6,2,100.0,64.8,83.3,76.5,11.8,0.0,upgrade,0,0,0,0,16.2,0.0,25.0,0.0,JARJARBINKS,CANDIDATE,UPGRADE,nieujawnione wszystkie secondary,0.0,,,,,,,,,,,,,,,,,,,,,,,
A7Jvvm1vTr2SzkokPHluzw,655,Critical Damage,5,Circle,5,1,False,0,False,MAGAZYN,,Protection %,2.5%,250,0,,Tenacity %,2.23%,223,1,2231,Speed,5,50000,1,519450,Defense,8,80000,1,862547,Critical Chance %,2.24%,224,1,2241,A,4,8,4,100.0,47.2,83.3,73.6,26.4,81.8,upgrade,0,0,0,0,21.3,0.0,32.8,0.0,JARJARBINKS,CANDIDATE,UPGRADE,nieujawnione wszystkie secondary,0.0,,,,,,,,,,,,,,,,,,,,,,,
CRotw34tRJut6QP5uNQMJg,655,Critical Damage,5,Circle,2,1,False,0,False,MAGAZYN,,Health %,0.63%,63,0,,Speed,5,50000,1,547470,,,,0,,,,,0,,,,,0,,D,1,5,4,100.0,100.0,83.3,100.0,0,0.0,upgrade,0,0,0,0,65.0,0.0,100.0,0.0,JARJARBINKS,CANDIDATE,UPGRADE,nieujawnione wszystkie secondary,0.0,,,,,,,,,,,,,,,,,,,,,,,
DvGe9TJ1Q4m1ZeUs5rfDGA,655,Critical Damage,5,Circle,5,1,False,0,False,MAGAZYN,,Protection %,2.5%,250,0,,Defense,6,60000,1,648221,Tenacity %,1.43%,143,1,1439,Speed,5,50000,1,576150,Potency %,1.35%,135,1,1353,A,4,8,4,100.0,49.5,83.3,74.8,25.2,34.1,upgrade,0,0,0,0,21.3,0.0,32.8,0.0,JARJARBINKS,CANDIDATE,UPGRADE,nieujawnione wszystkie secondary,0.0,,,,,,,,,,,,,,,,,,,,,,,
OWSFTf1rRJq3aBVZRC7l9g,655,Critical Damage,5,Circle,5,1,False,0,True,POSTAĆ: BADBATCHHUNTER,ftgjVcXCTeG9kkOKfFlUNA,Protection %,2.5%,250,0,,Speed,5,50000,1,590250,Potency %,1.65%,165,1,1653,Health %,0.84%,84,1,847,Offense,32,320000,1,3191088,A,4,8,4,100.0,72.0,83.3,86.0,14.0,50.8,upgrade,0,0,0,0,21.9,0.0,33.7,0.0,JARJARBINKS,CANDIDATE,UPGRADE,nieujawnione wszystkie secondary,0.0,,,,,,,,,,,,,,,,,,,,,,,
ac2Z2fo-TuiAYq5q5qt2tA,655,Critical Damage,5,Circle,4,1,False,0,True,POSTAĆ: RESISTANCETROOPER,UXe92bH9RBC-qNgRNgSpBg,Health %,0.63%,63,0,,Speed,5,50000,1,589380,Offense %,0.43%,43,1,432,Defense %,1.09%,109,1,1097,,,,0,,B,3,7,4,100.0,78.0,83.3,90.6,12.6,0.0,upgrade,0,0,0,0,21.7,0.0,33.3,0.0,JARJARBINKS,CANDIDATE,UPGRADE,nieujawnione wszystkie secondary,0.0,,,,,,,,,,,,,,,,,,,,,,,
wX2KQs1_Q5eYEEmWSZPzyA,655,Critical Damage,5,Circle,3,1,False,0,True,POSTAĆ: THEMANDALORIAN,6lSlnvvGQTOnd0h0WeTJbQ,Protection %,2.5%,250,0,,Speed,5,50000,1,546540,Defense,5,50000,1,536599,,,,0,,,,,0,,C,2,6,4,100.0,67.0,83.3,89.0,22.0,0.0,upgrade,0,0,0,0,42.7,0.0,65.7,0.0,JARJARBINKS,CANDIDATE,UPGRADE,nieujawnione wszystkie secondary,0.0,,,,,,,,,,,,,,,,,,,,,,,
z4WCr--zSFKn5IVV7BYNSQ,655,Critical Damage,5,Circle,3,1,False,0,True,POSTAĆ: BOKATAN,JCTZSSscTn-Zm1kJbrV0pw,Protection %,2.5%,250,0,,Critical Chance %,1.84%,184,1,1842,Speed,5,50000,1,536280,,,,0,,,,,0,,C,2,6,4,100.0,62.5,83.3,87.5,25.0,0.0,upgrade,0,0,0,0,32.5,0.0,50.0,0.0,JARJARBINKS,CANDIDATE,UPGRADE,nieujawnione wszystkie secondary,0.0,,,,,,,,,,,,,,,,,,,,,,,
zVmdFBTARuaySgrN0-p-Cg,655,Critical Damage,5,Circle,2,1,False,0,True,POSTAĆ: DEATHTROOPER,IjtFAB8WS0i9xHoj9o97Ww,Health %,0.63%,63,0,,Speed,5,50000,1,523590,,,,0,,,,,0,,,,,0,,D,1,5,4,100.0,100.0,83.3,100.0,0,0.0,upgrade,0,0,0,0,65.0,0.0,100.0,0.0,JARJARBINKS,CANDIDATE,UPGRADE,nieujawnione wszystkie secondary,0.0,,,,,,,,,,,,,,,,,,,,,,,
-K9wCYzAQMGTsZGR7wzX1w,656,Critical Damage,5,Cross,5,15,False,0,True,POSTAĆ: MISSIONVAO,mC-7d71PST-6m77PaKcJpA,Offense %,5.88%,588,0,,Health,1142,11420000,3,38376844|41008448|34840894,Defense %,1.32%,132,1,1323,Defense,14,140000,2,887733|566097,Speed,10,100000,2,543090|471510,A,8,8,0,100.0,56.8,83.3,56.8,0,63.4,6-dot,0,0,0,0,29.2,0.0,44.9,0.0,JARJARBINKS,CANDIDATE,SLICE_6E,5A ma wystarczającą wartość lub dopasowanie do postaci,0.0,,,,,,,,,,,,,,,,,,,,,,,
06xxiHhZReWruLrvwq4dnQ,656,Critical Damage,5,Cross,3,15,False,0,True,POSTAĆ: C3POCHEWBACCA,O-gueLfjRhidXy013cMzPQ,Offense %,5.88%,588,0,,Tenacity %,1.58%,158,1,1587,Speed,9,90000,2,554190|397410,Defense %,2.78%,278,2,1233|1555,Offense,31,310000,1,3027384,C,6,6,0,100.0,66.0,75.0,66.0,0,0.0,slice,0,0,0,0,25.4,0.0,39.1,0.0,JARJARBINKS,CANDIDATE,SLICE,wartość moda lub dopasowanie do postaci uzasadnia kolejny roll,0.0,,,,,,,,,,,,,,,,,,,,,,,
0elA-shhTtmKxQq43LYiUA,656,Critical Damage,5,Cross,3,15,False,0,True,POSTAĆ: IG88,_99o-Wu8SrO65c6RIrem8g,Defense %,11.75%,1175,0,,Speed,5,50000,1,587250,Critical Chance %,5.07%,507,3,1565|1292|2221,Protection %,1.25%,125,1,1251,Potency %,2%,200,1,2006,C,6,6,0,100.0,46.5,83.3,46.5,0,0.0,slice,0,0,0,0,14.6,0.0,22.5,0.0,JARJARBINKS,CANDIDATE,KEEP,wartość secondary zbyt niska,0.0,,,,,,,,,,,,,,,,,,,,,,,
1OsVVgR4QneCsjv4QmVDUg,656,Critical Damage,5,Cross,1,15,False,0,True,POSTAĆ: IDENVERSIOEMPIRE,sr_nh4YITPmLdZfkcE52Sg,Potency %,24%,2400,0,,Protection %,1.3%,130,1,1304,Tenacity %,1.2%,120,1,1203,Speed,5,50000,1,568320,Protection,718,7180000,1,71863512,E,4,4,0,100.0,62.0,83.3,62.0,0,0.0,slice,0,0,0,0,28.0,0.0,43.1,0.0,JARJARBINKS,CANDIDATE,SLICE,wartość moda lub dopasowanie do postaci uzasadnia kolejny roll,0.0,,,,,,,,,,,,,,,,,,,,,,,
5UHaNbOEStieMf1CGcqaCQ,656,Critical Damage,5,Cross,1,15,False,0,True,POSTAĆ: NIGHTSISTERACOLYTE,cpJlNZsaRV-Sn2cV0HaJAQ,Tenacity %,24%,2400,0,,Defense %,0.89%,89,1,898,Speed,5,50000,1,503010,Health %,0.73%,73,1,736,Offense %,0.36%,36,1,362,E,4,4,0,100.0,76.5,83.3,76.5,0,0.0,slice,0,0,0,0,16.2,0.0,25.0,0.0,JARJARBINKS,CANDIDATE,SLICE,wartość moda lub dopasowanie do postaci uzasadnia kolejny roll,0.0,,,,,,,,,,,,,,,,,,,,,,,
9-F-H92iRCOSY4pvSpsRFQ,656,Critical Damage,5,Cross,3,15,False,0,True,POSTAĆ: BOBAFETT,ZKnLxXHHQ6OD7LSbTnf6DQ,Defense %,11.75%,1175,0,,Health %,1.04%,104,1,1041,Offense,43,430000,1,4290276,Speed,10,100000,2,534480|535920,Offense %,0.72%,72,2,324|401,C,6,6,0,100.0,89.7,83.3,89.7,0.0,0.0,slice,0,0,0,0,25.4,0.0,39.1,0.0,JARJARBINKS,CANDIDATE,SLICE,wartość moda lub dopasowanie do postaci uzasadnia kolejny roll,0.0,,,,,,,,,,,,,,,,,,,,,,,
IVK7uH67S5WomRjvMCAFSw,656,Critical Damage,5,Cross,1,15,False,0,True,POSTAĆ: GEONOSIANSOLDIER,LvNZqxXYT-GiIZkY9B14ZQ,Tenacity %,24%,2400,0,,Critical Chance %,2.09%,209,1,2096,Health %,1.05%,105,1,1051,Protection,474,4740000,1,47443872,Speed,5,50000,1,574830,E,4,4,0,100.0,61.3,83.3,61.3,0,0.0,slice,0,0,0,0,22.3,0.0,34.3,0.0,JARJARBINKS,CANDIDATE,SLICE,wartość moda lub dopasowanie do postaci uzasadnia kolejny roll,0.0,,,,,,,,,,,,,,,,,,,,,,,
L_JxZJ3fTnaPhHp8kLk6vA,656,Critical Damage,5,Cross,1,15,False,0,True,POSTAĆ: BIGGSDARKLIGHTER,26GkhZfITD-drSSqkDpQpg,Health %,5.88%,588,0,,Speed,5,50000,1,595860,Defense,9,90000,1,968681,Potency %,1.27%,127,1,1277,Tenacity %,2.08%,208,1,2080,E,4,4,0,100.0,49.5,83.3,49.5,0,0.0,slice,0,0,0,0,21.3,0.0,32.8,0.0,JARJARBINKS,CANDIDATE,KEEP,wartość secondary zbyt niska,0.0,,,,,,,,,,,,,,,,,,,,,,,
Mrm5CB5OQa6HVN-vGfeptw,656,Critical Damage,5,Cross,3,15,False,0,True,POSTAĆ: HANSOLO,vlBMnzBvScekhGF38W0oig,Health %,5.88%,588,0,,Offense %,0.89%,89,3,296|298|296,Speed,5,50000,1,559740,Defense,4,40000,1,499065,Defense %,0.93%,93,1,936,C,6,6,0,100.0,75.3,83.3,75.3,0,0.0,slice,0,0,0,0,14.2,0.0,21.9,0.0,JARJARBINKS,CANDIDATE,SLICE,wartość moda lub dopasowanie do postaci uzasadnia kolejny roll,0.0,,,,,,,,,,,,,,,,,,,,,,,
SVSDW2DnTOqEljgmDcEMLg,656,Critical Damage,5,Cross,1,15,False,0,True,POSTAĆ: CT210408,YPRCzSBMSZOy5sV9hrImNg,Health %,5.88%,588,0,,Tenacity %,2.21%,221,1,2210,Speed,5,50000,1,588390,Protection %,1.61%,161,1,1616,Offense %,0.45%,45,1,457,E,4,4,0,100.0,73.0,83.3,73.0,0,0.0,slice,0,0,0,0,22.0,0.0,33.8,0.0,JARJARBINKS,CANDIDATE,SLICE,wartość moda lub dopasowanie do postaci uzasadnia kolejny roll,0.0,,,,,,,,,,,,,,,,,,,,,,,
Tz3D99syQLeSnOO2iJYrKw,656,Critical Damage,5,Cross,1,15,False,0,True,POSTAĆ: WEDGEANTILLES,_-8UKeLXQm6rteZTYZGrAg,Offense %,5.88%,588,0,,Potency %,1.31%,131,1,1319,Health %,0.64%,64,1,648,Health,283,2830000,1,28377606,Critical Chance %,2.04%,204,1,2046,E,4,4,0,100.0,44.8,0.0,44.8,0,0.0,slice,0,0,0,0,5.2,0.0,8.0,0.0,JARJARBINKS,CANDIDATE,KEEP,wartość secondary zbyt niska,0.0,,,,,,,,,,,,,,,,,,,,,,,
UBDm2DbjSrS5YwY5cSptfQ,656,Critical Damage,5,Cross,3,15,False,0,True,POSTAĆ: CARTHONASI,7MQUg-MyRx2R9oLzcUtByg,Defense %,11.75%,1175,0,,Protection,670,6700000,1,67029420,Speed,10,100000,2,581250|454800,Critical Chance %,1.39%,139,1,1397,Protection %,3.84%,384,2,2158|1688,C,6,6,0,100.0,68.8,83.3,68.8,0,0.0,slice,0,0,0,0,33.3,0.0,51.3,0.0,JARJARBINKS,CANDIDATE,SLICE,wartość moda lub dopasowanie do postaci uzasadnia kolejny roll,0.0,,,,,,,,,,,,,,,,,,,,,,,
VXNpj4LgRF-3w9ZY6zSAiw,656,Critical Damage,5,Cross,1,15,False,0,False,MAGAZYN,,Health %,5.88%,588,0,,Protection,515,5150000,1,51534577,Defense %,1.45%,145,1,1459,Health,391,3910000,1,39199756,Speed,5,50000,1,546150,E,4,4,0,100.0,59.5,83.3,59.5,0,0.0,slice,0,0,0,0,27.5,0.0,42.4,0.0,JARJARBINKS,CANDIDATE,SLICE,wartość moda lub dopasowanie do postaci uzasadnia kolejny roll,0.0,,,,,,,,,,,,,,,,,,,,,,,
WYvJOEcKSvaBtL6lQgbjdQ,656,Critical Damage,5,Cross,1,15,False,0,True,POSTAĆ: BADBATCHHUNTER,ftgjVcXCTeG9kkOKfFlUNA,Defense %,11.75%,1175,0,,Offense,33,330000,1,3258804,Tenacity %,1.53%,153,1,1531,Offense %,0.38%,38,1,382,Speed,5,50000,1,573780,E,4,4,0,100.0,76.0,83.3,76.0,0,0.0,slice,0,0,0,0,21.9,0.0,33.7,0.0,JARJARBINKS,CANDIDATE,SLICE,wartość moda lub dopasowanie do postaci uzasadnia kolejny roll,0.0,,,,,,,,,,,,,,,,,,,,,,,
ZaJx5tDZReSmoQTdy4r3KA,656,Critical Damage,5,Cross,2,15,False,0,True,POSTAĆ: EWOKSCOUT,69GroYoGQ3G5kdeYik4aRQ,Protection %,23.5%,2350,0,,Speed,5,50000,1,557430,Offense %,0.54%,54,1,540,Potency %,3.62%,362,2,1833|1794,Defense,7,70000,1,721329,D,5,5,0,100.0,58.8,83.3,58.8,0,0.0,slice,0,0,0,0,17.1,0.0,26.3,0.0,JARJARBINKS,CANDIDATE,SLICE,wartość moda lub dopasowanie do postaci uzasadnia kolejny roll,0.0,,,,,,,,,,,,,,,,,,,,,,,
cxjryyRhTuOhaloBJ_fARA,656,Critical Damage,5,Cross,1,15,False,0,True,POSTAĆ: DEATHTROOPERPERIDEA,8EduLvZETyu5sKFUcwYpAQ,Tenacity %,24%,2400,0,,Speed,5,50000,1,538080,Critical Chance %,1.32%,132,1,1327,Health %,0.98%,98,1,985,Offense,28,280000,1,2722776,E,4,4,0,100.0,69.8,83.3,69.8,0,0.0,slice,0,0,0,0,21.9,0.0,33.7,0.0,JARJARBINKS,CANDIDATE,SLICE,wartość moda lub dopasowanie do postaci uzasadnia kolejny roll,0.0,,,,,,,,,,,,,,,,,,,,,,,
hUDtTQIpTzWQ10h_TQHpyA,656,Critical Damage,5,Cross,3,15,False,0,True,POSTAĆ: EZRABRIDGERS3,7LiPaG8yQvywutOL0w1vgA,Offense %,5.88%,588,0,,Defense %,2.85%,285,2,1338|1511,Health,345,3450000,1,34549446,Tenacity %,1.21%,121,1,1215,Speed,8,80000,2,365130|479340,C,6,6,0,100.0,60.3,66.7,60.3,0,0.0,slice,0,0,0,0,25.1,0.0,38.7,0.0,JARJARBINKS,CANDIDATE,SLICE,wartość moda lub dopasowanie do postaci uzasadnia kolejny roll,0.0,,,,,,,,,,,,,,,,,,,,,,,
iFhO615oQvqLkA42t36a0Q,656,Critical Damage,5,Cross,1,15,False,0,True,POSTAĆ: SMUGGLERHAN,6rtX-2-GT3iPpVPb0Ha2NA,Potency %,24%,2400,0,,Protection,481,4810000,1,48158188,Defense,6,60000,1,692566,Speed,5,50000,1,564270,Protection %,1.91%,191,1,1918,E,4,4,0,100.0,63.0,83.3,63.0,0,0.0,slice,0,0,0,0,33.1,0.0,51.0,0.0,JARJARBINKS,CANDIDATE,SLICE,wartość moda lub dopasowanie do postaci uzasadnia kolejny roll,0.0,,,,,,,,,,,,,,,,,,,,,,,
iO3maW9ETUeVCa-FuL7C7Q,656,Critical Damage,5,Cross,1,15,False,0,True,POSTAĆ: SITHMARAUDER,KhTJFN1rSYC3fNW3msb0Bw,Protection %,23.5%,2350,0,,Defense %,1.56%,156,1,1561,Defense,9,90000,1,944524,Speed,3,30000,1,309510,Health %,0.65%,65,1,658,E,4,4,0,100.0,62.0,50.0,62.0,0,0.0,slice,0,0,0,0,21.3,0.0,32.8,0.0,JARJARBINKS,CANDIDATE,SLICE,wartość moda lub dopasowanie do postaci uzasadnia kolejny roll,0.0,,,,,,,,,,,,,,,,,,,,,,,
jdql_j1mQKCMdZRGP7xrqg,656,Critical Damage,5,Cross,1,15,False,0,True,POSTAĆ: BADBATCHOMEGA,4s1nUTzYQmC_aSDUsZwVTQ,Tenacity %,24%,2400,0,,Speed,5,50000,1,592290,Defense %,1.48%,148,1,1487,Potency %,1.39%,139,1,1393,Health %,0.6%,60,1,603,E,4,4,0,100.0,62.0,83.3,62.0,0,0.0,slice,0,0,0,0,16.2,0.0,25.0,0.0,JARJARBINKS,CANDIDATE,SLICE,wartość moda lub dopasowanie do postaci uzasadnia kolejny roll,0.0,,,,,,,,,,,,,,,,,,,,,,,
kBWwMxr7SMuBh48oddLgXQ,656,Critical Damage,5,Cross,1,15,False,0,True,POSTAĆ: CADBANE,cgIOCS2bTnaFcuVB0Skslw,Potency %,24%,2400,0,,Health,244,2440000,1,24406627,Offense,44,440000,1,4387632,Defense %,1.58%,158,1,1589,Offense %,0.42%,42,1,423,E,4,4,0,100.0,66.0,0.0,66.0,0,0.0,slice,0,0,0,0,10.9,0.0,16.7,0.0,JARJARBINKS,CANDIDATE,SLICE,wartość moda lub dopasowanie do postaci uzasadnia kolejny roll,0.0,,,,,,,,,,,,,,,,,,,,,,,
kTd_-9d4SsW-TvmnS87cIg,656,Critical Damage,5,Cross,4,15,False,0,True,POSTAĆ: ASAJVENTRESS,9rTdQPHJRLOYg663QADsHQ,Offense %,5.88%,588,0,,Health,385,3850000,1,38580429,Speed,7,70000,2,326970|421800,Tenacity %,5.12%,512,3,1525|1425|2171,Defense,5,50000,1,505288,B,7,7,0,100.0,53.1,58.3,53.1,0,0.0,slice,0,0,0,0,24.5,0.0,37.6,0.0,JARJARBINKS,CANDIDATE,SLICE,wartość moda lub dopasowanie do postaci uzasadnia kolejny roll,0.0,,,,,,,,,,,,,,,,,,,,,,,
lCqq043HQd6eKlrRmVEj-w,656,Critical Damage,5,Cross,1,15,False,0,True,POSTAĆ: RESISTANCETROOPER,UXe92bH9RBC-qNgRNgSpBg,Defense %,11.75%,1175,0,,Speed,3,30000,1,323970,Health,271,2710000,1,27108950,Potency %,1.49%,149,1,1490,Health %,1.09%,109,1,1091,E,4,4,0,100.0,63.5,50.0,63.5,0,0.0,slice,0,0,0,0,21.5,0.0,33.0,0.0,JARJARBINKS,CANDIDATE,SLICE,wartość moda lub dopasowanie do postaci uzasadnia kolejny roll,0.0,,,,,,,,,,,,,,,,,,,,,,,
lcMy3pLkSEqv2nCUEOv5tg,656,Critical Damage,5,Cross,1,15,False,0,False,MAGAZYN,,Protection %,23.5%,2350,0,,Health,258,2580000,1,25891726,Speed,5,50000,1,563490,Potency %,1.42%,142,1,1426,Protection,615,6150000,1,61522542,E,4,4,0,100.0,57.5,83.3,57.5,0,0.0,slice,0,0,0,0,27.5,0.0,42.4,0.0,JARJARBINKS,CANDIDATE,KEEP,obserwuj przed wydaniem materiałów,0.0,,,,,,,,,,,,,,,,,,,,,,,
snZlQoFtRJyB7nTbbv-Txg,656,Critical Damage,5,Cross,1,15,False,0,True,POSTAĆ: AURRA_SING,HWxexlgWQSa6Y_0eBSXcbw,Protection %,23.5%,2350,0,,Critical Chance %,1.77%,177,1,1776,Protection,771,7710000,1,77195964,Potency %,2.19%,219,1,2195,Speed,5,50000,1,583200,E,4,4,0,100.0,51.7,83.3,51.7,0,0.0,slice,0,0,0,0,22.3,0.0,34.3,0.0,JARJARBINKS,CANDIDATE,KEEP,wartość secondary zbyt niska,0.0,,,,,,,,,,,,,,,,,,,,,,,
tMoAP0RsSq2oXStWBEk-yw,656,Critical Damage,5,Cross,2,15,False,0,True,POSTAĆ: HK47,_9JH3pT2SfaXaZ-0tHSQMw,Offense %,5.88%,588,0,,Health,341,3410000,1,34197994,Critical Chance %,2.87%,287,2,1297|1575,Health %,0.96%,96,1,964,Defense,8,80000,1,848092,D,5,5,0,100.0,40.8,0.0,40.8,0,0.0,slice,0,0,0,0,8.2,0.0,12.7,0.0,JARJARBINKS,CANDIDATE,KEEP,wartość secondary zbyt niska,0.0,,,,,,,,,,,,,,,,,,,,,,,
xH2afe8cQbm20TPjClRlKw,656,Critical Damage,5,Cross,2,15,False,0,True,POSTAĆ: KITFISTO,_IzZXS1PSpSB9HDxr5S_Dw,Health %,5.88%,588,0,,Protection %,1.28%,128,1,1289,Health,657,6570000,2,27168954|38533283,Speed,5,50000,1,536340,Potency %,2.06%,206,1,2067,D,5,5,0,100.0,60.0,83.3,60.0,0,0.0,slice,0,0,0,0,25.9,0.0,39.9,0.0,JARJARBINKS,CANDIDATE,SLICE,wartość moda lub dopasowanie do postaci uzasadnia kolejny roll,0.0,,,,,,,,,,,,,,,,,,,,,,,
xhqSOBz4SR2NcwT0Jc-2Dw,656,Critical Damage,5,Cross,1,15,False,0,True,POSTAĆ: DEATHTROOPER,IjtFAB8WS0i9xHoj9o97Ww,Tenacity %,24%,2400,0,,Health,325,3250000,1,32565028,Speed,5,50000,1,552180,Offense %,0.51%,51,1,517,Defense,9,90000,1,964320,E,4,4,0,100.0,68.5,83.3,68.5,0,0.0,slice,0,0,0,0,26.6,0.0,40.9,0.0,JARJARBINKS,CANDIDATE,SLICE,wartość moda lub dopasowanie do postaci uzasadnia kolejny roll,0.0,,,,,,,,,,,,,,,,,,,,,,,
zyiY1yOaQracqPmXV4AMIA,656,Critical Damage,5,Cross,1,15,False,0,True,POSTAĆ: FIRSTORDERTIEPILOT,OxZ6DwWiQLGs4heGmPpiCg,Offense %,5.88%,588,0,,Potency %,1.5%,150,1,1506,Health,295,2950000,1,29500538,Health %,0.79%,79,1,799,Defense %,1.64%,164,1,1642,E,4,4,0,100.0,49.0,0.0,49.0,0,0.0,slice,0,0,0,0,5.2,0.0,8.0,0.0,JARJARBINKS,CANDIDATE,KEEP,wartość secondary zbyt niska,0.0,,,,,,,,,,,,,,,,,,,,,,,
OmajezNZR6qrDT5KCUPNgA,656,Critical Damage,5,Cross,2,9,False,0,True,POSTAĆ: PRINCESSKNEESAA,YP8tqbTTS0-G_zvWpZYVsQ,Defense %,7.25%,725,0,,Protection %,1.9%,190,1,1903,Speed,4,40000,1,437010,Offense %,0.5%,50,1,504,Defense,6,60000,1,635628,D,4,5,1,100.0,74.0,66.7,79.2,5.2,0.0,upgrade,0,0,0,0,27.1,0.0,41.6,0.0,JARJARBINKS,CANDIDATE,UPGRADE,nieujawnione wszystkie secondary,0.0,,,,,,,,,,,,,,,,,,,,,,,
nL12X3k0QqqobX1xyHP2VA,656,Critical Damage,5,Cross,2,9,False,0,True,POSTAĆ: IG86SENTINELDROID,_2L-fZJ-RlWIgv7v8PDIBQ,Offense %,3.63%,363,0,,Potency %,1.43%,143,1,1435,Offense,24,240000,1,2375988,Health,289,2890000,1,28934786,Tenacity %,1.44%,144,1,1444,D,4,5,1,100.0,48.5,0.0,55.2,6.7,0.0,upgrade,0,0,0,0,10.9,0.0,16.7,0.0,JARJARBINKS,CANDIDATE,UPGRADE,nieujawnione wszystkie secondary,0.0,,,,,,,,,,,,,,,,,,,,,,,
EDd19ZEpQXyQq5cY04LL8g,656,Critical Damage,5,Cross,5,1,False,0,True,POSTAĆ: PRINCESSLEIA,p8xJJuTVQsmyS_n-KE-kdA,Health %,0.63%,63,0,,Protection %,1.4%,140,1,1401,Speed,3,30000,1,375360,Offense,34,340000,1,3386712,Defense,8,80000,1,870240,A,4,8,4,100.0,71.5,50.0,85.8,14.2,34.2,upgrade,0,0,0,0,32.7,0.0,50.3,0.0,JARJARBINKS,CANDIDATE,UPGRADE,nieujawnione wszystkie secondary,0.0,,,,,,,,,,,,,,,,,,,,,,,
IgPdNw-lTCaSsibs95tS9A,656,Critical Damage,5,Cross,3,1,False,0,True,POSTAĆ: GREEDO,EEBBIPwYRfGGcNIsO_1wwQ,Tenacity %,3%,300,0,,Offense %,0.35%,35,1,351,Speed,5,50000,1,517200,,,,0,,,,,0,,C,2,6,4,100.0,96.0,83.3,98.7,2.7,0.0,upgrade,0,0,0,0,32.5,0.0,50.0,0.0,JARJARBINKS,CANDIDATE,UPGRADE,nieujawnione wszystkie secondary,0.0,,,,,,,,,,,,,,,,,,,,,,,
LrIEg4huStSaubRybiFlYg,656,Critical Damage,5,Cross,4,1,False,0,True,POSTAĆ: THEMANDALORIAN,6lSlnvvGQTOnd0h0WeTJbQ,Offense %,0.63%,63,0,,Offense,31,310000,1,3041976,Protection,504,5040000,1,50413267,Speed,5,50000,1,586890,,,,0,,B,3,7,4,100.0,76.7,83.3,90.0,13.3,0.0,upgrade,0,0,0,0,37.3,0.0,57.4,0.0,JARJARBINKS,CANDIDATE,UPGRADE,nieujawnione wszystkie secondary,0.0,,,,,,,,,,,,,,,,,,,,,,,
NibA0JjtSm-zeSQhOnCXlQ,656,Critical Damage,5,Cross,4,1,False,0,True,POSTAĆ: SHINHATI,9S_8jjUPTMitddioEskQGQ,Defense %,1.25%,125,0,,Potency %,1.79%,179,1,1792,Offense %,0.48%,48,1,480,Speed,5,50000,1,550170,,,,0,,B,3,7,4,100.0,75.3,83.3,89.4,14.1,0.0,upgrade,0,0,0,0,21.7,0.0,33.3,0.0,JARJARBINKS,CANDIDATE,UPGRADE,nieujawnione wszystkie secondary,0.0,,,,,,,,,,,,,,,,,,,,,,,
S7X0a5qTT4WLaVHjUWAp4A,656,Critical Damage,5,Cross,3,1,False,0,True,POSTAĆ: HOTHREBELSCOUT,tErdjSLFT8GIu_zK5I-RZA,Health %,0.63%,63,0,,Speed,5,50000,1,524370,Critical Chance %,1.38%,138,1,1381,,,,0,,,,,0,,C,2,6,4,100.0,62.5,83.3,87.5,25.0,0.0,upgrade,0,0,0,0,32.5,0.0,50.0,0.0,JARJARBINKS,CANDIDATE,UPGRADE,nieujawnione wszystkie secondary,0.0,,,,,,,,,,,,,,,,,,,,,,,
Si8uPJK3Qn6JWGfykm6H6g,656,Critical Damage,5,Cross,4,1,False,0,True,POSTAĆ: SABINEWRENS3,jEfaMS5YSUWnBpb1d-JyAw,Defense %,1.25%,125,0,,Offense %,0.38%,38,1,387,Speed,5,50000,1,556200,Potency %,2.06%,206,1,2062,,,,0,,B,3,7,4,100.0,75.3,83.3,89.4,14.1,0.0,upgrade,0,0,0,0,21.7,0.0,33.3,0.0,JARJARBINKS,CANDIDATE,UPGRADE,nieujawnione wszystkie secondary,0.0,,,,,,,,,,,,,,,,,,,,,,,
UUAYk_rFR_ewqJemBOtIyg,656,Critical Damage,5,Cross,4,1,False,0,True,POSTAĆ: EMBO,3J0VpdD-SmqZTGXikiZ3wA,Protection %,2.5%,250,0,,Defense,5,50000,1,570605,Speed,5,50000,1,524190,Health,244,2440000,1,24404484,,,,0,,B,3,7,4,100.0,60.7,83.3,83.1,22.5,0.0,upgrade,0,0,0,0,35.4,0.0,54.5,0.0,JARJARBINKS,CANDIDATE,UPGRADE,nieujawnione wszystkie secondary,0.0,,,,,,,,,,,,,,,,,,,,,,,
_QoUs6IgQ-iy2KOcxKorqQ,656,Critical Damage,5,Cross,4,1,False,0,True,POSTAĆ: GEONOSIANSPY,dTxp0Op1QFasisO6SSNNLw,Protection %,2.5%,250,0,,Speed,5,50000,1,585750,Defense %,1.6%,160,1,1604,Potency %,1.25%,125,1,1259,,,,0,,B,3,7,4,100.0,58.7,83.3,82.3,23.6,0.0,upgrade,0,0,0,0,21.7,0.0,33.3,0.0,JARJARBINKS,CANDIDATE,UPGRADE,nieujawnione wszystkie secondary,0.0,,,,,,,,,,,,,,,,,,,,,,,
bIkPyRM9Qla-M_upvXJttA,656,Critical Damage,5,Cross,5,1,False,0,True,POSTAĆ: FIRSTORDERSPECIALFORCESPILOT,2FNKDRFzSVmSla755aKVqQ,Tenacity %,3%,300,0,,Speed,5,50000,1,522330,Potency %,1.41%,141,1,1418,Health %,0.88%,88,1,888,Critical Chance %,1.17%,117,1,1174,A,4,8,4,100.0,57.8,83.3,78.9,21.1,38.1,upgrade,0,0,0,0,16.2,0.0,25.0,0.0,JARJARBINKS,CANDIDATE,UPGRADE,nieujawnione wszystkie secondary,0.0,,,,,,,,,,,,,,,,,,,,,,,
soWbbkPhQN2k2btMN4hU5A,656,Critical Damage,5,Cross,5,1,False,0,False,MAGAZYN,,Offense %,0.63%,63,0,,Health %,0.91%,91,1,914,Health,350,3500000,1,35063766,Defense %,1.18%,118,1,1187,Speed,5,50000,1,567000,A,4,8,4,100.0,65.5,83.3,82.8,17.2,57.6,upgrade,0,0,0,0,21.5,0.0,33.0,0.0,JARJARBINKS,CANDIDATE,UPGRADE,nieujawnione wszystkie secondary,0.0,,,,,,,,,,,,,,,,,,,,,,,
2-3tx7mTSdG40NJ0NdfC7g,653,Critical Damage,5,Diamond,1,15,False,0,False,MAGAZYN,,Defense %,11.75%,1175,0,,Offense,38,380000,1,3771576,Critical Chance %,1.51%,151,1,1514,Potency %,2.02%,202,1,2027,Speed,5,50000,1,519840,E,4,4,0,100.0,60.2,83.3,60.2,0,0.0,slice,0,0,0,0,21.9,0.0,33.7,0.0,JARJARBINKS,CANDIDATE,SLICE,wartość moda lub dopasowanie do postaci uzasadnia kolejny roll,0.0,,,,,,,,,,,,,,,,,,,,,,,
EBxM2uGXQF6K4_qbuk02mQ,653,Critical Damage,5,Diamond,1,15,False,0,True,POSTAĆ: IG88,_99o-Wu8SrO65c6RIrem8g,Defense %,11.75%,1175,0,,Protection,420,4200000,1,42090655,Defense,6,60000,1,670614,Protection %,1.2%,120,1,1208,Speed,5,50000,1,529410,E,4,4,0,100.0,63.0,83.3,63.0,0,0.0,slice,0,0,0,0,33.1,0.0,51.0,0.0,JARJARBINKS,CANDIDATE,SLICE,wartość moda lub dopasowanie do postaci uzasadnia kolejny roll,0.0,,,,,,,,,,,,,,,,,,,,,,,
F6GqOF1ZS06Q4ctcBjqqBg,653,Critical Damage,5,Diamond,1,15,False,0,True,POSTAĆ: DEATHTROOPERPERIDEA,8EduLvZETyu5sKFUcwYpAQ,Defense %,11.75%,1175,0,,Offense %,0.4%,40,1,402,Protection %,1.44%,144,1,1448,Speed,5,50000,1,589470,Health %,1.08%,108,1,1081,E,4,4,0,100.0,83.5,83.3,83.5,0,0.0,slice,0,0,0,0,22.0,0.0,33.8,0.0,JARJARBINKS,CANDIDATE,SLICE,wartość moda lub dopasowanie do postaci uzasadnia kolejny roll,0.0,,,,,,,,,,,,,,,,,,,,,,,
GioAfGGeQUybSRTpfHcMcA,653,Critical Damage,5,Diamond,3,15,False,0,True,POSTAĆ: HANSOLO,vlBMnzBvScekhGF38W0oig,Defense %,11.75%,1175,0,,Defense,14,140000,2,948542|534443,Speed,9,90000,2,529200|408540,Potency %,1.69%,169,1,1694,Offense %,0.36%,36,1,367,C,6,6,0,100.0,65.7,75.0,65.7,0,0.0,slice,0,0,0,0,28.5,0.0,43.8,0.0,JARJARBINKS,CANDIDATE,SLICE,wartość moda lub dopasowanie do postaci uzasadnia kolejny roll,0.0,,,,,,,,,,,,,,,,,,,,,,,
HWXmft49RHmMn7V_26Wcag,653,Critical Damage,5,Diamond,2,15,False,0,True,POSTAĆ: HK47,_9JH3pT2SfaXaZ-0tHSQMw,Defense %,11.75%,1175,0,,Speed,3,30000,1,353310,Protection,503,5030000,1,50321901,Potency %,3.29%,329,2,2113|1179,Tenacity %,1.21%,121,1,1217,D,5,5,0,100.0,49.2,50.0,49.2,0,0.0,slice,0,0,0,0,17.9,0.0,27.5,0.0,JARJARBINKS,CANDIDATE,KEEP,wartość secondary zbyt niska,0.0,,,,,,,,,,,,,,,,,,,,,,,
Io5IeR8SQdyF49BhqDBtCQ,653,Critical Damage,5,Diamond,1,15,False,0,True,POSTAĆ: DEATHTROOPER,IjtFAB8WS0i9xHoj9o97Ww,Defense %,11.75%,1175,0,,Protection,653,6530000,1,65305925,Critical Chance %,2.08%,208,1,2086,Speed,5,50000,1,595770,Defense,5,50000,1,507248,E,4,4,0,100.0,51.7,83.3,51.7,0,0.0,slice,0,0,0,0,27.4,0.0,42.2,0.0,JARJARBINKS,CANDIDATE,KEEP,wartość secondary zbyt niska,0.0,,,,,,,,,,,,,,,,,,,,,,,
JNTle6TRTLKPilcly_qkVA,653,Critical Damage,5,Diamond,3,15,False,0,True,POSTAĆ: ANAKINKNIGHT,y_TVNxsQSHO8H95wHnzAMQ,Defense %,11.75%,1175,0,,Potency %,5.65%,565,3,2055|1907|1688,Speed,5,50000,1,577140,Offense,25,250000,1,2448264,Protection,510,5100000,1,51056982,C,6,6,0,100.0,55.3,83.3,55.3,0,0.0,slice,0,0,0,0,18.6,0.0,28.7,0.0,JARJARBINKS,CANDIDATE,KEEP,obserwuj przed wydaniem materiałów,0.0,,,,,,,,,,,,,,,,,,,,,,,
KcP76fPKREm49zloBFxQjQ,653,Critical Damage,5,Diamond,1,15,False,0,True,POSTAĆ: RESISTANCETROOPER,UXe92bH9RBC-qNgRNgSpBg,Defense %,11.75%,1175,0,,Offense,23,230000,1,2293452,Speed,5,50000,1,539520,Tenacity %,2.13%,213,1,2137,Offense %,0.54%,54,1,544,E,4,4,0,100.0,76.0,83.3,76.0,0,0.0,slice,0,0,0,0,21.9,0.0,33.7,0.0,JARJARBINKS,CANDIDATE,SLICE,wartość moda lub dopasowanie do postaci uzasadnia kolejny roll,0.0,,,,,,,,,,,,,,,,,,,,,,,
Q2J6Z3hURg2LS5cS5jiYGQ,653,Critical Damage,5,Diamond,2,15,False,0,True,POSTAĆ: DENGAR,BDU4PKqfT9OYtoYJHvWgEA,Defense %,11.75%,1175,0,,Protection,429,4290000,1,42917102,Tenacity %,1.51%,151,1,1518,Offense %,0.41%,41,1,418,Speed,9,90000,2,546060|358710,D,5,5,0,100.0,74.0,75.0,74.0,0,0.0,slice,0,0,0,0,30.9,0.0,47.5,0.0,JARJARBINKS,CANDIDATE,SLICE,wartość moda lub dopasowanie do postaci uzasadnia kolejny roll,0.0,,,,,,,,,,,,,,,,,,,,,,,
Rc7KI9koTzCTSkkaO9H_aQ,653,Critical Damage,5,Diamond,1,15,False,0,True,POSTAĆ: BADBATCHHUNTER,ftgjVcXCTeG9kkOKfFlUNA,Defense %,11.75%,1175,0,,Health %,0.64%,64,1,647,Protection %,1.72%,172,1,1729,Offense %,0.3%,30,1,301,Speed,5,50000,1,541080,E,4,4,0,100.0,83.5,83.3,83.5,0,0.0,slice,0,0,0,0,22.0,0.0,33.8,0.0,JARJARBINKS,CANDIDATE,SLICE,wartość moda lub dopasowanie do postaci uzasadnia kolejny roll,0.0,,,,,,,,,,,,,,,,,,,,,,,
Rs0NmrCIQ6SVXvguWP-8aw,653,Critical Damage,5,Diamond,1,15,False,0,True,POSTAĆ: ZEBS3,D5q4C1q7Ql2DCjsBT9cC_g,Defense %,11.75%,1175,0,,Speed,5,50000,1,517770,Protection %,2.07%,207,1,2075,Tenacity %,1.73%,173,1,1739,Protection,450,4500000,1,45080815,E,4,4,0,100.0,62.0,83.3,62.0,0,0.0,slice,0,0,0,0,28.0,0.0,43.1,0.0,JARJARBINKS,CANDIDATE,SLICE,wartość moda lub dopasowanie do postaci uzasadnia kolejny roll,0.0,,,,,,,,,,,,,,,,,,,,,,,
Vns8SnSwQTmLS9_0k050sQ,653,Critical Damage,5,Diamond,1,15,False,0,True,POSTAĆ: B2SUPERBATTLEDROID,GH4NR0ZxSSC_msZ_Rteadg,Defense %,11.75%,1175,0,,Offense,40,400000,1,3993648,Health %,0.99%,99,1,990,Speed,5,50000,1,587190,Offense %,0.36%,36,1,365,E,4,4,0,100.0,86.5,83.3,86.5,0,0.0,slice,0,0,0,0,21.9,0.0,33.7,0.0,JARJARBINKS,CANDIDATE,SLICE,wartość moda lub dopasowanie do postaci uzasadnia kolejny roll,0.0,,,,,,,,,,,,,,,,,,,,,,,
cyld309iS6W-7J-7cE4lFg,653,Critical Damage,5,Diamond,1,15,False,0,False,MAGAZYN,,Defense %,11.75%,1175,0,,Protection %,1.18%,118,1,1184,Critical Chance %,1.19%,119,1,1194,Offense %,0.48%,48,1,488,Speed,5,50000,1,516090,E,4,4,0,100.0,71.8,83.3,71.8,0,0.0,slice,0,0,0,0,22.0,0.0,33.8,0.0,JARJARBINKS,CANDIDATE,SLICE,wartość moda lub dopasowanie do postaci uzasadnia kolejny roll,0.0,,,,,,,,,,,,,,,,,,,,,,,
ikSb12P0Q0aT5E_zLkFdXQ,653,Critical Damage,5,Diamond,2,15,False,0,True,POSTAĆ: WICKET,8DP_aO6lT0WLxgUPVNx4Hw,Defense %,11.75%,1175,0,,Tenacity %,1.84%,184,1,1841,Protection,1203,12030000,2,51746380|68570183,Speed,5,50000,1,565380,Offense %,0.54%,54,1,549,D,5,5,0,100.0,63.6,83.3,63.6,0,0.0,slice,0,0,0,0,22.7,0.0,34.9,0.0,JARJARBINKS,CANDIDATE,SLICE,wartość moda lub dopasowanie do postaci uzasadnia kolejny roll,0.0,,,,,,,,,,,,,,,,,,,,,,,
kCoTsjE9QX2HzllB50feOw,653,Critical Damage,5,Diamond,1,15,False,0,True,POSTAĆ: IG86SENTINELDROID,_2L-fZJ-RlWIgv7v8PDIBQ,Defense %,11.75%,1175,0,,Defense,8,80000,1,895426,Critical Chance %,1.89%,189,1,1893,Protection %,1.18%,118,1,1188,Tenacity %,1.65%,165,1,1659,E,4,4,0,100.0,39.8,0.0,39.8,0,0.0,slice,0,0,0,0,10.8,0.0,16.6,0.0,JARJARBINKS,CANDIDATE,KEEP,wartość secondary zbyt niska,0.0,,,,,,,,,,,,,,,,,,,,,,,
samEcbjwSSSzbLDy41c4Mw,653,Critical Damage,5,Diamond,1,15,False,0,True,POSTAĆ: CLONESERGEANTPHASEI,7KnyOYxwRIqOqf7x5FA73w,Defense %,11.75%,1175,0,,Offense,46,460000,1,4539480,Speed,5,50000,1,578940,Defense,5,50000,1,585207,Critical Chance %,2.1%,210,1,2104,E,4,4,0,100.0,60.2,83.3,60.2,0,0.0,slice,0,0,0,0,27.0,0.0,41.5,0.0,JARJARBINKS,CANDIDATE,SLICE,wartość moda lub dopasowanie do postaci uzasadnia kolejny roll,0.0,,,,,,,,,,,,,,,,,,,,,,,
scQ7-07WSLmg6ezi1ZIMwg,653,Critical Damage,5,Diamond,2,15,False,0,True,POSTAĆ: KITFISTO,_IzZXS1PSpSB9HDxr5S_Dw,Defense %,11.75%,1175,0,,Speed,5,50000,1,588390,Health,693,6930000,2,29479108|39868372,Health %,0.56%,56,1,564,Offense,39,390000,1,3857076,D,5,5,0,100.0,70.0,83.3,70.0,0,0.0,slice,0,0,0,0,25.9,0.0,39.8,0.0,JARJARBINKS,CANDIDATE,SLICE,wartość moda lub dopasowanie do postaci uzasadnia kolejny roll,0.0,,,,,,,,,,,,,,,,,,,,,,,
tMFk3IZ8QsGKXs1oyLEiqQ,653,Critical Damage,5,Diamond,1,15,False,0,True,POSTAĆ: JANGOFETT,aDW9AWUPTXewZQM3KFrxIg,Defense %,11.75%,1175,0,,Offense,25,250000,1,2491356,Tenacity %,1.62%,162,1,1627,Protection %,1.38%,138,1,1386,Speed,5,50000,1,532980,E,4,4,0,100.0,70.5,83.3,70.5,0,0.0,slice,0,0,0,0,27.6,0.0,42.5,0.0,JARJARBINKS,CANDIDATE,SLICE,wartość moda lub dopasowanie do postaci uzasadnia kolejny roll,0.0,,,,,,,,,,,,,,,,,,,,,,,
wSyS0QxoRGGLdJ9Ta_VfwA,653,Critical Damage,5,Diamond,4,15,False,0,True,POSTAĆ: CARTHONASI,7MQUg-MyRx2R9oLzcUtByg,Defense %,11.75%,1175,0,,Defense,26,260000,3,888860|947415|806589,Tenacity %,2.02%,202,1,2021,Critical Chance %,1.23%,123,1,1239,Speed,10,100000,2,540120|542670,B,7,7,0,100.0,51.0,83.3,51.0,0,0.0,slice,0,0,0,0,27.3,0.0,42.0,0.0,JARJARBINKS,CANDIDATE,SLICE,wartość moda lub dopasowanie do postaci uzasadnia kolejny roll,0.0,,,,,,,,,,,,,,,,,,,,,,,
wp_lbfN8Tim_xkhdSp-gqg,653,Critical Damage,5,Diamond,2,15,False,0,True,POSTAĆ: PRINCESSKNEESAA,YP8tqbTTS0-G_zvWpZYVsQ,Defense %,11.75%,1175,0,,Health,282,2820000,1,28268313,Speed,5,50000,1,552990,Offense,34,340000,1,3353424,Protection,1104,11040000,2,67286906|43187047,D,5,5,0,100.0,65.2,83.3,65.2,0,0.0,slice,0,0,0,0,31.4,0.0,48.3,0.0,JARJARBINKS,CANDIDATE,SLICE,wartość moda lub dopasowanie do postaci uzasadnia kolejny roll,0.0,,,,,,,,,,,,,,,,,,,,,,,
yfU7qg8KR-WnD5AaM5i7Kw,653,Critical Damage,5,Diamond,1,15,False,0,True,POSTAĆ: SMUGGLERCHEWBACCA,AL3U1YFvTpiUOvsx0_Nrwg,Defense %,11.75%,1175,0,,Protection %,2.17%,217,1,2176,Defense,8,80000,1,896357,Offense,35,350000,1,3432084,Speed,5,50000,1,553110,E,4,4,0,100.0,71.5,83.3,71.5,0,0.0,slice,0,0,0,0,32.7,0.0,50.3,0.0,JARJARBINKS,CANDIDATE,SLICE,wartość moda lub dopasowanie do postaci uzasadnia kolejny roll,0.0,,,,,,,,,,,,,,,,,,,,,,,
8Qm1eyKsTRKxtx07Y03K9Q,653,Critical Damage,5,Diamond,2,9,False,0,True,POSTAĆ: IDENVERSIOEMPIRE,sr_nh4YITPmLdZfkcE52Sg,Defense %,7.25%,725,0,,Tenacity %,2.21%,221,1,2218,Offense %,0.39%,39,1,391,Potency %,1.81%,181,1,1818,Offense,27,270000,1,2664180,D,4,5,1,100.0,59.5,0.0,66.0,6.5,0.0,upgrade,0,0,0,0,5.6,0.0,8.7,0.0,JARJARBINKS,CANDIDATE,UPGRADE,nieujawnione wszystkie secondary,0.0,,,,,,,,,,,,,,,,,,,,,,,
EunDRbRlSA69tr3JV5I-Zg,653,Critical Damage,5,Diamond,2,9,False,0,True,POSTAĆ: SITHMARAUDER,KhTJFN1rSYC3fNW3msb0Bw,Defense %,7.25%,725,0,,Offense,45,450000,1,4411116,Protection,691,6910000,1,69122532,Defense,8,80000,1,889987,Speed,5,50000,1,502050,D,4,5,1,100.0,66.0,83.3,72.8,6.8,0.0,upgrade,0,0,0,0,33.1,0.0,50.9,0.0,JARJARBINKS,CANDIDATE,UPGRADE,nieujawnione wszystkie secondary,0.0,,,,,,,,,,,,,,,,,,,,,,,
I71hmT0jT7WX6ms5POHpEg,653,Critical Damage,5,Diamond,2,9,False,0,True,POSTAĆ: FIRSTORDEREXECUTIONER,-5fKFKFWQ-S2jMql8uPcpQ,Defense %,7.25%,725,0,,Defense,6,60000,1,649103,Critical Chance %,1.77%,177,1,1771,Tenacity %,2.24%,224,1,2246,Offense %,0.39%,39,1,390,D,4,5,1,100.0,45.2,0.0,54.6,9.4,0.0,upgrade,0,0,0,0,5.1,0.0,7.8,0.0,JARJARBINKS,CANDIDATE,UPGRADE,nieujawnione wszystkie secondary,0.0,,,,,,,,,,,,,,,,,,,,,,,
0PqHkFRnQriD_oyeSOjBjQ,653,Critical Damage,5,Diamond,3,6,False,0,True,POSTAĆ: CT210408,YPRCzSBMSZOy5sV9hrImNg,Defense %,5%,500,0,,Health %,0.58%,58,1,583,Protection %,1.43%,143,1,1437,Offense,43,430000,1,4217772,Protection,689,6890000,1,68952259,C,4,6,2,100.0,68.0,0.0,72.7,4.7,0.0,upgrade,0,0,0,0,17.4,0.0,26.8,0.0,JARJARBINKS,CANDIDATE,UPGRADE,nieujawnione wszystkie secondary,0.0,,,,,,,,,,,,,,,,,,,,,,,
aWx0g8jhSU6eJ_pgd-SYJg,653,Critical Damage,5,Diamond,3,6,False,0,True,POSTAĆ: SMUGGLERHAN,6rtX-2-GT3iPpVPb0Ha2NA,Defense %,5%,500,0,,Critical Chance %,1.92%,192,1,1928,Tenacity %,1.16%,116,1,1167,Speed,5,50000,1,590490,Potency %,1.5%,150,1,1507,C,4,6,2,100.0,47.2,83.3,64.8,17.6,0.0,upgrade,0,0,0,0,16.2,0.0,25.0,0.0,JARJARBINKS,CANDIDATE,UPGRADE,nieujawnione wszystkie secondary,0.0,,,,,,,,,,,,,,,,,,,,,,,
8bNZnLZuSt2YGXU-9TZnow,653,Critical Damage,5,Diamond,2,1,False,0,True,POSTAĆ: HOTHREBELSCOUT,tErdjSLFT8GIu_zK5I-RZA,Defense %,1.25%,125,0,,Speed,5,50000,1,570570,,,,0,,,,,0,,,,,0,,D,1,5,4,100.0,100.0,83.3,100.0,0,0.0,upgrade,0,0,0,0,65.0,0.0,100.0,0.0,JARJARBINKS,CANDIDATE,UPGRADE,nieujawnione wszystkie secondary,0.0,,,,,,,,,,,,,,,,,,,,,,,
LQhCu1WWSOu1Rf9xEaJOOQ,653,Critical Damage,5,Diamond,5,1,False,0,True,POSTAĆ: THEMANDALORIAN,6lSlnvvGQTOnd0h0WeTJbQ,Defense %,1.25%,125,0,,Protection %,1.85%,185,1,1850,Critical Chance %,1.43%,143,1,1432,Offense %,0.31%,31,1,319,Speed,5,50000,1,538500,A,4,8,4,100.0,71.8,83.3,85.9,14.1,42.1,upgrade,0,0,0,0,22.0,0.0,33.8,0.0,JARJARBINKS,CANDIDATE,UPGRADE,nieujawnione wszystkie secondary,0.0,,,,,,,,,,,,,,,,,,,,,,,
Q0w4m9pCSA2whiBJSBL_mQ,653,Critical Damage,5,Diamond,5,1,False,0,False,MAGAZYN,,Defense %,1.25%,125,0,,Speed,5,50000,1,513090,Critical Chance %,1.28%,128,1,1281,Protection %,1.64%,164,1,1649,Offense %,0.46%,46,1,466,A,4,8,4,100.0,71.8,83.3,85.9,14.1,47.4,upgrade,0,0,0,0,22.0,0.0,33.8,0.0,JARJARBINKS,CANDIDATE,UPGRADE,nieujawnione wszystkie secondary,0.0,,,,,,,,,,,,,,,,,,,,,,,
UtBxgrdQS4CEeRenJaBFIA,653,Critical Damage,5,Diamond,5,1,False,0,True,POSTAĆ: EMBO,3J0VpdD-SmqZTGXikiZ3wA,Defense %,1.25%,125,0,,Potency %,1.72%,172,1,1721,Defense,9,90000,1,950012,Tenacity %,1.37%,137,1,1372,Speed,5,50000,1,541020,A,4,8,4,100.0,49.5,83.3,74.8,25.2,56.3,upgrade,0,0,0,0,21.3,0.0,32.8,0.0,JARJARBINKS,CANDIDATE,UPGRADE,nieujawnione wszystkie secondary,0.0,,,,,,,,,,,,,,,,,,,,,,,
_Fh5sFhRTnijtaGBDjGNRQ,653,Critical Damage,5,Diamond,2,1,False,0,True,POSTAĆ: FIRSTORDERSPECIALFORCESPILOT,2FNKDRFzSVmSla755aKVqQ,Defense %,1.25%,125,0,,Speed,5,50000,1,545490,,,,0,,,,,0,,,,,0,,D,1,5,4,100.0,100.0,83.3,100.0,0,0.0,upgrade,0,0,0,0,65.0,0.0,100.0,0.0,JARJARBINKS,CANDIDATE,UPGRADE,nieujawnione wszystkie secondary,0.0,,,,,,,,,,,,,,,,,,,,,,,
gIwXEHnBRS2XK8DrRk72LA,653,Critical Damage,5,Diamond,4,1,False,0,True,POSTAĆ: BOKATAN,JCTZSSscTn-Zm1kJbrV0pw,Defense %,1.25%,125,0,,Speed,5,50000,1,599970,Offense %,0.37%,37,1,375,Potency %,1.39%,139,1,1396,,,,0,,B,3,7,4,100.0,75.3,83.3,89.4,14.1,0.0,upgrade,0,0,0,0,21.7,0.0,33.3,0.0,JARJARBINKS,CANDIDATE,UPGRADE,nieujawnione wszystkie secondary,0.0,,,,,,,,,,,,,,,,,,,,,,,
ygIDYn1iRpOXLdRJvNy0nQ,653,Critical Damage,5,Diamond,3,1,False,0,False,MAGAZYN,,Defense %,1.25%,125,0,,Critical Chance %,1.13%,113,1,1131,Speed,5,50000,1,507930,,,,0,,,,,0,,C,2,6,4,100.0,62.5,83.3,87.5,25.0,0.0,upgrade,0,0,0,0,32.5,0.0,50.0,0.0,JARJARBINKS,CANDIDATE,UPGRADE,nieujawnione wszystkie secondary,0.0,,,,,,,,,,,,,,,,,,,,,,,
2fI8gGJSTIGvMuVWPJpCNQ,651,Critical Damage,5,Square,1,15,False,0,True,POSTAĆ: SHINHATI,9S_8jjUPTMitddioEskQGQ,Offense %,5.88%,588,0,,Speed,5,50000,1,563550,Protection,418,4180000,1,41824863,Tenacity %,1.73%,173,1,1732,Protection %,2.1%,210,1,2100,E,4,4,0,100.0,62.0,83.3,62.0,0,0.0,slice,0,0,0,0,28.0,0.0,43.1,0.0,JARJARBINKS,CANDIDATE,SLICE,wartość moda lub dopasowanie do postaci uzasadnia kolejny roll,0.0,,,,,,,,,,,,,,,,,,,,,,,
4KjW0E_uSKWzIcuDu0XJlg,651,Critical Damage,5,Square,1,15,False,0,True,POSTAĆ: CT210408,YPRCzSBMSZOy5sV9hrImNg,Offense %,5.88%,588,0,,Speed,5,50000,1,539760,Tenacity %,1.91%,191,1,1919,Defense %,1.09%,109,1,1097,Health,382,3820000,1,38222548,E,4,4,0,100.0,55.0,83.3,55.0,0,0.0,slice,0,0,0,0,21.5,0.0,33.0,0.0,JARJARBINKS,CANDIDATE,KEEP,obserwuj przed wydaniem materiałów,0.0,,,,,,,,,,,,,,,,,,,,,,,
Ch1tqhmDT1WiNVV4fzv6Gg,651,Critical Damage,5,Square,1,15,False,0,True,POSTAĆ: JANGOFETT,aDW9AWUPTXewZQM3KFrxIg,Offense %,5.88%,588,0,,Protection,449,4490000,1,44960378,Defense %,1.41%,141,1,1415,Critical Chance %,2.09%,209,1,2099,Speed,5,50000,1,501240,E,4,4,0,100.0,53.8,83.3,53.8,0,0.0,slice,0,0,0,0,22.3,0.0,34.3,0.0,JARJARBINKS,CANDIDATE,KEEP,obserwuj przed wydaniem materiałów,0.0,,,,,,,,,,,,,,,,,,,,,,,
HLNNsn4sSr68Oxxih79uXg,651,Critical Damage,5,Square,1,15,False,0,True,POSTAĆ: DEATHTROOPER,IjtFAB8WS0i9xHoj9o97Ww,Offense %,5.88%,588,0,,Health %,0.79%,79,1,799,Health,296,2960000,1,29641976,Critical Chance %,1.99%,199,1,1991,Speed,5,50000,1,522780,E,4,4,0,100.0,61.3,83.3,61.3,0,0.0,slice,0,0,0,0,21.5,0.0,33.0,0.0,JARJARBINKS,CANDIDATE,SLICE,wartość moda lub dopasowanie do postaci uzasadnia kolejny roll,0.0,,,,,,,,,,,,,,,,,,,,,,,
Hp9xbofwT5Sp9IYHT3SzAw,651,Critical Damage,5,Square,1,15,False,0,True,POSTAĆ: IG88,_99o-Wu8SrO65c6RIrem8g,Offense %,5.88%,588,0,,Critical Chance %,1.9%,190,1,1909,Protection %,2%,200,1,2000,Speed,5,50000,1,570780,Defense %,1.11%,111,1,1115,E,4,4,0,100.0,59.2,83.3,59.2,0,0.0,slice,0,0,0,0,22.0,0.0,33.8,0.0,JARJARBINKS,CANDIDATE,SLICE,wartość moda lub dopasowanie do postaci uzasadnia kolejny roll,0.0,,,,,,,,,,,,,,,,,,,,,,,
I6xB2f08QvKrpwVKNvrpag,651,Critical Damage,5,Square,5,15,False,0,True,POSTAĆ: HOTHLEIA,RtJDe5hPSziO9rDKc8VzLw,Offense %,5.88%,588,0,,Health %,0.9%,90,1,901,Speed,5,50000,1,573420,Potency %,5.51%,551,3,1439|2148|1925,Tenacity %,6.11%,611,3,2149|1919|2050,A,8,8,0,100.0,45.5,83.3,45.5,0,69.9,6-dot,0,0,0,0,8.1,0.0,12.5,0.0,JARJARBINKS,CANDIDATE,SLICE_6E,5A ma wystarczającą wartość lub dopasowanie do postaci,0.0,,,,,,,,,,,,,,,,,,,,,,,
Im8_u_HwSjO7hMsp8a3HxQ,651,Critical Damage,5,Square,1,15,False,0,False,MAGAZYN,,Offense %,5.88%,588,0,,Health,339,3390000,1,33934405,Speed,5,50000,1,551580,Protection,748,7480000,1,74816295,Critical Chance %,1.22%,122,1,1223,E,4,4,0,100.0,55.2,83.3,55.2,0,0.0,slice,0,0,0,0,27.5,0.0,42.4,0.0,JARJARBINKS,CANDIDATE,KEEP,obserwuj przed wydaniem materiałów,0.0,,,,,,,,,,,,,,,,,,,,,,,
KmxfjuWTRUKqZps5K1nIyA,651,Critical Damage,5,Square,1,15,False,0,False,MAGAZYN,,Offense %,5.88%,588,0,,Tenacity %,1.74%,174,1,1740,Offense,41,410000,1,4003680,Speed,5,50000,1,509460,Potency %,1.19%,119,1,1195,E,4,4,0,100.0,61.5,83.3,61.5,0,0.0,slice,0,0,0,0,21.9,0.0,33.7,0.0,JARJARBINKS,CANDIDATE,SLICE,wartość moda lub dopasowanie do postaci uzasadnia kolejny roll,0.0,,,,,,,,,,,,,,,,,,,,,,,
PPSPn0XTS2KCEzN13j_sLg,651,Critical Damage,5,Square,1,15,False,0,True,POSTAĆ: GREEDO,EEBBIPwYRfGGcNIsO_1wwQ,Offense %,5.88%,588,0,,Protection %,1.25%,125,1,1252,Potency %,1.94%,194,1,1946,Tenacity %,1.6%,160,1,1609,Speed,5,50000,1,564360,E,4,4,0,100.0,58.5,83.3,58.5,0,0.0,slice,0,0,0,0,22.0,0.0,33.8,0.0,JARJARBINKS,CANDIDATE,SLICE,wartość moda lub dopasowanie do postaci uzasadnia kolejny roll,0.0,,,,,,,,,,,,,,,,,,,,,,,
QchEtODpSG-1ZNSVhEGhcA,651,Critical Damage,5,Square,1,15,False,0,True,POSTAĆ: GEONOSIANSOLDIER,LvNZqxXYT-GiIZkY9B14ZQ,Offense %,5.88%,588,0,,Tenacity %,2.17%,217,1,2172,Speed,5,50000,1,536730,Potency %,2.03%,203,1,2036,Defense %,0.92%,92,1,929,E,4,4,0,100.0,51.5,83.3,51.5,0,0.0,slice,0,0,0,0,16.2,0.0,25.0,0.0,JARJARBINKS,CANDIDATE,KEEP,wartość secondary zbyt niska,0.0,,,,,,,,,,,,,,,,,,,,,,,
SA5Ys2ZiRhy2TCYrqq9tTw,651,Critical Damage,5,Square,2,15,False,0,True,POSTAĆ: PRINCESSKNEESAA,YP8tqbTTS0-G_zvWpZYVsQ,Offense %,5.88%,588,0,,Potency %,1.9%,190,1,1904,Critical Chance %,1.91%,191,1,1917,Health,262,2620000,1,26290324,Speed,9,90000,2,532560|440940,D,5,5,0,100.0,61.4,75.0,61.4,0,0.0,slice,0,0,0,0,30.2,0.0,46.4,0.0,JARJARBINKS,CANDIDATE,SLICE,wartość moda lub dopasowanie do postaci uzasadnia kolejny roll,0.0,,,,,,,,,,,,,,,,,,,,,,,
YSnzaCGjS4q0HfhGtXD-Sg,651,Critical Damage,5,Square,2,15,False,0,True,POSTAĆ: ZEBS3,D5q4C1q7Ql2DCjsBT9cC_g,Offense %,5.88%,588,0,,Speed,5,50000,1,540000,Tenacity %,1.7%,170,1,1700,Protection,1261,12610000,2,53378509|72802090,Offense,40,400000,1,3967428,D,5,5,0,100.0,61.6,83.3,61.6,0,0.0,slice,0,0,0,0,27.2,0.0,41.9,0.0,JARJARBINKS,CANDIDATE,SLICE,wartość moda lub dopasowanie do postaci uzasadnia kolejny roll,0.0,,,,,,,,,,,,,,,,,,,,,,,
drcwhYTcQueqSQGyJUq77w,651,Critical Damage,5,Square,1,15,False,0,True,POSTAĆ: EMBO,3J0VpdD-SmqZTGXikiZ3wA,Offense %,5.88%,588,0,,Defense,9,90000,1,924777,Speed,5,50000,1,567180,Defense %,1.06%,106,1,1060,Potency %,1.28%,128,1,1289,E,4,4,0,100.0,52.5,83.3,52.5,0,0.0,slice,0,0,0,0,21.3,0.0,32.8,0.0,JARJARBINKS,CANDIDATE,KEEP,obserwuj przed wydaniem materiałów,0.0,,,,,,,,,,,,,,,,,,,,,,,
fxiq68LxQMyHWs9i0DQGUw,651,Critical Damage,5,Square,1,15,False,0,True,POSTAĆ: SABINEWRENS3,jEfaMS5YSUWnBpb1d-JyAw,Offense %,5.88%,588,0,,Speed,5,50000,1,567540,Health %,0.58%,58,1,581,Offense,33,330000,1,3235320,Critical Chance %,1.72%,172,1,1720,E,4,4,0,100.0,69.8,83.3,69.8,0,0.0,slice,0,0,0,0,21.9,0.0,33.7,0.0,JARJARBINKS,CANDIDATE,SLICE,wartość moda lub dopasowanie do postaci uzasadnia kolejny roll,0.0,,,,,,,,,,,,,,,,,,,,,,,
mvSWGsPQT2quRbKUsX95yg,651,Critical Damage,5,Square,1,15,False,0,True,POSTAĆ: IDENVERSIOEMPIRE,sr_nh4YITPmLdZfkcE52Sg,Offense %,5.88%,588,0,,Health %,1.09%,109,1,1093,Speed,4,40000,1,450510,Potency %,1.38%,138,1,1384,Defense %,1.11%,111,1,1116,E,4,4,0,100.0,62.0,66.7,62.0,0,0.0,slice,0,0,0,0,16.2,0.0,25.0,0.0,JARJARBINKS,CANDIDATE,SLICE,wartość moda lub dopasowanie do postaci uzasadnia kolejny roll,0.0,,,,,,,,,,,,,,,,,,,,,,,
o_KkQuRRTumEBzeitB89qg,651,Critical Damage,5,Square,1,15,False,0,False,MAGAZYN,,Offense %,5.88%,588,0,,Protection %,1.9%,190,1,1901,Protection,555,5550000,1,55587905,Offense,29,290000,1,2810556,Speed,5,50000,1,512430,E,4,4,0,100.0,75.0,83.3,75.0,0,0.0,slice,0,0,0,0,33.7,0.0,51.8,0.0,JARJARBINKS,CANDIDATE,PATCH,PATCH ARMORER; zachowanie setu Speed,-0.5,p1BDuHx8RDCCC_z90R7-tA,SAFE,NSinPVNVS-uTPzn_RdGjdQ,ARMORER,Square,JARJARBINKS:Square,2,3,MOD: ADMIRALPIETT -> JARJARBINKS; PATCH: ARMORER -> ADMIRALPIETT; PATCH: MAGAZYN -> ARMORER,-0.5,,,,,,,,,,,,,
oeRiioMPQdqVFxdBdVVTyA,651,Critical Damage,5,Square,2,15,False,0,True,POSTAĆ: HK47,_9JH3pT2SfaXaZ-0tHSQMw,Offense %,5.88%,588,0,,Offense,34,340000,1,3327660,Health,301,3010000,1,30167011,Potency %,2.58%,258,2,1230|1353,Speed,5,50000,1,570660,D,5,5,0,100.0,59.6,83.3,59.6,0,0.0,slice,0,0,0,0,21.7,0.0,33.4,0.0,JARJARBINKS,CANDIDATE,SLICE,wartość moda lub dopasowanie do postaci uzasadnia kolejny roll,0.0,,,,,,,,,,,,,,,,,,,,,,,
pWSVS9G6QJG822pVcVMnNg,651,Critical Damage,5,Square,1,15,False,0,True,POSTAĆ: TUSKENHUNTRESS,Om8oxl8XQyy1PCqOuPpJ3g,Offense %,5.88%,588,0,,Potency %,2.17%,217,1,2171,Critical Chance %,1.35%,135,1,1352,Speed,5,50000,1,517320,Offense,40,400000,1,3946908,E,4,4,0,100.0,60.2,83.3,60.2,0,0.0,slice,0,0,0,0,21.9,0.0,33.7,0.0,JARJARBINKS,CANDIDATE,SLICE,wartość moda lub dopasowanie do postaci uzasadnia kolejny roll,0.0,,,,,,,,,,,,,,,,,,,,,,,
qMyXzYYFQ8Sxa2KVEiCEng,651,Critical Damage,5,Square,1,15,False,0,True,POSTAĆ: PRINCESSLEIA,p8xJJuTVQsmyS_n-KE-kdA,Offense %,5.88%,588,0,,Potency %,2.1%,210,1,2101,Speed,5,50000,1,560940,Protection,497,4970000,1,49790317,Defense,8,80000,1,848631,E,4,4,0,100.0,54.0,83.3,54.0,0,0.0,slice,0,0,0,0,27.4,0.0,42.2,0.0,JARJARBINKS,CANDIDATE,KEEP,obserwuj przed wydaniem materiałów,0.0,,,,,,,,,,,,,,,,,,,,,,,
r2JW0_kGQtm4hMTFrpeh0Q,651,Critical Damage,5,Square,2,15,False,0,True,POSTAĆ: AURRA_SING,HWxexlgWQSa6Y_0eBSXcbw,Offense %,5.88%,588,0,,Speed,10,100000,2,565710|510270,Health,411,4110000,1,41115598,Defense %,1.4%,140,1,1406,Defense,6,60000,1,653513,D,5,5,0,100.0,64.8,83.3,64.8,0,0.0,slice,0,0,0,0,34.2,0.0,52.7,0.0,JARJARBINKS,CANDIDATE,SLICE,wartość moda lub dopasowanie do postaci uzasadnia kolejny roll,0.0,,,,,,,,,,,,,,,,,,,,,,,
sP7wnc9lRMOTUW4d9s2ovw,651,Critical Damage,5,Square,5,15,False,0,True,POSTAĆ: DENGAR,BDU4PKqfT9OYtoYJHvWgEA,Offense %,5.88%,588,0,,Health %,1.69%,169,2,1114|579,Critical Chance %,3.18%,318,2,1189|1993,Potency %,3.96%,396,2,2040|1922,Speed,10,100000,2,509490|501630,A,8,8,0,100.0,57.8,83.3,57.8,0,58.6,6-dot,0,0,0,0,16.2,0.0,25.0,0.0,JARJARBINKS,CANDIDATE,SLICE_6E,5A ma wystarczającą wartość lub dopasowanie do postaci,0.0,,,,,,,,,,,,,,,,,,,,,,,
uX9B68b4QCSoQGDd06WWGA,651,Critical Damage,5,Square,1,15,False,0,True,POSTAĆ: SITHMARAUDER,KhTJFN1rSYC3fNW3msb0Bw,Offense %,5.88%,588,0,,Health %,0.81%,81,1,817,Potency %,2.16%,216,1,2165,Speed,5,50000,1,519930,Health,423,4230000,1,42394969,E,4,4,0,100.0,63.5,83.3,63.5,0,0.0,slice,0,0,0,0,21.5,0.0,33.0,0.0,JARJARBINKS,CANDIDATE,SLICE,wartość moda lub dopasowanie do postaci uzasadnia kolejny roll,0.0,,,,,,,,,,,,,,,,,,,,,,,
xt2bLDXxTfmEzJuBhJsqVw,651,Critical Damage,5,Square,1,15,False,0,True,POSTAĆ: WICKET,8DP_aO6lT0WLxgUPVNx4Hw,Offense %,5.88%,588,0,,Potency %,1.49%,149,1,1498,Health %,0.9%,90,1,909,Tenacity %,2.19%,219,1,2194,Speed,5,50000,1,528750,E,4,4,0,100.0,59.0,83.3,59.0,0,0.0,slice,0,0,0,0,16.2,0.0,25.0,0.0,JARJARBINKS,CANDIDATE,SLICE,wartość moda lub dopasowanie do postaci uzasadnia kolejny roll,0.0,,,,,,,,,,,,,,,,,,,,,,,
xvmC-hLWRM-LiMp23hHJDg,651,Critical Damage,5,Square,1,15,False,0,True,POSTAĆ: SMUGGLERCHEWBACCA,AL3U1YFvTpiUOvsx0_Nrwg,Offense %,5.88%,588,0,,Health %,1%,100,1,1009,Offense,26,260000,1,2531940,Health,283,2830000,1,28304744,Speed,5,50000,1,593370,E,4,4,0,100.0,75.5,83.3,75.5,0,0.0,slice,0,0,0,0,27.1,0.0,41.7,0.0,JARJARBINKS,CANDIDATE,SLICE,wartość moda lub dopasowanie do postaci uzasadnia kolejny roll,0.0,,,,,,,,,,,,,,,,,,,,,,,
zQOotLgcRDag41rfErbPtQ,651,Critical Damage,5,Square,3,15,False,0,True,POSTAĆ: HANSOLO,vlBMnzBvScekhGF38W0oig,Offense %,5.88%,588,0,,Health,728,7280000,2,32202861|40629137,Speed,5,50000,1,530400,Health %,1.01%,101,1,1011,Defense %,2.8%,280,2,1488|1312,C,6,6,0,100.0,58.7,83.3,58.7,0,0.0,slice,0,0,0,0,17.8,0.0,27.4,0.0,JARJARBINKS,CANDIDATE,SLICE,wartość moda lub dopasowanie do postaci uzasadnia kolejny roll,0.0,,,,,,,,,,,,,,,,,,,,,,,
Dtmr0uvYTdWamIIGqi-_lw,651,Critical Damage,5,Square,2,9,False,0,True,POSTAĆ: BOKATAN,JCTZSSscTn-Zm1kJbrV0pw,Offense %,3.63%,363,0,,Defense,6,60000,1,672966,Speed,5,50000,1,513570,Potency %,1.18%,118,1,1189,Health %,0.78%,78,1,786,D,4,5,1,100.0,60.0,83.3,68.0,8.0,0.0,upgrade,0,0,0,0,21.3,0.0,32.8,0.0,JARJARBINKS,CANDIDATE,UPGRADE,nieujawnione wszystkie secondary,0.0,,,,,,,,,,,,,,,,,,,,,,,
VD36Eub3SRWCMxKSybw5Cw,651,Critical Damage,5,Square,3,6,False,0,True,POSTAĆ: SMUGGLERHAN,6rtX-2-GT3iPpVPb0Ha2NA,Offense %,2.5%,250,0,,Offense,30,300000,1,2960580,Defense %,1.47%,147,1,1478,Tenacity %,2.21%,221,1,2211,Speed,5,50000,1,527250,C,4,6,2,100.0,63.5,83.3,75.7,12.2,0.0,upgrade,0,0,0,0,21.9,0.0,33.7,0.0,JARJARBINKS,CANDIDATE,UPGRADE,nieujawnione wszystkie secondary,0.0,,,,,,,,,,,,,,,,,,,,,,,
YxWaeMtnREuiIksCOeQgGw,651,Critical Damage,5,Square,3,6,False,0,True,POSTAĆ: THEMANDALORIAN,6lSlnvvGQTOnd0h0WeTJbQ,Offense %,2.5%,250,0,,Protection %,1.72%,172,1,1726,Offense,40,400000,1,3903588,Speed,5,50000,1,556830,Health,336,3360000,1,33615098,C,4,6,2,100.0,75.0,83.3,83.3,8.3,0.0,upgrade,0,0,0,0,32.8,0.0,50.5,0.0,JARJARBINKS,CANDIDATE,UPGRADE,nieujawnione wszystkie secondary,0.0,,,,,,,,,,,,,,,,,,,,,,,
_AwAsfc3TNaUFm3qsNdGMw,651,Critical Damage,5,Square,3,6,False,0,True,POSTAĆ: HOTHREBELSCOUT,tErdjSLFT8GIu_zK5I-RZA,Offense %,2.5%,250,0,,Health,342,3420000,1,34272999,Protection,686,6860000,1,68694773,Speed,5,50000,1,518850,Critical Chance %,1.73%,173,1,1735,C,4,6,2,100.0,55.2,83.3,70.2,14.9,0.0,upgrade,0,0,0,0,27.5,0.0,42.4,0.0,JARJARBINKS,CANDIDATE,UPGRADE,nieujawnione wszystkie secondary,0.0,,,,,,,,,,,,,,,,,,,,,,,
FW0OyOedSZ-JS74Tu4VFFA,651,Critical Damage,5,Square,3,1,False,0,True,POSTAĆ: FIRSTORDEREXECUTIONER,-5fKFKFWQ-S2jMql8uPcpQ,Offense %,0.63%,63,0,,Speed,3,30000,1,321330,Tenacity %,1.76%,176,1,1762,,,,0,,,,,0,,C,2,6,4,100.0,65.0,50.0,88.3,23.3,0.0,upgrade,0,0,0,0,32.5,0.0,50.0,0.0,JARJARBINKS,CANDIDATE,UPGRADE,nieujawnione wszystkie secondary,0.0,,,,,,,,,,,,,,,,,,,,,,,
kU312C_BTVqh3beTqhJAvw,651,Critical Damage,5,Square,3,1,False,0,True,POSTAĆ: NIGHTSISTERACOLYTE,cpJlNZsaRV-Sn2cV0HaJAQ,Offense %,0.63%,63,0,,Speed,5,50000,1,570930,Health,295,2950000,1,29596973,,,,0,,,,,0,,C,2,6,4,100.0,74.0,83.3,91.3,17.3,0.0,upgrade,0,0,0,0,42.9,0.0,66.0,0.0,JARJARBINKS,CANDIDATE,UPGRADE,nieujawnione wszystkie secondary,0.0,,,,,,,,,,,,,,,,,,,,,,,
wDU7o-WFQnSeKxeMTQIpcw,651,Critical Damage,5,Square,2,1,False,0,True,POSTAĆ: BADBATCHOMEGA,4s1nUTzYQmC_aSDUsZwVTQ,Offense %,0.63%,63,0,,Speed,5,50000,1,553890,,,,0,,,,,0,,,,,0,,D,1,5,4,100.0,100.0,83.3,100.0,0,0.0,upgrade,0,0,0,0,65.0,0.0,100.0,0.0,JARJARBINKS,CANDIDATE,UPGRADE,nieujawnione wszystkie secondary,0.0,,,,,,,,,,,,,,,,,,,,,,,
wTA85CywTIKA5XDA-lcMbA,651,Critical Damage,5,Square,3,1,False,0,True,POSTAĆ: BIGGSDARKLIGHTER,26GkhZfITD-drSSqkDpQpg,Offense %,0.63%,63,0,,Speed,5,50000,1,572130,Protection %,1.85%,185,1,1858,,,,0,,,,,0,,C,2,6,4,100.0,85.0,83.3,95.0,10.0,0.0,upgrade,0,0,0,0,43.9,0.0,67.6,0.0,JARJARBINKS,CANDIDATE,UPGRADE,nieujawnione wszystkie secondary,0.0,,,,,,,,,,,,,,,,,,,,,,,
2Ngy2cRMSti0mc34S_TkFA,654,Critical Damage,5,Triangle,1,15,False,0,True,POSTAĆ: GEONOSIANSOLDIER,LvNZqxXYT-GiIZkY9B14ZQ,Critical Chance %,12%,1200,0,,Defense,5,50000,1,564480,Tenacity %,1.36%,136,1,1369,Protection %,1.74%,174,1,1749,Speed,5,50000,1,520440,E,4,4,0,100.0,58.5,83.3,58.5,0,0.0,slice,0,0,0,0,27.1,0.0,41.6,0.0,JARJARBINKS,CANDIDATE,SLICE,wartość moda lub dopasowanie do postaci uzasadnia kolejny roll,0.0,,,,,,,,,,,,,,,,,,,,,,,
4y7RdZBwQyeaI3EqtwVi-A,654,Critical Damage,5,Triangle,1,15,False,0,False,MAGAZYN,,Critical Chance %,12%,1200,0,,Potency %,2.11%,211,1,2114,Speed,5,50000,1,590550,Tenacity %,1.48%,148,1,1481,Health,240,2400000,1,24029459,E,4,4,0,100.0,53.0,83.3,53.0,0,0.0,slice,0,0,0,0,21.5,0.0,33.0,0.0,JARJARBINKS,CANDIDATE,KEEP,obserwuj przed wydaniem materiałów,0.0,,,,,,,,,,,,,,,,,,,,,,,
6nVwYyijSFGKZ2WSoJTuEg,654,Critical Damage,5,Triangle,1,15,False,0,True,POSTAĆ: SMUGGLERHAN,6rtX-2-GT3iPpVPb0Ha2NA,Defense %,11.75%,1175,0,,Speed,4,40000,1,402660,Potency %,1.79%,179,1,1790,Tenacity %,1.17%,117,1,1177,Offense %,0.48%,48,1,486,E,4,4,0,100.0,64.0,66.7,64.0,0,0.0,slice,0,0,0,0,16.2,0.0,25.0,0.0,JARJARBINKS,CANDIDATE,SLICE,wartość moda lub dopasowanie do postaci uzasadnia kolejny roll,0.0,,,,,,,,,,,,,,,,,,,,,,,
7_LkQAOGQ4aQHu8Zg_Qw_g,654,Critical Damage,5,Triangle,1,15,False,0,True,POSTAĆ: CT210408,YPRCzSBMSZOy5sV9hrImNg,Critical Damage %,36%,3600,0,,Speed,5,50000,1,517380,Protection,546,5460000,1,54607797,Protection %,2.17%,217,1,2172,Critical Chance %,1.86%,186,1,1864,E,4,4,0,100.0,60.7,83.3,60.7,0,0.0,slice,0,0,0,0,28.0,0.0,43.1,0.0,JARJARBINKS,CANDIDATE,SLICE,wartość moda lub dopasowanie do postaci uzasadnia kolejny roll,0.0,,,,,,,,,,,,,,,,,,,,,,,
Dq0JB539RVKmNdvv3-rp_w,654,Critical Damage,5,Triangle,3,15,False,0,True,POSTAĆ: ASAJVENTRESS,9rTdQPHJRLOYg663QADsHQ,Critical Damage %,36%,3600,0,,Health %,0.93%,93,1,937,Protection %,1.63%,163,1,1635,Offense,108,1080000,3,4261092|3375996|3124512,Protection,788,7880000,1,78882082,C,6,6,0,100.0,72.7,0.0,72.7,0,0.0,slice,0,0,0,0,19.2,0.0,29.5,0.0,JARJARBINKS,CANDIDATE,SLICE,wartość moda lub dopasowanie do postaci uzasadnia kolejny roll,0.0,,,,,,,,,,,,,,,,,,,,,,,
JgVeAXelRACYesL9e8EMfQ,654,Critical Damage,5,Triangle,1,15,False,0,True,POSTAĆ: AURRA_SING,HWxexlgWQSa6Y_0eBSXcbw,Critical Damage %,36%,3600,0,,Speed,4,40000,1,498420,Protection %,1.99%,199,1,1996,Offense,41,410000,1,4097388,Tenacity %,1.96%,196,1,1963,E,4,4,0,100.0,70.5,66.7,70.5,0,0.0,slice,0,0,0,0,27.6,0.0,42.5,0.0,JARJARBINKS,CANDIDATE,SLICE,wartość moda lub dopasowanie do postaci uzasadnia kolejny roll,0.0,,,,,,,,,,,,,,,,,,,,,,,
MToHCBkHSfGpq_reJXlkcQ,654,Critical Damage,5,Triangle,1,15,False,0,True,POSTAĆ: BADBATCHHUNTER,ftgjVcXCTeG9kkOKfFlUNA,Critical Damage %,36%,3600,0,,Offense %,0.4%,40,1,406,Speed,5,50000,1,540330,Health,234,2340000,1,23495852,Protection,597,5970000,1,59749211,E,4,4,0,100.0,72.0,83.3,72.0,0,0.0,slice,0,0,0,0,27.5,0.0,42.4,0.0,JARJARBINKS,CANDIDATE,SLICE,wartość moda lub dopasowanie do postaci uzasadnia kolejny roll,0.0,,,,,,,,,,,,,,,,,,,,,,,
MucwpyLsQEG2gJ7wTaPo5A,654,Critical Damage,5,Triangle,5,15,False,0,True,POSTAĆ: ADMINISTRATORLANDO,hSjmg9v8T2qlZb_3hPb9-A,Offense %,5.88%,588,0,,Protection,499,4990000,1,49956437,Protection %,5.18%,518,3,1711|1678|1796,Potency %,1.64%,164,1,1643,Speed,14,140000,3,562620|391770|502020,A,8,8,0,100.0,74.0,77.8,74.0,0,49.1,6-dot,0,0,0,0,36.0,0.0,55.4,0.0,JARJARBINKS,CANDIDATE,SLICE_6E,5A ma wystarczającą wartość lub dopasowanie do postaci,0.0,,,,,,,,,,,,,,,,,,,,,,,
QTJvw2lhQjuYig5hHeZOVQ,654,Critical Damage,5,Triangle,1,15,False,0,True,POSTAĆ: CADBANE,cgIOCS2bTnaFcuVB0Skslw,Defense %,11.75%,1175,0,,Offense,24,240000,1,2321724,Health %,0.92%,92,1,922,Speed,5,50000,1,516210,Health,216,2160000,1,21601440,E,4,4,0,100.0,75.5,83.3,75.5,0,0.0,slice,0,0,0,0,27.1,0.0,41.7,0.0,JARJARBINKS,CANDIDATE,SLICE,wartość moda lub dopasowanie do postaci uzasadnia kolejny roll,0.0,,,,,,,,,,,,,,,,,,,,,,,
QuR1Jg65TNy_0Xwk7bQpfA,654,Critical Damage,5,Triangle,1,15,False,0,True,POSTAĆ: BOKATAN,JCTZSSscTn-Zm1kJbrV0pw,Critical Damage %,36%,3600,0,,Tenacity %,1.46%,146,1,1462,Offense,32,320000,1,3140928,Potency %,1.19%,119,1,1197,Speed,5,50000,1,533790,E,4,4,0,100.0,61.5,83.3,61.5,0,0.0,slice,0,0,0,0,21.9,0.0,33.7,0.0,JARJARBINKS,CANDIDATE,SLICE,wartość moda lub dopasowanie do postaci uzasadnia kolejny roll,0.0,,,,,,,,,,,,,,,,,,,,,,,
RIRt8FZFRRmMVWCTZ0-t1A,654,Critical Damage,5,Triangle,1,15,False,0,False,MAGAZYN,,Offense %,5.88%,588,0,,Protection %,1.57%,157,1,1576,Speed,5,50000,1,552540,Potency %,1.2%,120,1,1203,Health,335,3350000,1,33563666,E,4,4,0,100.0,63.0,83.3,63.0,0,0.0,slice,0,0,0,0,27.2,0.0,41.8,0.0,JARJARBINKS,CANDIDATE,SLICE,wartość moda lub dopasowanie do postaci uzasadnia kolejny roll,0.0,,,,,,,,,,,,,,,,,,,,,,,
UUAz7wvMTcyLbMcNKMYcwQ,654,Critical Damage,5,Triangle,1,15,False,0,True,POSTAĆ: IG86SENTINELDROID,_2L-fZJ-RlWIgv7v8PDIBQ,Health %,5.88%,588,0,,Protection %,1.31%,131,1,1314,Critical Chance %,1.43%,143,1,1434,Speed,5,50000,1,587730,Potency %,2.16%,216,1,2161,E,4,4,0,100.0,57.2,83.3,57.2,0,0.0,slice,0,0,0,0,22.0,0.0,33.8,0.0,JARJARBINKS,CANDIDATE,KEEP,obserwuj przed wydaniem materiałów,0.0,,,,,,,,,,,,,,,,,,,,,,,
c5vGU1RkSNWX8XRONP-dWg,654,Critical Damage,5,Triangle,3,15,False,0,True,POSTAĆ: C3POCHEWBACCA,O-gueLfjRhidXy013cMzPQ,Critical Chance %,12%,1200,0,,Tenacity %,1.8%,180,1,1803,Potency %,1.48%,148,1,1486,Speed,9,90000,2,523140|453240,Offense %,0.82%,82,2,542|283,C,6,6,0,100.0,74.7,75.0,74.7,0,0.0,slice,0,0,0,0,21.7,0.0,33.3,0.0,JARJARBINKS,CANDIDATE,SLICE,wartość moda lub dopasowanie do postaci uzasadnia kolejny roll,0.0,,,,,,,,,,,,,,,,,,,,,,,
cLMb7IihRA63XEXbRLaobg,654,Critical Damage,5,Triangle,1,15,False,0,True,POSTAĆ: BIGGSDARKLIGHTER,26GkhZfITD-drSSqkDpQpg,Critical Damage %,36%,3600,0,,Defense,5,50000,1,571879,Speed,5,50000,1,572610,Protection,686,6860000,1,68686467,Protection %,2.21%,221,1,2215,E,4,4,0,100.0,63.0,83.3,63.0,0,0.0,slice,0,0,0,0,33.1,0.0,51.0,0.0,JARJARBINKS,CANDIDATE,SLICE,wartość moda lub dopasowanie do postaci uzasadnia kolejny roll,0.0,,,,,,,,,,,,,,,,,,,,,,,
d9_PyTFIQHaSKam9IDLDBA,654,Critical Damage,5,Triangle,1,15,False,0,True,POSTAĆ: SMUGGLERCHEWBACCA,AL3U1YFvTpiUOvsx0_Nrwg,Offense %,5.88%,588,0,,Tenacity %,2.1%,210,1,2104,Offense,30,300000,1,2911104,Speed,4,40000,1,400080,Defense,5,50000,1,506023,E,4,4,0,100.0,61.5,66.7,61.5,0,0.0,slice,0,0,0,0,27.0,0.0,41.5,0.0,JARJARBINKS,CANDIDATE,SLICE,wartość moda lub dopasowanie do postaci uzasadnia kolejny roll,0.0,,,,,,,,,,,,,,,,,,,,,,,
g-511uuWSSaWEOjpu__bBQ,654,Critical Damage,5,Triangle,3,15,False,0,True,POSTAĆ: HANSOLO,vlBMnzBvScekhGF38W0oig,Defense %,11.75%,1175,0,,Defense,6,60000,1,628229,Health %,0.72%,72,1,723,Tenacity %,2.44%,244,2,1262|1183,Speed,10,100000,2,529890|553140,C,6,6,0,100.0,61.0,83.3,61.0,0,0.0,slice,0,0,0,0,25.1,0.0,38.6,0.0,JARJARBINKS,CANDIDATE,SLICE,wartość moda lub dopasowanie do postaci uzasadnia kolejny roll,0.0,,,,,,,,,,,,,,,,,,,,,,,
hiW5W353Rr6GA9TUVjVI4w,654,Critical Damage,5,Triangle,1,15,False,0,True,POSTAĆ: CLONESERGEANTPHASEI,7KnyOYxwRIqOqf7x5FA73w,Protection %,23.5%,2350,0,,Speed,5,50000,1,585690,Offense,30,300000,1,2916804,Health,260,2600000,1,26054594,Potency %,2.15%,215,1,2153,E,4,4,0,100.0,66.0,83.3,66.0,0,0.0,slice,0,0,0,0,27.1,0.0,41.7,0.0,JARJARBINKS,CANDIDATE,SLICE,wartość moda lub dopasowanie do postaci uzasadnia kolejny roll,0.0,,,,,,,,,,,,,,,,,,,,,,,
iIq1DoK2S4GPC8YXvYf3qw,654,Critical Damage,5,Triangle,1,15,False,0,True,POSTAĆ: WEDGEANTILLES,_-8UKeLXQm6rteZTYZGrAg,Defense %,11.75%,1175,0,,Critical Chance %,1.24%,124,1,1242,Offense %,0.55%,55,1,559,Speed,5,50000,1,597690,Health %,0.88%,88,1,882,E,4,4,0,100.0,72.2,83.3,72.2,0,0.0,slice,0,0,0,0,16.2,0.0,25.0,0.0,JARJARBINKS,CANDIDATE,SLICE,wartość moda lub dopasowanie do postaci uzasadnia kolejny roll,0.0,,,,,,,,,,,,,,,,,,,,,,,
ngbzJ12fRluPXsebLrlBBw,654,Critical Damage,5,Triangle,1,15,False,0,False,MAGAZYN,,Health %,5.88%,588,0,,Speed,5,50000,1,554580,Protection,632,6320000,1,63262649,Offense %,0.28%,28,1,287,Critical Chance %,1.16%,116,1,1162,E,4,4,0,100.0,66.2,83.3,66.2,0,0.0,slice,0,0,0,0,22.3,0.0,34.3,0.0,JARJARBINKS,CANDIDATE,SLICE,wartość moda lub dopasowanie do postaci uzasadnia kolejny roll,0.0,,,,,,,,,,,,,,,,,,,,,,,
r5ZLCEM4SWug_i9HOJvgnQ,654,Critical Damage,5,Triangle,2,15,False,0,True,POSTAĆ: EZRABRIDGERS3,7LiPaG8yQvywutOL0w1vgA,Critical Damage %,36%,3600,0,,Defense,11,110000,2,645281|516411,Speed,5,50000,1,552780,Health %,0.66%,66,1,668,Health,279,2790000,1,27910432,D,5,5,0,100.0,57.6,83.3,57.6,0.0,0.0,slice,0,0,0,0,25.3,0.0,39.0,0.0,JARJARBINKS,CANDIDATE,KEEP,obserwuj przed wydaniem materiałów,0.0,,,,,,,,,,,,,,,,,,,,,,,
ufNMz5aaQkKLACLkyIaZgw,654,Critical Damage,5,Triangle,1,15,False,0,True,POSTAĆ: NIGHTSISTERACOLYTE,cpJlNZsaRV-Sn2cV0HaJAQ,Critical Chance %,12%,1200,0,,Offense,25,250000,1,2411556,Potency %,1.49%,149,1,1496,Tenacity %,1.41%,141,1,1419,Speed,5,50000,1,575670,E,4,4,0,100.0,61.5,83.3,61.5,0,0.0,slice,0,0,0,0,21.9,0.0,33.7,0.0,JARJARBINKS,CANDIDATE,SLICE,wartość moda lub dopasowanie do postaci uzasadnia kolejny roll,0.0,,,,,,,,,,,,,,,,,,,,,,,
wTWWPDhdRHG2FNLWZGN0kg,654,Critical Damage,5,Triangle,5,15,False,0,True,POSTAĆ: MISSIONVAO,mC-7d71PST-6m77PaKcJpA,Defense %,11.75%,1175,0,,Speed,9,90000,2,574530|338850,Health,269,2690000,1,26905365,Potency %,2.72%,272,2,1238|1484,Critical Chance %,5.66%,566,3,2174|1873|1617,A,8,8,0,100.0,48.9,75.0,48.9,0,46.3,6-dot,0,0,0,0,18.9,0.0,29.0,0.0,JARJARBINKS,CANDIDATE,SLICE_6E,5A ma wystarczającą wartość lub dopasowanie do postaci,0.0,,,,,,,,,,,,,,,,,,,,,,,
yLkZ_j1VQy-cL9Mnr_HIXA,654,Critical Damage,5,Triangle,3,15,False,0,True,POSTAĆ: DENGAR,BDU4PKqfT9OYtoYJHvWgEA,Critical Chance %,12%,1200,0,,Health,421,4210000,1,42124951,Potency %,4.05%,405,3,1586|1331|1141,Offense,36,360000,1,3539928,Speed,5,50000,1,500100,C,6,6,0,100.0,55.3,83.3,55.3,0,0.0,slice,0,0,0,0,18.1,0.0,27.8,0.0,JARJARBINKS,CANDIDATE,KEEP,obserwuj przed wydaniem materiałów,0.0,,,,,,,,,,,,,,,,,,,,,,,
z9TV3gJ5RN-wbSAiAnlS2g,654,Critical Damage,5,Triangle,3,15,False,0,True,POSTAĆ: WICKET,8DP_aO6lT0WLxgUPVNx4Hw,Offense %,5.88%,588,0,,Speed,5,50000,1,597750,Potency %,2.24%,224,1,2247,Health,783,7830000,2,36553151|41782071,Offense,53,530000,2,2549268|2740332,C,6,6,0,100.0,65.7,83.3,65.7,0,0.0,slice,0,0,0,0,25.3,0.0,38.9,0.0,JARJARBINKS,CANDIDATE,SLICE,wartość moda lub dopasowanie do postaci uzasadnia kolejny roll,0.0,,,,,,,,,,,,,,,,,,,,,,,
zN1fMm5xSJiXc1R0T-7FQQ,654,Critical Damage,5,Triangle,1,15,False,0,True,POSTAĆ: JANGOFETT,aDW9AWUPTXewZQM3KFrxIg,Critical Chance %,12%,1200,0,,Defense %,1.61%,161,1,1615,Health %,0.71%,71,1,716,Speed,5,50000,1,570420,Defense,5,50000,1,545223,E,4,4,0,100.0,62.0,83.3,62.0,0,0.0,slice,0,0,0,0,21.3,0.0,32.8,0.0,JARJARBINKS,CANDIDATE,SLICE,wartość moda lub dopasowanie do postaci uzasadnia kolejny roll,0.0,,,,,,,,,,,,,,,,,,,,,,,
zmsx_-HmQvOf3_j06cDRVw,654,Critical Damage,5,Triangle,1,15,False,0,True,POSTAĆ: BOBAFETT,ZKnLxXHHQ6OD7LSbTnf6DQ,Defense %,11.75%,1175,0,,Speed,5,50000,1,501630,Protection %,2.02%,202,1,2026,Tenacity %,1.62%,162,1,1622,Offense %,0.42%,42,1,424,E,4,4,0,100.0,73.0,83.3,73.0,0,0.0,slice,0,0,0,0,22.0,0.0,33.8,0.0,JARJARBINKS,CANDIDATE,SLICE,wartość moda lub dopasowanie do postaci uzasadnia kolejny roll,0.0,,,,,,,,,,,,,,,,,,,,,,,
Gprv7nVBTPy5NljW_fx0ig,654,Critical Damage,5,Triangle,2,9,False,0,True,POSTAĆ: FIRSTORDEREXECUTIONER,-5fKFKFWQ-S2jMql8uPcpQ,Health %,3.63%,363,0,,Health,222,2220000,1,22218624,Potency %,1.27%,127,1,1272,Protection,734,7340000,1,73466570,Speed,5,50000,1,558000,D,4,5,1,100.0,57.5,83.3,66.0,8.5,0.0,upgrade,0,0,0,0,27.5,0.0,42.4,0.0,JARJARBINKS,CANDIDATE,UPGRADE,nieujawnione wszystkie secondary,0.0,,,,,,,,,,,,,,,,,,,,,,,
M3guUDVzTXewnAJpsEcKAQ,654,Critical Damage,5,Triangle,2,9,False,0,True,POSTAĆ: BADBATCHOMEGA,4s1nUTzYQmC_aSDUsZwVTQ,Health %,3.63%,363,0,,Critical Chance %,1.79%,179,1,1797,Speed,5,50000,1,523650,Offense %,0.53%,53,1,530,Protection %,1.54%,154,1,1546,D,4,5,1,100.0,71.8,83.3,77.4,5.7,0.0,upgrade,0,0,0,0,22.0,0.0,33.8,0.0,JARJARBINKS,CANDIDATE,UPGRADE,nieujawnione wszystkie secondary,0.0,,,,,,,,,,,,,,,,,,,,,,,
YwNBWWdTScitIbKBSUmP_w,654,Critical Damage,5,Triangle,2,9,False,0,True,POSTAĆ: FIRSTORDERTIEPILOT,OxZ6DwWiQLGs4heGmPpiCg,Health %,3.63%,363,0,,Health,222,2220000,1,22278628,Offense %,0.37%,37,1,378,Speed,5,50000,1,553950,Protection %,1.77%,177,1,1772,D,4,5,1,100.0,77.5,83.3,82.0,4.5,0.0,upgrade,0,0,0,0,27.2,0.0,41.8,0.0,JARJARBINKS,CANDIDATE,UPGRADE,nieujawnione wszystkie secondary,0.0,,,,,,,,,,,,,,,,,,,,,,,
Svb4EXhhRdGZHSXtgOL5hg,654,Critical Damage,5,Triangle,3,6,False,0,True,POSTAĆ: ANAKINKNIGHT,y_TVNxsQSHO8H95wHnzAMQ,Offense %,2.5%,250,0,,Health %,0.64%,64,1,643,Potency %,1.82%,182,1,1821,Health,220,2200000,1,22021468,Speed,5,50000,1,571830,C,4,6,2,100.0,63.5,83.3,75.7,12.2,0.0,upgrade,0,0,0,0,21.5,0.0,33.0,0.0,JARJARBINKS,CANDIDATE,UPGRADE,nieujawnione wszystkie secondary,0.0,,,,,,,,,,,,,,,,,,,,,,,
6NxExqBPQGGaocIzG_MEpg,654,Critical Damage,5,Triangle,3,1,False,0,True,POSTAĆ: EWOKSCOUT,69GroYoGQ3G5kdeYik4aRQ,Defense %,1.25%,125,0,,Speed,5,50000,1,505230,Health %,0.78%,78,1,783,,,,0,,,,,0,,C,2,6,4,100.0,86.0,83.3,95.3,9.3,0.0,upgrade,0,0,0,0,32.5,0.0,50.0,0.0,JARJARBINKS,CANDIDATE,UPGRADE,nieujawnione wszystkie secondary,0.0,,,,,,,,,,,,,,,,,,,,,,,
NgVsTvfRQ-23xEMtDFgNpw,654,Critical Damage,5,Triangle,5,1,False,0,False,MAGAZYN,,Protection %,2.5%,250,0,,Speed,5,50000,1,505410,Health %,0.64%,64,1,646,Offense %,0.42%,42,1,426,Critical Chance %,2.02%,202,1,2027,A,4,8,4,100.0,72.2,83.3,86.1,13.9,52.3,upgrade,0,0,0,0,16.2,0.0,25.0,0.0,JARJARBINKS,CANDIDATE,UPGRADE,nieujawnione wszystkie secondary,0.0,,,,,,,,,,,,,,,,,,,,,,,
ji212aAzR1aEf__Z8RR31Q,654,Critical Damage,5,Triangle,4,1,False,0,True,POSTAĆ: FIRSTORDERSPECIALFORCESPILOT,2FNKDRFzSVmSla755aKVqQ,Health %,0.63%,63,0,,Speed,5,50000,1,508560,Protection %,1.62%,162,1,1626,Health,280,2800000,1,28064728,,,,0,,B,3,7,4,100.0,72.7,83.3,88.3,15.6,0.0,upgrade,0,0,0,0,36.2,0.0,55.8,0.0,JARJARBINKS,CANDIDATE,UPGRADE,nieujawnione wszystkie secondary,0.0,,,,,,,,,,,,,,,,,,,,,,,
q4NRpONUQci1z0caAOm82w,654,Critical Damage,5,Triangle,2,1,False,0,True,POSTAĆ: SITHMARAUDER,KhTJFN1rSYC3fNW3msb0Bw,Protection %,2.5%,250,0,,Speed,4,40000,1,464940,,,,0,,,,,0,,,,,0,,D,1,5,4,100.0,100.0,66.7,100.0,0,0.0,upgrade,0,0,0,0,65.0,0.0,100.0,0.0,JARJARBINKS,CANDIDATE,UPGRADE,nieujawnione wszystkie secondary,0.0,,,,,,,,,,,,,,,,,,,,,,,
qwBmZK0OQJKuh5k9749K5w,654,Critical Damage,5,Triangle,2,1,False,0,True,POSTAĆ: DEATHTROOPERPERIDEA,8EduLvZETyu5sKFUcwYpAQ,Offense %,0.63%,63,0,,Speed,4,40000,1,481650,,,,0,,,,,0,,,,,0,,D,1,5,4,100.0,100.0,66.7,100.0,0,0.0,upgrade,0,0,0,0,65.0,0.0,100.0,0.0,JARJARBINKS,CANDIDATE,UPGRADE,nieujawnione wszystkie secondary,0.0,,,,,,,,,,,,,,,,,,,,,,,
zU0S9J--RWqFbFuLDmpvow,654,Critical Damage,5,Triangle,4,1,False,0,True,POSTAĆ: GEONOSIANSPY,dTxp0Op1QFasisO6SSNNLw,Protection %,2.5%,250,0,,Protection,462,4620000,1,46293491,Speed,5,50000,1,559080,Potency %,1.89%,189,1,1896,,,,0,,B,3,7,4,100.0,60.7,83.3,83.1,22.5,0.0,upgrade,0,0,0,0,29.8,0.0,45.8,0.0,JARJARBINKS,CANDIDATE,UPGRADE,nieujawnione wszystkie secondary,0.0,,,,,,,,,,,,,,,,,,,,,,,
8K2wU3-gTqSTUoy2gKQ7cg,662,Critical Damage,6,Arrow,5,15,False,0,True,POSTAĆ: REY,XwrwbP9sTEGfCkSIggzntA,Speed,32,320000,0,,Offense,109,1090000,3,4452250|3743250|2627500,Defense,34,340000,3,1167040|1120800|1202720,Protection,1682,16820000,3,69754400|48410400|50089400,Defense %,8.54%,854,3,2943|2767|2838,A,12,12,0,100.0,51.5,0.0,51.5,0,0.0,calibration,6,0,6,15,35.8,95.1,25.9,0.0,JARJARBINKS,CANDIDATE,KEEP,6A nie wymaga obecnie inwestycji,0.0,,,,,,,,,,,,,,,,,,,,,,,
QHzYppmHQo-EO5Ot0MCsvA,662,Critical Damage,6,Arrow,2,15,False,0,True,POSTAĆ: EIGHTHBROTHER,2TMYQqW4Qdqjr4ZD4ThE6A,Speed,32,320000,0,,Tenacity %,3.59%,359,2,2056|1541,Potency %,5.41%,541,2,2450|2964,Protection,2164,21640000,3,88996200|71658800|55761200,Critical Chance %,4.24%,424,2,2261|1984,D,9,9,0,100.0,35.8,0.0,35.8,0,0.0,slice,2,0,2,15,27.1,95.1,12.5,0.0,JARJARBINKS,CANDIDATE,KEEP,brak wystarczającej wartości do kolejnego slice,0.0,,,,,,,,,,,,,,,,,,,,,,,
z-C1QKf2R9KoYTCgzHP8Cg,662,Critical Damage,6,Arrow,1,15,False,0,True,POSTAĆ: EWOKSCOUT,69GroYoGQ3G5kdeYik4aRQ,Speed,32,320000,0,,Health %,4.42%,442,3,1222|1543|1660,Protection %,2.76%,276,1,2763,Tenacity %,5.75%,575,2,2764|2990,Offense %,2.29%,229,2,1156|1136,E,8,8,0,100.0,66.2,0.0,66.2,0,0.0,slice,1,0,1,15,21.9,95.1,4.4,0.0,JARJARBINKS,CANDIDATE,SLICE,6-dot ma dobry profil do kolejnego rolla,0.0,,,,,,,,,,,,,,,,,,,,,,,
2xHHic2LRtKZk5ySKorCjw,665,Critical Damage,6,Circle,1,15,False,0,True,POSTAĆ: EWOKSCOUT,69GroYoGQ3G5kdeYik4aRQ,Protection %,24%,2400,0,,Offense,28,280000,1,2721500,Tenacity %,4.31%,431,2,1634|2676,Speed,12,120000,2,567540|533520,Protection,2475,24750000,3,85923400|77385800|84239800,E,8,8,0,100.0,60.7,100.0,60.7,0,0.0,slice,1,0,1,15,28.2,0.0,43.4,0.0,JARJARBINKS,CANDIDATE,KEEP,brak wystarczającej wartości do kolejnego slice,0.0,,,,,,,,,,,,,,,,,,,,,,,
8MZUuR28Su-GvgyhciF0Jg,665,Critical Damage,6,Circle,1,15,False,0,True,POSTAĆ: GEONOSIANSOLDIER,LvNZqxXYT-GiIZkY9B14ZQ,Protection %,24%,2400,0,,Speed,10,100000,2,553230|378240,Defense,10,100000,1,1041200,Critical Chance %,7.43%,743,4,1825|1989|1941|1678,Protection,844,8440000,1,84479000,E,8,8,0,100.0,47.8,83.3,47.8,0,0.0,slice,1,0,1,15,21.8,0.0,33.6,0.0,JARJARBINKS,CANDIDATE,KEEP,brak wystarczającej wartości do kolejnego slice,0.0,,,,,,,,,,,,,,,,,,,,,,,
AQ1JLk_bRKSmb-HC8-S4Hg,665,Critical Damage,6,Circle,1,15,False,0,True,POSTAĆ: ZEBS3,D5q4C1q7Ql2DCjsBT9cC_g,Protection %,24%,2400,0,,Defense,12,120000,1,1208320,Protection,1483,14830000,2,57849600|90532600,Speed,20,200000,4,484980|469050|517410|500070,Offense,26,260000,1,2566750,E,8,8,0,100.0,76.5,83.3,76.5,0,0.0,slice,1,0,1,15,43.9,0.0,67.6,0.0,JARJARBINKS,CANDIDATE,SLICE,6-dot ma dobry profil do kolejnego rolla,0.0,,,,,,,,,,,,,,,,,,,,,,,
OOFeRQqjQ32e7nXtAwHKsw,665,Critical Damage,6,Circle,1,15,False,0,True,POSTAĆ: MISSIONVAO,mC-7d71PST-6m77PaKcJpA,Health %,16%,1600,0,,Offense %,3.17%,317,3,1394|887|892,Offense,76,760000,2,2618000|4936750,Speed,5,50000,1,448170,Protection %,4.27%,427,2,1865|2405,E,8,8,0,100.0,85.0,83.3,85.0,0,0.0,slice,1,0,1,15,19.5,0.0,30.0,0.0,JARJARBINKS,CANDIDATE,SLICE,6-dot ma dobry profil do kolejnego rolla,0.0,,,,,,,,,,,,,,,,,,,,,,,
UL-tD6nAQa6IMXHwHD_87g,665,Critical Damage,6,Circle,1,15,False,0,True,POSTAĆ: ADMINISTRATORLANDO,hSjmg9v8T2qlZb_3hPb9-A,Protection %,24%,2400,0,,Offense,35,350000,1,3420000,Potency %,1.65%,165,1,1653,Defense,46,460000,4,978400|996080|1201200|1452480,Defense %,6.97%,697,2,3788|3189,E,8,8,0,100.0,42.0,0.0,42.0,0,0.0,slice,1,0,1,15,13.0,0.0,20.0,0.0,JARJARBINKS,CANDIDATE,KEEP,brak wystarczającej wartości do kolejnego slice,0.0,,,,,,,,,,,,,,,,,,,,,,,
eQcddvezR2WXOnQpaTNbyg,665,Critical Damage,6,Circle,5,15,False,0,True,POSTAĆ: REY,XwrwbP9sTEGfCkSIggzntA,Protection %,24%,2400,0,,Critical Chance %,2.87%,287,2,1587|1284,Defense,25,250000,2,1288480|1224000,Speed,21,210000,4,508620|412800|575100|516840,Offense %,4.73%,473,4,854|1524|886|1470,A,12,12,0,100.0,73.8,87.5,73.8,0,0.0,calibration,6,0,6,15,25.1,0.0,38.6,0.0,JARJARBINKS,CANDIDATE,CALIBRATE,6A ma wartość lub dopasowanie uzasadniające calibration,0.0,,,,,,,,,,,,,,,,,,,,,,,
mJATaY1ERJucFhu7RYsRWg,665,Critical Damage,6,Circle,5,15,False,0,True,POSTAĆ: EIGHTHBROTHER,2TMYQqW4Qdqjr4ZD4ThE6A,Protection %,24%,2400,0,,Defense,51,510000,4,1441760|1543600|1259360|898480,Critical Chance %,5.78%,578,3,2020|1498|2267,Speed,10,100000,2,524670|442410,Potency %,7.44%,744,3,2374|2631|2444,A,12,12,0,100.0,42.8,83.3,42.8,0,0.0,calibration,6,0,6,15,17.6,0.0,27.1,0.0,JARJARBINKS,CANDIDATE,KEEP,6A nie wymaga obecnie inwestycji,0.0,,,,,,,,,,,,,,,,,,,,,,,
1rezzSqSQOqVVCRWvZboAA,666,Critical Damage,6,Cross,5,15,False,0,True,POSTAĆ: HOTHLEIA,RtJDe5hPSziO9rDKc8VzLw,Defense %,20%,2000,0,,Offense %,5.54%,554,4,1619|1520|1531|873,Speed,10,100000,2,461610|528240,Defense,49,490000,4,1505600|838000|1052560|1584720,Tenacity %,5.16%,516,2,2504|2656,A,12,12,0,100.0,63.7,83.3,63.7,0,0.0,calibration,6,0,6,15,17.6,0.0,27.1,0.0,JARJARBINKS,CANDIDATE,CALIBRATE,6A ma wartość lub dopasowanie uzasadniające calibration,0.0,,,,,,,,,,,,,,,,,,,,,,,
DvAhSAITRICYtcp4922Buw,666,Critical Damage,6,Cross,5,15,False,0,True,POSTAĆ: REY,XwrwbP9sTEGfCkSIggzntA,Tenacity %,35%,3500,0,,Protection %,6.59%,659,3,2417|1730|2452,Protection,2222,22220000,3,63282200|67873000|91066200,Speed,15,150000,3,315180|544530|583530,Defense,36,360000,3,1247280|1238640|1199760,A,12,12,0,100.0,63.0,83.3,63.0,0,0.0,calibration,6,0,6,15,33.1,0.0,51.0,0.0,JARJARBINKS,CANDIDATE,CALIBRATE,6A ma wartość lub dopasowanie uzasadniające calibration,0.0,,,,,,,,,,,,,,,,,,,,,,,
SzFyhq52Ql-HL5GCPkbWFA,666,Critical Damage,6,Cross,5,15,False,2,True,POSTAĆ: VADER,wo01pSvBRDmugpLTZ2XlZQ,Potency %,30%,3000,0,,Protection %,8.06%,806,3,2840|2852|2371,Speed,18,180000,4,483570|307260|411570|543990,Health,876,8760000,2,40770000|46885500,Defense,32,320000,3,1064960|829280|1375200,A,12,12,0,100.0,67.3,75.0,67.3,0,0.0,calibration,6,2,4,40,36.0,0.0,55.3,0.0,JARJARBINKS,CANDIDATE,CALIBRATE,6A ma wartość lub dopasowanie uzasadniające calibration,0.0,,,,,,,,,,,,,,,,,,,,,,,
C6YJRfLlQAm9DlERlzcTMA,663,Critical Damage,6,Diamond,5,15,False,0,True,POSTAĆ: REY,XwrwbP9sTEGfCkSIggzntA,Defense %,20%,2000,0,,Speed,12,120000,2,586650|572400,Critical Chance %,7.84%,784,4,2268|2023|2056|1495,Tenacity %,9.77%,977,4,2674|2370|2831|1895,Health %,3.49%,349,2,1750|1741,A,12,12,0,100.0,47.0,100.0,47.0,0,0.0,calibration,6,0,6,15,10.8,0.0,16.7,0.0,JARJARBINKS,CANDIDATE,KEEP,6A nie wymaga obecnie inwestycji,0.0,,,,,,,,,,,,,,,,,,,,,,,
PM2GohDzSCWYVgls9SWXJA,663,Critical Damage,6,Diamond,1,15,False,0,True,POSTAĆ: ADMINISTRATORLANDO,hSjmg9v8T2qlZb_3hPb9-A,Defense %,20%,2000,0,,Speed,6,60000,1,552060,Protection,2120,21200000,3,79773200|62702600|69616400,Health %,1.64%,164,1,1643,Critical Chance %,5.52%,552,3,1832|2141|1551,E,8,8,0,100.0,48.9,100.0,48.9,0,0.0,slice,1,0,1,15,17.2,0.0,26.5,0.0,JARJARBINKS,CANDIDATE,KEEP,brak wystarczającej wartości do kolejnego slice,0.0,,,,,,,,,,,,,,,,,,,,,,,
bmmt4ulxRVirg555DWvLjw,663,Critical Damage,6,Diamond,5,15,False,5,True,POSTAĆ: VADER,wo01pSvBRDmugpLTZ2XlZQ,Defense %,20%,2000,0,,Tenacity %,10.09%,1009,4,2454|2858|2508|2270,Speed,9,90000,2,559170|329520,Health,781,7810000,2,28957500|49185900,Offense,178,1780000,4,3308000|4537750|4995500|4915000,A,12,12,0,100.0,62.0,75.0,62.0,0,0.0,calibration,6,5,1,150,21.8,0.0,33.6,0.0,JARJARBINKS,CANDIDATE,CALIBRATE,6A ma wartość lub dopasowanie uzasadniające calibration,0.0,,,,,,,,,,,,,,,,,,,,,,,
m9x1Q2DATGuMZGhMVdovzg,663,Critical Damage,6,Diamond,5,15,False,0,True,POSTAĆ: HOTHLEIA,RtJDe5hPSziO9rDKc8VzLw,Defense %,20%,2000,0,,Critical Chance %,5.58%,558,3,1697|2132|1759,Offense,108,1080000,3,3527750|2973250|4296750,Speed,16,160000,3,576480|398640|583950,Health,1385,13850000,3,51799500|45103500|41604300,A,12,12,0,100.0,63.8,88.9,63.8,0,0.0,calibration,6,0,6,15,27.1,0.0,41.7,0.0,JARJARBINKS,CANDIDATE,CALIBRATE,6A ma wartość lub dopasowanie uzasadniające calibration,0.0,,,,,,,,,,,,,,,,,,,,,,,
Fc88jSBnSDm2LmQixfFqBg,661,Critical Damage,6,Square,5,15,True,5,True,POSTAĆ: VADER,wo01pSvBRDmugpLTZ2XlZQ,Offense %,8.5%,850,0,,Tenacity %,7.11%,711,3,2333|2996|1785,Speed,20,200000,4,538830|591960|398910|440700,Health %,3.21%,321,2,1639|1575,Defense,39,390000,3,1309760|1546320|1058320,A,12,12,0,100.0,61.3,83.3,61.3,0.0,0.0,calibration,6,5,1,150,26.8,0.0,41.2,0.0,JARJARBINKS,CANDIDATE,CALIBRATE,6A ma wartość lub dopasowanie uzasadniające calibration,0.0,,,,,,,,,,,,,,,,,,,,,,,
g6Yz_PPNT_2uy5RM5PQsnA,661,Critical Damage,6,Square,3,15,False,0,True,POSTAĆ: MISSIONVAO,mC-7d71PST-6m77PaKcJpA,Offense %,8.5%,850,0,,Defense,61,610000,5,1159600|1153200|1394480|1360640|1113200,Speed,13,130000,3,440670|431010|394350,Defense %,2.56%,256,1,2563,Critical Chance %,1.19%,119,1,1197,C,10,10,0,100.0,53.7,72.2,53.7,0,0.0,slice,3,0,3,15,29.7,0.0,45.7,0.0,JARJARBINKS,CANDIDATE,SLICE,6-dot ma dobry profil do kolejnego rolla,0.0,,,,,,,,,,,,,,,,,,,,,,,
gcPGu_uZQLGnGwduM9P5uA,661,Critical Damage,6,Square,2,15,False,0,True,POSTAĆ: EIGHTHBROTHER,2TMYQqW4Qdqjr4ZD4ThE6A,Offense %,8.5%,850,0,,Speed,16,160000,3,525990|514140|475980,Offense,33,330000,1,3245750,Critical Chance %,5.04%,504,3,1357|1698|1989,Health,852,8520000,2,41426100|43869600,D,9,9,0,100.0,61.4,88.9,61.4,0,0.0,slice,2,0,2,15,28.8,0.0,44.3,0.0,JARJARBINKS,CANDIDATE,SLICE,6-dot ma dobry profil do kolejnego rolla,0.0,,,,,,,,,,,,,,,,,,,,,,,
6EGPmO8ASs6IwLTKKX6Ypw,664,Critical Damage,6,Triangle,2,15,False,0,True,POSTAĆ: EIGHTHBROTHER,2TMYQqW4Qdqjr4ZD4ThE6A,Critical Damage %,42%,4200,0,,Tenacity %,5.22%,522,2,2865|2358,Critical Chance %,7.53%,753,4,1811|1750|2255|1718,Speed,5,50000,1,408990,Protection %,4.37%,437,2,2201|2175,D,9,9,0,100.0,44.4,83.3,44.4,0,0.0,slice,2,0,2,15,12.3,0.0,18.9,0.0,JARJARBINKS,CANDIDATE,KEEP,brak wystarczającej wartości do kolejnego slice,0.0,,,,,,,,,,,,,,,,,,,,,,,
l5cpuVKdSc6iJ4DPFP7XHw,664,Critical Damage,6,Triangle,5,15,False,0,True,POSTAĆ: HOTHLEIA,RtJDe5hPSziO9rDKc8VzLw,Critical Damage %,42%,4200,0,,Defense,56,560000,5,1406480|903200|1539760|959840|804000,Speed,10,100000,2,437580|551220,Protection,2354,23540000,3,85426600|66428600|83568200,Health %,2.84%,284,2,1712|1131,A,12,12,0,100.0,54.8,83.3,54.8,0,0.0,calibration,6,0,6,15,25.4,0.0,39.1,0.0,JARJARBINKS,CANDIDATE,KEEP,6A nie wymaga obecnie inwestycji,0.0,,,,,,,,,,,,,,,,,,,,,,,
nBIJTV8aSySvXRbJ4fAOqA,664,Critical Damage,6,Triangle,5,15,False,0,True,POSTAĆ: VADER,wo01pSvBRDmugpLTZ2XlZQ,Critical Damage %,42%,4200,0,,Defense,24,240000,2,1560800|893040,Protection,844,8440000,1,84497400,Offense %,4.32%,432,4,1191|1039|1067|1029,Speed,23,230000,5,596760|315150|329580|448710|592380,A,12,12,0,100.0,82.0,76.7,82.0,0,0.0,calibration,6,0,6,15,32.5,0.0,50.0,0.0,JARJARBINKS,CANDIDATE,CALIBRATE,6A ma wartość lub dopasowanie uzasadniające calibration,0.0,,,,,,,,,,,,,,,,,,,,,,,
5GudDeUKShOTVITNuXC2Bw,352,Defense,5,Arrow,1,15,False,0,True,POSTAĆ: TARFFUL,QjIvOKHqRayuGuSHCZTfpA,Speed,30,300000,0,,Health %,0.7%,70,1,709,Defense,5,50000,1,517832,Offense,33,330000,1,3216396,Tenacity %,1.2%,120,1,1207,E,4,4,0,100.0,54.5,0.0,54.5,0,0.0,slice,0,0,0,0,29.9,95.1,16.5,0.8,JARJARBINKS,CANDIDATE,KEEP,obserwuj przed wydaniem materiałów,0.0,,,,,,,,,,,,,,,,,,,,,,,
GJ8HuN4GRceQ_DG-AdwhOQ,352,Defense,5,Arrow,5,15,False,0,True,POSTAĆ: MASTERQUIGON,Zgk9W5B9S9if-enO2nf3ow,Speed,30,300000,0,,Critical Chance %,3.74%,374,2,1712|2031,Health %,0.96%,96,1,960,Protection,2255,22550000,4,51451517|63682102|43311637|67149857,Tenacity %,1.81%,181,1,1819,A,8,8,0,100.0,43.0,0.0,43.0,0,50.9,6-dot,0,0,0,0,31.3,95.1,18.7,0.8,JARJARBINKS,CANDIDATE,SLICE_6E,5A ma wystarczającą wartość lub dopasowanie do postaci,0.0,,,,,,,,,,,,,,,,,,,,,,,
NAEZwInxT1eN4XrPrE-fsg,352,Defense,5,Arrow,3,15,False,0,True,POSTAĆ: FIRSTORDERTROOPER,_BuhSRjxSa-vmnhXVCaNqg,Speed,30,300000,0,,Health,1122,11220000,3,39868372|30878487|41471336,Critical Chance %,2.04%,204,1,2040,Defense %,0.93%,93,1,936,Protection %,1.62%,162,1,1620,C,6,6,0,100.0,46.8,0.0,46.8,0.0,0.0,slice,0,0,0,0,33.4,95.1,21.9,0.8,JARJARBINKS,CANDIDATE,KEEP,wartość secondary zbyt niska,0.0,,,,,,,,,,,,,,,,,,,,,,,
PWpLNO1cQIKfnvTq5i-RQQ,352,Defense,5,Arrow,1,15,False,0,False,MAGAZYN,,Speed,30,300000,0,,Health,304,3040000,1,30454173,Offense,28,280000,1,2743752,Protection %,1.87%,187,1,1877,Tenacity %,1.73%,173,1,1738,E,4,4,0,100.0,57.5,0.0,57.5,0,0.0,slice,0,0,0,0,35.7,95.1,25.5,0.8,JARJARBINKS,CANDIDATE,KEEP,obserwuj przed wydaniem materiałów,0.0,,,,,,,,,,,,,,,,,,,,,,,
ouPORx-2Rp-f3im3ssoSvQ,352,Defense,5,Arrow,5,15,False,0,False,MAGAZYN,,Speed,30,300000,0,,Offense %,0.42%,42,1,422,Protection %,1.68%,168,1,1688,Defense %,3.82%,382,3,1275|1275|1275,Health %,2.53%,253,3,844|844|844,A,8,8,0,100.0,63.0,0.0,63.0,0,49.7,6-dot,0,0,0,0,22.0,95.1,4.4,0.8,JARJARBINKS,CANDIDATE,SLICE_6E,5A ma wystarczającą wartość lub dopasowanie do postaci,0.0,,,,,,,,,,,,,,,,,,,,,,,
qRhHj_B0QuODBGwxmE1ZgA,352,Defense,5,Arrow,2,9,False,0,False,MAGAZYN,,Offense %,3.63%,363,0,,Protection %,2.18%,218,1,2180,Protection,594,5940000,1,59487572,Critical Chance %,1.74%,174,1,1747,Speed,5,50000,1,568590,D,4,5,1,100.0,60.7,83.3,68.6,7.9,0.0,upgrade,0,0,0,0,28.2,0.0,43.1,0.8,JARJARBINKS,CANDIDATE,UPGRADE,nieujawnione wszystkie secondary,0.0,,,,,,,,,,,,,,,,,,,,,,,
6xaoAdv2Tna-hk55vtMWBw,352,Defense,5,Arrow,1,1,False,0,False,MAGAZYN,,Speed,4,40000,0,,,,,0,,,,,0,,,,,0,,,,,0,,E,0,4,4,0.0,0.0,0.0,0.0,0,0.0,upgrade,0,0,0,0,19.1,95.1,0.0,0.8,JARJARBINKS,CANDIDATE,UPGRADE,nieujawnione wszystkie secondary,0.0,,,,,,,,,,,,,,,,,,,,,,,
8d3W89LSRNmaAGSa-eUWbA,352,Defense,5,Arrow,2,1,False,0,False,MAGAZYN,,Speed,4,40000,0,,Defense,7,70000,1,719712,,,,0,,,,,0,,,,,0,,D,1,5,4,100.0,34.0,0.0,34.0,0.0,0.0,upgrade,0,0,0,0,39.5,95.1,31.3,0.8,JARJARBINKS,CANDIDATE,UPGRADE,nieujawnione wszystkie secondary,0.0,,,,,,,,,,,,,,,,,,,,,,,
9LjHuGZXQWa6UHJEc6ELJA,352,Defense,5,Arrow,1,1,False,0,False,MAGAZYN,,Speed,4,40000,0,,,,,0,,,,,0,,,,,0,,,,,0,,E,0,4,4,0.0,0.0,0.0,0.0,0,0.0,upgrade,0,0,0,0,19.1,95.1,0.0,0.8,JARJARBINKS,CANDIDATE,UPGRADE,nieujawnione wszystkie secondary,0.0,,,,,,,,,,,,,,,,,,,,,,,
CHrFZSbzQ4-IfQKXlTixKw,352,Defense,5,Arrow,4,1,False,0,False,MAGAZYN,,Speed,4,40000,0,,Offense %,0.31%,31,1,318,Offense,44,440000,1,4338840,Critical Chance %,1.73%,173,1,1732,,,,0,,B,3,7,4,100.0,66.3,0.0,81.0,14.7,0.0,upgrade,0,0,0,0,26.7,95.1,11.6,0.8,JARJARBINKS,CANDIDATE,UPGRADE,nieujawnione wszystkie secondary,0.0,,,,,,,,,,,,,,,,,,,,,,,
Fq1iSBTvShK3Gozro70AmA,352,Defense,5,Arrow,3,1,False,0,False,MAGAZYN,,Health %,0.63%,63,0,,Offense %,0.47%,47,1,479,Speed,5,50000,1,534390,,,,0,,,,,0,,C,2,6,4,100.0,96.0,83.3,98.7,2.7,0.0,upgrade,0,0,0,0,32.6,0.0,50.0,0.8,JARJARBINKS,CANDIDATE,UPGRADE,nieujawnione wszystkie secondary,0.0,,,,,,,,,,,,,,,,,,,,,,,
INjA-fM4Rt6pTHoljCuIMw,352,Defense,5,Arrow,2,1,False,0,False,MAGAZYN,,Speed,4,40000,0,,Offense %,0.33%,33,1,330,,,,0,,,,,0,,,,,0,,D,1,5,4,100.0,92.0,0.0,92.0,0.0,0.0,upgrade,0,0,0,0,19.1,95.1,0.0,0.8,JARJARBINKS,CANDIDATE,UPGRADE,nieujawnione wszystkie secondary,0.0,,,,,,,,,,,,,,,,,,,,,,,
LC4_d9hYQrKLHJEu4H6irg,352,Defense,5,Arrow,1,1,False,0,True,POSTAĆ: STORMTROOPER,XE8tVsfCS42CkGp2LbcfvA,Speed,4,40000,0,,,,,0,,,,,0,,,,,0,,,,,0,,E,0,4,4,0.0,0.0,0.0,0.0,0,0.0,upgrade,0,0,0,0,19.1,95.1,0.0,0.8,JARJARBINKS,CANDIDATE,UPGRADE,nieujawnione wszystkie secondary,0.0,,,,,,,,,,,,,,,,,,,,,,,
PO6nguA4QbCAJ7dAx4lEhQ,352,Defense,5,Arrow,1,1,False,0,True,POSTAĆ: SITHTROOPER,7ZGh4za_TBu8rPOEZFEZFQ,Speed,4,40000,0,,,,,0,,,,,0,,,,,0,,,,,0,,E,0,4,4,0.0,0.0,0.0,0.0,0,0.0,upgrade,0,0,0,0,19.1,95.1,0.0,0.8,JARJARBINKS,CANDIDATE,UPGRADE,nieujawnione wszystkie secondary,0.0,,,,,,,,,,,,,,,,,,,,,,,
VQsDfoDXQCG3fi6TxPx4uA,352,Defense,5,Arrow,5,1,False,0,False,MAGAZYN,,Health %,0.63%,63,0,,Defense %,1.05%,105,1,1055,Protection %,1.89%,189,1,1890,Protection,559,5590000,1,55978287,Speed,5,50000,1,546900,A,4,8,4,100.0,65.0,83.3,82.5,17.5,48.2,upgrade,0,0,0,0,28.2,0.0,43.1,0.8,JARJARBINKS,CANDIDATE,UPGRADE,nieujawnione wszystkie secondary,0.0,,,,,,,,,,,,,,,,,,,,,,,
kLSZMmrdT9SqCD9Tfqnfpw,352,Defense,5,Arrow,5,1,False,0,False,MAGAZYN,,Speed,4,40000,0,,Defense,7,70000,1,755825,Offense,42,420000,1,4192920,Health %,0.74%,74,1,747,Offense %,0.35%,35,1,351,A,4,8,4,100.0,70.0,0.0,81.0,11.0,45.7,upgrade,0,0,0,0,29.9,95.1,16.5,0.8,JARJARBINKS,CANDIDATE,UPGRADE,nieujawnione wszystkie secondary,0.0,,,,,,,,,,,,,,,,,,,,,,,
xmIH84yORBqcW7DlFhcTKA,352,Defense,5,Arrow,5,1,False,0,False,MAGAZYN,,Offense %,0.63%,63,0,,Defense %,1.37%,137,1,1370,Speed,5,50000,1,597450,Protection,712,7120000,1,71244715,Tenacity %,1.46%,146,1,1469,A,4,8,4,100.0,55.0,83.3,77.5,22.5,57.3,upgrade,0,0,0,0,22.4,0.0,34.3,0.8,JARJARBINKS,CANDIDATE,UPGRADE,nieujawnione wszystkie secondary,0.0,,,,,,,,,,,,,,,,,,,,,,,
0c_LbBZoTeqoY0L_vuKvVA,355,Defense,5,Circle,5,15,False,0,True,POSTAĆ: SITHTROOPER,7ZGh4za_TBu8rPOEZFEZFQ,Protection %,23.5%,2350,0,,Defense %,0.87%,87,1,875,Offense %,1.39%,139,3,544|556|299,Potency %,5.19%,519,3,1959|1777|1461,Speed,5,50000,1,537060,A,8,8,0,100.0,65.0,83.3,65.0,0,53.0,6-dot,0,0,0,0,8.2,0.0,12.5,0.8,JARJARBINKS,CANDIDATE,SLICE_6E,5A ma wystarczającą wartość lub dopasowanie do postaci,0.0,,,,,,,,,,,,,,,,,,,,,,,
DpqqtMoaQuWhIp9m1xEhyw,355,Defense,5,Circle,1,15,False,0,False,MAGAZYN,,Health %,5.88%,588,0,,Potency %,1.22%,122,1,1221,Offense %,0.55%,55,1,554,Critical Chance %,1.91%,191,1,1913,Speed,5,50000,1,585180,E,4,4,0,100.0,62.8,83.3,62.8,0,0.0,slice,0,0,0,0,16.4,0.0,25.0,0.8,JARJARBINKS,CANDIDATE,SLICE,wartość moda lub dopasowanie do postaci uzasadnia kolejny roll,0.0,,,,,,,,,,,,,,,,,,,,,,,
L-Edi398TreWwaYaZfxpIg,355,Defense,5,Circle,1,15,False,0,True,POSTAĆ: MORGANELSBETH,6CYwP6e4RNyTtmovj37aNw,Health %,5.88%,588,0,,Speed,5,50000,1,504600,Offense %,0.5%,50,1,504,Potency %,2.01%,201,1,2017,Protection %,1.28%,128,1,1285,E,4,4,0,100.0,74.0,83.3,74.0,0,0.0,slice,0,0,0,0,22.1,0.0,33.8,0.8,JARJARBINKS,CANDIDATE,SLICE,wartość moda lub dopasowanie do postaci uzasadnia kolejny roll,0.0,,,,,,,,,,,,,,,,,,,,,,,
VlVNp2weQsa72sBXGoKJTg,355,Defense,5,Circle,1,15,False,0,False,MAGAZYN,,Health %,5.88%,588,0,,Offense %,0.32%,32,1,322,Speed,5,50000,1,528870,Defense,7,70000,1,770329,Protection,672,6720000,1,67295212,E,4,4,0,100.0,68.5,83.3,68.5,0,0.0,slice,0,0,0,0,27.5,0.0,42.2,0.8,JARJARBINKS,CANDIDATE,SLICE,wartość moda lub dopasowanie do postaci uzasadnia kolejny roll,0.0,,,,,,,,,,,,,,,,,,,,,,,
WzGmdl3aRo2CY_ZRYoy6sA,355,Defense,5,Circle,1,15,False,0,False,MAGAZYN,,Health %,5.88%,588,0,,Offense %,0.31%,31,1,319,Speed,5,50000,1,529440,Protection,457,4570000,1,45716224,Critical Chance %,1.32%,132,1,1323,E,4,4,0,100.0,66.2,83.3,66.2,0,0.0,slice,0,0,0,0,22.4,0.0,34.3,0.8,JARJARBINKS,CANDIDATE,SLICE,wartość moda lub dopasowanie do postaci uzasadnia kolejny roll,0.0,,,,,,,,,,,,,,,,,,,,,,,
_lUxlax5SnKn2nfMcT1i2w,355,Defense,5,Circle,1,15,False,0,False,MAGAZYN,,Health %,5.88%,588,0,,Offense,42,420000,1,4161456,Critical Chance %,1.96%,196,1,1960,Speed,5,50000,1,519840,Potency %,2.07%,207,1,2073,E,4,4,0,100.0,60.2,83.3,60.2,0,0.0,slice,0,0,0,0,22.0,0.0,33.7,0.8,JARJARBINKS,CANDIDATE,SLICE,wartość moda lub dopasowanie do postaci uzasadnia kolejny roll,0.0,,,,,,,,,,,,,,,,,,,,,,,
bDN7F-jaRMm51SnaOCqEaw,355,Defense,5,Circle,3,15,False,0,True,POSTAĆ: QUIGGOLD,B3mCleNuRuiQtWer9Zjqwg,Health %,5.88%,588,0,,Speed,5,50000,1,541470,Potency %,1.96%,196,1,1968,Critical Chance %,5.55%,555,3,2168|1657|1729,Health,332,3320000,1,33235787,C,6,6,0,100.0,42.8,83.3,42.8,0,0.0,slice,0,0,0,0,14.4,0.0,22.0,0.8,JARJARBINKS,CANDIDATE,KEEP,wartość secondary zbyt niska,0.0,,,,,,,,,,,,,,,,,,,,,,,
FnwLA0QCRx2ZaTVpaYAStw,355,Defense,5,Circle,4,3,False,0,False,MAGAZYN,,Health %,1.38%,138,0,,Protection,815,8150000,1,81573226,Protection %,1.17%,117,1,1170,Health,337,3370000,1,33771537,Speed,5,50000,1,523140,B,4,7,3,100.0,66.5,83.3,80.9,14.4,0.0,upgrade,0,0,0,0,33.4,0.0,51.2,0.8,JARJARBINKS,CANDIDATE,UPGRADE,nieujawnione wszystkie secondary,0.0,,,,,,,,,,,,,,,,,,,,,,,
DQfKPFDiRb6o7Rk0GjAOew,355,Defense,5,Circle,3,1,False,0,True,POSTAĆ: STORMTROOPER,XE8tVsfCS42CkGp2LbcfvA,Protection %,2.5%,250,0,,Offense,44,440000,1,4365060,Speed,5,50000,1,581040,,,,0,,,,,0,,C,2,6,4,100.0,91.0,83.3,97.0,6.0,0.0,upgrade,0,0,0,0,43.9,0.0,67.4,0.8,JARJARBINKS,CANDIDATE,UPGRADE,nieujawnione wszystkie secondary,0.0,,,,,,,,,,,,,,,,,,,,,,,
Hyk4L-0VQXC5E15C_gzQNg,355,Defense,5,Circle,4,1,False,0,False,MAGAZYN,,Protection %,2.5%,250,0,,Health %,1.02%,102,1,1029,Offense,30,300000,1,2983380,Speed,5,50000,1,567000,,,,0,,B,3,7,4,100.0,84.7,83.3,93.4,8.8,0.0,upgrade,0,0,0,0,29.3,0.0,44.9,0.8,JARJARBINKS,CANDIDATE,UPGRADE,nieujawnione wszystkie secondary,0.0,,,,,,,,,,,,,,,,,,,,,,,
XP_wAuKwSAOyTBHVMoTMUQ,355,Defense,5,Circle,4,1,False,0,True,POSTAĆ: FIRSTORDERTROOPER,_BuhSRjxSa-vmnhXVCaNqg,Health %,0.63%,63,0,,Defense,8,80000,1,837459,Defense %,1.01%,101,1,1019,Speed,5,50000,1,504180,,,,0,,B,3,7,4,100.0,58.7,83.3,82.3,23.6,0.0,upgrade,0,0,0,0,28.6,0.0,43.8,0.8,JARJARBINKS,CANDIDATE,UPGRADE,nieujawnione wszystkie secondary,0.0,,,,,,,,,,,,,,,,,,,,,,,
yShV6zqbTT2SsKnmZAeSwg,355,Defense,5,Circle,5,1,False,0,True,POSTAĆ: TARFFUL,QjIvOKHqRayuGuSHCZTfpA,Health %,0.63%,63,0,,Offense,39,390000,1,3819684,Critical Chance %,1.73%,173,1,1733,Speed,5,50000,1,588120,Offense %,0.47%,47,1,473,A,4,8,4,100.0,74.8,83.3,87.4,12.6,64.6,upgrade,0,0,0,0,22.0,0.0,33.7,0.8,JARJARBINKS,CANDIDATE,UPGRADE,nieujawnione wszystkie secondary,0.0,,,,,,,,,,,,,,,,,,,,,,,
0fUiZ8kLRJ6Zl5ap9AvbuQ,356,Defense,5,Cross,3,15,False,0,True,POSTAĆ: FIRSTORDERTROOPER,_BuhSRjxSa-vmnhXVCaNqg,Protection %,23.5%,2350,0,,Protection,1385,13850000,2,75281431|63225272,Potency %,3.93%,393,2,2070|1863,Tenacity %,1.73%,173,1,1730,Speed,5,50000,1,554490,C,6,6,0,100.0,49.0,83.3,49.0,0,0.0,slice,0,0,0,0,19.0,0.0,29.1,0.8,JARJARBINKS,CANDIDATE,KEEP,wartość secondary zbyt niska,0.0,,,,,,,,,,,,,,,,,,,,,,,
CzFf14UsSlCfCYEzkJ3HvQ,356,Defense,5,Cross,2,15,False,0,True,POSTAĆ: SITHTROOPER,7ZGh4za_TBu8rPOEZFEZFQ,Protection %,23.5%,2350,0,,Speed,5,50000,1,516750,Health,633,6330000,2,25285257|38018963,Health %,1.06%,106,1,1067,Offense %,0.29%,29,1,292,D,5,5,0,100.0,72.0,83.3,72.0,0,0.0,slice,0,0,0,0,21.5,0.0,32.8,0.8,JARJARBINKS,CANDIDATE,SLICE,wartość moda lub dopasowanie do postaci uzasadnia kolejny roll,0.0,,,,,,,,,,,,,,,,,,,,,,,
PQXgEZ4ySrOuH8-mla9EYA,356,Defense,5,Cross,1,15,False,0,False,MAGAZYN,,Tenacity %,24%,2400,0,,Defense,9,90000,1,936782,Speed,5,50000,1,577620,Protection %,1.67%,167,1,1671,Potency %,1.42%,142,1,1422,E,4,4,0,100.0,59.5,83.3,59.5,0,0.0,slice,0,0,0,0,27.2,0.0,41.6,0.8,JARJARBINKS,CANDIDATE,SLICE,wartość moda lub dopasowanie do postaci uzasadnia kolejny roll,0.0,,,,,,,,,,,,,,,,,,,,,,,
PY9W9msSTQSuNKzD6g9lwg,356,Defense,5,Cross,1,15,False,0,False,MAGAZYN,,Offense %,5.88%,588,0,,Speed,5,50000,1,533880,Defense,8,80000,1,873964,Potency %,1.71%,171,1,1712,Protection,422,4220000,1,42265081,E,4,4,0,100.0,54.0,83.3,54.0,0,0.0,slice,0,0,0,0,27.5,0.0,42.2,0.8,JARJARBINKS,CANDIDATE,KEEP,obserwuj przed wydaniem materiałów,0.0,,,,,,,,,,,,,,,,,,,,,,,
ZGOXo16BRcujc84l6ZBV0A,356,Defense,5,Cross,1,15,False,0,False,MAGAZYN,,Tenacity %,24%,2400,0,,Health %,0.68%,68,1,681,Speed,5,50000,1,508530,Protection %,1.74%,174,1,1745,Defense %,1.53%,153,1,1534,E,4,4,0,100.0,71.0,83.3,71.0,0,0.0,slice,0,0,0,0,22.1,0.0,33.8,0.8,JARJARBINKS,CANDIDATE,SLICE,wartość moda lub dopasowanie do postaci uzasadnia kolejny roll,0.0,,,,,,,,,,,,,,,,,,,,,,,
jAdB1kXWRc-lFKACVMbExg,356,Defense,5,Cross,1,15,False,0,False,MAGAZYN,,Offense %,5.88%,588,0,,Critical Chance %,1.56%,156,1,1567,Speed,5,50000,1,598890,Health,295,2950000,1,29575543,Potency %,1.28%,128,1,1280,E,4,4,0,100.0,51.7,83.3,51.7,0,0.0,slice,0,0,0,0,21.6,0.0,33.0,0.8,JARJARBINKS,CANDIDATE,KEEP,wartość secondary zbyt niska,0.0,,,,,,,,,,,,,,,,,,,,,,,
uPd259KZQI2nBr0Xj-9vUA,356,Defense,5,Cross,2,9,False,0,False,MAGAZYN,,Potency %,15%,1500,0,,Offense,40,400000,1,3922284,Protection,581,5810000,1,58100470,Defense,6,60000,1,641312,Speed,5,50000,1,515070,D,4,5,1,100.0,66.0,83.3,72.8,6.8,0.0,upgrade,0,0,0,0,33.2,0.0,50.9,0.8,JARJARBINKS,CANDIDATE,UPGRADE,nieujawnione wszystkie secondary,0.0,,,,,,,,,,,,,,,,,,,,,,,
CjhL616sTcOm61b7DJA5JQ,356,Defense,5,Cross,3,6,False,0,False,MAGAZYN,,Offense %,2.5%,250,0,,Tenacity %,1.88%,188,1,1883,Critical Chance %,1.25%,125,1,1253,Health %,0.78%,78,1,789,Speed,5,50000,1,534030,C,4,6,2,100.0,56.8,83.3,71.2,14.4,0.0,upgrade,0,0,0,0,16.4,0.0,25.0,0.8,JARJARBINKS,CANDIDATE,UPGRADE,nieujawnione wszystkie secondary,0.0,,,,,,,,,,,,,,,,,,,,,,,
0yni6rOpQ6WZH8bS_iKiCw,356,Defense,5,Cross,4,1,False,0,False,MAGAZYN,,Tenacity %,3%,300,0,,Health %,0.96%,96,1,969,Speed,5,50000,1,545430,Offense,32,320000,1,3179232,,,,0,,B,3,7,4,100.0,84.7,83.3,93.4,8.8,0.0,upgrade,0,0,0,0,29.3,0.0,44.9,0.8,JARJARBINKS,CANDIDATE,UPGRADE,nieujawnione wszystkie secondary,0.0,,,,,,,,,,,,,,,,,,,,,,,
BS24daK6QC6Q7qFhh13XCw,356,Defense,5,Cross,3,1,False,0,False,MAGAZYN,,Tenacity %,3%,300,0,,Potency %,1.64%,164,1,1645,Speed,5,50000,1,527970,,,,0,,,,,0,,C,2,6,4,100.0,67.0,83.3,89.0,22.0,0.0,upgrade,0,0,0,0,32.6,0.0,50.0,0.8,JARJARBINKS,CANDIDATE,UPGRADE,nieujawnione wszystkie secondary,0.0,,,,,,,,,,,,,,,,,,,,,,,
D6Xld1Q5Smi5DP5jyVWJQA,356,Defense,5,Cross,5,1,False,0,False,MAGAZYN,,Protection %,2.5%,250,0,,Protection,476,4760000,1,47659828,Speed,5,50000,1,583230,Offense %,0.49%,49,1,493,Offense,34,340000,1,3387396,A,4,8,4,100.0,80.5,83.3,90.3,9.8,51.1,upgrade,0,0,0,0,28.1,0.0,43.0,0.8,JARJARBINKS,CANDIDATE,UPGRADE,nieujawnione wszystkie secondary,0.0,,,,,,,,,,,,,,,,,,,,,,,
DaDId87GTnGsEz18WbWdYA,356,Defense,5,Cross,5,1,False,0,False,MAGAZYN,,Health %,0.63%,63,0,,Tenacity %,1.58%,158,1,1588,Critical Chance %,1.6%,160,1,1602,Speed,5,50000,1,566760,Potency %,2.18%,218,1,2189,A,4,8,4,100.0,47.2,83.3,73.6,26.4,60.8,upgrade,0,0,0,0,16.4,0.0,25.0,0.8,JARJARBINKS,CANDIDATE,UPGRADE,nieujawnione wszystkie secondary,0.0,,,,,,,,,,,,,,,,,,,,,,,
HRyKeW7jTgudcAjV7russA,356,Defense,5,Cross,3,1,False,0,True,POSTAĆ: YODACHEWBACCA,aocllDwYT-a94UxrTjxOdQ,Defense %,1.25%,125,0,,Speed,5,50000,1,502440,Health %,0.61%,61,1,614,,,,0,,,,,0,,C,2,6,4,100.0,86.0,83.3,95.3,9.3,0.0,upgrade,0,0,0,0,32.6,0.0,50.0,0.8,JARJARBINKS,CANDIDATE,UPGRADE,nieujawnione wszystkie secondary,0.0,,,,,,,,,,,,,,,,,,,,,,,
J0sSLtioRoyAAqXY9VH-Og,356,Defense,5,Cross,5,1,False,0,False,MAGAZYN,,Potency %,3%,300,0,,Speed,5,50000,1,579210,Critical Chance %,1.85%,185,1,1859,Defense,9,90000,1,926002,Offense %,0.33%,33,1,337,A,4,8,4,100.0,62.8,83.3,81.4,18.6,58.0,upgrade,0,0,0,0,21.5,0.0,32.8,0.8,JARJARBINKS,CANDIDATE,UPGRADE,nieujawnione wszystkie secondary,0.0,,,,,,,,,,,,,,,,,,,,,,,
SHkm7pueS1ez9SAGLOEPNA,356,Defense,5,Cross,5,1,False,0,True,POSTAĆ: STORMTROOPER,XE8tVsfCS42CkGp2LbcfvA,Offense %,0.63%,63,0,,Protection %,2%,200,1,2001,Health %,1.03%,103,1,1036,Speed,5,50000,1,567600,Tenacity %,1.14%,114,1,1144,A,4,8,4,100.0,68.0,83.3,84.0,16.0,57.2,upgrade,0,0,0,0,22.1,0.0,33.8,0.8,JARJARBINKS,CANDIDATE,UPGRADE,nieujawnione wszystkie secondary,0.0,,,,,,,,,,,,,,,,,,,,,,,
Vg-xZjWgTjCECxFjTIuMYQ,356,Defense,5,Cross,3,1,False,0,False,MAGAZYN,,Defense %,1.25%,125,0,,Speed,5,50000,1,568620,Offense,44,440000,1,4359816,,,,0,,,,,0,,C,2,6,4,100.0,91.0,83.3,97.0,6.0,0.0,upgrade,0,0,0,0,43.9,0.0,67.4,0.8,JARJARBINKS,CANDIDATE,UPGRADE,nieujawnione wszystkie secondary,0.0,,,,,,,,,,,,,,,,,,,,,,,
p7ROkDdtSsackzvgQ1-ZWA,356,Defense,5,Cross,5,1,False,0,False,MAGAZYN,,Protection %,2.5%,250,0,,Health %,0.8%,80,1,801,Critical Chance %,1.73%,173,1,1738,Speed,5,50000,1,589200,Health,300,3000000,1,30002000,A,4,8,4,100.0,61.3,83.3,80.6,19.4,50.7,upgrade,0,0,0,0,21.6,0.0,33.0,0.8,JARJARBINKS,CANDIDATE,UPGRADE,nieujawnione wszystkie secondary,0.0,,,,,,,,,,,,,,,,,,,,,,,
6Og-Pl1BQda9BUOeVXpMkA,353,Defense,5,Diamond,1,15,False,0,False,MAGAZYN,,Defense %,11.75%,1175,0,,Critical Chance %,1.88%,188,1,1881,Speed,5,50000,1,589680,Offense %,0.45%,45,1,455,Tenacity %,2.25%,225,1,2250,E,4,4,0,100.0,61.8,83.3,61.8,0,0.0,slice,0,0,0,0,16.4,0.0,25.0,0.8,JARJARBINKS,CANDIDATE,SLICE,wartość moda lub dopasowanie do postaci uzasadnia kolejny roll,0.0,,,,,,,,,,,,,,,,,,,,,,,
QM9ogd-VS2KjeouVMR1-TQ,353,Defense,5,Diamond,1,15,False,0,False,MAGAZYN,,Defense %,11.75%,1175,0,,Defense,6,60000,1,606620,Speed,5,50000,1,515250,Offense,32,320000,1,3167604,Health,293,2930000,1,29378387,E,4,4,0,100.0,66.0,83.3,66.0,0,0.0,slice,0,0,0,0,32.3,0.0,49.5,0.8,JARJARBINKS,CANDIDATE,SLICE,wartość moda lub dopasowanie do postaci uzasadnia kolejny roll,0.0,,,,,,,,,,,,,,,,,,,,,,,
e_GpFqbORq2oacxipPBSFg,353,Defense,5,Diamond,3,15,False,0,True,POSTAĆ: STORMTROOPER,XE8tVsfCS42CkGp2LbcfvA,Defense %,11.75%,1175,0,,Tenacity %,3.12%,312,2,1140|1986,Speed,5,50000,1,579300,Defense,9,90000,1,931049,Potency %,4.12%,412,2,2199|1929,C,6,6,0,100.0,43.7,83.3,43.7,0,0.0,slice,0,0,0,0,14.3,0.0,21.9,0.8,JARJARBINKS,CANDIDATE,KEEP,wartość secondary zbyt niska,0.0,,,,,,,,,,,,,,,,,,,,,,,
kPxCKqmdSQyxMREv5LSSZQ,353,Defense,5,Diamond,3,15,False,0,True,POSTAĆ: SITHTROOPER,7ZGh4za_TBu8rPOEZFEZFQ,Defense %,11.75%,1175,0,,Protection %,1.79%,179,1,1791,Protection,799,7990000,1,79978474,Speed,10,100000,2,520740|545280,Critical Chance %,2.28%,228,2,1132|1151,C,6,6,0,100.0,61.3,83.3,61.3,0.0,0.0,slice,0,0,0,0,29.6,0.0,45.4,0.8,JARJARBINKS,CANDIDATE,SLICE,wartość moda lub dopasowanie do postaci uzasadnia kolejny roll,0.0,,,,,,,,,,,,,,,,,,,,,,,
lzDvHsm5QMSBOhdF_jPUzg,353,Defense,5,Diamond,1,15,False,0,False,MAGAZYN,,Defense %,11.75%,1175,0,,Health %,0.83%,83,1,834,Defense,5,50000,1,571193,Critical Chance %,1.61%,161,1,1615,Speed,5,50000,1,505110,E,4,4,0,100.0,57.8,83.3,57.8,0,0.0,slice,0,0,0,0,21.5,0.0,32.8,0.8,JARJARBINKS,CANDIDATE,KEEP,obserwuj przed wydaniem materiałów,0.0,,,,,,,,,,,,,,,,,,,,,,,
pSFRauY5QnKAXpBLo9JJRA,353,Defense,5,Diamond,1,15,False,0,False,MAGAZYN,,Defense %,11.75%,1175,0,,Tenacity %,2.1%,210,1,2100,Speed,5,50000,1,517980,Offense %,0.36%,36,1,366,Offense,45,450000,1,4435056,E,4,4,0,100.0,76.0,83.3,76.0,0,0.0,slice,0,0,0,0,22.0,0.0,33.7,0.8,JARJARBINKS,CANDIDATE,SLICE,wartość moda lub dopasowanie do postaci uzasadnia kolejny roll,0.0,,,,,,,,,,,,,,,,,,,,,,,
ttF5XXUnR2KiicCEwfyfWQ,353,Defense,5,Diamond,1,15,False,0,False,MAGAZYN,,Defense %,11.75%,1175,0,,Critical Chance %,1.97%,197,1,1976,Defense,6,60000,1,622986,Speed,5,50000,1,571170,Offense %,0.43%,43,1,433,E,4,4,0,100.0,62.8,83.3,62.8,0,0.0,slice,0,0,0,0,21.5,0.0,32.8,0.8,JARJARBINKS,CANDIDATE,SLICE,wartość moda lub dopasowanie do postaci uzasadnia kolejny roll,0.0,,,,,,,,,,,,,,,,,,,,,,,
yGG9N2MMQcyfoNEY7rTNPw,353,Defense,5,Diamond,2,15,False,0,True,POSTAĆ: FIRSTORDERTROOPER,_BuhSRjxSa-vmnhXVCaNqg,Defense %,11.75%,1175,0,,Defense,17,170000,2,880775|867545,Critical Chance %,2.07%,207,1,2071,Speed,5,50000,1,592080,Protection %,2.22%,222,1,2229,D,5,5,0,100.0,52.6,83.3,52.6,0,0.0,slice,0,0,0,0,25.8,0.0,39.6,0.8,JARJARBINKS,CANDIDATE,KEEP,obserwuj przed wydaniem materiałów,0.0,,,,,,,,,,,,,,,,,,,,,,,
pYaYjNh4Qc2xwol2xa87qw,353,Defense,5,Diamond,5,1,False,0,False,MAGAZYN,,Defense %,1.25%,125,0,,Defense,9,90000,1,966329,Health %,1%,100,1,1003,Critical Chance %,1.44%,144,1,1449,Speed,5,50000,1,538380,A,4,8,4,100.0,57.8,83.3,78.9,21.1,64.0,upgrade,0,0,0,0,21.5,0.0,32.8,0.8,JARJARBINKS,CANDIDATE,UPGRADE,nieujawnione wszystkie secondary,0.0,,,,,,,,,,,,,,,,,,,,,,,
r_kyqLnjTV2aoxUZrUk6NQ,353,Defense,5,Diamond,2,1,False,0,False,MAGAZYN,,Defense %,1.25%,125,0,,Speed,5,50000,1,501150,,,,0,,,,,0,,,,,0,,D,1,5,4,100.0,100.0,83.3,100.0,0,0.0,upgrade,0,0,0,0,65.1,0.0,100.0,0.8,JARJARBINKS,CANDIDATE,UPGRADE,nieujawnione wszystkie secondary,0.0,,,,,,,,,,,,,,,,,,,,,,,
wGIKra4NQmCPQAYSOyzPww,353,Defense,5,Diamond,2,1,False,0,False,MAGAZYN,,Defense %,1.25%,125,0,,Speed,5,50000,1,511920,,,,0,,,,,0,,,,,0,,D,1,5,4,100.0,100.0,83.3,100.0,0,0.0,upgrade,0,0,0,0,65.1,0.0,100.0,0.8,JARJARBINKS,CANDIDATE,UPGRADE,nieujawnione wszystkie secondary,0.0,,,,,,,,,,,,,,,,,,,,,,,
3CoBzwgBQoWkQLZirrZSdA,351,Defense,5,Square,3,15,False,0,True,POSTAĆ: STORMTROOPER,XE8tVsfCS42CkGp2LbcfvA,Offense %,5.88%,588,0,,Health %,1.34%,134,2,711|636,Speed,5,50000,1,565530,Offense,64,640000,2,4031496|2325828,Health,344,3440000,1,34425152,C,6,6,0,100.0,76.0,83.3,76.0,0,0.0,slice,0,0,0,0,21.9,0.0,33.6,0.8,JARJARBINKS,CANDIDATE,SLICE,wartość moda lub dopasowanie do postaci uzasadnia kolejny roll,0.0,,,,,,,,,,,,,,,,,,,,,,,
90IZ8LwHTOuJalol2wTfwA,351,Defense,5,Square,5,15,False,0,True,POSTAĆ: MASTERQUIGON,Zgk9W5B9S9if-enO2nf3ow,Offense %,5.88%,588,0,,Speed,5,50000,1,568230,Health %,2.97%,297,3,892|963|1121,Protection,1303,13030000,2,58710961|71643403,Health,752,7520000,2,37549646|37669654,A,8,8,0,100.0,63.5,83.3,63.5,0,69.9,6-dot,0,0,0,0,19.5,0.0,29.9,0.8,JARJARBINKS,CANDIDATE,SLICE_6E,5A ma wystarczającą wartość lub dopasowanie do postaci,0.0,,,,,,,,,,,,,,,,,,,,,,,
Dcukjs9WQ6eYfibX-gOWQQ,351,Defense,5,Square,5,15,False,0,True,POSTAĆ: QUIGGOLD,B3mCleNuRuiQtWer9Zjqwg,Offense %,5.88%,588,0,,Protection %,3.36%,336,2,1298|2067,Speed,15,150000,3,589230|575070|390270,Defense %,2.69%,269,2,1264|1430,Health,326,3260000,1,32674321,A,8,8,0,100.0,71.5,83.3,71.5,0,58.4,6-dot,0,0,0,0,32.8,0.0,50.3,0.8,JARJARBINKS,CANDIDATE,SLICE_6E,5A ma wystarczającą wartość lub dopasowanie do postaci,0.0,,,,,,,,,,,,,,,,,,,,,,,
UIlG4moFRi2SThc5B4bZZQ,351,Defense,5,Square,5,15,False,0,True,POSTAĆ: FIRSTORDERTROOPER,_BuhSRjxSa-vmnhXVCaNqg,Offense %,5.88%,588,0,,Critical Chance %,2.07%,207,1,2071,Defense %,3.56%,356,3,1146|1459|956,Protection,1032,10320000,2,56530636|46700485,Speed,10,100000,2,592710|481980,A,8,8,0,100.0,55.9,83.3,55.9,0,48.1,6-dot,0,0,0,0,22.4,0.0,34.3,0.8,JARJARBINKS,CANDIDATE,SLICE_6E,5A ma wystarczającą wartość lub dopasowanie do postaci,0.0,,,,,,,,,,,,,,,,,,,,,,,
klLCKx2wQougjml_S4eVmA,351,Defense,5,Square,5,15,False,0,True,POSTAĆ: SITHTROOPER,7ZGh4za_TBu8rPOEZFEZFQ,Offense %,5.88%,588,0,,Potency %,3.68%,368,2,1700|1989,Speed,10,100000,2,513840|582510,Tenacity %,3.25%,325,2,1742|1516,Health,720,7200000,2,35076624|37022468,A,8,8,0,100.0,53.0,83.3,53.0,0,60.7,6-dot,0,0,0,0,21.6,0.0,33.0,0.8,JARJARBINKS,CANDIDATE,SLICE_6E,5A ma wystarczającą wartość lub dopasowanie do postaci,0.0,,,,,,,,,,,,,,,,,,,,,,,
mFCG8u0pQmyt9fWPlC1YTw,351,Defense,5,Square,1,15,False,0,True,POSTAĆ: MORGANELSBETH,6CYwP6e4RNyTtmovj37aNw,Offense %,5.88%,588,0,,Critical Chance %,1.64%,164,1,1640,Health %,0.56%,56,1,569,Protection,776,7760000,1,77619570,Speed,5,50000,1,542400,E,4,4,0,100.0,61.3,83.3,61.3,0,0.0,slice,0,0,0,0,22.4,0.0,34.3,0.8,JARJARBINKS,CANDIDATE,SLICE,wartość moda lub dopasowanie do postaci uzasadnia kolejny roll,0.0,,,,,,,,,,,,,,,,,,,,,,,
uJizp8q_T6qebk-5mCbLLg,351,Defense,5,Square,1,15,False,0,False,MAGAZYN,,Offense %,5.88%,588,0,,Health %,0.84%,84,1,843,Protection %,1.86%,186,1,1866,Speed,5,50000,1,563940,Critical Chance %,1.58%,158,1,1584,E,4,4,0,100.0,66.8,83.3,66.8,0,0.0,slice,0,0,0,0,22.1,0.0,33.8,0.8,JARJARBINKS,CANDIDATE,SLICE,wartość moda lub dopasowanie do postaci uzasadnia kolejny roll,0.0,,,,,,,,,,,,,,,,,,,,,,,
O_61btggScGLQ1fx1esExg,351,Defense,5,Square,3,1,False,0,False,MAGAZYN,,Offense %,0.63%,63,0,,Defense %,1.4%,140,1,1409,Speed,5,50000,1,578880,,,,0,,,,,0,,C,2,6,4,100.0,71.0,83.3,90.3,19.3,0.0,upgrade,0,0,0,0,32.6,0.0,50.0,0.8,JARJARBINKS,CANDIDATE,UPGRADE,nieujawnione wszystkie secondary,0.0,,,,,,,,,,,,,,,,,,,,,,,
ecNT8h6uROuEtv2OlyZGeg,351,Defense,5,Square,3,1,False,0,False,MAGAZYN,,Offense %,0.63%,63,0,,Health,255,2550000,1,25525273,Speed,5,50000,1,539640,,,,0,,,,,0,,C,2,6,4,100.0,74.0,83.3,91.3,17.3,0.0,upgrade,0,0,0,0,43.0,0.0,66.0,0.8,JARJARBINKS,CANDIDATE,UPGRADE,nieujawnione wszystkie secondary,0.0,,,,,,,,,,,,,,,,,,,,,,,
jTjG6JOhRNu0C1Bs3wAI9w,351,Defense,5,Square,3,1,False,0,False,MAGAZYN,,Offense %,0.63%,63,0,,Speed,5,50000,1,533730,Defense,5,50000,1,519106,,,,0,,,,,0,,C,2,6,4,100.0,67.0,83.3,89.0,22.0,0.0,upgrade,0,0,0,0,42.8,0.0,65.7,0.8,JARJARBINKS,CANDIDATE,UPGRADE,nieujawnione wszystkie secondary,0.0,,,,,,,,,,,,,,,,,,,,,,,
-td8gxQ1RtuHPhJMUnNnuA,354,Defense,5,Triangle,1,15,False,0,False,MAGAZYN,,Critical Damage %,36%,3600,0,,Defense %,1.49%,149,1,1496,Speed,5,50000,1,541800,Offense %,0.55%,55,1,554,Protection %,1.49%,149,1,1494,E,4,4,0,100.0,76.0,83.3,76.0,0,0.0,slice,0,0,0,0,22.1,0.0,33.8,0.8,JARJARBINKS,CANDIDATE,PATCH,PATCH KUIIL; zachowanie setu Speed,-10.0,v72CV5FWQaCWQ91ZCJTBEA,SAFE,dmUHCShASp6QkYkaZ_yX1A,KUIIL,Triangle,JARJARBINKS:Triangle,2,3,MOD: 4LOM -> JARJARBINKS; PATCH: KUIIL -> 4LOM; PATCH: MAGAZYN -> KUIIL,-10.0,,,,,,,,,,,,,
1n9vEvSKQ3uQJxVDuJ98sg,354,Defense,5,Triangle,1,15,False,0,False,MAGAZYN,,Health %,5.88%,588,0,,Offense %,0.51%,51,1,515,Health,399,3990000,1,39936948,Speed,5,50000,1,549210,Critical Chance %,1.12%,112,1,1128,E,4,4,0,100.0,66.2,83.3,66.2,0,0.0,slice,0,0,0,0,21.6,0.0,33.0,0.8,JARJARBINKS,CANDIDATE,SLICE,wartość moda lub dopasowanie do postaci uzasadnia kolejny roll,0.0,,,,,,,,,,,,,,,,,,,,,,,
EWfQJNySRjG-xA5x_m83Vw,354,Defense,5,Triangle,5,15,False,0,True,POSTAĆ: STORMTROOPER,XE8tVsfCS42CkGp2LbcfvA,Health %,5.88%,588,0,,Protection %,1.46%,146,1,1460,Speed,5,50000,1,516540,Defense,15,150000,2,633962|895083,Health,1289,12890000,4,34633023|41404903|24659501|28240454,A,8,8,0,100.0,53.8,83.3,53.8,0,50.5,6-dot,0,0,0,0,26.6,0.0,40.8,0.8,JARJARBINKS,CANDIDATE,SLICE_6E,5A ma wystarczającą wartość lub dopasowanie do postaci,0.0,,,,,,,,,,,,,,,,,,,,,,,
ULC8H_rqQrSyK8EWIuoicw,354,Defense,5,Triangle,1,15,False,0,False,MAGAZYN,,Critical Chance %,12%,1200,0,,Protection,499,4990000,1,49948131,Speed,5,50000,1,524220,Defense,7,70000,1,748328,Potency %,2.16%,216,1,2160,E,4,4,0,100.0,54.0,83.3,54.0,0,0.0,slice,0,0,0,0,27.5,0.0,42.2,0.8,JARJARBINKS,CANDIDATE,KEEP,obserwuj przed wydaniem materiałów,0.0,,,,,,,,,,,,,,,,,,,,,,,
lBDYjwRBQOq4hzxSA3huMg,354,Defense,5,Triangle,1,15,False,0,False,MAGAZYN,,Critical Chance %,12%,1200,0,,Defense %,1.09%,109,1,1091,Health %,1.1%,110,1,1106,Speed,5,50000,1,575430,Offense,32,320000,1,3122688,E,4,4,0,100.0,74.0,83.3,74.0,0,0.0,slice,0,0,0,0,22.0,0.0,33.7,0.8,JARJARBINKS,CANDIDATE,SLICE,wartość moda lub dopasowanie do postaci uzasadnia kolejny roll,0.0,,,,,,,,,,,,,,,,,,,,,,,
zrW_iMSURZC0PTDBYXIBfQ,354,Defense,5,Triangle,1,15,False,0,False,MAGAZYN,,Critical Damage %,36%,3600,0,,Health,249,2490000,1,24946663,Speed,5,50000,1,532470,Offense %,0.45%,45,1,454,Protection,766,7660000,1,76606238,E,4,4,0,100.0,72.0,83.3,72.0,0,0.0,slice,0,0,0,0,27.6,0.0,42.4,0.8,JARJARBINKS,CANDIDATE,SLICE,wartość moda lub dopasowanie do postaci uzasadnia kolejny roll,0.0,,,,,,,,,,,,,,,,,,,,,,,
WaRzBfQ0T9enKmHK9B0XZQ,354,Defense,5,Triangle,2,9,False,0,False,MAGAZYN,,Offense %,3.63%,363,0,,Offense,26,260000,1,2522592,Tenacity %,1.64%,164,1,1640,Speed,5,50000,1,555210,Defense %,1.41%,141,1,1412,D,4,5,1,100.0,63.5,83.3,70.8,7.3,0.0,upgrade,0,0,0,0,22.0,0.0,33.7,0.8,JARJARBINKS,CANDIDATE,UPGRADE,nieujawnione wszystkie secondary,0.0,,,,,,,,,,,,,,,,,,,,,,,
OgVGX1HjSL25Xz5o2-jptA,354,Defense,5,Triangle,4,1,False,0,True,POSTAĆ: YODACHEWBACCA,aocllDwYT-a94UxrTjxOdQ,Defense %,1.25%,125,0,,Speed,5,50000,1,504120,Critical Chance %,2.21%,221,1,2212,Tenacity %,1.52%,152,1,1524,,,,0,,B,3,7,4,100.0,51.7,83.3,79.3,27.6,0.0,upgrade,0,0,0,0,21.8,0.0,33.3,0.8,JARJARBINKS,CANDIDATE,UPGRADE,nieujawnione wszystkie secondary,0.0,,,,,,,,,,,,,,,,,,,,,,,
S-R_DpB_QZi8v4qZR-2qAQ,354,Defense,5,Triangle,4,1,False,0,False,MAGAZYN,,Defense %,1.25%,125,0,,Protection %,1.18%,118,1,1185,Health %,1.01%,101,1,1011,Speed,5,50000,1,551010,,,,0,,B,3,7,4,100.0,80.7,83.3,91.7,11.0,0.0,upgrade,0,0,0,0,29.4,0.0,45.1,0.8,JARJARBINKS,CANDIDATE,UPGRADE,nieujawnione wszystkie secondary,0.0,,,,,,,,,,,,,,,,,,,,,,,
SwV4KOclRXqb6RKziBNUqw,354,Defense,5,Triangle,5,1,False,0,True,POSTAĆ: FIRSTORDERTROOPER,_BuhSRjxSa-vmnhXVCaNqg,Critical Chance %,1.5%,150,0,,Offense,39,390000,1,3874176,Offense %,0.49%,49,1,496,Defense %,1.65%,165,1,1654,Speed,5,50000,1,539730,A,4,8,4,100.0,79.0,83.3,89.5,10.5,76.5,upgrade,0,0,0,0,22.0,0.0,33.7,0.8,JARJARBINKS,CANDIDATE,UPGRADE,nieujawnione wszystkie secondary,0.0,,,,,,,,,,,,,,,,,,,,,,,
j0DWeDcvS-mV-M14mC5dgQ,354,Defense,5,Triangle,3,1,False,0,False,MAGAZYN,,Critical Damage %,4.5%,450,0,,Speed,5,50000,1,538110,Health %,0.77%,77,1,776,,,,0,,,,,0,,C,2,6,4,100.0,86.0,83.3,95.3,9.3,0.0,upgrade,0,0,0,0,32.6,0.0,50.0,0.8,JARJARBINKS,CANDIDATE,UPGRADE,nieujawnione wszystkie secondary,0.0,,,,,,,,,,,,,,,,,,,,,,,
puYQM1w0T1iaqmd1tLPNTw,354,Defense,5,Triangle,3,1,False,0,True,POSTAĆ: SITHTROOPER,7ZGh4za_TBu8rPOEZFEZFQ,Critical Chance %,1.5%,150,0,,Speed,5,50000,1,539730,Health %,1.1%,110,1,1109,,,,0,,,,,0,,C,2,6,4,100.0,86.0,83.3,95.3,9.3,0.0,upgrade,0,0,0,0,32.6,0.0,50.0,0.8,JARJARBINKS,CANDIDATE,UPGRADE,nieujawnione wszystkie secondary,0.0,,,,,,,,,,,,,,,,,,,,,,,
Jo9k38SCT6yX0MenGkyqxg,365,Defense,6,Circle,5,15,False,0,True,POSTAĆ: SCORCH,f3IgthdpQC2rd840MBfGag,Protection %,24%,2400,0,,Defense,13,130000,1,1341120,Speed,16,160000,3,558210|577560|408330,Tenacity %,7.97%,797,4,1886|2631|1523|1937,Defense %,12.54%,1254,4,2069|3812|2887|3780,A,12,12,0,100.0,51.8,88.9,51.8,0,0.0,calibration,6,0,6,15,18.1,0.0,27.6,0.8,JARJARBINKS,CANDIDATE,CALIBRATE,6A ma wartość lub dopasowanie uzasadniające calibration,0.0,,,,,,,,,,,,,,,,,,,,,,,
DkcjxYqLROShAxcvG-s1pw,363,Defense,6,Diamond,5,15,False,0,True,POSTAĆ: SCORCH,f3IgthdpQC2rd840MBfGag,Defense %,20%,2000,0,,Offense %,3.81%,381,3,1407|1482|925,Speed,12,120000,3,543120|311010|323160,Protection,1558,15580000,2,72339600|83490000,Health %,6%,600,4,1875|1268|1269|1588,A,12,12,0,100.0,80.0,66.7,80.0,0.0,0.0,calibration,6,0,6,15,20.4,0.0,31.2,0.8,JARJARBINKS,CANDIDATE,CALIBRATE,6A ma wartość lub dopasowanie uzasadniające calibration,0.0,,,,,,,,,,,,,,,,,,,,,,,
-ErRrG3kSBSSw6jrM74Gjg,152,Health,5,Arrow,2,15,False,0,True,POSTAĆ: KRRSANTAN,Hp8Wc9waS6mDnvwCl6g3Sw,Protection %,23.5%,2350,0,,Potency %,1.32%,132,1,1323,Offense,39,390000,1,3831996,Defense %,2.51%,251,2,1416|1098,Speed,5,50000,1,527430,D,5,5,0,100.0,60.0,83.3,60.0,0,0.0,slice,0,0,0,0,19.7,0.0,26.9,14.8,JARJARBINKS,CANDIDATE,SLICE,wartość moda lub dopasowanie do postaci uzasadnia kolejny roll,0.0,,,,,,,,,,,,,,,,,,,,,,,
4PJhnvaWSxaSjdn5fTx4ZQ,152,Health,5,Arrow,1,15,False,0,False,MAGAZYN,,Health %,5.88%,588,0,,Speed,5,50000,1,531180,Defense %,0.94%,94,1,946,Offense %,0.4%,40,1,402,Critical Chance %,1.46%,146,1,1469,E,4,4,0,100.0,64.8,83.3,64.8,0,0.0,slice,0,0,0,0,18.5,0.0,25.0,14.8,JARJARBINKS,CANDIDATE,SLICE,wartość moda lub dopasowanie do postaci uzasadnia kolejny roll,0.0,,,,,,,,,,,,,,,,,,,,,,,
8tQ1qvbdQ4mgXhAmLzBqDA,152,Health,5,Arrow,3,15,False,0,True,POSTAĆ: EETHKOTH,9MxaXkXATp2x3acJC_s2Mg,Speed,30,300000,0,,Offense,32,320000,1,3195876,Critical Chance %,1.86%,186,1,1861,Tenacity %,3.78%,378,3,1176|1297|1309,Defense %,1.1%,110,1,1101,C,6,6,0,100.0,39.8,0.0,39.8,0,0.0,slice,0,0,0,0,25.0,95.1,5.8,14.8,JARJARBINKS,CANDIDATE,KEEP,wartość secondary zbyt niska,0.0,,,,,,,,,,,,,,,,,,,,,,,
9LUrfKm3Sa6rLxp7WzEeKg,152,Health,5,Arrow,1,15,False,0,True,POSTAĆ: KELLERANBEQ,F9xPCLOjTE67usCPkus2uQ,Protection %,23.5%,2350,0,,Protection,490,4900000,1,49030318,Health %,1.06%,106,1,1062,Critical Chance %,1.5%,150,1,1502,Speed,5,50000,1,537300,E,4,4,0,100.0,61.3,83.3,61.3,0,0.0,slice,0,0,0,0,24.5,0.0,34.3,14.8,JARJARBINKS,CANDIDATE,SLICE,wartość moda lub dopasowanie do postaci uzasadnia kolejny roll,0.0,,,,,,,,,,,,,,,,,,,,,,,
B3USieqRSBirz38gziWJ5A,152,Health,5,Arrow,1,15,False,0,False,MAGAZYN,,Offense %,5.88%,588,0,,Potency %,1.45%,145,1,1457,Health %,0.98%,98,1,987,Defense,8,80000,1,801444,Speed,5,50000,1,555210,E,4,4,0,100.0,60.0,83.3,60.0,0,0.0,slice,0,0,0,0,23.6,0.0,32.8,14.8,JARJARBINKS,CANDIDATE,SLICE,wartość moda lub dopasowanie do postaci uzasadnia kolejny roll,0.0,,,,,,,,,,,,,,,,,,,,,,,
C2oIqn6XRdiqxpBGjTbpMw,152,Health,5,Arrow,2,15,False,0,True,POSTAĆ: ADMIRALACKBAR,jJIXKTM-Rr2zx9rbTm1RHg,Speed,30,300000,0,,Tenacity %,1.79%,179,1,1799,Health %,0.93%,93,1,930,Protection,531,5310000,1,53179165,Critical Chance %,3.35%,335,2,2201|1152,D,5,5,0,100.0,40.0,0.0,40.0,0,0.0,slice,0,0,0,0,26.1,95.1,7.5,14.8,JARJARBINKS,CANDIDATE,KEEP,wartość secondary zbyt niska,0.0,,,,,,,,,,,,,,,,,,,,,,,
C3j-axeNT56p_EMdYqj82g,152,Health,5,Arrow,1,15,False,0,False,MAGAZYN,,Health %,5.88%,588,0,,Potency %,1.87%,187,1,1870,Speed,5,50000,1,532290,Critical Chance %,2.19%,219,1,2195,Protection %,1.35%,135,1,1356,E,4,4,0,100.0,57.2,83.3,57.2,0,0.0,slice,0,0,0,0,24.2,0.0,33.8,14.8,JARJARBINKS,CANDIDATE,KEEP,obserwuj przed wydaniem materiałów,0.0,,,,,,,,,,,,,,,,,,,,,,,
C6xLXI7ESWWEmo4rxj35Vg,152,Health,5,Arrow,4,15,False,0,True,POSTAĆ: HOTHHAN,X6drLk0WTp2kXFq3_B3_3w,Speed,30,300000,0,,Health,233,2330000,1,23373701,Defense %,2.39%,239,2,912|1484,Offense %,0.86%,86,2,358|509,Health %,1.75%,175,2,984|766,B,7,7,0,100.0,65.7,0.0,65.7,0,0.0,slice,0,0,0,0,24.2,95.1,4.6,14.8,JARJARBINKS,CANDIDATE,SLICE,wartość moda lub dopasowanie do postaci uzasadnia kolejny roll,0.0,,,,,,,,,,,,,,,,,,,,,,,
D0rLaGrWT8SLmoA0jesmeg,152,Health,5,Arrow,3,15,False,0,True,POSTAĆ: KANANJARRUSS3,dMx4vcVLTHWr0Wk6LK0Qiw,Speed,30,300000,0,,Defense,7,70000,1,700847,Tenacity %,1.56%,156,1,1560,Protection,2063,20630000,3,62668770|70164935|73516406,Offense %,0.48%,48,1,488,C,6,6,0,100.0,50.0,0.0,50.0,0,0.0,slice,0,0,0,0,36.8,95.1,23.9,14.8,JARJARBINKS,CANDIDATE,KEEP,wartość secondary zbyt niska,0.0,,,,,,,,,,,,,,,,,,,,,,,
FsQqlh2HQOm3hQBEFQJYYw,152,Health,5,Arrow,3,15,False,0,True,POSTAĆ: PLOKOON,xoy2sZzCSUCkBgyoxZ2UXg,Speed,30,300000,0,,Defense,9,90000,1,914879,Critical Chance %,6.03%,603,3,1910|1925|2196,Tenacity %,1.98%,198,1,1981,Offense,24,240000,1,2309640,C,6,6,0,100.0,36.8,0.0,36.8,0,0.0,slice,0,0,0,0,28.4,95.1,11.0,14.8,JARJARBINKS,CANDIDATE,KEEP,wartość secondary zbyt niska,0.0,,,,,,,,,,,,,,,,,,,,,,,
Gy-POBHVQlS4OM1htnjnvw,152,Health,5,Arrow,3,15,False,0,True,POSTAĆ: PAZVIZSLA,Sdi9ckGVSMmFCfDcS1nAAA,Speed,30,300000,0,,Protection,596,5960000,1,59632927,Offense,55,550000,2,3171252|2305992,Critical Chance %,2.18%,218,1,2183,Defense,17,170000,2,800366|925071,C,6,6,0,100.0,50.8,0.0,50.8,0,0.0,slice,0,0,0,0,39.6,95.1,28.3,14.8,JARJARBINKS,CANDIDATE,KEEP,wartość secondary zbyt niska,0.0,,,,,,,,,,,,,,,,,,,,,,,
KH5EFvF5RPKfMEnK6BlHXw,152,Health,5,Arrow,2,15,False,0,True,POSTAĆ: LUMINARAUNDULI,9xjJ1FksQSOEtjqJLWBMIA,Speed,30,300000,0,,Protection,1066,10660000,2,55911839|50770425,Protection %,2.06%,206,1,2065,Offense,42,420000,1,4185852,Defense,7,70000,1,733726,D,5,5,0,100.0,56.4,0.0,56.4,0,0.0,slice,0,0,0,0,44.1,95.1,35.2,14.8,JARJARBINKS,CANDIDATE,KEEP,obserwuj przed wydaniem materiałów,0.0,,,,,,,,,,,,,,,,,,,,,,,
LzCf-O24SsieiWC5uRxwpQ,152,Health,5,Arrow,5,15,False,0,True,POSTAĆ: BOSSNASS,WLOqSLLFQCC54p0TxtvuGw,Offense %,5.88%,588,0,,Offense,51,510000,2,2310096|2723460,Health %,1.87%,187,2,976|899,Defense %,4.59%,459,3,1677|1402|1514,Speed,5,50000,1,537960,A,8,8,0,100.0,66.8,83.3,66.8,0,57.8,6-dot,0,0,0,0,16.0,0.0,21.2,14.8,JARJARBINKS,CANDIDATE,SLICE_6E,5A ma wystarczającą wartość lub dopasowanie do postaci,0.0,,,,,,,,,,,,,,,,,,,,,,,
PX-M-8FDTW2aWfi0dOMthA,152,Health,5,Arrow,5,15,False,0,True,POSTAĆ: STAP,gdcV7h1eR-O4BYyNd_yAkA,Speed,30,300000,0,,Critical Chance %,1.47%,147,1,1470,Protection,3234,32340000,5,78088859|49914907|82254318|62610628|50562775,Offense %,0.47%,47,1,474,Defense,6,60000,1,631708,A,8,8,0,100.0,48.9,0.0,48.9,0,49.8,6-dot,0,0,0,0,39.0,95.1,27.3,14.8,JARJARBINKS,CANDIDATE,SLICE_6E,5A ma wystarczającą wartość lub dopasowanie do postaci,0.0,,,,,,,,,,,,,,,,,,,,,,,
QNiYg4HxR3KW1kfiTtsfKw,152,Health,5,Arrow,2,15,False,0,True,POSTAĆ: JUHANI,UDoCRH4uS92zX8gCJxA-DA,Speed,30,300000,0,,Potency %,1.3%,130,1,1307,Protection %,1.39%,139,1,1390,Health,690,6900000,2,31778547|37236768,Protection,715,7150000,1,71564496,D,5,5,0,100.0,49.6,0.0,49.6,0,0.0,slice,0,0,0,0,39.0,95.1,27.3,14.8,JARJARBINKS,CANDIDATE,KEEP,wartość secondary zbyt niska,0.0,,,,,,,,,,,,,,,,,,,,,,,
RKuC9pNHTpSFD_-6uXV8GQ,152,Health,5,Arrow,5,15,False,0,True,POSTAĆ: WAMPA,ZLJllvF0QfS-UkkZFA96iw,Health %,5.88%,588,0,,Protection %,1.28%,128,1,1287,Health,940,9400000,3,42367110|25857438|25827436,Speed,5,50000,1,509700,Offense %,1.15%,115,3,375|378|399,A,8,8,0,100.0,73.8,83.3,73.8,0,41.0,6-dot,0,0,0,0,21.0,0.0,28.9,14.8,JARJARBINKS,CANDIDATE,SLICE_6E,5A ma wystarczającą wartość lub dopasowanie do postaci,0.0,,,,,,,,,,,,,,,,,,,,,,,
RLsexC2SSXqN9lZ-3XekjQ,152,Health,5,Arrow,4,15,False,0,True,POSTAĆ: ADMIRALRADDUS,oPSOEm-jRP-cgGXfIXf7eg,Speed,30,300000,0,,Defense,7,70000,1,717703,Protection %,2.9%,290,2,1632|1274,Tenacity %,3.23%,323,2,1814|1417,Offense %,0.8%,80,2,342|464,B,7,7,0,100.0,59.7,0.0,59.7,0.0,0.0,slice,0,0,0,0,30.7,95.1,14.5,14.8,JARJARBINKS,CANDIDATE,SLICE,wartość moda lub dopasowanie do postaci uzasadnia kolejny roll,0.0,,,,,,,,,,,,,,,,,,,,,,,
RcE-ZBvRTIaLR2IpGd_SUw,152,Health,5,Arrow,1,15,False,0,True,POSTAĆ: SHORETROOPER,lsA9eN70SUqAdyaJCffQBg,Protection %,23.5%,2350,0,,Offense,27,270000,1,2692680,Offense %,0.46%,46,1,460,Defense,7,70000,1,707217,Speed,5,50000,1,586620,E,4,4,0,100.0,77.0,83.3,77.0,0,0.0,slice,0,0,0,0,29.2,0.0,41.5,14.8,JARJARBINKS,CANDIDATE,SLICE,wartość moda lub dopasowanie do postaci uzasadnia kolejny roll,0.0,,,,,,,,,,,,,,,,,,,,,,,
SvR6-mZNSkS2zm1lRBZGKQ,152,Health,5,Arrow,4,15,False,0,True,POSTAĆ: FINN,Ys-1OpVoRvq5bmhl-p99Ig,Speed,30,300000,0,,Defense %,1.27%,127,1,1273,Tenacity %,1.3%,130,1,1308,Protection %,3.72%,372,2,1782|1943,Potency %,4.66%,466,3,1566|1712|1384,B,7,7,0,100.0,44.9,0.0,44.9,0,0.0,slice,0,0,0,0,27.8,95.1,10.1,14.8,JARJARBINKS,CANDIDATE,KEEP,wartość secondary zbyt niska,0.0,,,,,,,,,,,,,,,,,,,,,,,
TLKH6H6VSCKfZqFQ2FjAqQ,152,Health,5,Arrow,2,15,False,0,True,POSTAĆ: BARRISSOFFEE,6re5azNmTWyiNI9wV_gGaw,Speed,30,300000,0,,Defense %,1.33%,133,1,1335,Tenacity %,1.39%,139,1,1400,Protection %,1.62%,162,1,1624,Protection,1201,12010000,2,66460459|53702443,D,5,5,0,100.0,47.6,0.0,47.6,0.0,0.0,slice,0,0,0,0,35.5,95.1,22.0,14.8,JARJARBINKS,CANDIDATE,KEEP,wartość secondary zbyt niska,0.0,,,,,,,,,,,,,,,,,,,,,,,
UXkk1eT8ThW18JecPchooA,152,Health,5,Arrow,1,15,False,0,True,POSTAĆ: LUKESKYWALKER,nLrjzg3uSFWnmJClrEe38A,Speed,30,300000,0,,Health %,0.56%,56,1,563,Offense %,0.43%,43,1,436,Defense,8,80000,1,867153,Defense %,1.48%,148,1,1487,E,4,4,0,100.0,60.0,0.0,60.0,0,0.0,slice,0,0,0,0,26.3,95.1,7.8,14.8,JARJARBINKS,CANDIDATE,SLICE,wartość moda lub dopasowanie do postaci uzasadnia kolejny roll,0.0,,,,,,,,,,,,,,,,,,,,,,,
UZOoAAkKRvegRaBEgrG9vg,152,Health,5,Arrow,1,15,False,0,True,POSTAĆ: SNOWTROOPER,W9JZl0dXSouEoEn3vimBdA,Protection %,23.5%,2350,0,,Health %,0.82%,82,1,826,Speed,5,50000,1,548730,Health,351,3510000,1,35151629,Offense %,0.45%,45,1,458,E,4,4,0,100.0,78.0,83.3,78.0,0,0.0,slice,0,0,0,0,23.7,0.0,33.0,14.8,JARJARBINKS,CANDIDATE,SLICE,wartość moda lub dopasowanie do postaci uzasadnia kolejny roll,0.0,,,,,,,,,,,,,,,,,,,,,,,
VGHNxpJGTqiMqIW9_mcKDg,152,Health,5,Arrow,1,15,False,0,True,POSTAĆ: BADBATCHWRECKER,V_Loh6rGTpOcVM6_ulApig,Speed,30,300000,0,,Offense,26,260000,1,2539008,Protection %,1.2%,120,1,1204,Defense,7,70000,1,764596,Critical Chance %,1.63%,163,1,1636,E,4,4,0,100.0,52.8,0.0,52.8,0,0.0,slice,0,0,0,0,37.7,95.1,25.3,14.8,JARJARBINKS,CANDIDATE,KEEP,obserwuj przed wydaniem materiałów,0.0,,,,,,,,,,,,,,,,,,,,,,,
VOdPk0IQTqKeQzdM_IIV1g,152,Health,5,Arrow,4,15,False,0,True,POSTAĆ: CANDEROUSORDO,CK2vVab5R1GJRABcltFIig,Speed,30,300000,0,,Potency %,3.87%,387,2,1722|2151,Health %,0.68%,68,1,682,Health,419,4190000,1,41919223,Critical Chance %,5.23%,523,3,1847|2079|1308,B,7,7,0,100.0,37.6,0.0,37.6,0,0.0,slice,0,0,0,0,24.2,95.1,4.6,14.8,JARJARBINKS,CANDIDATE,KEEP,wartość secondary zbyt niska,0.0,,,,,,,,,,,,,,,,,,,,,,,
VjaYfSwmQm67T2VZ89JVwQ,152,Health,5,Arrow,5,15,False,0,True,POSTAĆ: LUTHENRAEL,588MLOXGRKqGUSJCf2nggw,Speed,30,300000,0,,Health,380,3800000,1,38021106,Health %,0.77%,77,1,773,Protection %,6.21%,621,4,1493|1873|1249|1601,Potency %,3.56%,356,2,2216|1346,A,8,8,0,100.0,58.5,0.0,58.5,0,47.8,6-dot,0,0,0,0,35.3,95.1,21.6,14.8,JARJARBINKS,CANDIDATE,SLICE_6E,5A ma wystarczającą wartość lub dopasowanie do postaci,0.0,,,,,,,,,,,,,,,,,,,,,,,
X4G2XofORB2nMHDidA22-Q,152,Health,5,Arrow,1,15,False,0,True,POSTAĆ: JEDIKNIGHTGUARDIAN,W0PL0DaaTsOE_VtzDqxDLA,Speed,30,300000,0,,Offense,33,330000,1,3217536,Defense,8,80000,1,824278,Defense %,1.28%,128,1,1280,Health,371,3710000,1,37118903,E,4,4,0,100.0,51.5,0.0,51.5,0,0.0,slice,0,0,0,0,37.2,95.1,24.5,14.8,JARJARBINKS,CANDIDATE,KEEP,wartość secondary zbyt niska,0.0,,,,,,,,,,,,,,,,,,,,,,,
XQSOYioMSQaLeHrDFilUdw,152,Health,5,Arrow,1,15,False,0,False,MAGAZYN,,Offense %,5.88%,588,0,,Health,291,2910000,1,29110512,Protection %,1.36%,136,1,1367,Protection,433,4330000,1,43336555,Speed,5,50000,1,589590,E,4,4,0,100.0,66.5,83.3,66.5,0,0.0,slice,0,0,0,0,35.5,0.0,51.2,14.8,JARJARBINKS,CANDIDATE,SLICE,wartość moda lub dopasowanie do postaci uzasadnia kolejny roll,0.0,,,,,,,,,,,,,,,,,,,,,,,
XfypqUqDQjKNvOS1M-yIJQ,152,Health,5,Arrow,1,15,False,0,True,POSTAĆ: JAWASCAVENGER,yRCvDW99TKKBJW3GpM2Xkw,Speed,30,300000,0,,Health,388,3880000,1,38833303,Health %,0.87%,87,1,879,Offense %,0.29%,29,1,295,Critical Chance %,1.34%,134,1,1349,E,4,4,0,100.0,59.2,0.0,59.2,0,0.0,slice,0,0,0,0,26.5,95.1,8.0,14.8,JARJARBINKS,CANDIDATE,SLICE,wartość moda lub dopasowanie do postaci uzasadnia kolejny roll,0.0,,,,,,,,,,,,,,,,,,,,,,,
YLPYnkomTKqdtQmUWRizBA,152,Health,5,Arrow,2,15,False,0,True,POSTAĆ: CARADUNE,KEKoHlnlSSW1OzNJhH-ULw,Speed,30,300000,0,,Protection,1405,14050000,2,75804709|64782647,Critical Chance %,1.62%,162,1,1629,Defense,9,90000,1,963781,Tenacity %,1.33%,133,1,1339,D,5,5,0,100.0,37.0,0.0,37.0,0,0.0,slice,0,0,0,0,35.0,95.1,21.2,14.8,JARJARBINKS,CANDIDATE,KEEP,wartość secondary zbyt niska,0.0,,,,,,,,,,,,,,,,,,,,,,,
YTfE7nVSSZavYhA4whw33A,152,Health,5,Arrow,1,15,False,0,True,POSTAĆ: L3_37,eS3LbQ-4S4WqItNYOU7j6g,Protection %,23.5%,2350,0,,Defense,7,70000,1,772779,Offense %,0.47%,47,1,478,Offense,29,290000,1,2824008,Speed,5,50000,1,573210,E,4,4,0,100.0,77.0,83.3,77.0,0,0.0,slice,0,0,0,0,29.2,0.0,41.5,14.8,JARJARBINKS,CANDIDATE,SLICE,wartość moda lub dopasowanie do postaci uzasadnia kolejny roll,0.0,,,,,,,,,,,,,,,,,,,,,,,
Z03iHVjvQ4OD7IocdHG9CQ,152,Health,5,Arrow,3,15,False,0,True,POSTAĆ: ROSETICO,da51QIPySzW1uE1DmDmsIg,Speed,30,300000,0,,Potency %,2.75%,275,2,1550|1204,Offense %,0.42%,42,1,425,Health,229,2290000,1,22975103,Protection %,3.26%,326,2,1210|2053,C,6,6,0,100.0,58.0,0.0,58.0,0,0.0,slice,0,0,0,0,32.4,95.1,17.1,14.8,JARJARBINKS,CANDIDATE,SLICE,wartość moda lub dopasowanie do postaci uzasadnia kolejny roll,0.0,,,,,,,,,,,,,,,,,,,,,,,
Z7WyJAMtQ9iEMKxmE8wFUw,152,Health,5,Arrow,3,15,False,0,True,POSTAĆ: GEONOSIANBROODALPHA,EwaIJIQgRWGLZQCu-DgCiQ,Speed,30,300000,0,,Defense %,2.87%,287,2,1343|1536,Protection,1404,14040000,2,62569098|77893668,Health,310,3100000,1,31002781,Potency %,2.21%,221,1,2212,C,6,6,0,100.0,43.7,0.0,43.7,0,0.0,slice,0,0,0,0,32.8,95.1,17.8,14.8,JARJARBINKS,CANDIDATE,KEEP,wartość secondary zbyt niska,0.0,,,,,,,,,,,,,,,,,,,,,,,
ZNdIB-BCSQu2UCJUFPRKNw,152,Health,5,Arrow,5,15,False,0,True,POSTAĆ: EPIXFINN,iEQuUOZJRwqSD8W1U0MFuw,Speed,30,300000,0,,Health %,1.59%,159,2,626|969,Protection,1826,18260000,3,46725403|56389434|79525797,Health,290,2900000,1,29033364,Defense %,2.05%,205,2,1015|1038,A,8,8,0,100.0,52.5,0.0,52.5,0,37.4,6-dot,0,0,0,0,33.0,95.1,18.0,14.8,JARJARBINKS,CANDIDATE,SLICE_6E,5A ma wystarczającą wartość lub dopasowanie do postaci,0.0,,,,,,,,,,,,,,,,,,,,,,,
ZVMMsy6SQcOS0R2Y-Yx79w,152,Health,5,Arrow,5,15,False,0,True,POSTAĆ: GENERALKENOBI,tMRqlgB7ScSYaYHOXV5Vwg,Speed,30,300000,0,,Health %,1.76%,176,2,875|891,Protection %,3.31%,331,2,1195|2119,Health,234,2340000,1,23410132,Defense %,4.24%,424,3,1560|994|1688,A,8,8,0,100.0,57.2,0.0,57.2,0,51.9,6-dot,0,0,0,0,29.6,95.1,12.8,14.8,JARJARBINKS,CANDIDATE,SLICE_6E,5A ma wystarczającą wartość lub dopasowanie do postaci,0.0,,,,,,,,,,,,,,,,,,,,,,,
_2sCThCASBqH1jiw1CY-vQ,152,Health,5,Arrow,5,15,False,0,True,POSTAĆ: JOLEEBINDO,VGWjnbEWQPq1K6gWK0LcwQ,Speed,30,300000,0,,Tenacity %,2.97%,297,2,1738|1235,Critical Chance %,2.87%,287,2,1651|1222,Defense,10,100000,2,538510|504602,Offense,65,650000,2,4062276|2365956,A,8,8,0,100.0,42.8,0.0,42.8,0,26.0,6-dot,0,0,0,0,32.0,95.1,16.5,14.8,JARJARBINKS,CANDIDATE,KEEP,5A nie uzasadnia kosztu 6E,0.0,,,,,,,,,,,,,,,,,,,,,,,
_ZLnYqrNRU-5VZDmCcU7Eg,152,Health,5,Arrow,1,15,False,0,False,MAGAZYN,,Health %,5.88%,588,0,,Potency %,1.78%,178,1,1784,Offense,41,410000,1,4043808,Protection,526,5260000,1,52672499,Speed,5,50000,1,511890,E,4,4,0,100.0,66.0,83.3,66.0,0,0.0,slice,0,0,0,0,30.2,0.0,43.0,14.8,JARJARBINKS,CANDIDATE,SLICE,wartość moda lub dopasowanie do postaci uzasadnia kolejny roll,0.0,,,,,,,,,,,,,,,,,,,,,,,
alXPi86KSampvFtp7fIxwA,152,Health,5,Arrow,5,15,False,0,True,POSTAĆ: PADMEAMIDALA,wgt8iU2GQM6LL7Q58MWK8A,Speed,30,300000,0,,Protection %,3.33%,333,2,2022|1314,Tenacity %,1.65%,165,1,1657,Offense %,0.92%,92,2,392|533,Defense %,3.79%,379,3,1303|1508|986,A,8,8,0,100.0,60.0,0.0,60.0,0,51.9,6-dot,0,0,0,0,27.0,95.1,8.8,14.8,JARJARBINKS,CANDIDATE,SLICE_6E,5A ma wystarczającą wartość lub dopasowanie do postaci,0.0,,,,,,,,,,,,,,,,,,,,,,,
bN4SbMYrTYqdR7Gyc9sLog,152,Health,5,Arrow,5,15,False,0,True,POSTAĆ: QUIGGOLD,B3mCleNuRuiQtWer9Zjqwg,Health %,5.88%,588,0,,Health,764,7640000,2,33998695|42461402,Critical Chance %,1.15%,115,1,1151,Speed,10,100000,2,541080|527040,Protection %,5.08%,508,3,1360|1962|1766,A,8,8,0,100.0,66.4,83.3,66.4,0,55.5,6-dot,0,0,0,0,32.3,0.0,46.2,14.8,JARJARBINKS,CANDIDATE,SLICE_6E,5A ma wystarczającą wartość lub dopasowanie do postaci,0.0,,,,,,,,,,,,,,,,,,,,,,,
bjWi9HaVSeeByAUCQeOuEw,152,Health,5,Arrow,2,15,False,0,True,POSTAĆ: CHIEFCHIRPA,Dn4ab3A5QZWWDCv8qxRDfw,Speed,30,300000,0,,Potency %,2.1%,210,1,2106,Health %,0.64%,64,1,644,Protection %,4.27%,427,2,2169|2104,Offense %,0.53%,53,1,536,D,5,5,0,100.0,67.6,0.0,67.6,0,0.0,slice,0,0,0,0,30.4,95.1,14.1,14.8,JARJARBINKS,CANDIDATE,SLICE,wartość moda lub dopasowanie do postaci uzasadnia kolejny roll,0.0,,,,,,,,,,,,,,,,,,,,,,,
ds-IfNocSpup7I6ygMixWA,152,Health,5,Arrow,1,15,False,0,False,MAGAZYN,,Health %,5.88%,588,0,,Protection %,1.29%,129,1,1297,Speed,5,50000,1,548100,Defense,6,60000,1,609070,Offense,29,290000,1,2826288,E,4,4,0,100.0,71.5,83.3,71.5,0,0.0,slice,0,0,0,0,34.9,0.0,50.3,14.8,JARJARBINKS,CANDIDATE,SLICE,wartość moda lub dopasowanie do postaci uzasadnia kolejny roll,0.0,,,,,,,,,,,,,,,,,,,,,,,
etONwU66QmeRo8jyC9pAlQ,152,Health,5,Arrow,4,15,False,0,True,POSTAĆ: GUNGANPHALANX,wjbd-YpMSEeRlf52LR4kOg,Protection %,23.5%,2350,0,,Tenacity %,1.85%,185,1,1854,Speed,5,50000,1,560190,Protection,2000,20000000,3,82682077|58295661|59080578,Defense,11,110000,2,611667|523908,B,7,7,0,100.0,48.9,83.3,48.9,0,0.0,slice,0,0,0,0,27.7,0.0,39.3,14.8,JARJARBINKS,CANDIDATE,KEEP,wartość secondary zbyt niska,0.0,,,,,,,,,,,,,,,,,,,,,,,
f5MNaUPSQpGc24DimDwskQ,152,Health,5,Arrow,1,15,False,0,False,MAGAZYN,,Offense %,5.88%,588,0,,Potency %,1.87%,187,1,1875,Speed,5,50000,1,531900,Health,264,2640000,1,26414618,Critical Chance %,1.43%,143,1,1436,E,4,4,0,100.0,51.7,83.3,51.7,0,0.0,slice,0,0,0,0,23.7,0.0,33.0,14.8,JARJARBINKS,CANDIDATE,KEEP,wartość secondary zbyt niska,0.0,,,,,,,,,,,,,,,,,,,,,,,
k_eHHUiGSJW9pC2B_IqywQ,152,Health,5,Arrow,5,15,False,0,True,POSTAĆ: MORGANELSBETH,6CYwP6e4RNyTtmovj37aNw,Speed,30,300000,0,,Defense,6,60000,1,664685,Health,1052,10520000,3,27331822|40819864|37052470,Offense %,0.99%,99,2,450|543,Tenacity %,3.47%,347,2,1639|1833,A,8,8,0,100.0,52.8,0.0,52.8,0,59.2,6-dot,0,0,0,0,31.6,95.1,15.9,14.8,JARJARBINKS,CANDIDATE,SLICE_6E,5A ma wystarczającą wartość lub dopasowanie do postaci,0.0,,,,,,,,,,,,,,,,,,,,,,,
kvptlABCRa6slENpvyH0EA,152,Health,5,Arrow,3,15,False,0,True,POSTAĆ: ROYALGUARD,Tm3WsbyASby5qAiySY83Mw,Health %,5.88%,588,0,,Potency %,1.51%,151,1,1515,Speed,12,120000,3,578040|339390|371610,Offense,39,390000,1,3847272,Health,318,3180000,1,31819264,C,6,6,0,100.0,77.3,66.7,77.3,0,0.0,slice,0,0,0,0,42.0,0.0,61.1,14.8,JARJARBINKS,CANDIDATE,SLICE,wartość moda lub dopasowanie do postaci uzasadnia kolejny roll,0.0,,,,,,,,,,,,,,,,,,,,,,,
lwwKxLdJQg2NoPWiTZ-PFQ,152,Health,5,Arrow,3,15,False,0,True,POSTAĆ: PAPLOO,awo_NEYISgeeJL0hZbGZEQ,Speed,30,300000,0,,Protection,582,5820000,1,58266590,Health %,1.66%,166,2,999|668,Protection %,3.33%,333,2,1131|2208,Critical Chance %,1.24%,124,1,1249,C,6,6,0,100.0,59.5,0.0,59.5,0,0.0,slice,0,0,0,0,32.9,95.1,18.0,14.8,JARJARBINKS,CANDIDATE,SLICE,wartość moda lub dopasowanie do postaci uzasadnia kolejny roll,0.0,,,,,,,,,,,,,,,,,,,,,,,
mgNjvOUJTjG5e4nTbj91tQ,152,Health,5,Arrow,1,15,False,0,True,POSTAĆ: BAZEMALBUS,hFJlCdqkS4WmlGjn4AsHbA,Protection %,23.5%,2350,0,,Defense,7,70000,1,732648,Offense %,0.36%,36,1,368,Offense,38,380000,1,3780012,Speed,5,50000,1,569730,E,4,4,0,100.0,77.0,83.3,77.0,0,0.0,slice,0,0,0,0,29.2,0.0,41.5,14.8,JARJARBINKS,CANDIDATE,SLICE,wartość moda lub dopasowanie do postaci uzasadnia kolejny roll,0.0,,,,,,,,,,,,,,,,,,,,,,,
n5RsyjfSSSi-I1pF3GfjlQ,152,Health,5,Arrow,1,15,False,0,False,MAGAZYN,,Offense %,5.88%,588,0,,Critical Chance %,1.92%,192,1,1921,Offense,36,360000,1,3565464,Protection %,1.26%,126,1,1263,Speed,5,50000,1,543240,E,4,4,0,100.0,69.2,83.3,69.2,0,0.0,slice,0,0,0,0,29.8,0.0,42.5,14.8,JARJARBINKS,CANDIDATE,SLICE,wartość moda lub dopasowanie do postaci uzasadnia kolejny roll,0.0,,,,,,,,,,,,,,,,,,,,,,,
os-VK6ZcS_Cqps21iDjG8A,152,Health,5,Arrow,5,15,False,0,True,POSTAĆ: HERMITYODA,35DQc3uwTDaDVs0AyRnA5Q,Speed,30,300000,0,,Defense,33,330000,4,863282|946288|797034|777728,Tenacity %,3.32%,332,2,1206|2118,Health,379,3790000,1,37988961,Defense %,1.33%,133,1,1337,A,8,8,0,100.0,35.8,0.0,35.8,0,62.7,6-dot,0,0,0,0,34.0,95.1,19.7,14.8,JARJARBINKS,CANDIDATE,SLICE_6E,5A ma wystarczającą wartość lub dopasowanie do postaci,0.0,,,,,,,,,,,,,,,,,,,,,,,
pjddlFE5T62f0ujiRSgfCQ,152,Health,5,Arrow,4,15,False,0,True,POSTAĆ: VANE,IRrH4R1UTBaBO0OKgdC4_A,Speed,30,300000,0,,Protection %,3.46%,346,2,1560|1902,Protection,489,4890000,1,48997094,Tenacity %,3.85%,385,2,1797|2056,Offense %,0.79%,79,2,486|310,B,7,7,0,100.0,61.7,0.0,61.7,0,0.0,slice,0,0,0,0,31.3,95.1,15.4,14.8,JARJARBINKS,CANDIDATE,SLICE,wartość moda lub dopasowanie do postaci uzasadnia kolejny roll,0.0,,,,,,,,,,,,,,,,,,,,,,,
s3thn13YReipDpaAhCberw,152,Health,5,Arrow,3,15,False,0,True,POSTAĆ: CEREJUNDA,72VBeoIDQ36DwUyEXxNADA,Protection %,23.5%,2350,0,,Defense %,2.76%,276,2,1609|1154,Speed,5,50000,1,581700,Tenacity %,1.69%,169,1,1692,Offense,55,550000,2,2808504|2637732,C,6,6,0,100.0,63.0,83.3,63.0,0,0.0,slice,0,0,0,0,20.6,0.0,28.2,14.8,JARJARBINKS,CANDIDATE,SLICE,wartość moda lub dopasowanie do postaci uzasadnia kolejny roll,0.0,,,,,,,,,,,,,,,,,,,,,,,
tScSobD2SVuC5-p0nioC3g,152,Health,5,Arrow,1,15,False,0,False,MAGAZYN,,Offense %,5.88%,588,0,,Speed,5,50000,1,569610,Tenacity %,2.1%,210,1,2105,Health %,0.69%,69,1,693,Offense,32,320000,1,3136596,E,4,4,0,100.0,71.0,83.3,71.0,0,0.0,slice,0,0,0,0,24.1,0.0,33.7,14.8,JARJARBINKS,CANDIDATE,SLICE,wartość moda lub dopasowanie do postaci uzasadnia kolejny roll,0.0,,,,,,,,,,,,,,,,,,,,,,,
upS61FTqTuuWE5_FX7SuUg,152,Health,5,Arrow,3,15,False,0,True,POSTAĆ: GENERALSYNDULLA,cxKTANbrQ820-mbbO3NZug,Speed,30,300000,0,,Protection,1025,10250000,2,55322113|47182233,Protection %,2.13%,213,1,2136,Health,389,3890000,1,38972598,Defense %,2.92%,292,2,1429|1501,C,6,6,0,100.0,49.7,0.0,49.7,0,0.0,slice,0,0,0,0,36.6,95.1,23.7,14.8,JARJARBINKS,CANDIDATE,KEEP,wartość secondary zbyt niska,0.0,,,,,,,,,,,,,,,,,,,,,,,
vq8qU8sqTSmMcgHYHyQ82A,152,Health,5,Arrow,1,15,False,0,False,MAGAZYN,,Offense %,5.88%,588,0,,Protection,586,5860000,1,58677737,Health %,1.03%,103,1,1038,Speed,5,50000,1,509130,Protection %,1.13%,113,1,1131,E,4,4,0,100.0,72.5,83.3,72.5,0,0.0,slice,0,0,0,0,30.3,0.0,43.1,14.8,JARJARBINKS,CANDIDATE,SLICE,wartość moda lub dopasowanie do postaci uzasadnia kolejny roll,0.0,,,,,,,,,,,,,,,,,,,,,,,
wtu1vXBxTsmp54kaWm7oIw,152,Health,5,Arrow,3,15,False,0,True,POSTAĆ: AMILYNHOLDO,-VRG4JZBQNq7g7axa-5MsQ,Speed,30,300000,0,,Tenacity %,3.79%,379,2,2187|1605,Health %,1.07%,107,1,1076,Protection %,2.82%,282,2,1685|1140,Protection,595,5950000,1,59595550,C,6,6,0,100.0,53.3,0.0,53.3,0,0.0,slice,0,0,0,0,32.9,95.1,18.0,14.8,JARJARBINKS,CANDIDATE,KEEP,obserwuj przed wydaniem materiałów,0.0,,,,,,,,,,,,,,,,,,,,,,,
xSyMKh33Q7yFU1jX5ffJzg,152,Health,5,Arrow,3,15,False,0,True,POSTAĆ: DARTHTALON,7vBYi6d4QVm5KxO4eYBHZQ,Speed,30,300000,0,,Offense,28,280000,1,2795736,Defense,15,150000,2,658070|868035,Tenacity %,1.64%,164,1,1640,Protection,1311,13110000,2,66448000|64691281,C,6,6,0,100.0,46.0,0.0,46.0,0,0.0,slice,0,0,0,0,39.9,95.1,28.7,14.8,JARJARBINKS,CANDIDATE,KEEP,wartość secondary zbyt niska,0.0,,,,,,,,,,,,,,,,,,,,,,,
xfVnHOJQSGS_w_l8X4i4kA,152,Health,5,Arrow,5,15,False,0,True,POSTAĆ: JAWAENGINEER,BY7zFKqQTSmh8ADdAer1Lw,Speed,30,300000,0,,Health,521,5210000,2,22885097|29281952,Critical Chance %,5.37%,537,4,1318|1249|1529|1283,Offense %,0.4%,40,1,406,Defense,7,70000,1,712558,A,8,8,0,100.0,40.2,0.0,40.2,0,25.7,6-dot,0,0,0,0,29.0,95.1,11.9,14.8,JARJARBINKS,CANDIDATE,KEEP,5A nie uzasadnia kosztu 6E,0.0,,,,,,,,,,,,,,,,,,,,,,,
zAN2f3iuSG6dxrvzmZHVeA,152,Health,5,Arrow,1,15,False,0,False,MAGAZYN,,Offense %,5.88%,588,0,,Health,420,4200000,1,42026373,Defense,8,80000,1,826336,Speed,5,50000,1,544110,Defense %,1.21%,121,1,1211,E,4,4,0,100.0,56.0,83.3,56.0,0,0.0,slice,0,0,0,0,28.8,0.0,40.9,14.8,JARJARBINKS,CANDIDATE,KEEP,obserwuj przed wydaniem materiałów,0.0,,,,,,,,,,,,,,,,,,,,,,,
r4cu7rTTS0G8cgjOiuk8SQ,152,Health,5,Arrow,2,9,False,0,False,MAGAZYN,,Defense %,7.25%,725,0,,Protection,762,7620000,1,76249080,Tenacity %,2.12%,212,1,2120,Protection %,2.14%,214,1,2144,Speed,5,50000,1,519390,D,4,5,1,100.0,62.0,83.3,69.6,7.6,0.0,upgrade,0,0,0,0,30.3,0.0,43.1,14.8,JARJARBINKS,CANDIDATE,UPGRADE,nieujawnione wszystkie secondary,0.0,,,,,,,,,,,,,,,,,,,,,,,
4FxmnEbhQtGmoNNsVkWpxA,152,Health,5,Arrow,3,6,False,0,False,MAGAZYN,,Health %,2.5%,250,0,,Protection,791,7910000,1,79197710,Critical Chance %,2.08%,208,1,2081,Speed,5,50000,1,553950,Defense,6,60000,1,651945,C,4,6,2,100.0,51.7,83.3,67.8,16.1,0.0,upgrade,0,0,0,0,29.6,0.0,42.2,14.8,JARJARBINKS,CANDIDATE,UPGRADE,nieujawnione wszystkie secondary,0.0,,,,,,,,,,,,,,,,,,,,,,,
V3w2Z7_AQl6TcLcYkZ4j1w,152,Health,5,Arrow,3,6,False,0,False,MAGAZYN,,Offense %,2.5%,250,0,,Defense %,0.88%,88,1,889,Protection,444,4440000,1,44491089,Speed,5,50000,1,582990,Protection %,1.34%,134,1,1340,C,4,6,2,100.0,65.0,83.3,76.7,11.7,0.0,upgrade,0,0,0,0,30.3,0.0,43.1,14.8,JARJARBINKS,CANDIDATE,UPGRADE,nieujawnione wszystkie secondary,0.0,,,,,,,,,,,,,,,,,,,,,,,
bw-KsrZCTdK_X_mabfHumw,152,Health,5,Arrow,3,6,False,0,False,MAGAZYN,,Offense %,2.5%,250,0,,Tenacity %,1.98%,198,1,1988,Protection,812,8120000,1,81207762,Protection %,2.11%,211,1,2119,Speed,5,50000,1,523710,C,4,6,2,100.0,62.0,83.3,74.7,12.7,0.0,upgrade,0,0,0,0,30.3,0.0,43.1,14.8,JARJARBINKS,CANDIDATE,UPGRADE,nieujawnione wszystkie secondary,0.0,,,,,,,,,,,,,,,,,,,,,,,
cE50amCzQZapYbFWAOUzFw,152,Health,5,Arrow,3,6,False,0,False,MAGAZYN,,Critical Avoidance %,10.5%,1050,0,,Protection,422,4220000,1,42223551,Offense,34,340000,1,3328116,Speed,5,50000,1,569220,Defense %,1.35%,135,1,1352,C,4,6,2,100.0,68.0,83.3,78.7,10.7,0.0,upgrade,0,0,0,0,30.2,0.0,43.0,14.8,JARJARBINKS,CANDIDATE,UPGRADE,nieujawnione wszystkie secondary,0.0,,,,,,,,,,,,,,,,,,,,,,,
hJ2ky_hTT9KwHC7Kjulxqw,152,Health,5,Arrow,3,6,False,0,False,MAGAZYN,,Health %,2.5%,250,0,,Potency %,2.22%,222,1,2228,Protection %,1.66%,166,1,1666,Defense %,1.55%,155,1,1555,Speed,5,50000,1,564870,C,4,6,2,100.0,61.5,83.3,74.3,12.8,0.0,upgrade,0,0,0,0,24.2,0.0,33.8,14.8,JARJARBINKS,CANDIDATE,UPGRADE,nieujawnione wszystkie secondary,0.0,,,,,,,,,,,,,,,,,,,,,,,
wx_aWI9kQ6-NCpjJ-at9kw,152,Health,5,Arrow,3,6,False,0,False,MAGAZYN,,Protection %,10%,1000,0,,Potency %,1.98%,198,1,1988,Offense,32,320000,1,3189948,Speed,5,50000,1,587010,Protection,551,5510000,1,55118616,C,4,6,2,100.0,66.0,83.3,77.3,11.3,0.0,upgrade,0,0,0,0,30.2,0.0,43.0,14.8,JARJARBINKS,CANDIDATE,UPGRADE,nieujawnione wszystkie secondary,0.0,,,,,,,,,,,,,,,,,,,,,,,
xO2bsCLQQee4bOOg2alcHQ,152,Health,5,Arrow,3,6,False,0,False,MAGAZYN,,Offense %,2.5%,250,0,,Health %,0.64%,64,1,644,Potency %,1.59%,159,1,1592,Offense,42,420000,1,4135008,Speed,5,50000,1,527760,C,4,6,2,100.0,72.0,83.3,81.3,9.3,0.0,upgrade,0,0,0,0,24.1,0.0,33.7,14.8,JARJARBINKS,CANDIDATE,UPGRADE,nieujawnione wszystkie secondary,0.0,,,,,,,,,,,,,,,,,,,,,,,
SLVCQJwuR5SuFsBukPtm6g,152,Health,5,Arrow,4,3,False,0,True,POSTAĆ: IMAGUNDI,r0q2lXvGRMyC4rDJYGNivg,Offense %,1.38%,138,0,,Protection %,1.22%,122,1,1223,Protection,504,5040000,1,50404961,Health %,0.57%,57,1,579,Speed,5,50000,1,585630,B,4,7,3,100.0,72.5,83.3,84.3,11.8,0.0,upgrade,0,0,0,0,30.3,0.0,43.1,14.8,JARJARBINKS,CANDIDATE,UPGRADE,nieujawnione wszystkie secondary,0.0,,,,,,,,,,,,,,,,,,,,,,,
-2ZPMGHWQiucYVdPxrCupQ,152,Health,5,Arrow,1,1,False,0,True,POSTAĆ: KYLORENUNMASKED,mmZzz2zbR36C6ye2aLObVg,Speed,4,40000,0,,,,,0,,,,,0,,,,,0,,,,,0,,E,0,4,4,0.0,0.0,0.0,0.0,0,0.0,upgrade,0,0,0,0,21.3,95.1,0.0,14.8,JARJARBINKS,CANDIDATE,UPGRADE,nieujawnione wszystkie secondary,0.0,,,,,,,,,,,,,,,,,,,,,,,
-DhjRgvLSNGRIOisGmSIkQ,152,Health,5,Arrow,3,1,False,0,False,MAGAZYN,,Speed,4,40000,0,,Defense %,1.48%,148,1,1480,Offense %,0.39%,39,1,397,,,,0,,,,,0,,C,2,6,4,100.0,67.0,0.0,83.7,16.7,0.0,upgrade,0,0,0,0,21.3,95.1,0.0,14.8,JARJARBINKS,CANDIDATE,UPGRADE,nieujawnione wszystkie secondary,0.0,,,,,,,,,,,,,,,,,,,,,,,
-r3wDuvnTdK9vcZibABncA,152,Health,5,Arrow,3,1,False,0,True,POSTAĆ: MACEWINDU,DCfkIiseTzaVx-iiN6Qzpw,Speed,4,40000,0,,Protection,811,8110000,1,81186997,Defense,9,90000,1,960449,,,,0,,,,,0,,C,2,6,4,100.0,41.0,0.0,45.7,4.7,0.0,upgrade,0,0,0,0,43.6,95.1,34.4,14.8,JARJARBINKS,CANDIDATE,UPGRADE,nieujawnione wszystkie secondary,0.0,,,,,,,,,,,,,,,,,,,,,,,
0KLdjRicTHalNcmZ-uAl1Q,152,Health,5,Arrow,3,1,False,0,False,MAGAZYN,,Speed,4,40000,0,,Critical Chance %,1.7%,170,1,1704,Potency %,1.56%,156,1,1569,,,,0,,,,,0,,C,2,6,4,100.0,29.5,0.0,32.5,3.0,0.0,upgrade,0,0,0,0,21.3,95.1,0.0,14.8,JARJARBINKS,CANDIDATE,UPGRADE,nieujawnione wszystkie secondary,0.0,,,,,,,,,,,,,,,,,,,,,,,
0b4SGWFuRomg8oh1zLcnXQ,152,Health,5,Arrow,3,1,False,0,False,MAGAZYN,,Speed,4,40000,0,,Tenacity %,1.52%,152,1,1528,Health,319,3190000,1,31913556,,,,0,,,,,0,,C,2,6,4,100.0,39.0,0.0,45.0,6.0,0.0,upgrade,0,0,0,0,31.7,95.1,16.0,14.8,JARJARBINKS,CANDIDATE,UPGRADE,nieujawnione wszystkie secondary,0.0,,,,,,,,,,,,,,,,,,,,,,,
21liU2SURO6ac9SLRW3yPw,152,Health,5,Arrow,2,1,False,0,True,POSTAĆ: MOFFGIDEONS1,HPnSQ9B5QYKlMeSpZV2uVg,Speed,4,40000,0,,Protection,515,5150000,1,51526271,,,,0,,,,,0,,,,,0,,D,1,5,4,100.0,48.0,0.0,48.0,0,0.0,upgrade,0,0,0,0,45.5,95.1,37.4,14.8,JARJARBINKS,CANDIDATE,UPGRADE,nieujawnione wszystkie secondary,0.0,,,,,,,,,,,,,,,,,,,,,,,
2h4KYOScQcSvn1K7bg2nxg,152,Health,5,Arrow,1,1,False,0,True,POSTAĆ: IG11,mqfX-RgRRcykqF6ZAoBo8g,Speed,4,40000,0,,,,,0,,,,,0,,,,,0,,,,,0,,E,0,4,4,0.0,0.0,0.0,0.0,0,0.0,upgrade,0,0,0,0,21.3,95.1,0.0,14.8,JARJARBINKS,CANDIDATE,UPGRADE,nieujawnione wszystkie secondary,0.0,,,,,,,,,,,,,,,,,,,,,,,
3G638fWSRZapTnxx265EJg,152,Health,5,Arrow,1,1,False,0,True,POSTAĆ: CT5555,vsWn91ssQVyOxZtaLPlqqg,Speed,4,40000,0,,,,,0,,,,,0,,,,,0,,,,,0,,E,0,4,4,0.0,0.0,0.0,0.0,0,0.0,upgrade,0,0,0,0,21.3,95.1,0.0,14.8,JARJARBINKS,CANDIDATE,UPGRADE,nieujawnione wszystkie secondary,0.0,,,,,,,,,,,,,,,,,,,,,,,
4sPcX-xeQ12W1pVKRut42g,152,Health,5,Arrow,1,1,False,0,False,MAGAZYN,,Speed,4,40000,0,,,,,0,,,,,0,,,,,0,,,,,0,,E,0,4,4,0.0,0.0,0.0,0.0,0,0.0,upgrade,0,0,0,0,21.3,95.1,0.0,14.8,JARJARBINKS,CANDIDATE,UPGRADE,nieujawnione wszystkie secondary,0.0,,,,,,,,,,,,,,,,,,,,,,,
54AhSuDSSbCjguM3sr1s3g,152,Health,5,Arrow,3,1,False,0,False,MAGAZYN,,Health %,0.63%,63,0,,Protection %,1.62%,162,1,1622,Speed,5,50000,1,595110,,,,0,,,,,0,,C,2,6,4,100.0,85.0,83.3,95.0,10.0,0.0,upgrade,0,0,0,0,46.2,0.0,67.6,14.8,JARJARBINKS,CANDIDATE,UPGRADE,nieujawnione wszystkie secondary,0.0,,,,,,,,,,,,,,,,,,,,,,,
5rMSy3IvS8uwREhFNDlYqw,152,Health,5,Arrow,1,1,False,0,False,MAGAZYN,,Speed,4,40000,0,,,,,0,,,,,0,,,,,0,,,,,0,,E,0,4,4,0.0,0.0,0.0,0.0,0,0.0,upgrade,0,0,0,0,21.3,95.1,0.0,14.8,JARJARBINKS,CANDIDATE,UPGRADE,nieujawnione wszystkie secondary,0.0,,,,,,,,,,,,,,,,,,,,,,,
6cnKEqiVRieDa9zJmnK1dg,152,Health,5,Arrow,4,1,False,0,False,MAGAZYN,,Speed,4,40000,0,,Protection %,2.07%,207,1,2070,Critical Chance %,1.38%,138,1,1383,Offense,46,460000,1,4542444,,,,0,,B,3,7,4,100.0,59.0,0.0,72.1,13.1,0.0,upgrade,0,0,0,0,36.4,95.1,23.3,14.8,JARJARBINKS,CANDIDATE,UPGRADE,nieujawnione wszystkie secondary,0.0,,,,,,,,,,,,,,,,,,,,,,,
6xrtOrZDTY6wJ236SsYgow,152,Health,5,Arrow,3,1,False,0,False,MAGAZYN,,Speed,4,40000,0,,Defense %,1.41%,141,1,1414,Potency %,1.34%,134,1,1348,,,,0,,,,,0,,C,2,6,4,100.0,38.0,0.0,40.7,2.7,0.0,upgrade,0,0,0,0,21.3,95.1,0.0,14.8,JARJARBINKS,CANDIDATE,UPGRADE,nieujawnione wszystkie secondary,0.0,,,,,,,,,,,,,,,,,,,,,,,
78aPsdFtSSKiD0m9yH_eBQ,152,Health,5,Arrow,2,1,False,0,False,MAGAZYN,,Speed,4,40000,0,,Critical Chance %,1.16%,116,1,1161,,,,0,,,,,0,,,,,0,,D,1,5,4,100.0,25.0,0.0,25.0,0,0.0,upgrade,0,0,0,0,21.3,95.1,0.0,14.8,JARJARBINKS,CANDIDATE,UPGRADE,nieujawnione wszystkie secondary,0.0,,,,,,,,,,,,,,,,,,,,,,,
7Ic2fijSQdS7uxRppTVthw,152,Health,5,Arrow,1,1,False,0,False,MAGAZYN,,Speed,4,40000,0,,,,,0,,,,,0,,,,,0,,,,,0,,E,0,4,4,0.0,0.0,0.0,0.0,0,0.0,upgrade,0,0,0,0,21.3,95.1,0.0,14.8,JARJARBINKS,CANDIDATE,UPGRADE,nieujawnione wszystkie secondary,0.0,,,,,,,,,,,,,,,,,,,,,,,
7U7v6BU2SLSEBR4-bVDQmQ,152,Health,5,Arrow,3,1,False,0,False,MAGAZYN,,Speed,4,40000,0,,Offense,30,300000,1,2952372,Protection %,1.84%,184,1,1843,,,,0,,,,,0,,C,2,6,4,100.0,76.0,0.0,80.0,4.0,0.0,upgrade,0,0,0,0,44.0,95.1,35.0,14.8,JARJARBINKS,CANDIDATE,UPGRADE,nieujawnione wszystkie secondary,0.0,,,,,,,,,,,,,,,,,,,,,,,
7_VGUD_xRxqX2tJBNNvp9w,152,Health,5,Arrow,3,1,False,0,False,MAGAZYN,,Speed,4,40000,0,,Health %,0.89%,89,1,897,Defense %,1.69%,169,1,1695,,,,0,,,,,0,,C,2,6,4,100.0,57.0,0.0,67.0,10.0,0.0,upgrade,0,0,0,0,21.3,95.1,0.0,14.8,JARJARBINKS,CANDIDATE,UPGRADE,nieujawnione wszystkie secondary,0.0,,,,,,,,,,,,,,,,,,,,,,,
7aVc7AnqS8SC-EUl_JsXoQ,152,Health,5,Arrow,5,1,False,0,True,POSTAĆ: DARTHMALGUS,rNVRtWnISySAAsFoyWfm4Q,Health %,0.63%,63,0,,Defense,8,80000,1,868525,Protection,594,5940000,1,59441889,Speed,5,50000,1,593760,Tenacity %,1.71%,171,1,1713,A,4,8,4,100.0,53.0,83.3,76.5,23.5,56.2,upgrade,0,0,0,0,29.6,0.0,42.2,14.8,JARJARBINKS,CANDIDATE,UPGRADE,nieujawnione wszystkie secondary,0.0,,,,,,,,,,,,,,,,,,,,,,,
7lVzyaImTIydtErU3uU8uQ,152,Health,5,Arrow,2,1,False,0,False,MAGAZYN,,Speed,4,40000,0,,Defense,9,90000,1,916398,,,,0,,,,,0,,,,,0,,D,1,5,4,100.0,34.0,0.0,34.0,0.0,0.0,upgrade,0,0,0,0,41.6,95.1,31.3,14.8,JARJARBINKS,CANDIDATE,UPGRADE,nieujawnione wszystkie secondary,0.0,,,,,,,,,,,,,,,,,,,,,,,
80O-LY6oRkGajCnHLLCmpA,152,Health,5,Arrow,1,1,False,0,False,MAGAZYN,,Speed,4,40000,0,,,,,0,,,,,0,,,,,0,,,,,0,,E,0,4,4,0.0,0.0,0.0,0.0,0,0.0,upgrade,0,0,0,0,21.3,95.1,0.0,14.8,JARJARBINKS,CANDIDATE,UPGRADE,nieujawnione wszystkie secondary,0.0,,,,,,,,,,,,,,,,,,,,,,,
8ahQsOxwQLCQsmLsVhq69g,152,Health,5,Arrow,2,1,False,0,False,MAGAZYN,,Speed,4,40000,0,,Defense %,1.14%,114,1,1140,,,,0,,,,,0,,,,,0,,D,1,5,4,100.0,42.0,0.0,42.0,0,0.0,upgrade,0,0,0,0,21.3,95.1,0.0,14.8,JARJARBINKS,CANDIDATE,UPGRADE,nieujawnione wszystkie secondary,0.0,,,,,,,,,,,,,,,,,,,,,,,
8vfmg6aZQVSax39U7RzoVA,152,Health,5,Arrow,5,1,False,0,False,MAGAZYN,,Speed,4,40000,0,,Health %,1.09%,109,1,1099,Offense,44,440000,1,4375320,Tenacity %,1.47%,147,1,1474,Protection,757,7570000,1,75750720,A,4,8,4,100.0,58.0,0.0,70.0,12.0,74.9,upgrade,0,0,0,0,33.0,95.1,18.0,14.8,JARJARBINKS,CANDIDATE,UPGRADE,nieujawnione wszystkie secondary,0.0,,,,,,,,,,,,,,,,,,,,,,,
8vr5E9zOTnKfBl65drywZw,152,Health,5,Arrow,3,1,False,0,False,MAGAZYN,,Protection %,2.5%,250,0,,Health,356,3560000,1,35612374,Speed,5,50000,1,582990,,,,0,,,,,0,,C,2,6,4,100.0,74.0,83.3,91.3,17.3,0.0,upgrade,0,0,0,0,45.2,0.0,66.0,14.8,JARJARBINKS,CANDIDATE,UPGRADE,nieujawnione wszystkie secondary,0.0,,,,,,,,,,,,,,,,,,,,,,,
8xZdKxsNRlyt_YgqnnEoMA,152,Health,5,Arrow,1,1,False,0,False,MAGAZYN,,Speed,4,40000,0,,,,,0,,,,,0,,,,,0,,,,,0,,E,0,4,4,0.0,0.0,0.0,0.0,0,0.0,upgrade,0,0,0,0,21.3,95.1,0.0,14.8,JARJARBINKS,CANDIDATE,UPGRADE,nieujawnione wszystkie secondary,0.0,,,,,,,,,,,,,,,,,,,,,,,
9DAQAI32TKeq6pJyUu88Xw,152,Health,5,Arrow,3,1,False,0,False,MAGAZYN,,Protection %,2.5%,250,0,,Speed,5,50000,1,592410,Protection,629,6290000,1,62938715,,,,0,,,,,0,,C,2,6,4,100.0,74.0,83.3,91.3,17.3,0.0,upgrade,0,0,0,0,46.9,0.0,68.7,14.8,JARJARBINKS,CANDIDATE,UPGRADE,nieujawnione wszystkie secondary,0.0,,,,,,,,,,,,,,,,,,,,,,,
9Rdxz-eLSYqIbEZTqbEd-A,152,Health,5,Arrow,3,1,False,0,False,MAGAZYN,,Speed,4,40000,0,,Protection %,1.75%,175,1,1759,Defense,6,60000,1,644791,,,,0,,,,,0,,C,2,6,4,100.0,52.0,0.0,64.0,12.0,0.0,upgrade,0,0,0,0,42.9,95.1,33.3,14.8,JARJARBINKS,CANDIDATE,UPGRADE,nieujawnione wszystkie secondary,0.0,,,,,,,,,,,,,,,,,,,,,,,
9cTR4Z0XSsmq5ZNKDT64WA,152,Health,5,Arrow,1,1,False,0,False,MAGAZYN,,Speed,4,40000,0,,,,,0,,,,,0,,,,,0,,,,,0,,E,0,4,4,0.0,0.0,0.0,0.0,0,0.0,upgrade,0,0,0,0,21.3,95.1,0.0,14.8,JARJARBINKS,CANDIDATE,UPGRADE,nieujawnione wszystkie secondary,0.0,,,,,,,,,,,,,,,,,,,,,,,
9tj3RY3CS1O7NuxZ6AETwg,152,Health,5,Arrow,5,1,False,0,True,POSTAĆ: BOKATAN,JCTZSSscTn-Zm1kJbrV0pw,Speed,4,40000,0,,Health %,0.88%,88,1,881,Offense %,0.48%,48,1,488,Critical Chance %,1.39%,139,1,1398,Protection %,1.53%,153,1,1535,A,4,8,4,100.0,64.8,0.0,78.4,13.6,46.6,upgrade,0,0,0,0,27.0,95.1,8.8,14.8,JARJARBINKS,CANDIDATE,UPGRADE,nieujawnione wszystkie secondary,0.0,,,,,,,,,,,,,,,,,,,,,,,
AFgd6siTRl-SP-hcLSHXtQ,152,Health,5,Arrow,3,1,False,0,False,MAGAZYN,,Speed,4,40000,0,,Defense %,1.36%,136,1,1363,Tenacity %,1.89%,189,1,1890,,,,0,,,,,0,,C,2,6,4,100.0,36.0,0.0,40.0,4.0,0.0,upgrade,0,0,0,0,21.3,95.1,0.0,14.8,JARJARBINKS,CANDIDATE,UPGRADE,nieujawnione wszystkie secondary,0.0,,,,,,,,,,,,,,,,,,,,,,,
ATVUXbmtRGuTU9rSUk_vog,152,Health,5,Arrow,1,1,False,0,False,MAGAZYN,,Speed,4,40000,0,,,,,0,,,,,0,,,,,0,,,,,0,,E,0,4,4,0.0,0.0,0.0,0.0,0,0.0,upgrade,0,0,0,0,21.3,95.1,0.0,14.8,JARJARBINKS,CANDIDATE,UPGRADE,nieujawnione wszystkie secondary,0.0,,,,,,,,,,,,,,,,,,,,,,,
BKZ--uZYQne9eF5Jh2GSlQ,152,Health,5,Arrow,3,1,False,0,True,POSTAĆ: JEDIKNIGHTCAL,QIF5yMuQQKq3dp-_Ka3c2w,Speed,4,40000,0,,Offense %,0.47%,47,1,478,Protection,790,7900000,1,79027437,,,,0,,,,,0,,C,2,6,4,100.0,70.0,0.0,84.7,14.7,0.0,upgrade,0,0,0,0,33.4,95.1,18.7,14.8,JARJARBINKS,CANDIDATE,UPGRADE,nieujawnione wszystkie secondary,0.0,,,,,,,,,,,,,,,,,,,,,,,
C3YJgcraSn-GL7a8LfY7ew,152,Health,5,Arrow,3,1,False,0,False,MAGAZYN,,Offense %,0.63%,63,0,,Health,363,3630000,1,36360281,Speed,5,50000,1,501720,,,,0,,,,,0,,C,2,6,4,100.0,74.0,83.3,91.3,17.3,0.0,upgrade,0,0,0,0,45.2,0.0,66.0,14.8,JARJARBINKS,CANDIDATE,UPGRADE,nieujawnione wszystkie secondary,0.0,,,,,,,,,,,,,,,,,,,,,,,
D3CQ5X4dSkSCILpCrwyhYg,152,Health,5,Arrow,5,1,False,0,False,MAGAZYN,,Speed,4,40000,0,,Offense,37,370000,1,3653928,Protection,735,7350000,1,73557936,Critical Chance %,1.14%,114,1,1144,Defense %,1.02%,102,1,1022,A,4,8,4,100.0,49.2,0.0,65.6,16.4,40.1,upgrade,0,0,0,0,33.0,95.1,18.0,14.8,JARJARBINKS,CANDIDATE,UPGRADE,nieujawnione wszystkie secondary,0.0,,,,,,,,,,,,,,,,,,,,,,,
D_eUPb5fQX2pPKUG3HuHIQ,152,Health,5,Arrow,3,1,False,0,True,POSTAĆ: QIRA,Gi9SANbjSlmcceP-ctVgpA,Speed,4,40000,0,,Offense,25,250000,1,2454876,Health %,1.1%,110,1,1106,,,,0,,,,,0,,C,2,6,4,100.0,77.0,0.0,80.3,3.3,0.0,upgrade,0,0,0,0,32.5,95.1,17.4,14.8,JARJARBINKS,CANDIDATE,UPGRADE,nieujawnione wszystkie secondary,0.0,,,,,,,,,,,,,,,,,,,,,,,
ELdEz7zYTb-soiGOfKoEZQ,152,Health,5,Arrow,3,1,False,0,False,MAGAZYN,,Speed,4,40000,0,,Potency %,1.86%,186,1,1868,Offense %,0.4%,40,1,401,,,,0,,,,,0,,C,2,6,4,100.0,63.0,0.0,82.3,19.3,0.0,upgrade,0,0,0,0,21.3,95.1,0.0,14.8,JARJARBINKS,CANDIDATE,UPGRADE,nieujawnione wszystkie secondary,0.0,,,,,,,,,,,,,,,,,,,,,,,
F-zKOUZNRjeqlDFQ3SXUlQ,152,Health,5,Arrow,5,1,False,0,False,MAGAZYN,,Health %,0.63%,63,0,,Protection,704,7040000,1,70422421,Defense,8,80000,1,825258,Offense %,0.34%,34,1,345,Speed,5,50000,1,577140,A,4,8,4,100.0,68.5,83.3,84.2,15.8,55.1,upgrade,0,0,0,0,29.6,0.0,42.2,14.8,JARJARBINKS,CANDIDATE,UPGRADE,nieujawnione wszystkie secondary,0.0,,,,,,,,,,,,,,,,,,,,,,,
FH86ETRkQyiXYpHsiaXPpA,152,Health,5,Arrow,1,1,False,0,False,MAGAZYN,,Speed,4,40000,0,,,,,0,,,,,0,,,,,0,,,,,0,,E,0,4,4,0.0,0.0,0.0,0.0,0,0.0,upgrade,0,0,0,0,21.3,95.1,0.0,14.8,JARJARBINKS,CANDIDATE,UPGRADE,nieujawnione wszystkie secondary,0.0,,,,,,,,,,,,,,,,,,,,,,,
FjA5rEqMT8CcgaTb5VV5ag,152,Health,5,Arrow,3,1,False,0,False,MAGAZYN,,Speed,4,40000,0,,Potency %,1.64%,164,1,1649,Defense %,0.87%,87,1,878,,,,0,,,,,0,,C,2,6,4,100.0,38.0,0.0,40.7,2.7,0.0,upgrade,0,0,0,0,21.3,95.1,0.0,14.8,JARJARBINKS,CANDIDATE,UPGRADE,nieujawnione wszystkie secondary,0.0,,,,,,,,,,,,,,,,,,,,,,,
HF9judltShqBAzqakJARrw,152,Health,5,Arrow,4,1,False,0,True,POSTAĆ: VISASMARR,4Sxf6R0SSOmtftLRViCF1w,Speed,4,40000,0,,Tenacity %,1.9%,190,1,1902,Offense %,0.37%,37,1,372,Health,417,4170000,1,41739211,,,,0,,B,3,7,4,100.0,56.7,0.0,76.9,20.2,0.0,upgrade,0,0,0,0,28.2,95.1,10.7,14.8,JARJARBINKS,CANDIDATE,UPGRADE,nieujawnione wszystkie secondary,0.0,,,,,,,,,,,,,,,,,,,,,,,
HHNMeAJkQTWteU9ma54WyA,152,Health,5,Arrow,1,1,False,0,False,MAGAZYN,,Speed,4,40000,0,,,,,0,,,,,0,,,,,0,,,,,0,,E,0,4,4,0.0,0.0,0.0,0.0,0,0.0,upgrade,0,0,0,0,21.3,95.1,0.0,14.8,JARJARBINKS,CANDIDATE,UPGRADE,nieujawnione wszystkie secondary,0.0,,,,,,,,,,,,,,,,,,,,,,,
HMyJyzGzQXqYFigHtEk7jw,152,Health,5,Arrow,1,1,False,0,False,MAGAZYN,,Speed,4,40000,0,,,,,0,,,,,0,,,,,0,,,,,0,,E,0,4,4,0.0,0.0,0.0,0.0,0,0.0,upgrade,0,0,0,0,21.3,95.1,0.0,14.8,JARJARBINKS,CANDIDATE,UPGRADE,nieujawnione wszystkie secondary,0.0,,,,,,,,,,,,,,,,,,,,,,,
Ht8c50PmTNyy5suez6F8IA,152,Health,5,Arrow,2,1,False,0,False,MAGAZYN,,Offense %,0.63%,63,0,,Speed,5,50000,1,506430,,,,0,,,,,0,,,,,0,,D,1,5,4,100.0,100.0,83.3,100.0,0,0.0,upgrade,0,0,0,0,67.2,0.0,100.0,14.8,JARJARBINKS,CANDIDATE,UPGRADE,nieujawnione wszystkie secondary,0.0,,,,,,,,,,,,,,,,,,,,,,,
I-P_3deQTtmxR2GIVPR3gQ,152,Health,5,Arrow,3,1,False,0,True,POSTAĆ: CHIEFNEBIT,gbPYHApKTDSmWMiuMeaBZg,Speed,4,40000,0,,Health %,0.65%,65,1,655,Protection,632,6320000,1,63208660,,,,0,,,,,0,,C,2,6,4,100.0,60.0,0.0,68.0,8.0,0.0,upgrade,0,0,0,0,33.4,95.1,18.7,14.8,JARJARBINKS,CANDIDATE,UPGRADE,nieujawnione wszystkie secondary,0.0,,,,,,,,,,,,,,,,,,,,,,,
IFsndp7zTt-P99m_JSIkYg,152,Health,5,Arrow,1,1,False,0,False,MAGAZYN,,Speed,4,40000,0,,,,,0,,,,,0,,,,,0,,,,,0,,E,0,4,4,0.0,0.0,0.0,0.0,0,0.0,upgrade,0,0,0,0,21.3,95.1,0.0,14.8,JARJARBINKS,CANDIDATE,UPGRADE,nieujawnione wszystkie secondary,0.0,,,,,,,,,,,,,,,,,,,,,,,
IOLUYbBrQZyPY7_sPsAdGw,152,Health,5,Arrow,3,1,False,0,False,MAGAZYN,,Offense %,0.63%,63,0,,Health %,0.91%,91,1,911,Speed,5,50000,1,574650,,,,0,,,,,0,,C,2,6,4,100.0,86.0,83.3,95.3,9.3,0.0,upgrade,0,0,0,0,34.7,0.0,50.0,14.8,JARJARBINKS,CANDIDATE,UPGRADE,nieujawnione wszystkie secondary,0.0,,,,,,,,,,,,,,,,,,,,,,,
IxZCjjCVQaWAI5s6h2tNiQ,152,Health,5,Arrow,1,1,False,0,False,MAGAZYN,,Speed,4,40000,0,,,,,0,,,,,0,,,,,0,,,,,0,,E,0,4,4,0.0,0.0,0.0,0.0,0,0.0,upgrade,0,0,0,0,21.3,95.1,0.0,14.8,JARJARBINKS,CANDIDATE,UPGRADE,nieujawnione wszystkie secondary,0.0,,,,,,,,,,,,,,,,,,,,,,,
Kn4mtPhlRHKhi3D_zSDpYA,152,Health,5,Arrow,3,1,False,0,False,MAGAZYN,,Speed,4,40000,0,,Defense,6,60000,1,649936,Protection,675,6750000,1,67519474,,,,0,,,,,0,,C,2,6,4,100.0,41.0,0.0,45.7,4.7,0.0,upgrade,0,0,0,0,43.6,95.1,34.4,14.8,JARJARBINKS,CANDIDATE,UPGRADE,nieujawnione wszystkie secondary,0.0,,,,,,,,,,,,,,,,,,,,,,,
Lw5INlh3QNG9opECqti3pA,152,Health,5,Arrow,1,1,False,0,False,MAGAZYN,,Speed,4,40000,0,,,,,0,,,,,0,,,,,0,,,,,0,,E,0,4,4,0.0,0.0,0.0,0.0,0,0.0,upgrade,0,0,0,0,21.3,95.1,0.0,14.8,JARJARBINKS,CANDIDATE,UPGRADE,nieujawnione wszystkie secondary,0.0,,,,,,,,,,,,,,,,,,,,,,,
M2b0_xuKQb2CQOjAebIsNg,152,Health,5,Arrow,1,1,False,0,False,MAGAZYN,,Speed,4,40000,0,,,,,0,,,,,0,,,,,0,,,,,0,,E,0,4,4,0.0,0.0,0.0,0.0,0,0.0,upgrade,0,0,0,0,21.3,95.1,0.0,14.8,JARJARBINKS,CANDIDATE,UPGRADE,nieujawnione wszystkie secondary,0.0,,,,,,,,,,,,,,,,,,,,,,,
M6_5onwQR7q7X2IqhSO_Pw,152,Health,5,Arrow,1,1,False,0,False,MAGAZYN,,Speed,4,40000,0,,,,,0,,,,,0,,,,,0,,,,,0,,E,0,4,4,0.0,0.0,0.0,0.0,0,0.0,upgrade,0,0,0,0,21.3,95.1,0.0,14.8,JARJARBINKS,CANDIDATE,UPGRADE,nieujawnione wszystkie secondary,0.0,,,,,,,,,,,,,,,,,,,,,,,
M87BhI44TAe-W8E2hbRXfw,152,Health,5,Arrow,2,1,False,0,True,POSTAĆ: MARROK,DC1h1YfjTMWLihdoiSJ0nw,Speed,4,40000,0,,Offense %,0.32%,32,1,325,,,,0,,,,,0,,,,,0,,D,1,5,4,100.0,92.0,0.0,92.0,0.0,0.0,upgrade,0,0,0,0,21.3,95.1,0.0,14.8,JARJARBINKS,CANDIDATE,UPGRADE,nieujawnione wszystkie secondary,0.0,,,,,,,,,,,,,,,,,,,,,,,
Mv7cHc9zSK-59wwak6lk4w,152,Health,5,Arrow,1,1,False,0,False,MAGAZYN,,Speed,4,40000,0,,,,,0,,,,,0,,,,,0,,,,,0,,E,0,4,4,0.0,0.0,0.0,0.0,0,0.0,upgrade,0,0,0,0,21.3,95.1,0.0,14.8,JARJARBINKS,CANDIDATE,UPGRADE,nieujawnione wszystkie secondary,0.0,,,,,,,,,,,,,,,,,,,,,,,
N2eiCu_ISraiyQG4urQpxg,152,Health,5,Arrow,1,1,False,0,False,MAGAZYN,,Speed,4,40000,0,,,,,0,,,,,0,,,,,0,,,,,0,,E,0,4,4,0.0,0.0,0.0,0.0,0,0.0,upgrade,0,0,0,0,21.3,95.1,0.0,14.8,JARJARBINKS,CANDIDATE,UPGRADE,nieujawnione wszystkie secondary,0.0,,,,,,,,,,,,,,,,,,,,,,,
Nkgyt8UVSFy6OyfChK3GtQ,152,Health,5,Arrow,1,1,False,0,False,MAGAZYN,,Speed,4,40000,0,,,,,0,,,,,0,,,,,0,,,,,0,,E,0,4,4,0.0,0.0,0.0,0.0,0,0.0,upgrade,0,0,0,0,21.3,95.1,0.0,14.8,JARJARBINKS,CANDIDATE,UPGRADE,nieujawnione wszystkie secondary,0.0,,,,,,,,,,,,,,,,,,,,,,,
NxrTc62SRDOCQ1h-ZLpNpQ,152,Health,5,Arrow,3,1,False,0,False,MAGAZYN,,Health %,0.63%,63,0,,Speed,5,50000,1,599640,Protection %,1.66%,166,1,1661,,,,0,,,,,0,,C,2,6,4,100.0,85.0,83.3,95.0,10.0,0.0,upgrade,0,0,0,0,46.2,0.0,67.6,14.8,JARJARBINKS,CANDIDATE,UPGRADE,nieujawnione wszystkie secondary,0.0,,,,,,,,,,,,,,,,,,,,,,,
O4wsc35HSVK1KAz0dhR7Ew,152,Health,5,Arrow,3,1,False,0,False,MAGAZYN,,Speed,4,40000,0,,Protection,493,4930000,1,49308569,Health,244,2440000,1,24425914,,,,0,,,,,0,,C,2,6,4,100.0,48.0,0.0,48.0,0,0.0,upgrade,0,0,0,0,43.8,95.1,34.7,14.8,JARJARBINKS,CANDIDATE,UPGRADE,nieujawnione wszystkie secondary,0.0,,,,,,,,,,,,,,,,,,,,,,,
O5FIg_riTreTMXtb140UWQ,152,Health,5,Arrow,3,1,False,0,False,MAGAZYN,,Speed,4,40000,0,,Offense %,0.38%,38,1,384,Protection,559,5590000,1,55953369,,,,0,,,,,0,,C,2,6,4,100.0,70.0,0.0,84.7,14.7,0.0,upgrade,0,0,0,0,33.4,95.1,18.7,14.8,JARJARBINKS,CANDIDATE,UPGRADE,nieujawnione wszystkie secondary,0.0,,,,,,,,,,,,,,,,,,,,,,,
ON8isJDMQhuqpcWg6isnRA,152,Health,5,Arrow,1,1,False,0,True,POSTAĆ: NIGHTSISTERINITIATE,Sbag_OWRT_G6iN-SMQBxCw,Speed,4,40000,0,,,,,0,,,,,0,,,,,0,,,,,0,,E,0,4,4,0.0,0.0,0.0,0.0,0,0.0,upgrade,0,0,0,0,21.3,95.1,0.0,14.8,JARJARBINKS,CANDIDATE,UPGRADE,nieujawnione wszystkie secondary,0.0,,,,,,,,,,,,,,,,,,,,,,,
OPZLPv0yTWSaq6cpReVR7Q,152,Health,5,Arrow,4,1,False,0,True,POSTAĆ: GREEFKARGA,glB8R2fVS3qp3gZo3f4x4Q,Speed,4,40000,0,,Defense,6,60000,1,691929,Defense %,1.45%,145,1,1453,Offense,39,390000,1,3851376,,,,0,,B,3,7,4,100.0,52.7,0.0,69.4,16.8,0.0,upgrade,0,0,0,0,35.6,95.1,22.0,14.8,JARJARBINKS,CANDIDATE,UPGRADE,nieujawnione wszystkie secondary,0.0,,,,,,,,,,,,,,,,,,,,,,,
OaHfqZPbTceCfXEkgSxlkw,152,Health,5,Arrow,5,1,False,0,False,MAGAZYN,,Critical Avoidance %,3%,300,0,,Offense %,0.36%,36,1,368,Protection,770,7700000,1,77017385,Potency %,1.59%,159,1,1597,Speed,5,50000,1,569190,A,4,8,4,100.0,68.5,83.3,84.2,15.8,55.3,upgrade,0,0,0,0,24.5,0.0,34.3,14.8,JARJARBINKS,CANDIDATE,UPGRADE,nieujawnione wszystkie secondary,0.0,,,,,,,,,,,,,,,,,,,,,,,
PK1eXNn7QsmaqjdLoltbBw,152,Health,5,Arrow,3,1,False,0,False,MAGAZYN,,Speed,4,40000,0,,Offense,30,300000,1,2917032,Health %,0.89%,89,1,897,,,,0,,,,,0,,C,2,6,4,100.0,77.0,0.0,80.3,3.3,0.0,upgrade,0,0,0,0,32.5,95.1,17.4,14.8,JARJARBINKS,CANDIDATE,UPGRADE,nieujawnione wszystkie secondary,0.0,,,,,,,,,,,,,,,,,,,,,,,
PrFOqeknSq6mrZuixt_o7w,152,Health,5,Arrow,4,1,False,0,True,POSTAĆ: GRIEVOUS,8rfbK6ILSTOkxNMgxNYN5Q,Health %,0.63%,63,0,,Defense,5,50000,1,598388,Speed,5,50000,1,562590,Protection,596,5960000,1,59624621,,,,0,,B,3,7,4,100.0,60.7,83.3,83.1,22.5,0.0,upgrade,0,0,0,0,38.8,0.0,56.2,14.8,JARJARBINKS,CANDIDATE,UPGRADE,nieujawnione wszystkie secondary,0.0,,,,,,,,,,,,,,,,,,,,,,,
QTTZ4hA9Qbql1niQVJF1JA,152,Health,5,Arrow,4,1,False,0,True,POSTAĆ: COMMANDERAHSOKA,CTmaWdlpSUOGpCcKqGJM4Q,Speed,4,40000,0,,Offense %,0.45%,45,1,451,Health,410,4100000,1,41002019,Protection,807,8070000,1,80713555,,,,0,,B,3,7,4,100.0,62.7,0.0,79.4,16.8,0.0,upgrade,0,0,0,0,36.3,95.1,23.1,14.8,JARJARBINKS,CANDIDATE,UPGRADE,nieujawnione wszystkie secondary,0.0,,,,,,,,,,,,,,,,,,,,,,,
RLTbljoDQYGJfFAASv5-2A,152,Health,5,Arrow,3,1,False,0,False,MAGAZYN,,Critical Avoidance %,3%,300,0,,Tenacity %,1.91%,191,1,1917,Speed,5,50000,1,518700,,,,0,,,,,0,,C,2,6,4,100.0,65.0,83.3,88.3,23.3,0.0,upgrade,0,0,0,0,34.7,0.0,50.0,14.8,JARJARBINKS,CANDIDATE,UPGRADE,nieujawnione wszystkie secondary,0.0,,,,,,,,,,,,,,,,,,,,,,,
RUxLgzYwSLK9xOB-NWHGjg,152,Health,5,Arrow,1,1,False,0,False,MAGAZYN,,Speed,4,40000,0,,,,,0,,,,,0,,,,,0,,,,,0,,E,0,4,4,0.0,0.0,0.0,0.0,0,0.0,upgrade,0,0,0,0,21.3,95.1,0.0,14.8,JARJARBINKS,CANDIDATE,UPGRADE,nieujawnione wszystkie secondary,0.0,,,,,,,,,,,,,,,,,,,,,,,
SDQ24pEBQCqV2ZrpJoPU7w,152,Health,5,Arrow,3,1,False,0,True,POSTAĆ: TALIA,MGHSHYnwSkWTFZjOGEUreg,Speed,4,40000,0,,Defense,8,80000,1,812861,Health %,0.9%,90,1,907,,,,0,,,,,0,,C,2,6,4,100.0,53.0,0.0,65.7,12.7,0.0,upgrade,0,0,0,0,31.4,95.1,15.7,14.8,JARJARBINKS,CANDIDATE,UPGRADE,nieujawnione wszystkie secondary,0.0,,,,,,,,,,,,,,,,,,,,,,,
SHKBsZoNSLW5vv25BM-dnw,152,Health,5,Arrow,3,1,False,0,False,MAGAZYN,,Speed,4,40000,0,,Defense,5,50000,1,511756,Health,374,3740000,1,37489642,,,,0,,,,,0,,C,2,6,4,100.0,41.0,0.0,45.7,4.7,0.0,upgrade,0,0,0,0,41.9,95.1,31.7,14.8,JARJARBINKS,CANDIDATE,UPGRADE,nieujawnione wszystkie secondary,0.0,,,,,,,,,,,,,,,,,,,,,,,
TOdG8-6VQSOzhWaiSLgVyA,152,Health,5,Arrow,1,1,False,0,True,POSTAĆ: SCARIFREBEL,GCcqj7sLRhql1nUuT1xRhA,Speed,4,40000,0,,,,,0,,,,,0,,,,,0,,,,,0,,E,0,4,4,0.0,0.0,0.0,0.0,0,0.0,upgrade,0,0,0,0,21.3,95.1,0.0,14.8,JARJARBINKS,CANDIDATE,UPGRADE,nieujawnione wszystkie secondary,0.0,,,,,,,,,,,,,,,,,,,,,,,
T_lVOBz6TCCBIPu2EsJUCQ,152,Health,5,Arrow,3,1,False,0,True,POSTAĆ: DARTHMALAK,Gi4yc5CnQbC2bekrOQeEPw,Speed,4,40000,0,,Tenacity %,2.13%,213,1,2134,Potency %,1.77%,177,1,1773,,,,0,,,,,0,,C,2,6,4,100.0,32.0,0.0,33.3,1.3,0.0,upgrade,0,0,0,0,21.3,95.1,0.0,14.8,JARJARBINKS,CANDIDATE,UPGRADE,nieujawnione wszystkie secondary,0.0,,,,,,,,,,,,,,,,,,,,,,,
TkrN16opQW6VsCYlArqpiA,152,Health,5,Arrow,2,1,False,0,True,POSTAĆ: GAMORREANGUARD,jgOdEbDhTxmOgREBJSK81w,Speed,4,40000,0,,Offense,33,330000,1,3213888,,,,0,,,,,0,,,,,0,,D,1,5,4,100.0,82.0,0.0,82.0,0,0.0,upgrade,0,0,0,0,43.8,95.1,34.7,14.8,JARJARBINKS,CANDIDATE,UPGRADE,nieujawnione wszystkie secondary,0.0,,,,,,,,,,,,,,,,,,,,,,,
TvTqVDxeTgS5xaREnUmtUw,152,Health,5,Arrow,1,1,False,0,True,POSTAĆ: R2D2_LEGENDARY,8CyyNLINQ8mH0Al7cEHkcg,Speed,4,40000,0,,,,,0,,,,,0,,,,,0,,,,,0,,E,0,4,4,0.0,0.0,0.0,0.0,0,0.0,upgrade,0,0,0,0,21.3,95.1,0.0,14.8,JARJARBINKS,CANDIDATE,UPGRADE,nieujawnione wszystkie secondary,0.0,,,,,,,,,,,,,,,,,,,,,,,
U7NpgPKOQwycduqTklFp_g,152,Health,5,Arrow,4,1,False,0,True,POSTAĆ: WATTAMBOR,IQh24H7aRX2calIUiNm7Qg,Speed,4,40000,0,,Health %,0.77%,77,1,772,Defense %,1.11%,111,1,1115,Defense,7,70000,1,701582,,,,0,,B,3,7,4,100.0,49.3,0.0,62.3,13.0,0.0,upgrade,0,0,0,0,28.0,95.1,10.4,14.8,JARJARBINKS,CANDIDATE,UPGRADE,nieujawnione wszystkie secondary,0.0,,,,,,,,,,,,,,,,,,,,,,,
U8OSueQYR--f03bt0jGMdA,152,Health,5,Arrow,1,1,False,0,True,POSTAĆ: NIGHTSISTERZOMBIE,COvJQSPFT4Gfo8VngKHKTg,Speed,4,40000,0,,,,,0,,,,,0,,,,,0,,,,,0,,E,0,4,4,0.0,0.0,0.0,0.0,0,0.0,upgrade,0,0,0,0,21.3,95.1,0.0,14.8,JARJARBINKS,CANDIDATE,UPGRADE,nieujawnione wszystkie secondary,0.0,,,,,,,,,,,,,,,,,,,,,,,
USqBVP46RSqA2mJqpWdDPQ,152,Health,5,Arrow,2,1,False,0,True,POSTAĆ: SAVAGEOPRESS,vm6-1zqjQ7uXMOTMAcT16A,Speed,4,40000,0,,Critical Chance %,1.88%,188,1,1882,,,,0,,,,,0,,,,,0,,D,1,5,4,100.0,25.0,0.0,25.0,0,0.0,upgrade,0,0,0,0,21.3,95.1,0.0,14.8,JARJARBINKS,CANDIDATE,UPGRADE,nieujawnione wszystkie secondary,0.0,,,,,,,,,,,,,,,,,,,,,,,
VHdVpMulRFCzhcGm06kghA,152,Health,5,Arrow,3,1,False,0,False,MAGAZYN,,Speed,4,40000,0,,Potency %,1.71%,171,1,1718,Critical Chance %,1.79%,179,1,1798,,,,0,,,,,0,,C,2,6,4,100.0,29.5,0.0,32.5,3.0,0.0,upgrade,0,0,0,0,21.3,95.1,0.0,14.8,JARJARBINKS,CANDIDATE,UPGRADE,nieujawnione wszystkie secondary,0.0,,,,,,,,,,,,,,,,,,,,,,,
WWh4Ke99RaOyaVwOyDyRAQ,152,Health,5,Arrow,3,1,False,0,True,POSTAĆ: KIX,RYVROxb5RC6IbHLlENFRug,Speed,4,40000,0,,Protection,543,5430000,1,54375229,Health,377,3770000,1,37723229,,,,0,,,,,0,,C,2,6,4,100.0,48.0,0.0,48.0,0,0.0,upgrade,0,0,0,0,43.8,95.1,34.7,14.8,JARJARBINKS,CANDIDATE,UPGRADE,nieujawnione wszystkie secondary,0.0,,,,,,,,,,,,,,,,,,,,,,,
WjU-1l2qQy2ix2pMPNA3Aw,152,Health,5,Arrow,3,1,False,0,True,POSTAĆ: IG12,Ef5TBIi_RqG_1av0iPBqpA,Speed,4,40000,0,,Potency %,1.35%,135,1,1350,Health %,0.65%,65,1,656,,,,0,,,,,0,,C,2,6,4,100.0,53.0,0.0,65.7,12.7,0.0,upgrade,0,0,0,0,21.3,95.1,0.0,14.8,JARJARBINKS,CANDIDATE,UPGRADE,nieujawnione wszystkie secondary,0.0,,,,,,,,,,,,,,,,,,,,,,,
WrzZikTGS4av1w-Gxn6KYw,152,Health,5,Arrow,1,1,False,0,True,POSTAĆ: FENNECSHAND,YJiDwPOARoyYpavX7g0gfw,Speed,4,40000,0,,,,,0,,,,,0,,,,,0,,,,,0,,E,0,4,4,0.0,0.0,0.0,0.0,0,0.0,upgrade,0,0,0,0,21.3,95.1,0.0,14.8,JARJARBINKS,CANDIDATE,UPGRADE,nieujawnione wszystkie secondary,0.0,,,,,,,,,,,,,,,,,,,,,,,
XOB_-wj4QRa5HaGrBmXt4A,152,Health,5,Arrow,3,1,False,0,False,MAGAZYN,,Speed,4,40000,0,,Defense,8,80000,1,873082,Potency %,1.82%,182,1,1824,,,,0,,,,,0,,C,2,6,4,100.0,34.0,0.0,34.0,0,0.0,upgrade,0,0,0,0,31.4,95.1,15.7,14.8,JARJARBINKS,CANDIDATE,UPGRADE,nieujawnione wszystkie secondary,0.0,,,,,,,,,,,,,,,,,,,,,,,
bFhLBSqgQh2I1uZ9xA3uTA,152,Health,5,Arrow,3,1,False,0,False,MAGAZYN,,Speed,4,40000,0,,Offense %,0.53%,53,1,532,Potency %,2.02%,202,1,2022,,,,0,,,,,0,,C,2,6,4,100.0,63.0,0.0,82.3,19.3,0.0,upgrade,0,0,0,0,21.3,95.1,0.0,14.8,JARJARBINKS,CANDIDATE,UPGRADE,nieujawnione wszystkie secondary,0.0,,,,,,,,,,,,,,,,,,,,,,,
bGO3L5HSQmGgZcmdyv-RQA,152,Health,5,Arrow,1,1,False,0,False,MAGAZYN,,Speed,4,40000,0,,,,,0,,,,,0,,,,,0,,,,,0,,E,0,4,4,0.0,0.0,0.0,0.0,0,0.0,upgrade,0,0,0,0,21.3,95.1,0.0,14.8,JARJARBINKS,CANDIDATE,UPGRADE,nieujawnione wszystkie secondary,0.0,,,,,,,,,,,,,,,,,,,,,,,
bKP5tEb5TMWyGOgRIJ-8Ew,152,Health,5,Arrow,3,1,False,0,False,MAGAZYN,,Speed,4,40000,0,,Defense %,1.36%,136,1,1369,Offense %,0.37%,37,1,378,,,,0,,,,,0,,C,2,6,4,100.0,67.0,0.0,83.7,16.7,0.0,upgrade,0,0,0,0,21.3,95.1,0.0,14.8,JARJARBINKS,CANDIDATE,UPGRADE,nieujawnione wszystkie secondary,0.0,,,,,,,,,,,,,,,,,,,,,,,
c3IMVa4NRlyqVA_9b6aF4A,152,Health,5,Arrow,3,1,False,0,False,MAGAZYN,,Speed,4,40000,0,,Offense,30,300000,1,2971980,Protection %,1.17%,117,1,1179,,,,0,,,,,0,,C,2,6,4,100.0,76.0,0.0,80.0,4.0,0.0,upgrade,0,0,0,0,44.0,95.1,35.0,14.8,JARJARBINKS,CANDIDATE,UPGRADE,nieujawnione wszystkie secondary,0.0,,,,,,,,,,,,,,,,,,,,,,,
cqFb2ozVTeONXKzhdK7wYg,152,Health,5,Arrow,3,1,False,0,False,MAGAZYN,,Speed,4,40000,0,,Critical Chance %,1.76%,176,1,1761,Tenacity %,2.14%,214,1,2143,,,,0,,,,,0,,C,2,6,4,100.0,27.5,0.0,29.2,1.7,0.0,upgrade,0,0,0,0,21.3,95.1,0.0,14.8,JARJARBINKS,CANDIDATE,UPGRADE,nieujawnione wszystkie secondary,0.0,,,,,,,,,,,,,,,,,,,,,,,
dhGz-wvBRMy-DF7RchWlng,152,Health,5,Arrow,1,1,False,0,False,MAGAZYN,,Speed,4,40000,0,,,,,0,,,,,0,,,,,0,,,,,0,,E,0,4,4,0.0,0.0,0.0,0.0,0,0.0,upgrade,0,0,0,0,21.3,95.1,0.0,14.8,JARJARBINKS,CANDIDATE,UPGRADE,nieujawnione wszystkie secondary,0.0,,,,,,,,,,,,,,,,,,,,,,,
dvPwV0gAQiqYKFAjZ3EGCQ,152,Health,5,Arrow,2,1,False,0,False,MAGAZYN,,Offense %,0.63%,63,0,,Speed,5,50000,1,512400,,,,0,,,,,0,,,,,0,,D,1,5,4,100.0,100.0,83.3,100.0,0,0.0,upgrade,0,0,0,0,67.2,0.0,100.0,14.8,JARJARBINKS,CANDIDATE,UPGRADE,nieujawnione wszystkie secondary,0.0,,,,,,,,,,,,,,,,,,,,,,,
e3mIBnedQ2O6Jb-s27DVbQ,152,Health,5,Arrow,1,1,False,0,False,MAGAZYN,,Speed,4,40000,0,,,,,0,,,,,0,,,,,0,,,,,0,,E,0,4,4,0.0,0.0,0.0,0.0,0,0.0,upgrade,0,0,0,0,21.3,95.1,0.0,14.8,JARJARBINKS,CANDIDATE,UPGRADE,nieujawnione wszystkie secondary,0.0,,,,,,,,,,,,,,,,,,,,,,,
e791TC0ORoWAGRd4vi_2qQ,152,Health,5,Arrow,3,1,False,0,True,POSTAĆ: ARMORER,NSinPVNVS-uTPzn_RdGjdQ,Speed,4,40000,0,,Health,242,2420000,1,24299477,Potency %,1.87%,187,1,1878,,,,0,,,,,0,,C,2,6,4,100.0,41.0,0.0,45.7,4.7,0.0,upgrade,0,0,0,0,31.7,95.1,16.0,14.8,JARJARBINKS,CANDIDATE,UPGRADE,nieujawnione wszystkie secondary,0.0,,,,,,,,,,,,,,,,,,,,,,,
eKSWO1GpSCuj4N43nvHKfQ,152,Health,5,Arrow,1,1,False,0,False,MAGAZYN,,Speed,4,40000,0,,,,,0,,,,,0,,,,,0,,,,,0,,E,0,4,4,0.0,0.0,0.0,0.0,0,0.0,upgrade,0,0,0,0,21.3,95.1,0.0,14.8,JARJARBINKS,CANDIDATE,UPGRADE,nieujawnione wszystkie secondary,0.0,,,,,,,,,,,,,,,,,,,,,,,
eWKlE-0STKevfSV-c9dK7g,152,Health,5,Arrow,1,1,False,0,False,MAGAZYN,,Speed,4,40000,0,,,,,0,,,,,0,,,,,0,,,,,0,,E,0,4,4,0.0,0.0,0.0,0.0,0,0.0,upgrade,0,0,0,0,21.3,95.1,0.0,14.8,JARJARBINKS,CANDIDATE,UPGRADE,nieujawnione wszystkie secondary,0.0,,,,,,,,,,,,,,,,,,,,,,,
efek71XlTzqNADx-f9ODAA,152,Health,5,Arrow,3,1,False,0,True,POSTAĆ: YOUNGCHEWBACCA,iuUDyYYsQYiDZxTNS0SM9g,Speed,4,40000,0,,Offense,25,250000,1,2439144,Health %,0.74%,74,1,743,,,,0,,,,,0,,C,2,6,4,100.0,77.0,0.0,80.3,3.3,0.0,upgrade,0,0,0,0,32.5,95.1,17.4,14.8,JARJARBINKS,CANDIDATE,UPGRADE,nieujawnione wszystkie secondary,0.0,,,,,,,,,,,,,,,,,,,,,,,
f5147D6-Q2GIvYrHb-BmZw,152,Health,5,Arrow,3,1,False,0,False,MAGAZYN,,Speed,4,40000,0,,Health,348,3480000,1,34875182,Offense %,0.49%,49,1,495,,,,0,,,,,0,,C,2,6,4,100.0,70.0,0.0,84.7,14.7,0.0,upgrade,0,0,0,0,31.7,95.1,16.0,14.8,JARJARBINKS,CANDIDATE,UPGRADE,nieujawnione wszystkie secondary,0.0,,,,,,,,,,,,,,,,,,,,,,,
fbz6KHiLTmOCU-CFCbf12Q,152,Health,5,Arrow,3,1,False,0,False,MAGAZYN,,Speed,4,40000,0,,Defense %,0.98%,98,1,983,Health %,1.1%,110,1,1104,,,,0,,,,,0,,C,2,6,4,100.0,57.0,0.0,67.0,10.0,0.0,upgrade,0,0,0,0,21.3,95.1,0.0,14.8,JARJARBINKS,CANDIDATE,UPGRADE,nieujawnione wszystkie secondary,0.0,,,,,,,,,,,,,,,,,,,,,,,
fyQJpZeYTVKZV15lwBsJBA,152,Health,5,Arrow,1,1,False,0,False,MAGAZYN,,Speed,4,40000,0,,,,,0,,,,,0,,,,,0,,,,,0,,E,0,4,4,0.0,0.0,0.0,0.0,0,0.0,upgrade,0,0,0,0,21.3,95.1,0.0,14.8,JARJARBINKS,CANDIDATE,UPGRADE,nieujawnione wszystkie secondary,0.0,,,,,,,,,,,,,,,,,,,,,,,
hS2Oso_HQHWnCW8jeFYwIQ,152,Health,5,Arrow,3,1,False,0,False,MAGAZYN,,Speed,4,40000,0,,Critical Chance %,1.17%,117,1,1179,Potency %,1.57%,157,1,1574,,,,0,,,,,0,,C,2,6,4,100.0,29.5,0.0,32.5,3.0,0.0,upgrade,0,0,0,0,21.3,95.1,0.0,14.8,JARJARBINKS,CANDIDATE,UPGRADE,nieujawnione wszystkie secondary,0.0,,,,,,,,,,,,,,,,,,,,,,,
hkega0cJQTevtXENwkiQDA,152,Health,5,Arrow,3,1,False,0,True,POSTAĆ: DARTHNIHILUS,zx4YAvQCQgW8iNmg1fKnLw,Speed,4,40000,0,,Offense %,0.49%,49,1,490,Defense %,1.27%,127,1,1279,,,,0,,,,,0,,C,2,6,4,100.0,67.0,0.0,83.7,16.7,0.0,upgrade,0,0,0,0,21.3,95.1,0.0,14.8,JARJARBINKS,CANDIDATE,UPGRADE,nieujawnione wszystkie secondary,0.0,,,,,,,,,,,,,,,,,,,,,,,
hpEP6CW-RSmU6sa1tygLaQ,152,Health,5,Arrow,2,1,False,0,True,POSTAĆ: HOTHREBELSOLDIER,ZpDjqAT0RXCT9-1kiCCWxQ,Speed,4,40000,0,,Offense,36,360000,1,3590772,,,,0,,,,,0,,,,,0,,D,1,5,4,100.0,82.0,0.0,82.0,0,0.0,upgrade,0,0,0,0,43.8,95.1,34.7,14.8,JARJARBINKS,CANDIDATE,UPGRADE,nieujawnione wszystkie secondary,0.0,,,,,,,,,,,,,,,,,,,,,,,
iPAKnsu_QqqM2y1uBr3jzA,152,Health,5,Arrow,2,1,False,0,True,POSTAĆ: JAWA,5ywHMJ9JS6uKxXVPi5ef0w,Speed,4,40000,0,,Health %,0.99%,99,1,994,,,,0,,,,,0,,,,,0,,D,1,5,4,100.0,72.0,0.0,72.0,0,0.0,upgrade,0,0,0,0,21.3,95.1,0.0,14.8,JARJARBINKS,CANDIDATE,UPGRADE,nieujawnione wszystkie secondary,0.0,,,,,,,,,,,,,,,,,,,,,,,
iXNEV5EFSRu8I0ir79Hs4w,152,Health,5,Arrow,3,1,False,0,True,POSTAĆ: 50RT,513pynD8T6a2FqFSDdtzAA,Speed,4,40000,0,,Health,353,3530000,1,35357357,Tenacity %,1.64%,164,1,1645,,,,0,,,,,0,,C,2,6,4,100.0,39.0,0.0,45.0,6.0,0.0,upgrade,0,0,0,0,31.7,95.1,16.0,14.8,JARJARBINKS,CANDIDATE,UPGRADE,nieujawnione wszystkie secondary,0.0,,,,,,,,,,,,,,,,,,,,,,,
iavread_RRCoD3YeSWAVow,152,Health,5,Arrow,2,1,False,0,True,POSTAĆ: JEDIKNIGHTCONSULAR,fLPK8bnSSFiRsHKghdUZAA,Speed,4,40000,0,,Defense,5,50000,1,555611,,,,0,,,,,0,,,,,0,,D,1,5,4,100.0,34.0,0.0,34.0,0.0,0.0,upgrade,0,0,0,0,41.6,95.1,31.3,14.8,JARJARBINKS,CANDIDATE,UPGRADE,nieujawnione wszystkie secondary,0.0,,,,,,,,,,,,,,,,,,,,,,,
iiswJqPjSZWuoHWHxwBzJQ,152,Health,5,Arrow,1,1,False,0,False,MAGAZYN,,Speed,4,40000,0,,,,,0,,,,,0,,,,,0,,,,,0,,E,0,4,4,0.0,0.0,0.0,0.0,0,0.0,upgrade,0,0,0,0,21.3,95.1,0.0,14.8,JARJARBINKS,CANDIDATE,UPGRADE,nieujawnione wszystkie secondary,0.0,,,,,,,,,,,,,,,,,,,,,,,
iumk0CIpQRC1R3TDNrWxiw,152,Health,5,Arrow,2,1,False,0,False,MAGAZYN,,Speed,4,40000,0,,Defense %,1.68%,168,1,1686,,,,0,,,,,0,,,,,0,,D,1,5,4,100.0,42.0,0.0,42.0,0,0.0,upgrade,0,0,0,0,21.3,95.1,0.0,14.8,JARJARBINKS,CANDIDATE,UPGRADE,nieujawnione wszystkie secondary,0.0,,,,,,,,,,,,,,,,,,,,,,,
ix9oxmWrTCiJFPYrkmjtEw,152,Health,5,Arrow,3,1,False,0,True,POSTAĆ: DAKA,eDrXr0LsTNGvJezjXk8yVQ,Health %,0.63%,63,0,,Offense %,0.53%,53,1,534,Speed,5,50000,1,523680,,,,0,,,,,0,,C,2,6,4,100.0,96.0,83.3,98.7,2.7,0.0,upgrade,0,0,0,0,34.7,0.0,50.0,14.8,JARJARBINKS,CANDIDATE,UPGRADE,nieujawnione wszystkie secondary,0.0,,,,,,,,,,,,,,,,,,,,,,,
kck6ZbFRRhe_g663aGI0Nw,152,Health,5,Arrow,1,1,False,0,False,MAGAZYN,,Speed,4,40000,0,,,,,0,,,,,0,,,,,0,,,,,0,,E,0,4,4,0.0,0.0,0.0,0.0,0,0.0,upgrade,0,0,0,0,21.3,95.1,0.0,14.8,JARJARBINKS,CANDIDATE,UPGRADE,nieujawnione wszystkie secondary,0.0,,,,,,,,,,,,,,,,,,,,,,,
kzPEX3LUQs6xsO8K773z-g,152,Health,5,Arrow,1,1,False,0,False,MAGAZYN,,Speed,4,40000,0,,,,,0,,,,,0,,,,,0,,,,,0,,E,0,4,4,0.0,0.0,0.0,0.0,0,0.0,upgrade,0,0,0,0,21.3,95.1,0.0,14.8,JARJARBINKS,CANDIDATE,UPGRADE,nieujawnione wszystkie secondary,0.0,,,,,,,,,,,,,,,,,,,,,,,
lHSfa1ASRfOPgj2TnbKxWg,152,Health,5,Arrow,1,1,True,0,True,POSTAĆ: CLONEWARSCHEWBACCA,WhyOA0ViSSaj8EJPe4pYfw,Speed,4,40000,0,,,,,0,,,,,0,,,,,0,,,,,0,,E,0,4,4,0.0,0.0,0.0,0.0,0,0.0,upgrade,0,0,0,0,21.3,95.1,0.0,14.8,JARJARBINKS,CANDIDATE,UPGRADE,nieujawnione wszystkie secondary,0.0,,,,,,,,,,,,,,,,,,,,,,,
lnMpaO2RRWqh72DUx-Ue7Q,152,Health,5,Arrow,3,1,False,0,True,POSTAĆ: GRANDMASTERYODA,_504VNHbT56dseACw4X_hQ,Speed,4,40000,0,,Protection %,2.05%,205,1,2050,Offense %,0.34%,34,1,345,,,,0,,,,,0,,C,2,6,4,100.0,81.0,0.0,88.3,7.3,0.0,upgrade,0,0,0,0,32.7,95.1,17.6,14.8,JARJARBINKS,CANDIDATE,UPGRADE,nieujawnione wszystkie secondary,0.0,,,,,,,,,,,,,,,,,,,,,,,
mOWJzBpRSseT4DzECkcl5Q,152,Health,5,Arrow,1,1,False,0,False,MAGAZYN,,Speed,4,40000,0,,,,,0,,,,,0,,,,,0,,,,,0,,E,0,4,4,0.0,0.0,0.0,0.0,0,0.0,upgrade,0,0,0,0,21.3,95.1,0.0,14.8,JARJARBINKS,CANDIDATE,UPGRADE,nieujawnione wszystkie secondary,0.0,,,,,,,,,,,,,,,,,,,,,,,
ma0_Jl5vSeSOKgcyTvVghQ,152,Health,5,Arrow,1,1,False,0,False,MAGAZYN,,Speed,4,40000,0,,,,,0,,,,,0,,,,,0,,,,,0,,E,0,4,4,0.0,0.0,0.0,0.0,0,0.0,upgrade,0,0,0,0,21.3,95.1,0.0,14.8,JARJARBINKS,CANDIDATE,UPGRADE,nieujawnione wszystkie secondary,0.0,,,,,,,,,,,,,,,,,,,,,,,
mgU1owtNTjq-I0ioJQPKyg,152,Health,5,Arrow,3,1,False,0,False,MAGAZYN,,Speed,4,40000,0,,Critical Chance %,1.78%,178,1,1783,Potency %,1.25%,125,1,1259,,,,0,,,,,0,,C,2,6,4,100.0,29.5,0.0,32.5,3.0,0.0,upgrade,0,0,0,0,21.3,95.1,0.0,14.8,JARJARBINKS,CANDIDATE,UPGRADE,nieujawnione wszystkie secondary,0.0,,,,,,,,,,,,,,,,,,,,,,,
qlz8xmyBQnek9t0tmmaLvQ,152,Health,5,Arrow,3,1,False,0,False,MAGAZYN,,Critical Avoidance %,3%,300,0,,Defense,8,80000,1,892437,Speed,5,50000,1,501630,,,,0,,,,,0,,C,2,6,4,100.0,67.0,83.3,89.0,22.0,0.0,upgrade,0,0,0,0,44.9,0.0,65.7,14.8,JARJARBINKS,CANDIDATE,UPGRADE,nieujawnione wszystkie secondary,0.0,,,,,,,,,,,,,,,,,,,,,,,
vbgpY_S7SxOE0YHhurfNGQ,152,Health,5,Arrow,1,1,False,0,True,POSTAĆ: FIRSTORDEREXECUTIONER,-5fKFKFWQ-S2jMql8uPcpQ,Speed,4,40000,0,,,,,0,,,,,0,,,,,0,,,,,0,,E,0,4,4,0.0,0.0,0.0,0.0,0,0.0,upgrade,0,0,0,0,21.3,95.1,0.0,14.8,JARJARBINKS,CANDIDATE,UPGRADE,nieujawnione wszystkie secondary,0.0,,,,,,,,,,,,,,,,,,,,,,,
xZqr9nfbRD-zl9SK-ng-1Q,152,Health,5,Arrow,2,1,False,0,False,MAGAZYN,,Offense %,0.63%,63,0,,Speed,5,50000,1,527910,,,,0,,,,,0,,,,,0,,D,1,5,4,100.0,100.0,83.3,100.0,0,0.0,upgrade,0,0,0,0,67.2,0.0,100.0,14.8,JARJARBINKS,CANDIDATE,UPGRADE,nieujawnione wszystkie secondary,0.0,,,,,,,,,,,,,,,,,,,,,,,
ygYqIccjQXalUgYSyaSMzg,152,Health,5,Arrow,3,1,False,0,True,POSTAĆ: DATHCHA,E40HoMmWQfGRpU9ltvprtg,Speed,4,40000,0,,Tenacity %,1.97%,197,1,1977,Health %,0.57%,57,1,573,,,,0,,,,,0,,C,2,6,4,100.0,51.0,0.0,65.0,14.0,0.0,upgrade,0,0,0,0,21.3,95.1,0.0,14.8,JARJARBINKS,CANDIDATE,UPGRADE,nieujawnione wszystkie secondary,0.0,,,,,,,,,,,,,,,,,,,,,,,
-xv5aGlDRhKrNtU__whrAg,155,Health,5,Circle,2,15,False,0,True,POSTAĆ: ADMIRALACKBAR,jJIXKTM-Rr2zx9rbTm1RHg,Protection %,23.5%,2350,0,,Offense %,0.55%,55,1,555,Health,615,6150000,2,23242978|38312554,Potency %,1.67%,167,1,1678,Speed,5,50000,1,532770,D,5,5,0,100.0,64.4,83.3,64.4,0,0.0,slice,0,0,0,0,23.6,0.0,32.8,14.8,JARJARBINKS,CANDIDATE,SLICE,wartość moda lub dopasowanie do postaci uzasadnia kolejny roll,0.0,,,,,,,,,,,,,,,,,,,,,,,
-yrg88OOTjKfmTcXSh3Y7g,155,Health,5,Circle,1,15,False,0,True,POSTAĆ: CAPTAINREX,3gaeLq9BQs-Hg-ZQfRFU7Q,Health %,5.88%,588,0,,Speed,5,50000,1,589320,Defense,8,80000,1,835989,Protection,771,7710000,1,77158587,Potency %,1.93%,193,1,1933,E,4,4,0,100.0,54.0,83.3,54.0,0,0.0,slice,0,0,0,0,29.6,0.0,42.2,14.8,JARJARBINKS,CANDIDATE,KEEP,obserwuj przed wydaniem materiałów,0.0,,,,,,,,,,,,,,,,,,,,,,,
0ophaqVKR-mgWDQLTeA0DQ,155,Health,5,Circle,1,15,False,0,False,MAGAZYN,,Health %,5.88%,588,0,,Protection,481,4810000,1,48162341,Health,391,3910000,1,39124751,Critical Chance %,1.66%,166,1,1668,Speed,5,50000,1,591810,E,4,4,0,100.0,55.2,83.3,55.2,0,0.0,slice,0,0,0,0,29.8,0.0,42.4,14.8,JARJARBINKS,CANDIDATE,KEEP,obserwuj przed wydaniem materiałów,0.0,,,,,,,,,,,,,,,,,,,,,,,
0pKnWmU3QQqpKvOsGyQwWQ,155,Health,5,Circle,5,15,False,0,True,POSTAĆ: GRIEVOUS,8rfbK6ILSTOkxNMgxNYN5Q,Health %,5.88%,588,0,,Health,1207,12070000,4,39579067|27771137|28885497|24500919,Protection %,3.24%,324,2,1707|1539,Speed,5,50000,1,543960,Protection,542,5420000,1,54292169,A,8,8,0,100.0,60.0,83.3,60.0,0,43.6,6-dot,0,0,0,0,29.5,0.0,42.0,14.8,JARJARBINKS,CANDIDATE,SLICE_6E,5A ma wystarczającą wartość lub dopasowanie do postaci,0.0,,,,,,,,,,,,,,,,,,,,,,,
1cWCjKWWRn6VNasOlkO_xQ,155,Health,5,Circle,4,15,False,0,True,POSTAĆ: DARTHREVAN,fLqeKdDzSRW4dMgHZirtpQ,Health %,5.88%,588,0,,Potency %,1.65%,165,1,1653,Critical Chance %,4.3%,430,3,1450|1469|1382,Protection,1402,14020000,2,71319469|68906576,Speed,5,50000,1,503490,B,7,7,0,100.0,43.6,83.3,43.6,0,0.0,slice,0,0,0,0,18.5,0.0,25.0,14.8,JARJARBINKS,CANDIDATE,KEEP,wartość secondary zbyt niska,0.0,,,,,,,,,,,,,,,,,,,,,,,
1vt-v-5eTneGnQJP39ntog,155,Health,5,Circle,4,15,False,0,True,POSTAĆ: PLOKOON,xoy2sZzCSUCkBgyoxZ2UXg,Health %,5.88%,588,0,,Potency %,1.88%,188,1,1889,Speed,20,200000,4,574320|540150|355860|592470,Defense,4,40000,1,497938,Offense,43,430000,1,4251516,B,7,7,0,100.0,78.6,83.3,78.6,0,0.0,slice,0,0,0,0,45.5,0.0,66.6,14.8,JARJARBINKS,CANDIDATE,SLICE,wartość moda lub dopasowanie do postaci uzasadnia kolejny roll,0.0,,,,,,,,,,,,,,,,,,,,,,,
6vHm7L9JTMSdm4y0q5JxiA,155,Health,5,Circle,1,15,False,0,False,MAGAZYN,,Health %,5.88%,588,0,,Defense,5,50000,1,526113,Speed,5,50000,1,514800,Defense %,1.28%,128,1,1284,Protection,560,5600000,1,56090418,E,4,4,0,100.0,56.0,83.3,56.0,0,0.0,slice,0,0,0,0,29.6,0.0,42.2,14.8,JARJARBINKS,CANDIDATE,KEEP,obserwuj przed wydaniem materiałów,0.0,,,,,,,,,,,,,,,,,,,,,,,
7-9MNmxxRj-p_x8eVGWflw,155,Health,5,Circle,1,15,False,0,True,POSTAĆ: CLONEWARSCHEWBACCA,WhyOA0ViSSaj8EJPe4pYfw,Protection %,23.5%,2350,0,,Offense %,0.35%,35,1,356,Defense %,1%,100,1,1000,Potency %,1.32%,132,1,1327,Speed,4,40000,1,497280,E,4,4,0,100.0,67.0,66.7,67.0,0,0.0,slice,0,0,0,0,18.5,0.0,25.0,14.8,JARJARBINKS,CANDIDATE,SLICE,wartość moda lub dopasowanie do postaci uzasadnia kolejny roll,0.0,,,,,,,,,,,,,,,,,,,,,,,
9DKH2Xm5QaedTg8w1D0W3Q,155,Health,5,Circle,1,15,False,0,False,MAGAZYN,,Health %,5.88%,588,0,,Protection,670,6700000,1,67070950,Speed,5,50000,1,546300,Offense %,0.39%,39,1,395,Defense,9,90000,1,954177,E,4,4,0,100.0,68.5,83.3,68.5,0,0.0,slice,0,0,0,0,29.6,0.0,42.2,14.8,JARJARBINKS,CANDIDATE,SLICE,wartość moda lub dopasowanie do postaci uzasadnia kolejny roll,0.0,,,,,,,,,,,,,,,,,,,,,,,
9dhijWLJR7CBfItQBFL0_Q,155,Health,5,Circle,1,15,False,0,False,MAGAZYN,,Health %,5.88%,588,0,,Defense %,1.13%,113,1,1136,Potency %,1.57%,157,1,1574,Speed,5,50000,1,545370,Offense,46,460000,1,4500264,E,4,4,0,100.0,64.5,83.3,64.5,0,0.0,slice,0,0,0,0,24.1,0.0,33.7,14.8,JARJARBINKS,CANDIDATE,SLICE,wartość moda lub dopasowanie do postaci uzasadnia kolejny roll,0.0,,,,,,,,,,,,,,,,,,,,,,,
AEyZQ1Y6QVmGz16Tm5YeGQ,155,Health,5,Circle,3,15,False,0,True,POSTAĆ: BAZEMALBUS,hFJlCdqkS4WmlGjn4AsHbA,Protection %,23.5%,2350,0,,Potency %,2.67%,267,2,1384|1286,Defense %,2.73%,273,2,1658|1081,Speed,5,50000,1,566880,Tenacity %,1.19%,119,1,1195,C,6,6,0,100.0,47.0,83.3,47.0,0,0.0,slice,0,0,0,0,13.1,0.0,16.7,14.8,JARJARBINKS,CANDIDATE,KEEP,wartość secondary zbyt niska,0.0,,,,,,,,,,,,,,,,,,,,,,,
ALSsyAQ9RXC4bPmV8TKN3A,155,Health,5,Circle,3,15,False,0,True,POSTAĆ: MAGNAGUARD,Z8Ga0KbwQFW3sczCZvLntg,Protection %,23.5%,2350,0,,Speed,5,50000,1,596190,Health %,1.95%,195,2,1076|875,Defense,7,70000,1,712803,Offense %,0.91%,91,2,377|537,C,6,6,0,100.0,77.0,83.3,77.0,0,0.0,slice,0,0,0,0,16.5,0.0,21.9,14.8,JARJARBINKS,CANDIDATE,SLICE,wartość moda lub dopasowanie do postaci uzasadnia kolejny roll,0.0,,,,,,,,,,,,,,,,,,,,,,,
CI7ixxNeQjuN8davgFKeVw,155,Health,5,Circle,3,15,False,0,True,POSTAĆ: BARRISSOFFEE,6re5azNmTWyiNI9wV_gGaw,Protection %,23.5%,2350,0,,Offense %,0.37%,37,1,377,Offense,30,300000,1,2995692,Speed,10,100000,2,526620|484020,Protection,1508,15080000,2,68973024|81843171,C,6,6,0,100.0,78.3,83.3,78.3,0,0.0,slice,0,0,0,0,35.8,0.0,51.6,14.8,JARJARBINKS,CANDIDATE,SLICE,wartość moda lub dopasowanie do postaci uzasadnia kolejny roll,0.0,,,,,,,,,,,,,,,,,,,,,,,
CS0AgGLdQhuEvp2FG89aww,155,Health,5,Circle,1,15,False,0,False,MAGAZYN,,Health %,5.88%,588,0,,Defense,6,60000,1,677719,Tenacity %,1.94%,194,1,1947,Protection,823,8230000,1,82366449,Speed,5,50000,1,542670,E,4,4,0,100.0,53.0,83.3,53.0,0,0.0,slice,0,0,0,0,29.6,0.0,42.2,14.8,JARJARBINKS,CANDIDATE,KEEP,obserwuj przed wydaniem materiałów,0.0,,,,,,,,,,,,,,,,,,,,,,,
Cq9KENPoQDilfbD8ke_MiQ,155,Health,5,Circle,3,15,False,0,True,POSTAĆ: SAWGERRERA,a87HTT1XQhSqzh1l2STnjA,Health %,5.88%,588,0,,Critical Chance %,2.1%,210,1,2107,Potency %,3.95%,395,2,1873|2085,Defense %,2.71%,271,2,1056|1658,Speed,5,50000,1,546900,C,6,6,0,100.0,46.2,83.3,46.2,0,0.0,slice,0,0,0,0,13.1,0.0,16.7,14.8,JARJARBINKS,CANDIDATE,KEEP,wartość secondary zbyt niska,0.0,,,,,,,,,,,,,,,,,,,,,,,
DXtZvhz0RVie0ZtuYdIjeg,155,Health,5,Circle,2,15,False,0,True,POSTAĆ: CANDEROUSORDO,CK2vVab5R1GJRABcltFIig,Protection %,23.5%,2350,0,,Defense %,1.68%,168,1,1689,Offense %,0.79%,79,2,356|434,Health %,0.87%,87,1,872,Speed,5,50000,1,533820,D,5,5,0,100.0,79.6,83.3,79.6,0,0.0,slice,0,0,0,0,15.2,0.0,20.0,14.8,JARJARBINKS,CANDIDATE,SLICE,wartość moda lub dopasowanie do postaci uzasadnia kolejny roll,0.0,,,,,,,,,,,,,,,,,,,,,,,
Fg9d017eRO23ddFCm3OYMQ,155,Health,5,Circle,1,15,False,0,False,MAGAZYN,,Health %,5.88%,588,0,,Health,276,2760000,1,27621127,Potency %,1.77%,177,1,1774,Tenacity %,1.69%,169,1,1699,Speed,5,50000,1,510510,E,4,4,0,100.0,53.0,83.3,53.0,0,0.0,slice,0,0,0,0,23.7,0.0,33.0,14.8,JARJARBINKS,CANDIDATE,KEEP,obserwuj przed wydaniem materiałów,0.0,,,,,,,,,,,,,,,,,,,,,,,
HGtGoSFmR2-Hv0e_AEq29g,155,Health,5,Circle,2,15,False,0,True,POSTAĆ: SUNFAC,rKf6WvhwTAWYgMfQxpPddQ,Protection %,23.5%,2350,0,,Speed,5,50000,1,535800,Health %,0.95%,95,1,958,Offense %,1.01%,101,2,457|554,Tenacity %,1.38%,138,1,1385,D,5,5,0,100.0,77.2,83.3,77.2,0.0,0.0,slice,0,0,0,0,15.2,0.0,20.0,14.8,JARJARBINKS,CANDIDATE,SLICE,wartość moda lub dopasowanie do postaci uzasadnia kolejny roll,0.0,,,,,,,,,,,,,,,,,,,,,,,
JMxYmtKQRkGAAe3IJ5BH6A,155,Health,5,Circle,1,15,False,0,True,POSTAĆ: DATHCHA,E40HoMmWQfGRpU9ltvprtg,Protection %,23.5%,2350,0,,Defense,5,50000,1,520674,Tenacity %,2.2%,220,1,2209,Potency %,2.05%,205,1,2052,Speed,5,50000,1,518430,E,4,4,0,100.0,49.5,83.3,49.5,0,0.0,slice,0,0,0,0,23.6,0.0,32.8,14.8,JARJARBINKS,CANDIDATE,KEEP,wartość secondary zbyt niska,0.0,,,,,,,,,,,,,,,,,,,,,,,
Ms3uPsbhSQGMY5hcuRjQUg,155,Health,5,Circle,5,15,False,0,True,POSTAĆ: CARADUNE,KEKoHlnlSSW1OzNJhH-ULw,Health %,5.88%,588,0,,Speed,10,100000,2,570540|436290,Critical Chance %,3.78%,378,2,1549|2235,Protection,2155,21550000,3,68478817|64383959|82648853,Protection %,1.84%,184,1,1849,A,8,8,0,100.0,58.0,83.3,58.0,0,69.0,6-dot,0,0,0,0,30.4,0.0,43.4,14.8,JARJARBINKS,CANDIDATE,SLICE_6E,5A ma wystarczającą wartość lub dopasowanie do postaci,0.0,,,,,,,,,,,,,,,,,,,,,,,
NdmUkilXRKuVr7PGz5rozg,155,Health,5,Circle,4,15,False,0,True,POSTAĆ: GRANDINQUISITOR,JXvUIuMiSR6_2LS1vnLylA,Protection %,23.5%,2350,0,,Speed,9,90000,2,364230|564870,Potency %,3.59%,359,2,1499|2094,Critical Chance %,3.59%,359,2,1820|1774,Offense %,0.39%,39,1,398,B,7,7,0,100.0,58.6,75.0,58.6,0,0.0,slice,0,0,0,0,20.8,0.0,28.6,14.8,JARJARBINKS,CANDIDATE,SLICE,wartość moda lub dopasowanie do postaci uzasadnia kolejny roll,0.0,,,,,,,,,,,,,,,,,,,,,,,
P1lzuN_nQIWjGUT_aYTjXg,155,Health,5,Circle,4,15,False,0,True,POSTAĆ: FINN,Ys-1OpVoRvq5bmhl-p99Ig,Protection %,23.5%,2350,0,,Potency %,2.24%,224,1,2242,Speed,13,130000,3,571110|406350|410550,Protection,614,6140000,1,61468553,Defense,15,150000,2,968485|563549,B,7,7,0,100.0,64.3,72.2,64.3,0,0.0,slice,0,0,0,0,39.4,0.0,57.1,14.8,JARJARBINKS,CANDIDATE,SLICE,wartość moda lub dopasowanie do postaci uzasadnia kolejny roll,0.0,,,,,,,,,,,,,,,,,,,,,,,
PhY1z6QURTyeSoMkSctlJA,155,Health,5,Circle,1,15,False,0,False,MAGAZYN,,Health %,5.88%,588,0,,Protection %,1.4%,140,1,1409,Speed,5,50000,1,529590,Health,409,4090000,1,40999876,Tenacity %,2.1%,210,1,2108,E,4,4,0,100.0,62.0,83.3,62.0,0,0.0,slice,0,0,0,0,29.4,0.0,41.8,14.8,JARJARBINKS,CANDIDATE,SLICE,wartość moda lub dopasowanie do postaci uzasadnia kolejny roll,0.0,,,,,,,,,,,,,,,,,,,,,,,
QKc60_FvThODOeMC1lHI7A,155,Health,5,Circle,2,15,False,0,True,POSTAĆ: CEREJUNDA,72VBeoIDQ36DwUyEXxNADA,Protection %,23.5%,2350,0,,Potency %,3.63%,363,2,2030|1601,Offense %,0.5%,50,1,502,Offense,40,400000,1,3951012,Speed,5,50000,1,594180,D,5,5,0,100.0,68.4,83.3,68.4,0,0.0,slice,0,0,0,0,19.7,0.0,26.9,14.8,JARJARBINKS,CANDIDATE,SLICE,wartość moda lub dopasowanie do postaci uzasadnia kolejny roll,0.0,,,,,,,,,,,,,,,,,,,,,,,
RI6WgxOfTxiG6V7rQXLV2w,155,Health,5,Circle,1,15,False,0,True,POSTAĆ: KELLERANBEQ,F9xPCLOjTE67usCPkus2uQ,Protection %,23.5%,2350,0,,Tenacity %,1.32%,132,1,1320,Speed,5,50000,1,503310,Offense,30,300000,1,2991588,Critical Chance %,1.6%,160,1,1608,E,4,4,0,100.0,59.2,83.3,59.2,0,0.0,slice,0,0,0,0,24.1,0.0,33.7,14.8,JARJARBINKS,CANDIDATE,SLICE,wartość moda lub dopasowanie do postaci uzasadnia kolejny roll,0.0,,,,,,,,,,,,,,,,,,,,,,,
SGQpecJGTHK5b69olbLZ7w,155,Health,5,Circle,3,15,False,0,True,POSTAĆ: ROYALGUARD,Tm3WsbyASby5qAiySY83Mw,Health %,5.88%,588,0,,Speed,5,50000,1,502620,Defense,14,140000,2,952070|539196,Offense %,0.84%,84,2,497|344,Tenacity %,1.2%,120,1,1206,C,6,6,0,100.0,63.7,83.3,63.7,0,0.0,slice,0,0,0,0,19.8,0.0,27.1,14.8,JARJARBINKS,CANDIDATE,SLICE,wartość moda lub dopasowanie do postaci uzasadnia kolejny roll,0.0,,,,,,,,,,,,,,,,,,,,,,,
SyJ6TkC5R5K0hd5JDPi9QA,155,Health,5,Circle,3,15,False,0,True,POSTAĆ: EWOKELDER,z3sHtcymTXefNPlDiehKqQ,Protection %,23.5%,2350,0,,Speed,15,150000,3,520860|397260|595800,Offense %,0.49%,49,1,499,Tenacity %,1.59%,159,1,1596,Potency %,1.93%,193,1,1939,C,6,6,0,100.0,76.0,83.3,76.0,0,0.0,slice,0,0,0,0,34.7,0.0,50.0,14.8,JARJARBINKS,CANDIDATE,SLICE,wartość moda lub dopasowanie do postaci uzasadnia kolejny roll,0.0,,,,,,,,,,,,,,,,,,,,,,,
Uq53ONMsSuCchaDMOk1Lgg,155,Health,5,Circle,2,15,False,0,True,POSTAĆ: MERRIN,1S5-8PpPQBmMogCeTUjdjg,Health %,5.88%,588,0,,Defense,7,70000,1,754502,Potency %,2.08%,208,1,2081,Health,363,3630000,1,36321707,Speed,11,110000,2,570630|571110,D,5,5,0,100.0,63.2,91.7,63.2,0,0.0,slice,0,0,0,0,36.5,0.0,52.7,14.8,JARJARBINKS,CANDIDATE,SLICE,wartość moda lub dopasowanie do postaci uzasadnia kolejny roll,0.0,,,,,,,,,,,,,,,,,,,,,,,
WY0sHEaBQwCwUvUXzx6Zwg,155,Health,5,Circle,5,15,False,0,True,POSTAĆ: DARTHMALGUS,rNVRtWnISySAAsFoyWfm4Q,Health %,5.88%,588,0,,Offense %,0.42%,42,1,422,Protection %,5.06%,506,3,1688|1688|1688,Speed,15,150000,3,500010|500010|500010,Health,321,3210000,1,32145000,A,8,8,0,100.0,81.2,83.3,81.2,0,56.1,6-dot,0,0,0,0,37.8,0.0,54.7,14.8,JARJARBINKS,CANDIDATE,SLICE_6E,5A ma wystarczającą wartość lub dopasowanie do postaci,0.0,,,,,,,,,,,,,,,,,,,,,,,
Wcv-vTgqS_e3dYcnttdwbA,155,Health,5,Circle,3,15,False,0,True,POSTAĆ: JUHANI,UDoCRH4uS92zX8gCJxA-DA,Health %,5.88%,588,0,,Tenacity %,3.33%,333,2,2185|1146,Protection,596,5960000,1,59691069,Speed,9,90000,2,536250|432750,Offense,39,390000,1,3859128,C,6,6,0,100.0,65.0,75.0,65.0,0.0,0.0,slice,0,0,0,0,31.7,0.0,45.4,14.8,JARJARBINKS,CANDIDATE,SLICE,wartość moda lub dopasowanie do postaci uzasadnia kolejny roll,0.0,,,,,,,,,,,,,,,,,,,,,,,
X6Xplex2SHyuULwgj3cy3Q,155,Health,5,Circle,5,15,False,0,True,POSTAĆ: GUNGANPHALANX,wjbd-YpMSEeRlf52LR4kOg,Protection %,23.5%,2350,0,,Health,944,9440000,3,32207147|37095330|25139533,Offense %,0.86%,86,2,494|370,Health %,2.04%,204,2,984|1063,Potency %,1.84%,184,1,1843,A,8,8,0,100.0,63.2,0.0,63.2,0,59.0,6-dot,0,0,0,0,10.0,0.0,12.0,14.8,JARJARBINKS,CANDIDATE,SLICE_6E,5A ma wystarczającą wartość lub dopasowanie do postaci,0.0,,,,,,,,,,,,,,,,,,,,,,,
_XpRrMYGRICbaDWOP_1RgA,155,Health,5,Circle,1,15,False,0,True,POSTAĆ: FOSITHTROOPER,mtBm_ua2RVuRu6Fdi1Jnbw,Protection %,23.5%,2350,0,,Defense %,1.32%,132,1,1325,Speed,5,50000,1,514050,Tenacity %,1.18%,118,1,1187,Critical Chance %,1.97%,197,1,1976,E,4,4,0,100.0,49.2,83.3,49.2,0,0.0,slice,0,0,0,0,18.5,0.0,25.0,14.8,JARJARBINKS,CANDIDATE,KEEP,wartość secondary zbyt niska,0.0,,,,,,,,,,,,,,,,,,,,,,,
a9io-B2kSH2PuHzjrcZMuw,155,Health,5,Circle,1,15,False,0,True,POSTAĆ: JAWA,5ywHMJ9JS6uKxXVPi5ef0w,Health %,5.88%,588,0,,Defense %,1.53%,153,1,1539,Offense,24,240000,1,2313288,Protection,692,6920000,1,69238816,Speed,5,50000,1,566100,E,4,4,0,100.0,68.0,83.3,68.0,0,0.0,slice,0,0,0,0,30.2,0.0,43.0,14.8,JARJARBINKS,CANDIDATE,SLICE,wartość moda lub dopasowanie do postaci uzasadnia kolejny roll,0.0,,,,,,,,,,,,,,,,,,,,,,,
aADhW2jvTxKPWKQH6-qqew,155,Health,5,Circle,1,15,False,0,False,MAGAZYN,,Health %,5.88%,588,0,,Critical Chance %,1.82%,182,1,1823,Tenacity %,1.7%,170,1,1707,Speed,5,50000,1,509070,Defense %,1.44%,144,1,1447,E,4,4,0,100.0,49.2,83.3,49.2,0,0.0,slice,0,0,0,0,18.5,0.0,25.0,14.8,JARJARBINKS,CANDIDATE,KEEP,wartość secondary zbyt niska,0.0,,,,,,,,,,,,,,,,,,,,,,,
bFxRUiKmTdCabEnq6aK2IA,155,Health,5,Circle,1,15,False,0,False,MAGAZYN,,Health %,5.88%,588,0,,Potency %,1.25%,125,1,1257,Defense,5,50000,1,598878,Speed,5,50000,1,509670,Protection %,1.85%,185,1,1850,E,4,4,0,100.0,59.5,83.3,59.5,0,0.0,slice,0,0,0,0,29.3,0.0,41.6,14.8,JARJARBINKS,CANDIDATE,SLICE,wartość moda lub dopasowanie do postaci uzasadnia kolejny roll,0.0,,,,,,,,,,,,,,,,,,,,,,,
edVdEJKKS1iiXkSxWEH0Vw,155,Health,5,Circle,1,15,False,0,False,MAGAZYN,,Health %,5.88%,588,0,,Defense,7,70000,1,752003,Speed,5,50000,1,505050,Potency %,1.54%,154,1,1541,Offense,42,420000,1,4189500,E,4,4,0,100.0,62.5,83.3,62.5,0,0.0,slice,0,0,0,0,29.2,0.0,41.5,14.8,JARJARBINKS,CANDIDATE,SLICE,wartość moda lub dopasowanie do postaci uzasadnia kolejny roll,0.0,,,,,,,,,,,,,,,,,,,,,,,
g1jlN7B-TRq3SPXoRDMlxg,155,Health,5,Circle,4,15,False,0,True,POSTAĆ: JEDIKNIGHTGUARDIAN,W0PL0DaaTsOE_VtzDqxDLA,Protection %,23.5%,2350,0,,Speed,5,50000,1,509340,Defense,11,110000,2,661696|530327,Critical Chance %,3.33%,333,2,1749|1582,Protection,1226,12260000,2,67747889|54890201,B,7,7,0,100.0,44.9,83.3,44.9,0,0.0,slice,0,0,0,0,24.3,0.0,33.9,14.8,JARJARBINKS,CANDIDATE,KEEP,wartość secondary zbyt niska,0.0,,,,,,,,,,,,,,,,,,,,,,,
g1wSKtxLTXCFfDeLJz4EBA,155,Health,5,Circle,3,15,True,0,True,POSTAĆ: CALKESTIS,BlZTr3AdRHy_YN4h5HTgbg,Health %,5.88%,588,0,,Offense %,0.54%,54,1,549,Health,399,3990000,1,39949806,Speed,17,170000,3,584160|551550|582060,Protection %,1.38%,138,1,1388,C,6,6,0,100.0,85.0,94.4,85.0,0,0.0,slice,0,0,0,0,42.0,0.0,61.2,14.8,JARJARBINKS,CANDIDATE,SLICE,wartość moda lub dopasowanie do postaci uzasadnia kolejny roll,0.0,,,,,,,,,,,,,,,,,,,,,,,
i5PDTYyuQ_6hoK8zKsePRQ,155,Health,5,Circle,1,15,False,0,False,MAGAZYN,,Health %,5.88%,588,0,,Speed,5,50000,1,535860,Critical Chance %,2.12%,212,1,2127,Defense %,1.31%,131,1,1317,Protection %,1.7%,170,1,1709,E,4,4,0,100.0,59.2,83.3,59.2,0,0.0,slice,0,0,0,0,24.2,0.0,33.8,14.8,JARJARBINKS,CANDIDATE,SLICE,wartość moda lub dopasowanie do postaci uzasadnia kolejny roll,0.0,,,,,,,,,,,,,,,,,,,,,,,
k6ZYJnJVTGWASl3KwIubpw,155,Health,5,Circle,2,15,False,0,True,POSTAĆ: QUIGONJINN,4GDXlgfpST-ncBlJC4MD5Q,Protection %,23.5%,2350,0,,Defense %,1.43%,143,1,1437,Tenacity %,1.78%,178,1,1781,Health,750,7500000,2,40944158|34122989,Speed,5,50000,1,593130,D,5,5,0,100.0,53.6,83.3,53.6,0,0.0,slice,0,0,0,0,23.6,0.0,32.8,14.8,JARJARBINKS,CANDIDATE,KEEP,obserwuj przed wydaniem materiałów,0.0,,,,,,,,,,,,,,,,,,,,,,,
kRHFqjmJQ7uZAOwgtC7Nng,155,Health,5,Circle,4,15,False,0,True,POSTAĆ: BOSSNASS,WLOqSLLFQCC54p0TxtvuGw,Protection %,23.5%,2350,0,,Defense %,0.99%,99,1,991,Speed,5,50000,1,567000,Health %,2.8%,280,3,969|765|1075,Offense,54,540000,2,2493636|2883288,B,7,7,0,100.0,74.6,83.3,74.6,0,0.0,slice,0,0,0,0,18.0,0.0,24.2,14.8,JARJARBINKS,CANDIDATE,SLICE,wartość moda lub dopasowanie do postaci uzasadnia kolejny roll,0.0,,,,,,,,,,,,,,,,,,,,,,,
kitgDc9FRVmGpdZrOjxLLA,155,Health,5,Circle,2,15,False,0,True,POSTAĆ: PAPLOO,awo_NEYISgeeJL0hZbGZEQ,Health %,5.88%,588,0,,Speed,5,50000,1,529710,Protection %,2.04%,204,1,2046,Health,284,2840000,1,28467612,Defense,13,130000,2,857157|490343,D,5,5,0,100.0,57.2,83.3,57.2,0.0,0.0,slice,0,0,0,0,32.1,0.0,46.0,14.8,JARJARBINKS,CANDIDATE,KEEP,obserwuj przed wydaniem materiałów,0.0,,,,,,,,,,,,,,,,,,,,,,,
lAiKyLj5Rl2CgBwoFqI7CQ,155,Health,5,Circle,1,15,False,0,True,POSTAĆ: ARMORER,NSinPVNVS-uTPzn_RdGjdQ,Protection %,23.5%,2350,0,,Speed,5,50000,1,562500,Defense,8,80000,1,882294,Critical Chance %,1.82%,182,1,1824,Potency %,1.34%,134,1,1346,E,4,4,0,100.0,48.3,83.3,48.3,0,0.0,slice,0,0,0,0,23.6,0.0,32.8,14.8,JARJARBINKS,CANDIDATE,KEEP,wartość secondary zbyt niska,0.0,,,,,,,,,,,,,,,,,,,,,,,
mNykFSRkQdO2loX2TWiM-Q,155,Health,5,Circle,1,15,False,0,False,MAGAZYN,,Health %,5.88%,588,0,,Offense,35,350000,1,3415212,Defense,6,60000,1,606375,Speed,5,50000,1,559920,Critical Chance %,1.49%,149,1,1496,E,4,4,0,100.0,60.2,83.3,60.2,0,0.0,slice,0,0,0,0,29.2,0.0,41.5,14.8,JARJARBINKS,CANDIDATE,SLICE,wartość moda lub dopasowanie do postaci uzasadnia kolejny roll,0.0,,,,,,,,,,,,,,,,,,,,,,,
o-n-9ra-QRmPlxB3UkaktA,155,Health,5,Circle,1,15,False,0,False,MAGAZYN,,Health %,5.88%,588,0,,Offense %,0.51%,51,1,517,Defense,7,70000,1,795270,Speed,5,50000,1,558450,Defense %,0.9%,90,1,901,E,4,4,0,100.0,67.0,83.3,67.0,0,0.0,slice,0,0,0,0,23.6,0.0,32.8,14.8,JARJARBINKS,CANDIDATE,SLICE,wartość moda lub dopasowanie do postaci uzasadnia kolejny roll,0.0,,,,,,,,,,,,,,,,,,,,,,,
o27NOLNdQK2ku1-SZRs2JA,155,Health,5,Circle,2,15,False,0,True,POSTAĆ: THEMANDALORIANBESKARARMOR,I4qYFU2aTeK4MpCuYsV6KA,Protection %,23.5%,2350,0,,Health %,1.59%,159,2,834|764,Defense,7,70000,1,729659,Offense %,0.45%,45,1,459,Speed,5,50000,1,598110,D,5,5,0,100.0,74.0,83.3,74.0,0,0.0,slice,0,0,0,0,19.3,0.0,26.3,14.8,JARJARBINKS,CANDIDATE,SLICE,wartość moda lub dopasowanie do postaci uzasadnia kolejny roll,0.0,,,,,,,,,,,,,,,,,,,,,,,
oK7wY6fXR0-CdNMBjnLonw,155,Health,5,Circle,3,15,False,0,True,POSTAĆ: LUMINARAUNDULI,9xjJ1FksQSOEtjqJLWBMIA,Health %,5.88%,588,0,,Tenacity %,3.09%,309,2,1863|1228,Speed,5,50000,1,560430,Offense,29,290000,1,2887164,Defense %,2.71%,271,2,1680|1039,C,6,6,0,100.0,54.3,83.3,54.3,0,0.0,slice,0,0,0,0,16.8,0.0,22.5,14.8,JARJARBINKS,CANDIDATE,KEEP,obserwuj przed wydaniem materiałów,0.0,,,,,,,,,,,,,,,,,,,,,,,
oa8a610rSMmvqAZDKYVS0Q,155,Health,5,Circle,5,15,False,0,True,POSTAĆ: ADMIRALPIETT,Mz0_xu-vQt23Vd1Prv1rHw,Protection %,23.5%,2350,0,,Offense %,0.29%,29,1,291,Speed,5,50000,1,511440,Defense,12,120000,2,600642|687127,Health,1343,13430000,4,29039793|37262484|35522368|32511453,A,8,8,0,100.0,56.5,83.3,56.5,0,42.7,6-dot,0,0,0,0,25.9,0.0,36.4,14.8,JARJARBINKS,CANDIDATE,SLICE_6E,5A ma wystarczającą wartość lub dopasowanie do postaci,0.0,,,,,,,,,,,,,,,,,,,,,,,
petXmhn1ROuMs7jOdc5Fjw,155,Health,5,Circle,1,15,False,0,True,POSTAĆ: CHIEFNEBIT,gbPYHApKTDSmWMiuMeaBZg,Protection %,23.5%,2350,0,,Tenacity %,1.98%,198,1,1989,Health,396,3960000,1,39696932,Critical Chance %,1.85%,185,1,1857,Speed,5,50000,1,555570,E,4,4,0,100.0,50.7,83.3,50.7,0,0.0,slice,0,0,0,0,23.7,0.0,33.0,14.8,JARJARBINKS,CANDIDATE,KEEP,wartość secondary zbyt niska,0.0,,,,,,,,,,,,,,,,,,,,,,,
pgkj_4FIQKahfmdTQzadRQ,155,Health,5,Circle,2,15,False,0,True,POSTAĆ: JAWASCAVENGER,yRCvDW99TKKBJW3GpM2Xkw,Protection %,23.5%,2350,0,,Health,419,4190000,1,41921366,Defense %,2.98%,298,2,1525|1464,Tenacity %,2.21%,221,1,2214,Speed,5,50000,1,566070,D,5,5,0,100.0,52.4,83.3,52.4,0,0.0,slice,0,0,0,0,19.4,0.0,26.4,14.8,JARJARBINKS,CANDIDATE,KEEP,obserwuj przed wydaniem materiałów,0.0,,,,,,,,,,,,,,,,,,,,,,,
piPJhShkQ4ygcZE2zdOr-g,155,Health,5,Circle,1,15,False,0,False,MAGAZYN,,Health %,5.88%,588,0,,Speed,5,50000,1,575700,Critical Chance %,1.81%,181,1,1816,Health,343,3430000,1,34345861,Defense %,1.2%,120,1,1200,E,4,4,0,100.0,53.8,83.3,53.8,0,0.0,slice,0,0,0,0,23.7,0.0,33.0,14.8,JARJARBINKS,CANDIDATE,KEEP,obserwuj przed wydaniem materiałów,0.0,,,,,,,,,,,,,,,,,,,,,,,
q8TSZ8_FRWOTLdukq7Upkw,155,Health,5,Circle,1,15,False,0,False,MAGAZYN,,Health %,5.88%,588,0,,Speed,5,50000,1,539340,Offense %,0.43%,43,1,435,Protection %,2.03%,203,1,2032,Health,286,2860000,1,28675483,E,4,4,0,100.0,77.5,83.3,77.5,0,0.0,slice,0,0,0,0,29.4,0.0,41.8,14.8,JARJARBINKS,CANDIDATE,SLICE,wartość moda lub dopasowanie do postaci uzasadnia kolejny roll,0.0,,,,,,,,,,,,,,,,,,,,,,,
sc13FZFoTPy3Gf4cSW23ig,155,Health,5,Circle,4,15,False,0,True,POSTAĆ: EETHKOTH,9MxaXkXATp2x3acJC_s2Mg,Protection %,23.5%,2350,0,,Defense %,2.75%,275,2,1664|1095,Health %,1.06%,106,1,1060,Speed,10,100000,2,454560|558960,Tenacity %,3.07%,307,2,1734|1338,B,7,7,0,100.0,59.4,83.3,59.4,0,0.0,slice,0,0,0,0,20.8,0.0,28.6,14.8,JARJARBINKS,CANDIDATE,SLICE,wartość moda lub dopasowanie do postaci uzasadnia kolejny roll,0.0,,,,,,,,,,,,,,,,,,,,,,,
vDxroyleQ-a5EPP9YN83XQ,155,Health,5,Circle,1,15,False,0,True,POSTAĆ: DAKA,eDrXr0LsTNGvJezjXk8yVQ,Health %,5.88%,588,0,,Speed,5,50000,1,543540,Critical Chance %,1.26%,126,1,1261,Defense %,1.5%,150,1,1509,Offense,38,380000,1,3718224,E,4,4,0,100.0,62.2,83.3,62.2,0,0.0,slice,0,0,0,0,24.1,0.0,33.7,14.8,JARJARBINKS,CANDIDATE,SLICE,wartość moda lub dopasowanie do postaci uzasadnia kolejny roll,0.0,,,,,,,,,,,,,,,,,,,,,,,
6eDQl-5MT-qtnDpceCvRSw,155,Health,5,Circle,2,9,False,0,True,POSTAĆ: CHOPPERS3,Bru_NLjRRlitn1bvKpD5zA,Protection %,14.5%,1450,0,,Offense,38,380000,1,3746040,Speed,5,50000,1,555330,Health %,0.92%,92,1,923,Defense %,0.93%,93,1,937,D,4,5,1,100.0,74.0,83.3,79.2,5.2,0.0,upgrade,0,0,0,0,24.1,0.0,33.7,14.8,JARJARBINKS,CANDIDATE,UPGRADE,nieujawnione wszystkie secondary,0.0,,,,,,,,,,,,,,,,,,,,,,,
EKYTEqhNR5udGhkAbADoTQ,155,Health,5,Circle,2,9,False,0,True,POSTAĆ: IMAGUNDI,r0q2lXvGRMyC4rDJYGNivg,Health %,3.63%,363,0,,Offense,28,280000,1,2773392,Speed,5,50000,1,540690,Defense %,1.09%,109,1,1097,Potency %,1.46%,146,1,1464,D,4,5,1,100.0,64.5,83.3,71.6,7.1,0.0,upgrade,0,0,0,0,24.1,0.0,33.7,14.8,JARJARBINKS,CANDIDATE,UPGRADE,nieujawnione wszystkie secondary,0.0,,,,,,,,,,,,,,,,,,,,,,,
_jl6FYuLQkC11WPIT4R9TQ,155,Health,5,Circle,2,9,False,0,True,POSTAĆ: PHASMA,SkKOwLVQRPWgmAAswUhqVg,Protection %,14.5%,1450,0,,Tenacity %,1.32%,132,1,1329,Potency %,2.04%,204,1,2048,Speed,5,50000,1,578790,Defense %,1.37%,137,1,1375,D,4,5,1,100.0,51.5,83.3,61.2,9.7,0.0,upgrade,0,0,0,0,18.5,0.0,25.0,14.8,JARJARBINKS,CANDIDATE,UPGRADE,nieujawnione wszystkie secondary,0.0,,,,,,,,,,,,,,,,,,,,,,,
baWs1uuTT4arJgyZK12fcQ,155,Health,5,Circle,2,9,False,0,True,POSTAĆ: KYLORENUNMASKED,mmZzz2zbR36C6ye2aLObVg,Health %,3.63%,363,0,,Offense %,0.43%,43,1,433,Defense,5,50000,1,550319,Offense,44,440000,1,4351608,Speed,5,50000,1,533160,D,4,5,1,100.0,77.0,83.3,81.6,4.6,0.0,upgrade,0,0,0,0,29.2,0.0,41.5,14.8,JARJARBINKS,CANDIDATE,UPGRADE,nieujawnione wszystkie secondary,0.0,,,,,,,,,,,,,,,,,,,,,,,
bo26uUmOQcGMAmxI0UQwxQ,155,Health,5,Circle,2,9,False,0,False,MAGAZYN,,Health %,3.63%,363,0,,Offense,46,460000,1,4529220,Speed,5,50000,1,502560,Protection,779,7790000,1,77989187,Health,397,3970000,1,39731220,D,4,5,1,100.0,69.5,83.3,75.6,6.1,0.0,upgrade,0,0,0,0,35.4,0.0,51.0,14.8,JARJARBINKS,CANDIDATE,UPGRADE,nieujawnione wszystkie secondary,0.0,,,,,,,,,,,,,,,,,,,,,,,
fcsDl4gPTsG7jSpZEr0Ybg,155,Health,5,Circle,2,9,False,0,False,MAGAZYN,,Protection %,14.5%,1450,0,,Offense %,0.54%,54,1,546,Protection,784,7840000,1,78487547,Defense,6,60000,1,618380,Speed,5,50000,1,574380,D,4,5,1,100.0,68.5,83.3,74.8,6.3,0.0,upgrade,0,0,0,0,29.6,0.0,42.2,14.8,JARJARBINKS,CANDIDATE,UPGRADE,nieujawnione wszystkie secondary,0.0,,,,,,,,,,,,,,,,,,,,,,,
mtQ249pGRY2n-z5NCuOPVw,155,Health,5,Circle,2,9,False,0,True,POSTAĆ: GREEFKARGA,glB8R2fVS3qp3gZo3f4x4Q,Protection %,14.5%,1450,0,,Offense %,0.34%,34,1,343,Speed,5,50000,1,584730,Offense,38,380000,1,3765876,Defense,8,80000,1,883568,D,4,5,1,100.0,77.0,83.3,81.6,4.6,0.0,upgrade,0,0,0,0,29.2,0.0,41.5,14.8,JARJARBINKS,CANDIDATE,UPGRADE,nieujawnione wszystkie secondary,0.0,,,,,,,,,,,,,,,,,,,,,,,
vkGYtroiQR-pL2ldvahWug,155,Health,5,Circle,2,9,False,0,False,MAGAZYN,,Health %,3.63%,363,0,,Protection %,2.11%,211,1,2114,Defense,8,80000,1,859460,Speed,5,50000,1,584700,Critical Chance %,1.76%,176,1,1763,D,4,5,1,100.0,57.2,83.3,65.8,8.5,0.0,upgrade,0,0,0,0,29.3,0.0,41.6,14.8,JARJARBINKS,CANDIDATE,UPGRADE,nieujawnione wszystkie secondary,0.0,,,,,,,,,,,,,,,,,,,,,,,
6p53RmUlQV2d1FVH0VjRvw,155,Health,5,Circle,3,6,False,0,False,MAGAZYN,,Protection %,10%,1000,0,,Offense,44,440000,1,4385352,Offense %,0.31%,31,1,314,Speed,5,50000,1,547320,Health,215,2150000,1,21541436,C,4,6,2,100.0,80.5,83.3,87.0,6.5,0.0,upgrade,0,0,0,0,29.3,0.0,41.7,14.8,JARJARBINKS,CANDIDATE,UPGRADE,nieujawnione wszystkie secondary,0.0,,,,,,,,,,,,,,,,,,,,,,,
77SjlGGITB2Y0rcegBwbvA,155,Health,5,Circle,3,6,False,0,False,MAGAZYN,,Protection %,10%,1000,0,,Protection,503,5030000,1,50305289,Health,258,2580000,1,25876725,Potency %,1.27%,127,1,1276,Speed,5,50000,1,569670,C,4,6,2,100.0,57.5,83.3,71.7,14.2,0.0,upgrade,0,0,0,0,29.8,0.0,42.4,14.8,JARJARBINKS,CANDIDATE,UPGRADE,nieujawnione wszystkie secondary,0.0,,,,,,,,,,,,,,,,,,,,,,,
7yqUnAlbS2qORwrtSyPKNw,155,Health,5,Circle,3,6,False,0,False,MAGAZYN,,Protection %,10%,1000,0,,Offense,25,250000,1,2426376,Defense,8,80000,1,847210,Potency %,1.21%,121,1,1214,Speed,5,50000,1,533880,C,4,6,2,100.0,62.5,83.3,75.0,12.5,0.0,upgrade,0,0,0,0,29.2,0.0,41.5,14.8,JARJARBINKS,CANDIDATE,UPGRADE,nieujawnione wszystkie secondary,0.0,,,,,,,,,,,,,,,,,,,,,,,
E69jsd2iRV-i00ZVBBhb-Q,155,Health,5,Circle,3,6,False,0,True,POSTAĆ: VISASMARR,4Sxf6R0SSOmtftLRViCF1w,Health %,2.5%,250,0,,Tenacity %,1.54%,154,1,1540,Defense %,1.09%,109,1,1090,Speed,5,50000,1,565890,Offense %,0.39%,39,1,390,C,4,6,2,100.0,66.0,83.3,77.3,11.3,0.0,upgrade,0,0,0,0,18.5,0.0,25.0,14.8,JARJARBINKS,CANDIDATE,UPGRADE,nieujawnione wszystkie secondary,0.0,,,,,,,,,,,,,,,,,,,,,,,
JsOuEcX1Rf2vm6AIQw84vQ,155,Health,5,Circle,3,6,False,0,True,POSTAĆ: SCARIFREBEL,GCcqj7sLRhql1nUuT1xRhA,Protection %,10%,1000,0,,Defense,8,80000,1,898170,Tenacity %,1.7%,170,1,1703,Health,328,3280000,1,32899336,Protection,795,7950000,1,79521644,C,4,6,2,100.0,40.0,0.0,42.7,2.7,0.0,upgrade,0,0,0,0,18.6,0.0,25.2,14.8,JARJARBINKS,CANDIDATE,UPGRADE,nieujawnione wszystkie secondary,0.0,,,,,,,,,,,,,,,,,,,,,,,
NuBM69KLTVCO-hHDOTNfeg,155,Health,5,Circle,3,6,False,0,True,POSTAĆ: CT5555,vsWn91ssQVyOxZtaLPlqqg,Protection %,10%,1000,0,,Offense %,0.31%,31,1,313,Potency %,1.59%,159,1,1597,Speed,4,40000,1,459210,Offense,45,450000,1,4496616,C,4,6,2,100.0,77.0,66.7,84.7,7.7,0.0,upgrade,0,0,0,0,24.1,0.0,33.7,14.8,JARJARBINKS,CANDIDATE,UPGRADE,nieujawnione wszystkie secondary,0.0,,,,,,,,,,,,,,,,,,,,,,,
OL9YLNqLSpisIwpQ1Jd7uw,155,Health,5,Circle,3,6,False,0,True,POSTAĆ: CHIRRUTIMWE,TJZj8X93S32n6tnD78nPNA,Health %,2.5%,250,0,,Protection,478,4780000,1,47855019,Protection %,1.42%,142,1,1428,Speed,5,50000,1,561150,Offense,37,370000,1,3699528,C,4,6,2,100.0,75.0,83.3,83.3,8.3,0.0,upgrade,0,0,0,0,35.9,0.0,51.8,14.8,JARJARBINKS,CANDIDATE,UPGRADE,nieujawnione wszystkie secondary,0.0,,,,,,,,,,,,,,,,,,,,,,,
Qj5CfQMjRTyVApBzgWjmMQ,155,Health,5,Circle,3,6,False,0,True,POSTAĆ: KRRSANTAN,Hp8Wc9waS6mDnvwCl6g3Sw,Protection %,10%,1000,0,,Defense,8,80000,1,843682,Offense,29,290000,1,2867100,Offense %,0.32%,32,1,328,Speed,4,40000,1,488820,C,4,6,2,100.0,77.0,66.7,84.7,7.7,0.0,upgrade,0,0,0,0,29.2,0.0,41.5,14.8,JARJARBINKS,CANDIDATE,UPGRADE,nieujawnione wszystkie secondary,0.0,,,,,,,,,,,,,,,,,,,,,,,
VGb3m7ESSNiQxOqER65RHA,155,Health,5,Circle,3,6,False,0,True,POSTAĆ: LUTHENRAEL,588MLOXGRKqGUSJCf2nggw,Health %,2.5%,250,0,,Defense %,1.57%,157,1,1572,Protection,712,7120000,1,71282092,Speed,5,50000,1,590400,Critical Chance %,1.98%,198,1,1988,C,4,6,2,100.0,53.8,83.3,69.2,15.4,0.0,upgrade,0,0,0,0,24.5,0.0,34.3,14.8,JARJARBINKS,CANDIDATE,UPGRADE,nieujawnione wszystkie secondary,0.0,,,,,,,,,,,,,,,,,,,,,,,
VLvxAj8vSyW8vi5uZng5Lg,155,Health,5,Circle,3,6,False,0,True,POSTAĆ: L3_37,eS3LbQ-4S4WqItNYOU7j6g,Protection %,10%,1000,0,,Defense %,1.41%,141,1,1415,Health,262,2620000,1,26266751,Health %,0.99%,99,1,996,Protection,542,5420000,1,54275557,C,4,6,2,100.0,52.5,0.0,59.0,6.5,0.0,upgrade,0,0,0,0,13.5,0.0,17.4,14.8,JARJARBINKS,CANDIDATE,UPGRADE,nieujawnione wszystkie secondary,0.0,,,,,,,,,,,,,,,,,,,,,,,
ZOfBFBMISsyTLdqAO8q5FQ,155,Health,5,Circle,3,6,False,0,True,POSTAĆ: GENERALSKYWALKER,vFXl2ZpkT3GCV4rvQ-gsgA,Protection %,10%,1000,0,,Protection,668,6680000,1,66859147,Defense,6,60000,1,629503,Health %,1.01%,101,1,1018,Speed,5,50000,1,589830,C,4,6,2,100.0,63.5,83.3,75.7,12.2,0.0,upgrade,0,0,0,0,29.6,0.0,42.2,14.8,JARJARBINKS,CANDIDATE,UPGRADE,nieujawnione wszystkie secondary,0.0,,,,,,,,,,,,,,,,,,,,,,,
ZX5-iFbRSzaY35HoI5Mbmg,155,Health,5,Circle,3,6,False,0,True,POSTAĆ: DARTHMALAK,Gi4yc5CnQbC2bekrOQeEPw,Protection %,10%,1000,0,,Health,265,2650000,1,26530340,Tenacity %,1.87%,187,1,1878,Speed,5,50000,1,554160,Health %,0.88%,88,1,888,C,4,6,2,100.0,62.5,83.3,75.0,12.5,0.0,upgrade,0,0,0,0,23.7,0.0,33.0,14.8,JARJARBINKS,CANDIDATE,UPGRADE,nieujawnione wszystkie secondary,0.0,,,,,,,,,,,,,,,,,,,,,,,
_2LPsT4RRD6G9O8OBW3LSw,155,Health,5,Circle,3,6,False,0,False,MAGAZYN,,Protection %,10%,1000,0,,Offense %,0.35%,35,1,352,Health,361,3610000,1,36193127,Speed,5,50000,1,551280,Health %,0.86%,86,1,865,C,4,6,2,100.0,78.0,83.3,85.3,7.3,0.0,upgrade,0,0,0,0,23.7,0.0,33.0,14.8,JARJARBINKS,CANDIDATE,UPGRADE,nieujawnione wszystkie secondary,0.0,,,,,,,,,,,,,,,,,,,,,,,
iK7ax8S8QfOHZpQarEN0tw,155,Health,5,Circle,3,6,False,0,False,MAGAZYN,,Health %,2.5%,250,0,,Offense,45,450000,1,4468572,Protection,520,5200000,1,52008019,Speed,5,50000,1,594960,Protection %,1.82%,182,1,1827,C,4,6,2,100.0,75.0,83.3,83.3,8.3,0.0,upgrade,0,0,0,0,35.9,0.0,51.8,14.8,JARJARBINKS,CANDIDATE,UPGRADE,nieujawnione wszystkie secondary,0.0,,,,,,,,,,,,,,,,,,,,,,,
iP7w7UKaQl-Mf9MCopmckQ,155,Health,5,Circle,3,6,False,0,True,POSTAĆ: YOUNGCHEWBACCA,iuUDyYYsQYiDZxTNS0SM9g,Health %,2.5%,250,0,,Offense,34,340000,1,3316944,Offense %,0.32%,32,1,328,Defense,7,70000,1,731521,Speed,5,50000,1,503070,C,4,6,2,100.0,77.0,83.3,84.7,7.7,0.0,upgrade,0,0,0,0,29.2,0.0,41.5,14.8,JARJARBINKS,CANDIDATE,UPGRADE,nieujawnione wszystkie secondary,0.0,,,,,,,,,,,,,,,,,,,,,,,
1WHWeRubTwy7LN8u1krzCw,155,Health,5,Circle,4,3,False,0,True,POSTAĆ: LUKESKYWALKER,nLrjzg3uSFWnmJClrEe38A,Protection %,5.5%,550,0,,Health,322,3220000,1,32269294,Offense,32,320000,1,3131124,Defense,6,60000,1,638127,Potency %,1.83%,183,1,1833,B,4,7,3,100.0,49.5,0.0,63.4,13.9,0.0,upgrade,0,0,0,0,18.2,0.0,24.5,14.8,JARJARBINKS,CANDIDATE,UPGRADE,nieujawnione wszystkie secondary,0.0,,,,,,,,,,,,,,,,,,,,,,,
cqpXpAIuQ3eJrfDByOTivQ,155,Health,5,Circle,4,3,False,0,True,POSTAĆ: PAZVIZSLA,Sdi9ckGVSMmFCfDcS1nAAA,Health %,1.38%,138,0,,Defense,8,80000,1,837998,Offense %,0.52%,52,1,520,Defense %,0.97%,97,1,977,Speed,5,50000,1,559470,B,4,7,3,100.0,67.0,83.3,81.1,14.1,0.0,upgrade,0,0,0,0,23.6,0.0,32.8,14.8,JARJARBINKS,CANDIDATE,UPGRADE,nieujawnione wszystkie secondary,0.0,,,,,,,,,,,,,,,,,,,,,,,
k5Bqk8DtQyqJsgaLcU_07w,155,Health,5,Circle,4,3,False,0,True,POSTAĆ: SNOWTROOPER,W9JZl0dXSouEoEn3vimBdA,Protection %,5.5%,550,0,,Defense %,1.21%,121,1,1213,Protection,466,4660000,1,46663108,Defense,7,70000,1,708295,Tenacity %,1.45%,145,1,1451,B,4,7,3,100.0,38.5,0.0,42.6,4.1,0.0,upgrade,0,0,0,0,13.4,0.0,17.2,14.8,JARJARBINKS,CANDIDATE,UPGRADE,nieujawnione wszystkie secondary,0.0,,,,,,,,,,,,,,,,,,,,,,,
1upee1zwSS6Ku5KKZc7Rug,155,Health,5,Circle,5,1,True,0,True,POSTAĆ: MACEWINDU,DCfkIiseTzaVx-iiN6Qzpw,Health %,0.63%,63,0,,Speed,5,50000,1,581070,Potency %,1.37%,137,1,1375,Offense %,0.51%,51,1,517,Protection,804,8040000,1,80414539,A,4,8,4,100.0,68.5,83.3,84.2,15.8,65.8,upgrade,0,0,0,0,24.5,0.0,34.3,14.8,JARJARBINKS,CANDIDATE,UPGRADE,nieujawnione wszystkie secondary,0.0,,,,,,,,,,,,,,,,,,,,,,,
3XtTNW9iQHCgSq9Zu09TlQ,155,Health,5,Circle,3,1,False,0,True,POSTAĆ: GAMORREANGUARD,jgOdEbDhTxmOgREBJSK81w,Health %,0.63%,63,0,,Health,419,4190000,1,41923509,Speed,5,50000,1,506010,,,,0,,,,,0,,C,2,6,4,100.0,74.0,83.3,91.3,17.3,0.0,upgrade,0,0,0,0,45.2,0.0,66.0,14.8,JARJARBINKS,CANDIDATE,UPGRADE,nieujawnione wszystkie secondary,0.0,,,,,,,,,,,,,,,,,,,,,,,
9Zb-HrPeTsqLaZkruEn5Lg,155,Health,5,Circle,2,1,False,0,False,MAGAZYN,,Health %,0.63%,63,0,,Speed,5,50000,1,576660,,,,0,,,,,0,,,,,0,,D,1,5,4,100.0,100.0,83.3,100.0,0,0.0,upgrade,0,0,0,0,67.2,0.0,100.0,14.8,JARJARBINKS,CANDIDATE,UPGRADE,nieujawnione wszystkie secondary,0.0,,,,,,,,,,,,,,,,,,,,,,,
B3OO6XYDQXmmYkMGvkbg5g,155,Health,5,Circle,3,1,False,0,False,MAGAZYN,,Health %,0.63%,63,0,,Critical Chance %,1.18%,118,1,1188,Speed,5,50000,1,522510,,,,0,,,,,0,,C,2,6,4,100.0,62.5,83.3,87.5,25.0,0.0,upgrade,0,0,0,0,34.7,0.0,50.0,14.8,JARJARBINKS,CANDIDATE,UPGRADE,nieujawnione wszystkie secondary,0.0,,,,,,,,,,,,,,,,,,,,,,,
DKkmtDSlSTarmCWrsQLoaw,155,Health,5,Circle,3,1,False,0,True,POSTAĆ: MOFFGIDEONS1,HPnSQ9B5QYKlMeSpZV2uVg,Protection %,2.5%,250,0,,Tenacity %,1.61%,161,1,1615,Speed,5,50000,1,592410,,,,0,,,,,0,,C,2,6,4,100.0,65.0,83.3,88.3,23.3,0.0,upgrade,0,0,0,0,34.7,0.0,50.0,14.8,JARJARBINKS,CANDIDATE,UPGRADE,nieujawnione wszystkie secondary,0.0,,,,,,,,,,,,,,,,,,,,,,,
G-FmTbkvTT6wvmq_AT3p-g,155,Health,5,Circle,5,1,False,0,False,MAGAZYN,,Protection %,2.5%,250,0,,Speed,5,50000,1,526470,Offense,28,280000,1,2780916,Offense %,0.37%,37,1,375,Health %,0.59%,59,1,590,A,4,8,4,100.0,86.5,83.3,93.2,6.8,31.5,upgrade,0,0,0,0,24.1,0.0,33.7,14.8,JARJARBINKS,CANDIDATE,UPGRADE,nieujawnione wszystkie secondary,0.0,,,,,,,,,,,,,,,,,,,,,,,
JrWTeYY4RRSOtP64mByOSQ,155,Health,5,Circle,3,1,False,0,False,MAGAZYN,,Protection %,2.5%,250,0,,Speed,5,50000,1,571200,Protection,736,7360000,1,73607772,,,,0,,,,,0,,C,2,6,4,100.0,74.0,83.3,91.3,17.3,0.0,upgrade,0,0,0,0,46.9,0.0,68.7,14.8,JARJARBINKS,CANDIDATE,UPGRADE,nieujawnione wszystkie secondary,0.0,,,,,,,,,,,,,,,,,,,,,,,
M8ugzprPSIyQA9mHn73PnQ,155,Health,5,Circle,2,1,False,0,True,POSTAĆ: IG11,mqfX-RgRRcykqF6ZAoBo8g,Health %,0.63%,63,0,,Speed,5,50000,1,590940,,,,0,,,,,0,,,,,0,,D,1,5,4,100.0,100.0,83.3,100.0,0,0.0,upgrade,0,0,0,0,67.2,0.0,100.0,14.8,JARJARBINKS,CANDIDATE,UPGRADE,nieujawnione wszystkie secondary,0.0,,,,,,,,,,,,,,,,,,,,,,,
MpVOlHcUTnqvvN3tj8_O9g,155,Health,5,Circle,5,1,False,0,False,MAGAZYN,,Protection %,2.5%,250,0,,Protection,463,4630000,1,46314256,Critical Chance %,1.7%,170,1,1700,Offense,24,240000,1,2313516,Speed,5,50000,1,523620,A,4,8,4,100.0,63.7,83.3,81.9,18.1,33.6,upgrade,0,0,0,0,30.2,0.0,43.0,14.8,JARJARBINKS,CANDIDATE,UPGRADE,nieujawnione wszystkie secondary,0.0,,,,,,,,,,,,,,,,,,,,,,,
NLM7nnvGS2mKyVycJ0jztQ,155,Health,5,Circle,3,1,False,0,True,POSTAĆ: ROSETICO,da51QIPySzW1uE1DmDmsIg,Protection %,2.5%,250,0,,Speed,5,50000,1,538140,Defense,6,60000,1,607992,,,,0,,,,,0,,C,2,6,4,100.0,67.0,83.3,89.0,22.0,0.0,upgrade,0,0,0,0,44.9,0.0,65.7,14.8,JARJARBINKS,CANDIDATE,UPGRADE,nieujawnione wszystkie secondary,0.0,,,,,,,,,,,,,,,,,,,,,,,
O7x1-SNnRdOLslx79zX72Q,155,Health,5,Circle,4,1,False,0,False,MAGAZYN,,Protection %,2.5%,250,0,,Speed,5,50000,1,560580,Protection,725,7250000,1,72540451,Health %,0.73%,73,1,738,,,,0,,B,3,7,4,100.0,73.3,83.3,88.6,15.2,0.0,upgrade,0,0,0,0,32.0,0.0,45.8,14.8,JARJARBINKS,CANDIDATE,UPGRADE,nieujawnione wszystkie secondary,0.0,,,,,,,,,,,,,,,,,,,,,,,
Tywtp9XURbeKF93u015qxw,155,Health,5,Circle,3,1,False,0,False,MAGAZYN,,Protection %,2.5%,250,0,,Speed,5,50000,1,532290,Defense %,1.25%,125,1,1255,,,,0,,,,,0,,C,2,6,4,100.0,71.0,83.3,90.3,19.3,0.0,upgrade,0,0,0,0,34.7,0.0,50.0,14.8,JARJARBINKS,CANDIDATE,UPGRADE,nieujawnione wszystkie secondary,0.0,,,,,,,,,,,,,,,,,,,,,,,
U8dDztwTTlOpy0FLJq9-TA,155,Health,5,Circle,3,1,False,0,False,MAGAZYN,,Health %,0.63%,63,0,,Protection %,2.12%,212,1,2129,Speed,5,50000,1,528000,,,,0,,,,,0,,C,2,6,4,100.0,85.0,83.3,95.0,10.0,0.0,upgrade,0,0,0,0,46.2,0.0,67.6,14.8,JARJARBINKS,CANDIDATE,UPGRADE,nieujawnione wszystkie secondary,0.0,,,,,,,,,,,,,,,,,,,,,,,
UzOiYyx7RUS5vj7PKCuePg,155,Health,5,Circle,3,1,False,0,True,POSTAĆ: CT7567,JLM-m7ixRCOVuvT1dBCzSQ,Health %,0.63%,63,0,,Offense %,0.54%,54,1,548,Speed,5,50000,1,556770,,,,0,,,,,0,,C,2,6,4,100.0,96.0,83.3,98.7,2.7,0.0,upgrade,0,0,0,0,34.7,0.0,50.0,14.8,JARJARBINKS,CANDIDATE,UPGRADE,nieujawnione wszystkie secondary,0.0,,,,,,,,,,,,,,,,,,,,,,,
VEqSpyWRSXuUdMFPYfkNpQ,155,Health,5,Circle,3,1,False,0,True,POSTAĆ: HOTHREBELSOLDIER,ZpDjqAT0RXCT9-1kiCCWxQ,Health %,0.63%,63,0,,Protection %,1.36%,136,1,1365,Speed,5,50000,1,575340,,,,0,,,,,0,,C,2,6,4,100.0,85.0,83.3,95.0,10.0,0.0,upgrade,0,0,0,0,46.2,0.0,67.6,14.8,JARJARBINKS,CANDIDATE,UPGRADE,nieujawnione wszystkie secondary,0.0,,,,,,,,,,,,,,,,,,,,,,,
WhAo-GKPRESZavtugYk_rA,155,Health,5,Circle,3,1,False,0,False,MAGAZYN,,Health %,0.63%,63,0,,Defense,6,60000,1,698887,Speed,5,50000,1,592500,,,,0,,,,,0,,C,2,6,4,100.0,67.0,83.3,89.0,22.0,0.0,upgrade,0,0,0,0,44.9,0.0,65.7,14.8,JARJARBINKS,CANDIDATE,UPGRADE,nieujawnione wszystkie secondary,0.0,,,,,,,,,,,,,,,,,,,,,,,
XB361Bk2QKKi1ehdmIcjjQ,155,Health,5,Circle,3,1,False,0,False,MAGAZYN,,Health %,0.63%,63,0,,Offense %,0.55%,55,1,552,Speed,5,50000,1,512940,,,,0,,,,,0,,C,2,6,4,100.0,96.0,83.3,98.7,2.7,0.0,upgrade,0,0,0,0,34.7,0.0,50.0,14.8,JARJARBINKS,CANDIDATE,UPGRADE,nieujawnione wszystkie secondary,0.0,,,,,,,,,,,,,,,,,,,,,,,
angLjnTbRECdCCZFTgWh0g,155,Health,5,Circle,3,1,False,0,False,MAGAZYN,,Protection %,2.5%,250,0,,Protection,429,4290000,1,42921255,Speed,5,50000,1,517980,,,,0,,,,,0,,C,2,6,4,100.0,74.0,83.3,91.3,17.3,0.0,upgrade,0,0,0,0,46.9,0.0,68.7,14.8,JARJARBINKS,CANDIDATE,UPGRADE,nieujawnione wszystkie secondary,0.0,,,,,,,,,,,,,,,,,,,,,,,
b1PUcrxRQGGlpHxtZ-WGPA,155,Health,5,Circle,3,1,False,0,False,MAGAZYN,,Protection %,2.5%,250,0,,Potency %,1.45%,145,1,1455,Speed,5,50000,1,573180,,,,0,,,,,0,,C,2,6,4,100.0,67.0,83.3,89.0,22.0,0.0,upgrade,0,0,0,0,34.7,0.0,50.0,14.8,JARJARBINKS,CANDIDATE,UPGRADE,nieujawnione wszystkie secondary,0.0,,,,,,,,,,,,,,,,,,,,,,,
eI-H8Qx6TdqPJnQYZxU6CQ,155,Health,5,Circle,3,1,False,0,False,MAGAZYN,,Health %,0.63%,63,0,,Speed,5,50000,1,585240,Defense,8,80000,1,863723,,,,0,,,,,0,,C,2,6,4,100.0,67.0,83.3,89.0,22.0,0.0,upgrade,0,0,0,0,44.9,0.0,65.7,14.8,JARJARBINKS,CANDIDATE,UPGRADE,nieujawnione wszystkie secondary,0.0,,,,,,,,,,,,,,,,,,,,,,,
ggHmVZxESUCvWfDvIIoeAA,155,Health,5,Circle,3,1,False,0,True,POSTAĆ: SAVAGEOPRESS,vm6-1zqjQ7uXMOTMAcT16A,Health %,0.63%,63,0,,Critical Chance %,1.26%,126,1,1261,Speed,5,50000,1,571350,,,,0,,,,,0,,C,2,6,4,100.0,62.5,83.3,87.5,25.0,0.0,upgrade,0,0,0,0,34.7,0.0,50.0,14.8,JARJARBINKS,CANDIDATE,UPGRADE,nieujawnione wszystkie secondary,0.0,,,,,,,,,,,,,,,,,,,,,,,
iOU7ErpaRUaBdhOJW3oXuA,155,Health,5,Circle,3,1,False,0,False,MAGAZYN,,Health %,0.63%,63,0,,Speed,5,50000,1,522480,Defense %,1.25%,125,1,1258,,,,0,,,,,0,,C,2,6,4,100.0,71.0,83.3,90.3,19.3,0.0,upgrade,0,0,0,0,34.7,0.0,50.0,14.8,JARJARBINKS,CANDIDATE,UPGRADE,nieujawnione wszystkie secondary,0.0,,,,,,,,,,,,,,,,,,,,,,,
mZ-hgpc_SniuxXphdLZkxA,155,Health,5,Circle,3,1,False,0,True,POSTAĆ: SHORETROOPER,lsA9eN70SUqAdyaJCffQBg,Protection %,2.5%,250,0,,Tenacity %,1.67%,167,1,1673,Speed,4,40000,1,459660,,,,0,,,,,0,,C,2,6,4,100.0,65.0,66.7,88.3,23.3,0.0,upgrade,0,0,0,0,34.7,0.0,50.0,14.8,JARJARBINKS,CANDIDATE,UPGRADE,nieujawnione wszystkie secondary,0.0,,,,,,,,,,,,,,,,,,,,,,,
nv435xzoRRGPy6UHof41Vg,155,Health,5,Circle,3,1,False,0,False,MAGAZYN,,Health %,0.63%,63,0,,Speed,5,50000,1,519030,Health,338,3380000,1,33855114,,,,0,,,,,0,,C,2,6,4,100.0,74.0,83.3,91.3,17.3,0.0,upgrade,0,0,0,0,45.2,0.0,66.0,14.8,JARJARBINKS,CANDIDATE,UPGRADE,nieujawnione wszystkie secondary,0.0,,,,,,,,,,,,,,,,,,,,,,,
pr4CQZZRQSCQCkAniJTcAg,155,Health,5,Circle,2,1,False,0,False,MAGAZYN,,Health %,0.63%,63,0,,Speed,5,50000,1,538380,,,,0,,,,,0,,,,,0,,D,1,5,4,100.0,100.0,83.3,100.0,0,0.0,upgrade,0,0,0,0,67.2,0.0,100.0,14.8,JARJARBINKS,CANDIDATE,UPGRADE,nieujawnione wszystkie secondary,0.0,,,,,,,,,,,,,,,,,,,,,,,
sgR8ESCBS_WjQdNI9aK4og,155,Health,5,Circle,4,1,False,0,True,POSTAĆ: WRECKERS3,uEjp6OaJQTuRqfyYL42cUA,Health %,0.63%,63,0,,Offense,41,410000,1,4074132,Protection %,1.77%,177,1,1778,Speed,5,50000,1,500100,,,,0,,B,3,7,4,100.0,84.0,83.3,93.1,9.1,0.0,upgrade,0,0,0,0,39.0,0.0,56.6,14.8,JARJARBINKS,CANDIDATE,UPGRADE,nieujawnione wszystkie secondary,0.0,,,,,,,,,,,,,,,,,,,,,,,
stz0XhEJT1S2uNeYhtxOKg,155,Health,5,Circle,3,1,False,0,False,MAGAZYN,,Protection %,2.5%,250,0,,Potency %,1.35%,135,1,1359,Speed,5,50000,1,516030,,,,0,,,,,0,,C,2,6,4,100.0,67.0,83.3,89.0,22.0,0.0,upgrade,0,0,0,0,34.7,0.0,50.0,14.8,JARJARBINKS,CANDIDATE,UPGRADE,nieujawnione wszystkie secondary,0.0,,,,,,,,,,,,,,,,,,,,,,,
u8pStwRES-Gj37UOX606WQ,155,Health,5,Circle,3,1,False,0,False,MAGAZYN,,Health %,0.63%,63,0,,Defense %,1.35%,135,1,1355,Speed,5,50000,1,501120,,,,0,,,,,0,,C,2,6,4,100.0,71.0,83.3,90.3,19.3,0.0,upgrade,0,0,0,0,34.7,0.0,50.0,14.8,JARJARBINKS,CANDIDATE,UPGRADE,nieujawnione wszystkie secondary,0.0,,,,,,,,,,,,,,,,,,,,,,,
vTmwS34_SaiqjDPYZLqH7Q,155,Health,5,Circle,3,1,False,0,False,MAGAZYN,,Health %,0.63%,63,0,,Speed,5,50000,1,549930,Defense %,1.65%,165,1,1654,,,,0,,,,,0,,C,2,6,4,100.0,71.0,83.3,90.3,19.3,0.0,upgrade,0,0,0,0,34.7,0.0,50.0,14.8,JARJARBINKS,CANDIDATE,UPGRADE,nieujawnione wszystkie secondary,0.0,,,,,,,,,,,,,,,,,,,,,,,
vbz1927aSFykYNRucU4tRg,155,Health,5,Circle,4,1,False,0,True,POSTAĆ: JEDIKNIGHTCONSULAR,fLPK8bnSSFiRsHKghdUZAA,Health %,0.63%,63,0,,Defense %,1.48%,148,1,1489,Speed,5,50000,1,554490,Health,381,3810000,1,38113255,,,,0,,B,3,7,4,100.0,63.3,83.3,84.3,21.0,0.0,upgrade,0,0,0,0,30.8,0.0,44.0,14.8,JARJARBINKS,CANDIDATE,UPGRADE,nieujawnione wszystkie secondary,0.0,,,,,,,,,,,,,,,,,,,,,,,
wSKJw3jbRNOR78er32pwMg,155,Health,5,Circle,3,1,False,0,False,MAGAZYN,,Protection %,2.5%,250,0,,Speed,5,50000,1,568140,Potency %,2.07%,207,1,2073,,,,0,,,,,0,,C,2,6,4,100.0,67.0,83.3,89.0,22.0,0.0,upgrade,0,0,0,0,34.7,0.0,50.0,14.8,JARJARBINKS,CANDIDATE,UPGRADE,nieujawnione wszystkie secondary,0.0,,,,,,,,,,,,,,,,,,,,,,,
wp9eZ0jxSZGmyba5z3GS0g,155,Health,5,Circle,4,1,False,0,True,POSTAĆ: NIGHTSISTERINITIATE,Sbag_OWRT_G6iN-SMQBxCw,Protection %,2.5%,250,0,,Offense,35,350000,1,3495696,Offense %,0.46%,46,1,461,Speed,5,50000,1,575400,,,,0,,B,3,7,4,100.0,91.3,83.3,96.3,5.0,0.0,upgrade,0,0,0,0,31.4,0.0,44.9,14.8,JARJARBINKS,CANDIDATE,UPGRADE,nieujawnione wszystkie secondary,0.0,,,,,,,,,,,,,,,,,,,,,,,
xCaR5iWjRiWA-uQVRTR1aw,155,Health,5,Circle,3,1,False,0,True,POSTAĆ: BADBATCHWRECKER,V_Loh6rGTpOcVM6_ulApig,Protection %,2.5%,250,0,,Protection,642,6420000,1,64205380,Speed,5,50000,1,590700,,,,0,,,,,0,,C,2,6,4,100.0,74.0,83.3,91.3,17.3,0.0,upgrade,0,0,0,0,46.9,0.0,68.7,14.8,JARJARBINKS,CANDIDATE,UPGRADE,nieujawnione wszystkie secondary,0.0,,,,,,,,,,,,,,,,,,,,,,,
-AHUAN9mRrW-RSJV5gxwcg,156,Health,5,Cross,1,15,False,0,True,POSTAĆ: GENERALSYNDULLA,cxKTANbrQ820-mbbO3NZug,Offense %,5.88%,588,0,,Defense %,1.42%,142,1,1421,Potency %,1.44%,144,1,1446,Tenacity %,1.96%,196,1,1967,Defense,8,80000,1,839566,E,4,4,0,100.0,35.0,0.0,35.0,0,0.0,slice,0,0,0,0,7.3,0.0,7.8,14.8,JARJARBINKS,CANDIDATE,KEEP,wartość secondary zbyt niska,0.0,,,,,,,,,,,,,,,,,,,,,,,
2DbVZApITpmQgIa4lPwhxQ,156,Health,5,Cross,2,15,False,0,True,POSTAĆ: ZEBS3,D5q4C1q7Ql2DCjsBT9cC_g,Potency %,24%,2400,0,,Protection %,1.17%,117,1,1174,Speed,8,80000,2,536250|342180,Defense %,1.04%,104,1,1042,Health %,0.98%,98,1,986,D,5,5,0,100.0,76.8,66.7,76.8,0,0.0,slice,0,0,0,0,32.8,0.0,47.0,14.8,JARJARBINKS,CANDIDATE,SLICE,wartość moda lub dopasowanie do postaci uzasadnia kolejny roll,0.0,,,,,,,,,,,,,,,,,,,,,,,
2Hu1eYU3R_aa3rP39ITEZA,156,Health,5,Cross,4,15,False,0,True,POSTAĆ: PLOKOON,xoy2sZzCSUCkBgyoxZ2UXg,Health %,5.88%,588,0,,Protection %,3.57%,357,2,1814|1760,Critical Chance %,4.78%,478,3,1260|1976|1545,Defense,7,70000,1,778708,Offense,26,260000,1,2515980,B,7,7,0,100.0,47.3,0.0,47.3,0,0.0,slice,0,0,0,0,14.9,0.0,19.5,14.8,JARJARBINKS,CANDIDATE,KEEP,wartość secondary zbyt niska,0.0,,,,,,,,,,,,,,,,,,,,,,,
2eWKKKs4SZSTOpN5-zkHpg,156,Health,5,Cross,1,15,False,0,True,POSTAĆ: TARFFUL,QjIvOKHqRayuGuSHCZTfpA,Defense %,11.75%,1175,0,,Speed,5,50000,1,536520,Defense,8,80000,1,810264,Health %,0.94%,94,1,945,Potency %,1.92%,192,1,1924,E,4,4,0,100.0,60.0,83.3,60.0,0,0.0,slice,0,0,0,0,23.6,0.0,32.8,14.8,JARJARBINKS,CANDIDATE,SLICE,wartość moda lub dopasowanie do postaci uzasadnia kolejny roll,0.0,,,,,,,,,,,,,,,,,,,,,,,
2kXOVBtcR86yZtTE5bpGqw,156,Health,5,Cross,5,15,False,0,True,POSTAĆ: REYJEDITRAINING,SEUrtsaDQgaGqOxitlhv-w,Protection %,23.5%,2350,0,,Potency %,1.27%,127,1,1275,Protection,1961,19610000,3,68017834|52954903|75202524,Tenacity %,1.27%,127,1,1276,Speed,15,150000,3,568140|384240|589830,A,8,8,0,100.0,63.5,83.3,63.5,0,49.7,6-dot,0,0,0,0,35.7,0.0,51.5,14.8,JARJARBINKS,CANDIDATE,SLICE_6E,5A ma wystarczającą wartość lub dopasowanie do postaci,0.0,,,,,,,,,,,,,,,,,,,,,,,
2ztc4X1GRiOgm53prWulTA,156,Health,5,Cross,3,15,False,0,True,POSTAĆ: KYLORENUNMASKED,mmZzz2zbR36C6ye2aLObVg,Defense %,11.75%,1175,0,,Speed,9,90000,2,593040|310620,Offense %,0.78%,78,2,449|337,Health %,0.85%,85,1,853,Health,355,3550000,1,35560942,C,6,6,0,100.0,84.0,75.0,84.0,0,0.0,slice,0,0,0,0,27.4,0.0,38.7,14.8,JARJARBINKS,CANDIDATE,SLICE,wartość moda lub dopasowanie do postaci uzasadnia kolejny roll,0.0,,,,,,,,,,,,,,,,,,,,,,,
3huGRyIxQCClrcJOWV0NiQ,156,Health,5,Cross,1,15,False,0,True,POSTAĆ: DARKTROOPER,0cUSi_XpTM6gWuZVXoK4dg,Offense %,5.88%,588,0,,Critical Chance %,2.17%,217,1,2174,Tenacity %,1.96%,196,1,1968,Defense %,1.68%,168,1,1683,Potency %,1.79%,179,1,1798,E,4,4,0,100.0,32.8,0.0,32.8,0,0.0,slice,0,0,0,0,2.2,0.0,0.0,14.8,JARJARBINKS,CANDIDATE,KEEP,wartość secondary zbyt niska,0.0,,,,,,,,,,,,,,,,,,,,,,,
3mhV8ZH5TLmVja4llTVV1w,156,Health,5,Cross,1,15,False,0,False,MAGAZYN,,Tenacity %,24%,2400,0,,Protection %,2.02%,202,1,2020,Health %,0.8%,80,1,805,Health,299,2990000,1,29931281,Speed,5,50000,1,596010,E,4,4,0,100.0,72.5,83.3,72.5,0,0.0,slice,0,0,0,0,29.4,0.0,41.8,14.8,JARJARBINKS,CANDIDATE,SLICE,wartość moda lub dopasowanie do postaci uzasadnia kolejny roll,0.0,,,,,,,,,,,,,,,,,,,,,,,
78TlcMd5T2Gr5zXBs9FAFw,156,Health,5,Cross,1,15,False,0,True,POSTAĆ: DARTHNIHILUS,zx4YAvQCQgW8iNmg1fKnLw,Health %,5.88%,588,0,,Offense %,0.46%,46,1,468,Protection %,1.42%,142,1,1425,Speed,5,50000,1,581460,Tenacity %,2.1%,210,1,2103,E,4,4,0,100.0,73.0,83.3,73.0,0,0.0,slice,0,0,0,0,24.2,0.0,33.8,14.8,JARJARBINKS,CANDIDATE,SLICE,wartość moda lub dopasowanie do postaci uzasadnia kolejny roll,0.0,,,,,,,,,,,,,,,,,,,,,,,
8LFTg18-Qoqol3_7g_YJDA,156,Health,5,Cross,1,15,False,0,False,MAGAZYN,,Offense %,5.88%,588,0,,Health %,1.11%,111,1,1115,Offense,36,360000,1,3545856,Speed,5,50000,1,580320,Defense %,1.57%,157,1,1574,E,4,4,0,100.0,74.0,83.3,74.0,0,0.0,slice,0,0,0,0,24.1,0.0,33.7,14.8,JARJARBINKS,CANDIDATE,SLICE,wartość moda lub dopasowanie do postaci uzasadnia kolejny roll,0.0,,,,,,,,,,,,,,,,,,,,,,,
94yimQzaQ9ODFjQlu-RsSA,156,Health,5,Cross,1,15,False,0,False,MAGAZYN,,Tenacity %,24%,2400,0,,Health,225,2250000,1,22507929,Offense %,0.32%,32,1,320,Defense %,1.61%,161,1,1617,Speed,5,50000,1,526740,E,4,4,0,100.0,70.5,83.3,70.5,0,0.0,slice,0,0,0,0,23.7,0.0,33.0,14.8,JARJARBINKS,CANDIDATE,SLICE,wartość moda lub dopasowanie do postaci uzasadnia kolejny roll,0.0,,,,,,,,,,,,,,,,,,,,,,,
9m1xfFcoQ3OGggvshxyp9Q,156,Health,5,Cross,1,15,False,0,True,POSTAĆ: HERASYNDULLAS3,WwA_vE8UQ9SCiyY3ETfxew,Potency %,24%,2400,0,,Speed,5,50000,1,564690,Health,370,3700000,1,37099616,Defense,8,80000,1,878276,Offense,38,380000,1,3774540,E,4,4,0,100.0,66.0,83.3,66.0,0,0.0,slice,0,0,0,0,34.4,0.0,49.5,14.8,JARJARBINKS,CANDIDATE,SLICE,wartość moda lub dopasowanie do postaci uzasadnia kolejny roll,0.0,,,,,,,,,,,,,,,,,,,,,,,
ALFCY-bnSbuF2J5yJnG7-Q,156,Health,5,Cross,5,15,False,0,True,POSTAĆ: BOSSNASS,WLOqSLLFQCC54p0TxtvuGw,Potency %,24%,2400,0,,Tenacity %,6.59%,659,4,2084|1246|1584|1680,Speed,8,80000,2,504270|375930,Offense,33,330000,1,3294600,Health %,0.96%,96,1,961,A,8,8,0,100.0,59.2,66.7,59.2,0,46.0,6-dot,0,0,0,0,21.3,0.0,29.3,14.8,JARJARBINKS,CANDIDATE,SLICE_6E,5A ma wystarczającą wartość lub dopasowanie do postaci,0.0,,,,,,,,,,,,,,,,,,,,,,,
BU1GK5ItTCqKBSp9Cab6TQ,156,Health,5,Cross,1,15,False,0,True,POSTAĆ: JEDIKNIGHTCONSULAR,fLPK8bnSSFiRsHKghdUZAA,Health %,5.88%,588,0,,Speed,5,50000,1,538980,Health,257,2570000,1,25784576,Offense,40,400000,1,3991368,Defense %,1.39%,139,1,1390,E,4,4,0,100.0,68.0,83.3,68.0,0,0.0,slice,0,0,0,0,29.3,0.0,41.7,14.8,JARJARBINKS,CANDIDATE,SLICE,wartość moda lub dopasowanie do postaci uzasadnia kolejny roll,0.0,,,,,,,,,,,,,,,,,,,,,,,
CqO42cp3SBKvR0otN6r2bQ,156,Health,5,Cross,3,15,False,0,True,POSTAĆ: JAWASCAVENGER,yRCvDW99TKKBJW3GpM2Xkw,Potency %,24%,2400,0,,Defense %,1.09%,109,1,1097,Speed,4,40000,1,438810,Health %,0.78%,78,1,784,Offense,105,1050000,3,2879640|4123836|3397884,C,6,6,0,100.0,76.7,66.7,76.7,0,0.0,slice,0,0,0,0,24.3,0.0,34.0,14.8,JARJARBINKS,CANDIDATE,SLICE,wartość moda lub dopasowanie do postaci uzasadnia kolejny roll,0.0,,,,,,,,,,,,,,,,,,,,,,,
CyPdjJa7TcKY-pq50YX3tQ,156,Health,5,Cross,1,15,False,0,True,POSTAĆ: IG11,mqfX-RgRRcykqF6ZAoBo8g,Health %,5.88%,588,0,,Offense,26,260000,1,2550408,Potency %,1.96%,196,1,1965,Speed,5,50000,1,516000,Critical Chance %,2%,200,1,2002,E,4,4,0,100.0,60.2,83.3,60.2,0,0.0,slice,0,0,0,0,24.1,0.0,33.7,14.8,JARJARBINKS,CANDIDATE,SLICE,wartość moda lub dopasowanie do postaci uzasadnia kolejny roll,0.0,,,,,,,,,,,,,,,,,,,,,,,
FfaOLtkvQRSQS_bjgJ93iA,156,Health,5,Cross,1,15,False,0,False,MAGAZYN,,Tenacity %,24%,2400,0,,Protection %,1.94%,194,1,1942,Speed,5,50000,1,574500,Health %,0.88%,88,1,885,Offense %,0.42%,42,1,428,E,4,4,0,100.0,83.5,83.3,83.5,0,0.0,slice,0,0,0,0,24.2,0.0,33.8,14.8,JARJARBINKS,CANDIDATE,SLICE,wartość moda lub dopasowanie do postaci uzasadnia kolejny roll,0.0,,,,,,,,,,,,,,,,,,,,,,,
GLvjHxttR4GGVDIRBrdrzQ,156,Health,5,Cross,2,15,False,0,True,POSTAĆ: BASTILASHANDARK,PW1L-e75QHah_i5rLIk8KA,Health %,5.88%,588,0,,Speed,5,50000,1,592590,Protection %,1.98%,198,1,1985,Health,368,3680000,1,36859600,Protection,1010,10100000,2,46750321|54337852,D,5,5,0,100.0,62.8,83.3,62.8,0,0.0,slice,0,0,0,0,33.7,0.0,48.4,14.8,JARJARBINKS,CANDIDATE,SLICE,wartość moda lub dopasowanie do postaci uzasadnia kolejny roll,0.0,,,,,,,,,,,,,,,,,,,,,,,
K1nqcpwfTJ-JC9glLKChrA,156,Health,5,Cross,3,15,False,0,True,POSTAĆ: CARADUNE,KEKoHlnlSSW1OzNJhH-ULw,Defense %,11.75%,1175,0,,Speed,5,50000,1,594030,Protection,1262,12620000,2,51709003|74562962,Critical Chance %,3.28%,328,2,1343|1944,Tenacity %,1.68%,168,1,1686,C,6,6,0,100.0,46.0,83.3,46.0,0,0.0,slice,0,0,0,0,21.2,0.0,29.1,14.8,JARJARBINKS,CANDIDATE,KEEP,wartość secondary zbyt niska,0.0,,,,,,,,,,,,,,,,,,,,,,,
K9gRWvplSEGtLYLQpdA15Q,156,Health,5,Cross,3,15,False,0,True,POSTAĆ: QUIGGOLD,B3mCleNuRuiQtWer9Zjqwg,Defense %,11.75%,1175,0,,Critical Chance %,3.19%,319,2,1852|1341,Potency %,1.26%,126,1,1269,Protection,429,4290000,1,42921255,Speed,10,100000,2,554160|473370,C,6,6,0,100.0,55.3,83.3,55.3,0,0.0,slice,0,0,0,0,27.9,0.0,39.6,14.8,JARJARBINKS,CANDIDATE,SLICE,wartość moda lub dopasowanie do postaci uzasadnia kolejny roll,0.0,,,,,,,,,,,,,,,,,,,,,,,
KBWJgy6dTYOCTSfSbMsy0g,156,Health,5,Cross,1,15,False,0,True,POSTAĆ: PAPLOO,awo_NEYISgeeJL0hZbGZEQ,Protection %,23.5%,2350,0,,Offense,42,420000,1,4182660,Defense %,1.4%,140,1,1409,Speed,5,50000,1,586260,Defense,7,70000,1,776111,E,4,4,0,100.0,64.5,83.3,64.5,0,0.0,slice,0,0,0,0,29.2,0.0,41.5,14.8,JARJARBINKS,CANDIDATE,SLICE,wartość moda lub dopasowanie do postaci uzasadnia kolejny roll,0.0,,,,,,,,,,,,,,,,,,,,,,,
KqS4qYhFR-KwjHwGsR9PVQ,156,Health,5,Cross,3,15,False,0,True,POSTAĆ: AMILYNHOLDO,-VRG4JZBQNq7g7axa-5MsQ,Protection %,23.5%,2350,0,,Defense,9,90000,1,922180,Offense,41,410000,1,4018044,Health,477,4770000,2,24132323|23658720,Speed,8,80000,2,514680|319800,C,6,6,0,100.0,68.7,66.7,68.7,0.0,0.0,slice,0,0,0,0,38.0,0.0,55.0,14.8,JARJARBINKS,CANDIDATE,SLICE,wartość moda lub dopasowanie do postaci uzasadnia kolejny roll,0.0,,,,,,,,,,,,,,,,,,,,,,,
N3gw0Es5SI6CDU0UCZSmGg,156,Health,5,Cross,1,15,False,0,True,POSTAĆ: DATHCHA,E40HoMmWQfGRpU9ltvprtg,Tenacity %,24%,2400,0,,Protection %,1.94%,194,1,1947,Health,329,3290000,1,32929338,Speed,5,50000,1,551490,Offense %,0.46%,46,1,465,E,4,4,0,100.0,77.5,83.3,77.5,0,0.0,slice,0,0,0,0,29.4,0.0,41.8,14.8,JARJARBINKS,CANDIDATE,SLICE,wartość moda lub dopasowanie do postaci uzasadnia kolejny roll,0.0,,,,,,,,,,,,,,,,,,,,,,,
O1xLFM4FT82S6cpbMtR3Gg,156,Health,5,Cross,3,15,False,0,True,POSTAĆ: BOSSK,HHG46px_TKifMzyZeOHdbg,Protection %,23.5%,2350,0,,Speed,10,100000,2,570780|467940,Offense,29,290000,1,2849544,Tenacity %,3.53%,353,2,1871|1663,Potency %,1.62%,162,1,1629,C,6,6,0,100.0,62.7,83.3,62.7,0,0.0,slice,0,0,0,0,27.7,0.0,39.1,14.8,JARJARBINKS,CANDIDATE,SLICE,wartość moda lub dopasowanie do postaci uzasadnia kolejny roll,0.0,,,,,,,,,,,,,,,,,,,,,,,
PNx5ZP4yRIms9WZrRVoUvg,156,Health,5,Cross,1,15,False,0,True,POSTAĆ: BOKATAN,JCTZSSscTn-Zm1kJbrV0pw,Potency %,24%,2400,0,,Defense,5,50000,1,558110,Protection %,1.64%,164,1,1640,Speed,5,50000,1,519570,Offense,42,420000,1,4132956,E,4,4,0,100.0,71.5,83.3,71.5,0,0.0,slice,0,0,0,0,34.9,0.0,50.3,14.8,JARJARBINKS,CANDIDATE,SLICE,wartość moda lub dopasowanie do postaci uzasadnia kolejny roll,0.0,,,,,,,,,,,,,,,,,,,,,,,
PniTjzblRQWeJpZ92zdmpw,156,Health,5,Cross,1,15,False,0,True,POSTAĆ: GREATMOTHERS,_9o2eZpKS1qVCYr7VBoyEQ,Health %,5.88%,588,0,,Tenacity %,1.77%,177,1,1779,Speed,5,50000,1,578550,Protection %,1.55%,155,1,1552,Potency %,1.99%,199,1,1998,E,4,4,0,100.0,58.5,83.3,58.5,0,0.0,slice,0,0,0,0,24.2,0.0,33.8,14.8,JARJARBINKS,CANDIDATE,SLICE,wartość moda lub dopasowanie do postaci uzasadnia kolejny roll,0.0,,,,,,,,,,,,,,,,,,,,,,,
QTB_fgRKRDilq8QCCh9ekw,156,Health,5,Cross,2,15,False,0,True,POSTAĆ: QUIGONJINN,4GDXlgfpST-ncBlJC4MD5Q,Offense %,5.88%,588,0,,Speed,5,50000,1,572100,Protection,417,4170000,1,41779180,Defense %,1.5%,150,1,1508,Potency %,3.28%,328,2,1373|1906,D,5,5,0,100.0,51.6,83.3,51.6,0,0.0,slice,0,0,0,0,20.1,0.0,27.5,14.8,JARJARBINKS,CANDIDATE,KEEP,wartość secondary zbyt niska,0.0,,,,,,,,,,,,,,,,,,,,,,,
RsljZ2hvTx6dca3KtY-0XQ,156,Health,5,Cross,1,15,False,0,True,POSTAĆ: ARCTROOPER501ST,hk_G0czZQSmDS9yhDrJRyA,Offense %,5.88%,588,0,,Defense,4,40000,1,491666,Potency %,1.99%,199,1,1998,Health,340,3400000,1,34017982,Protection %,1.2%,120,1,1207,E,4,4,0,100.0,46.5,0.0,46.5,0,0.0,slice,0,0,0,0,18.3,0.0,24.7,14.8,JARJARBINKS,CANDIDATE,KEEP,wartość secondary zbyt niska,0.0,,,,,,,,,,,,,,,,,,,,,,,
SYy65bUOTHeTXtrRv-Rvxg,156,Health,5,Cross,3,15,False,0,True,POSTAĆ: ROYALGUARD,Tm3WsbyASby5qAiySY83Mw,Health %,5.88%,588,0,,Offense,42,420000,1,4145952,Tenacity %,5.31%,531,3,1399|1999|1918,Offense %,0.3%,30,1,301,Defense,7,70000,1,737646,C,6,6,0,100.0,49.7,0.0,49.7,0,0.0,slice,0,0,0,0,9.4,0.0,11.0,14.8,JARJARBINKS,CANDIDATE,KEEP,wartość secondary zbyt niska,0.0,,,,,,,,,,,,,,,,,,,,,,,
TGE_VfFKQcy9cshICMQzrQ,156,Health,5,Cross,5,15,False,0,True,POSTAĆ: HERMITYODA,35DQc3uwTDaDVs0AyRnA5Q,Health %,5.88%,588,0,,Defense %,2.44%,244,2,1493|954,Speed,10,100000,2,522150|571500,Offense,69,690000,2,3705000|3190632,Critical Chance %,3.21%,321,2,1612|1598,A,8,8,0,100.0,62.2,83.3,62.2,0,51.0,6-dot,0,0,0,0,24.1,0.0,33.7,14.8,JARJARBINKS,CANDIDATE,SLICE_6E,5A ma wystarczającą wartość lub dopasowanie do postaci,0.0,,,,,,,,,,,,,,,,,,,,,,,
UlBqnwqbTsG1PnHkYioBaQ,156,Health,5,Cross,1,15,False,0,True,POSTAĆ: IMAGUNDI,r0q2lXvGRMyC4rDJYGNivg,Protection %,23.5%,2350,0,,Protection,561,5610000,1,56102877,Defense,9,90000,1,966182,Speed,5,50000,1,588150,Health,383,3830000,1,38321126,E,4,4,0,100.0,57.5,83.3,57.5,0,0.0,slice,0,0,0,0,34.9,0.0,50.2,14.8,JARJARBINKS,CANDIDATE,KEEP,obserwuj przed wydaniem materiałów,0.0,,,,,,,,,,,,,,,,,,,,,,,
Wwh0Ihz6RnKhfZ169F3pxA,156,Health,5,Cross,2,15,False,0,True,POSTAĆ: SHAAKTI,503OVxX6T8KodfMAlrKGlw,Health %,5.88%,588,0,,Critical Chance %,2.14%,214,1,2148,Speed,5,50000,1,578760,Offense %,0.44%,44,1,441,Tenacity %,3.27%,327,2,1211|2064,D,5,5,0,100.0,55.4,83.3,55.4,0,0.0,slice,0,0,0,0,15.2,0.0,20.0,14.8,JARJARBINKS,CANDIDATE,KEEP,obserwuj przed wydaniem materiałów,0.0,,,,,,,,,,,,,,,,,,,,,,,
XP0wia-QSTay0dMP2r0Hmg,156,Health,5,Cross,3,15,False,0,True,POSTAĆ: FINN,Ys-1OpVoRvq5bmhl-p99Ig,Protection %,23.5%,2350,0,,Critical Chance %,3.99%,399,2,1751|2248,Offense %,0.67%,67,2,384|295,Offense,39,390000,1,3810564,Speed,5,50000,1,553290,C,6,6,0,100.0,69.3,83.3,69.3,0,0.0,slice,0,0,0,0,16.8,0.0,22.5,14.8,JARJARBINKS,CANDIDATE,SLICE,wartość moda lub dopasowanie do postaci uzasadnia kolejny roll,0.0,,,,,,,,,,,,,,,,,,,,,,,
Y-yLL4D-QCebhYLf8PQzbg,156,Health,5,Cross,1,15,False,0,True,POSTAĆ: MACEWINDU,DCfkIiseTzaVx-iiN6Qzpw,Health %,5.88%,588,0,,Speed,4,40000,1,429270,Offense,34,340000,1,3377364,Offense %,0.41%,41,1,410,Potency %,1.74%,174,1,1748,E,4,4,0,100.0,77.0,66.7,77.0,0,0.0,slice,0,0,0,0,24.1,0.0,33.7,14.8,JARJARBINKS,CANDIDATE,SLICE,wartość moda lub dopasowanie do postaci uzasadnia kolejny roll,0.0,,,,,,,,,,,,,,,,,,,,,,,
YKv0ZgISQYWsgrp-vxV8Pg,156,Health,5,Cross,1,15,False,0,True,POSTAĆ: COLONELSTARCK,8ckDli7mTvaKsfLl2IuUSQ,Potency %,24%,2400,0,,Protection %,1.52%,152,1,1523,Speed,5,50000,1,531750,Tenacity %,1.93%,193,1,1930,Offense %,0.3%,30,1,300,E,4,4,0,100.0,73.0,83.3,73.0,0,0.0,slice,0,0,0,0,24.2,0.0,33.8,14.8,JARJARBINKS,CANDIDATE,SLICE,wartość moda lub dopasowanie do postaci uzasadnia kolejny roll,0.0,,,,,,,,,,,,,,,,,,,,,,,
aKJMLvhlRTKp0qfcNPp-2Q,156,Health,5,Cross,1,15,False,0,True,POSTAĆ: TUSKENCHIEFTAIN,ifcf_6BgSlmkUESd4F1mww,Protection %,23.5%,2350,0,,Speed,5,50000,1,553170,Defense,5,50000,1,506513,Offense,24,240000,1,2324916,Critical Chance %,1.54%,154,1,1547,E,4,4,0,100.0,60.2,83.3,60.2,0,0.0,slice,0,0,0,0,29.2,0.0,41.5,14.8,JARJARBINKS,CANDIDATE,SLICE,wartość moda lub dopasowanie do postaci uzasadnia kolejny roll,0.0,,,,,,,,,,,,,,,,,,,,,,,
capw-haWQISLpmIxch2WMA,156,Health,5,Cross,1,15,False,0,True,POSTAĆ: KUIIL,dmUHCShASp6QkYkaZ_yX1A,Potency %,24%,2400,0,,Protection %,2.15%,215,1,2157,Defense %,1.61%,161,1,1616,Defense,5,50000,1,553945,Speed,5,50000,1,559650,E,4,4,0,100.0,61.5,83.3,61.5,0,0.0,slice,0,0,0,0,29.3,0.0,41.6,14.8,JARJARBINKS,CANDIDATE,SLICE,wartość moda lub dopasowanie do postaci uzasadnia kolejny roll,0.0,,,,,,,,,,,,,,,,,,,,,,,
dgjxBFddQFCVDRLh6gG4Ew,156,Health,5,Cross,1,15,False,0,True,POSTAĆ: CAPTAINREX,3gaeLq9BQs-Hg-ZQfRFU7Q,Potency %,24%,2400,0,,Tenacity %,1.18%,118,1,1181,Speed,5,50000,1,532920,Critical Chance %,2.12%,212,1,2121,Health,252,2520000,1,25283114,E,4,4,0,100.0,50.7,83.3,50.7,0,0.0,slice,0,0,0,0,23.7,0.0,33.0,14.8,JARJARBINKS,CANDIDATE,KEEP,wartość secondary zbyt niska,0.0,,,,,,,,,,,,,,,,,,,,,,,
eq_l8MqSQgy5Zvr8As4pdQ,156,Health,5,Cross,1,15,False,0,True,POSTAĆ: SUNFAC,rKf6WvhwTAWYgMfQxpPddQ,Offense %,5.88%,588,0,,Offense,29,290000,1,2888076,Speed,5,50000,1,532200,Protection,645,6450000,1,64533467,Potency %,1.73%,173,1,1738,E,4,4,0,100.0,66.0,83.3,66.0,0,0.0,slice,0,0,0,0,30.2,0.0,43.0,14.8,JARJARBINKS,CANDIDATE,SLICE,wartość moda lub dopasowanie do postaci uzasadnia kolejny roll,0.0,,,,,,,,,,,,,,,,,,,,,,,
f6-Hyf7bR7uR2SC0vR9rTQ,156,Health,5,Cross,4,15,False,0,True,POSTAĆ: VANE,IRrH4R1UTBaBO0OKgdC4_A,Health %,5.88%,588,0,,Critical Chance %,3.38%,338,2,1522|1867,Speed,5,50000,1,576660,Protection,1072,10720000,2,64757729|42514261,Tenacity %,3.66%,366,2,2036|1628,B,7,7,0,100.0,43.7,83.3,43.7,0,0.0,slice,0,0,0,0,18.5,0.0,25.0,14.8,JARJARBINKS,CANDIDATE,KEEP,wartość secondary zbyt niska,0.0,,,,,,,,,,,,,,,,,,,,,,,
fMfpXsJJQX2oU6idqWt7xA,156,Health,5,Cross,1,15,False,0,True,POSTAĆ: JEDIKNIGHTGUARDIAN,W0PL0DaaTsOE_VtzDqxDLA,Defense %,11.75%,1175,0,,Protection,765,7650000,1,76585473,Defense,8,80000,1,888027,Speed,5,50000,1,511260,Offense,25,250000,1,2459208,E,4,4,0,100.0,66.0,83.3,66.0,0,0.0,slice,0,0,0,0,35.3,0.0,50.9,14.8,JARJARBINKS,CANDIDATE,SLICE,wartość moda lub dopasowanie do postaci uzasadnia kolejny roll,0.0,,,,,,,,,,,,,,,,,,,,,,,
gaSxyryeT22jvhv6VZNwEA,156,Health,5,Cross,1,15,False,0,True,POSTAĆ: CEREJUNDA,72VBeoIDQ36DwUyEXxNADA,Health %,5.88%,588,0,,Health,354,3540000,1,35494509,Protection,449,4490000,1,44964531,Speed,5,50000,1,506460,Tenacity %,1.89%,189,1,1896,E,4,4,0,100.0,56.5,83.3,56.5,0,0.0,slice,0,0,0,0,29.8,0.0,42.4,14.8,JARJARBINKS,CANDIDATE,KEEP,obserwuj przed wydaniem materiałów,0.0,,,,,,,,,,,,,,,,,,,,,,,
gxWwuES_TEyCtpBpSpLYdQ,156,Health,5,Cross,3,15,False,0,True,POSTAĆ: MAGNAGUARD,Z8Ga0KbwQFW3sczCZvLntg,Defense %,11.75%,1175,0,,Health,622,6220000,2,32022849|30184155,Protection %,2.52%,252,2,1270|1258,Speed,5,50000,1,531120,Health %,0.67%,67,1,671,C,6,6,0,100.0,68.0,83.3,68.0,0,0.0,slice,0,0,0,0,27.6,0.0,39.1,14.8,JARJARBINKS,CANDIDATE,SLICE,wartość moda lub dopasowanie do postaci uzasadnia kolejny roll,0.0,,,,,,,,,,,,,,,,,,,,,,,
hXBMCGXHTsqurLy23GuqPw,156,Health,5,Cross,1,15,False,0,True,POSTAĆ: ROSETICO,da51QIPySzW1uE1DmDmsIg,Potency %,24%,2400,0,,Speed,5,50000,1,574350,Health %,0.89%,89,1,893,Tenacity %,1.48%,148,1,1489,Protection %,1.47%,147,1,1472,E,4,4,0,100.0,68.0,83.3,68.0,0,0.0,slice,0,0,0,0,24.2,0.0,33.8,14.8,JARJARBINKS,CANDIDATE,SLICE,wartość moda lub dopasowanie do postaci uzasadnia kolejny roll,0.0,,,,,,,,,,,,,,,,,,,,,,,
hiCuz8X9TkC4Zr7XZWwIZQ,156,Health,5,Cross,4,15,False,0,True,POSTAĆ: BENSOLO,DX_lPsDmT8ui5n9qLexVhQ,Offense %,5.88%,588,0,,Potency %,1.85%,185,1,1858,Speed,5,50000,1,524340,Health %,3.21%,321,4,968|606|808|831,Critical Chance %,1.36%,136,1,1368,B,7,7,0,100.0,63.9,83.3,63.9,0,0.0,slice,0,0,0,0,11.5,0.0,14.3,14.8,JARJARBINKS,CANDIDATE,SLICE,wartość moda lub dopasowanie do postaci uzasadnia kolejny roll,0.0,,,,,,,,,,,,,,,,,,,,,,,
hwQZCtOAQxy9dJ0n8XuPiQ,156,Health,5,Cross,1,15,False,0,False,MAGAZYN,,Health %,5.88%,588,0,,Defense %,0.98%,98,1,980,Potency %,1.2%,120,1,1206,Tenacity %,1.99%,199,1,1992,Speed,5,50000,1,561420,E,4,4,0,100.0,51.5,83.3,51.5,0,0.0,slice,0,0,0,0,18.5,0.0,25.0,14.8,JARJARBINKS,CANDIDATE,KEEP,wartość secondary zbyt niska,0.0,,,,,,,,,,,,,,,,,,,,,,,
im11bVx3RE6Bn8ZIV926GQ,156,Health,5,Cross,1,15,False,0,True,POSTAĆ: BADBATCHWRECKER,V_Loh6rGTpOcVM6_ulApig,Protection %,23.5%,2350,0,,Speed,5,50000,1,500550,Protection,607,6070000,1,60754237,Health,356,3560000,1,35672378,Offense %,0.32%,32,1,325,E,4,4,0,100.0,72.0,83.3,72.0,0,0.0,slice,0,0,0,0,29.8,0.0,42.4,14.8,JARJARBINKS,CANDIDATE,SLICE,wartość moda lub dopasowanie do postaci uzasadnia kolejny roll,0.0,,,,,,,,,,,,,,,,,,,,,,,
jifog45LRi6aXICgmHOekQ,156,Health,5,Cross,1,15,False,0,False,MAGAZYN,,Tenacity %,24%,2400,0,,Protection,443,4430000,1,44300051,Health %,0.98%,98,1,987,Offense,43,430000,1,4222788,Speed,5,50000,1,534030,E,4,4,0,100.0,75.5,83.3,75.5,0,0.0,slice,0,0,0,0,30.2,0.0,43.0,14.8,JARJARBINKS,CANDIDATE,SLICE,wartość moda lub dopasowanie do postaci uzasadnia kolejny roll,0.0,,,,,,,,,,,,,,,,,,,,,,,
lAVX2Lu4RC2LAwxJtJ1MDw,156,Health,5,Cross,3,15,False,0,True,POSTAĆ: CAPTAINSILVO,GfeI_j1jQaGE0PV27rwMGg,Potency %,24%,2400,0,,Defense %,2.64%,264,2,1663|982,Defense,4,40000,1,493528,Speed,11,110000,2,597240|579450,Critical Chance %,2.17%,217,1,2174,C,6,6,0,100.0,57.2,91.7,57.2,0,0.0,slice,0,0,0,0,27.3,0.0,38.6,14.8,JARJARBINKS,CANDIDATE,SLICE,wartość moda lub dopasowanie do postaci uzasadnia kolejny roll,0.0,,,,,,,,,,,,,,,,,,,,,,,
lBMg-CTjSD-OigNHxCf62Q,156,Health,5,Cross,1,15,False,0,True,POSTAĆ: MORGANELSBETH,6CYwP6e4RNyTtmovj37aNw,Health %,5.88%,588,0,,Speed,5,50000,1,512700,Critical Chance %,1.72%,172,1,1726,Tenacity %,1.22%,122,1,1221,Defense %,1.25%,125,1,1254,E,4,4,0,100.0,49.2,83.3,49.2,0,0.0,slice,0,0,0,0,18.5,0.0,25.0,14.8,JARJARBINKS,CANDIDATE,KEEP,wartość secondary zbyt niska,0.0,,,,,,,,,,,,,,,,,,,,,,,
m0_YQbRMSC2EcMU5jPAQTA,156,Health,5,Cross,2,15,False,0,True,POSTAĆ: KRRSANTAN,Hp8Wc9waS6mDnvwCl6g3Sw,Protection %,23.5%,2350,0,,Offense,38,380000,1,3775908,Speed,9,90000,2,516540|389880,Critical Chance %,1.84%,184,1,1846,Health %,0.61%,61,1,616,D,5,5,0,100.0,75.8,75.0,75.8,0,0.0,slice,0,0,0,0,32.7,0.0,46.9,14.8,JARJARBINKS,CANDIDATE,SLICE,wartość moda lub dopasowanie do postaci uzasadnia kolejny roll,0.0,,,,,,,,,,,,,,,,,,,,,,,
mTE2-ZwkRgS-n4r0_iszxg,156,Health,5,Cross,1,15,False,0,True,POSTAĆ: GAMORREANGUARD,jgOdEbDhTxmOgREBJSK81w,Health %,5.88%,588,0,,Defense,6,60000,1,696682,Speed,5,50000,1,509430,Offense %,0.32%,32,1,328,Critical Chance %,1.3%,130,1,1303,E,4,4,0,100.0,62.8,83.3,62.8,0,0.0,slice,0,0,0,0,23.6,0.0,32.8,14.8,JARJARBINKS,CANDIDATE,SLICE,wartość moda lub dopasowanie do postaci uzasadnia kolejny roll,0.0,,,,,,,,,,,,,,,,,,,,,,,
mXv7y5mPTZ6A4Lxzk6K2Xg,156,Health,5,Cross,3,15,False,0,True,POSTAĆ: CALKESTIS,BlZTr3AdRHy_YN4h5HTgbg,Health %,5.88%,588,0,,Protection %,2.05%,205,1,2058,Tenacity %,1.33%,133,1,1336,Critical Chance %,1.3%,130,1,1307,Speed,12,120000,3,509280|398910|324420,C,6,6,0,100.0,70.8,66.7,70.8,0,0.0,slice,0,0,0,0,38.5,0.0,55.9,14.8,JARJARBINKS,CANDIDATE,SLICE,wartość moda lub dopasowanie do postaci uzasadnia kolejny roll,0.0,,,,,,,,,,,,,,,,,,,,,,,
miYTOE5-TiuMCFq_qJ5tCg,156,Health,5,Cross,1,15,False,0,True,POSTAĆ: SCARIFREBEL,GCcqj7sLRhql1nUuT1xRhA,Tenacity %,24%,2400,0,,Offense %,0.36%,36,1,366,Defense %,1.63%,163,1,1630,Speed,5,50000,1,528300,Defense,9,90000,1,973826,E,4,4,0,100.0,67.0,83.3,67.0,0,0.0,slice,0,0,0,0,23.6,0.0,32.8,14.8,JARJARBINKS,CANDIDATE,SLICE,wartość moda lub dopasowanie do postaci uzasadnia kolejny roll,0.0,,,,,,,,,,,,,,,,,,,,,,,
o1zqqoYkR_69wV_Y2EF0hw,156,Health,5,Cross,1,15,False,0,True,POSTAĆ: DARTHTRAYA,T752Q156S962IXPWTPb_pQ,Health %,5.88%,588,0,,Critical Chance %,2.2%,220,1,2206,Defense,7,70000,1,744457,Defense %,1.08%,108,1,1080,Offense,30,300000,1,2904492,E,4,4,0,100.0,45.8,0.0,45.8,0,0.0,slice,0,0,0,0,13.0,0.0,16.5,14.8,JARJARBINKS,CANDIDATE,KEEP,wartość secondary zbyt niska,0.0,,,,,,,,,,,,,,,,,,,,,,,
oTPoq2nTQh2lfI2_M3KzjQ,156,Health,5,Cross,1,15,False,0,True,POSTAĆ: QIRA,Gi9SANbjSlmcceP-ctVgpA,Potency %,24%,2400,0,,Speed,5,50000,1,531840,Protection,510,5100000,1,51044523,Protection %,1.83%,183,1,1839,Defense,6,60000,1,675269,E,4,4,0,100.0,63.0,83.3,63.0,0,0.0,slice,0,0,0,0,35.4,0.0,51.0,14.8,JARJARBINKS,CANDIDATE,SLICE,wartość moda lub dopasowanie do postaci uzasadnia kolejny roll,0.0,,,,,,,,,,,,,,,,,,,,,,,
qe5aoZY9TYydADR4O3i6tg,156,Health,5,Cross,1,15,False,0,True,POSTAĆ: CHIEFNEBIT,gbPYHApKTDSmWMiuMeaBZg,Protection %,23.5%,2350,0,,Health,329,3290000,1,32910051,Health %,0.86%,86,1,860,Offense,45,450000,1,4416132,Speed,5,50000,1,562290,E,4,4,0,100.0,75.5,83.3,75.5,0,0.0,slice,0,0,0,0,29.3,0.0,41.7,14.8,JARJARBINKS,CANDIDATE,SLICE,wartość moda lub dopasowanie do postaci uzasadnia kolejny roll,0.0,,,,,,,,,,,,,,,,,,,,,,,
szWSSMF5Q8ioU7zB1ErsLg,156,Health,5,Cross,5,15,False,0,True,POSTAĆ: GUNGANPHALANX,wjbd-YpMSEeRlf52LR4kOg,Offense %,5.88%,588,0,,Speed,5,50000,1,558900,Health,675,6750000,2,29416961|38085396,Defense %,2.16%,216,2,1165|1004,Tenacity %,5.27%,527,3,1984|1396|1898,A,8,8,0,100.0,46.2,83.3,46.2,0,50.5,6-dot,0,0,0,0,15.6,0.0,20.5,14.8,JARJARBINKS,CANDIDATE,SLICE_6E,5A ma wystarczającą wartość lub dopasowanie do postaci,0.0,,,,,,,,,,,,,,,,,,,,,,,
v9CYn-EkRBKyckQDx0HnGg,156,Health,5,Cross,1,15,True,0,True,POSTAĆ: FIRSTORDEREXECUTIONER,-5fKFKFWQ-S2jMql8uPcpQ,Health %,5.88%,588,0,,Offense,44,440000,1,4337928,Defense,5,50000,1,562520,Speed,5,50000,1,536970,Protection,593,5930000,1,59304840,E,4,4,0,100.0,66.0,83.3,66.0,0,0.0,slice,0,0,0,0,35.3,0.0,50.9,14.8,JARJARBINKS,CANDIDATE,SLICE,wartość moda lub dopasowanie do postaci uzasadnia kolejny roll,0.0,,,,,,,,,,,,,,,,,,,,,,,
vx0CrAhITAapjNymCVvGDg,156,Health,5,Cross,3,15,False,0,True,POSTAĆ: BARRISSOFFEE,6re5azNmTWyiNI9wV_gGaw,Protection %,23.5%,2350,0,,Critical Chance %,1.34%,134,1,1347,Health,231,2310000,1,23142257,Defense,21,210000,3,818496|584325|794486,Speed,5,50000,1,508290,C,6,6,0,100.0,45.8,83.3,45.8,0,0.0,slice,0,0,0,0,26.7,0.0,37.7,14.8,JARJARBINKS,CANDIDATE,KEEP,wartość secondary zbyt niska,0.0,,,,,,,,,,,,,,,,,,,,,,,
xf2W7M0uR6ib0mJBc2235Q,156,Health,5,Cross,2,15,False,0,True,POSTAĆ: EETHKOTH,9MxaXkXATp2x3acJC_s2Mg,Protection %,23.5%,2350,0,,Speed,5,50000,1,585120,Tenacity %,3.35%,335,2,2063|1295,Critical Chance %,2.02%,202,1,2027,Potency %,1.25%,125,1,1257,D,5,5,0,100.0,43.8,83.3,43.8,0,0.0,slice,0,0,0,0,15.2,0.0,20.0,14.8,JARJARBINKS,CANDIDATE,KEEP,wartość secondary zbyt niska,0.0,,,,,,,,,,,,,,,,,,,,,,,
yESA2nMQRx6yQtwUziCVzw,156,Health,5,Cross,2,15,False,0,True,POSTAĆ: SAWGERRERA,a87HTT1XQhSqzh1l2STnjA,Health %,5.88%,588,0,,Potency %,1.55%,155,1,1559,Critical Chance %,1.88%,188,1,1886,Defense %,1.53%,153,1,1535,Speed,9,90000,2,523350|379890,D,5,5,0,100.0,60.2,75.0,60.2,0,0.0,slice,0,0,0,0,28.2,0.0,40.0,14.8,JARJARBINKS,CANDIDATE,SLICE,wartość moda lub dopasowanie do postaci uzasadnia kolejny roll,0.0,,,,,,,,,,,,,,,,,,,,,,,
48wsev0XQqWCjGu53_5K-g,156,Health,5,Cross,2,9,False,0,True,POSTAĆ: FENNECSHAND,YJiDwPOARoyYpavX7g0gfw,Offense %,3.63%,363,0,,Health,353,3530000,1,35353071,Speed,5,50000,1,561480,Critical Chance %,1.66%,166,1,1668,Protection,746,7460000,1,74633563,D,4,5,1,100.0,55.2,83.3,64.2,9.0,0.0,upgrade,0,0,0,0,29.8,0.0,42.4,14.8,JARJARBINKS,CANDIDATE,UPGRADE,nieujawnione wszystkie secondary,0.0,,,,,,,,,,,,,,,,,,,,,,,
5FFJH-RnQ_ulEw7p6q91kw,156,Health,5,Cross,2,9,False,0,True,POSTAĆ: SAVAGEOPRESS,vm6-1zqjQ7uXMOTMAcT16A,Health %,3.63%,363,0,,Defense %,1.12%,112,1,1123,Critical Chance %,1.87%,187,1,1877,Speed,5,50000,1,518010,Offense,39,390000,1,3844308,D,4,5,1,100.0,62.2,83.3,69.8,7.6,0.0,upgrade,0,0,0,0,24.1,0.0,33.7,14.8,JARJARBINKS,CANDIDATE,UPGRADE,nieujawnione wszystkie secondary,0.0,,,,,,,,,,,,,,,,,,,,,,,
7AgpspiQRsOw5Q1ZGNCXxA,156,Health,5,Cross,2,9,False,0,True,POSTAĆ: KELLERANBEQ,F9xPCLOjTE67usCPkus2uQ,Defense %,7.25%,725,0,,Critical Chance %,1.75%,175,1,1750,Health,226,2260000,1,22687941,Speed,5,50000,1,571860,Defense,5,50000,1,511609,D,4,5,1,100.0,51.7,83.3,61.4,9.7,0.0,upgrade,0,0,0,0,28.8,0.0,40.9,14.8,JARJARBINKS,CANDIDATE,UPGRADE,nieujawnione wszystkie secondary,0.0,,,,,,,,,,,,,,,,,,,,,,,
Bjqa9Q9mRSCnFV9MdtvGXw,156,Health,5,Cross,2,9,False,0,True,POSTAĆ: KIX,RYVROxb5RC6IbHLlENFRug,Health %,3.63%,363,0,,Potency %,1.71%,171,1,1713,Critical Chance %,1.89%,189,1,1897,Speed,5,50000,1,562170,Offense %,0.41%,41,1,416,D,4,5,1,100.0,62.8,83.3,70.2,7.4,0.0,upgrade,0,0,0,0,18.5,0.0,25.0,14.8,JARJARBINKS,CANDIDATE,UPGRADE,nieujawnione wszystkie secondary,0.0,,,,,,,,,,,,,,,,,,,,,,,
GYnTXFpwTk2fDS1nW9viug,156,Health,5,Cross,2,9,False,0,True,POSTAĆ: BAZEMALBUS,hFJlCdqkS4WmlGjn4AsHbA,Defense %,7.25%,725,0,,Protection %,1.45%,145,1,1459,Offense,42,420000,1,4175136,Speed,5,50000,1,546780,Offense %,0.43%,43,1,430,D,4,5,1,100.0,86.0,83.3,88.8,2.8,0.0,upgrade,0,0,0,0,29.8,0.0,42.5,14.8,JARJARBINKS,CANDIDATE,UPGRADE,nieujawnione wszystkie secondary,0.0,,,,,,,,,,,,,,,,,,,,,,,
aLJENgTXRM-JHOaEC8JQ9A,156,Health,5,Cross,2,9,False,0,False,MAGAZYN,,Defense %,7.25%,725,0,,Protection,469,4690000,1,46970430,Offense,37,370000,1,3633408,Defense,6,60000,1,629944,Speed,5,50000,1,588300,D,4,5,1,100.0,66.0,83.3,72.8,6.8,0.0,upgrade,0,0,0,0,35.3,0.0,50.9,14.8,JARJARBINKS,CANDIDATE,UPGRADE,nieujawnione wszystkie secondary,0.0,,,,,,,,,,,,,,,,,,,,,,,
hUIX4lubT_CE4_fD66u4sQ,156,Health,5,Cross,2,9,False,0,True,POSTAĆ: SHORETROOPER,lsA9eN70SUqAdyaJCffQBg,Protection %,14.5%,1450,0,,Defense,8,80000,1,855295,Critical Chance %,1.28%,128,1,1289,Tenacity %,1.52%,152,1,1522,Offense,45,450000,1,4454892,D,4,5,1,100.0,42.8,0.0,50.6,7.8,0.0,upgrade,0,0,0,0,13.0,0.0,16.5,14.8,JARJARBINKS,CANDIDATE,UPGRADE,nieujawnione wszystkie secondary,0.0,,,,,,,,,,,,,,,,,,,,,,,
o_TtyN28RUaG-32P-XeEnA,156,Health,5,Cross,2,9,False,0,True,POSTAĆ: GRIEVOUS,8rfbK6ILSTOkxNMgxNYN5Q,Health %,3.63%,363,0,,Protection %,1.55%,155,1,1555,Speed,4,40000,1,419280,Defense,8,80000,1,820505,Critical Chance %,1.29%,129,1,1291,D,4,5,1,100.0,57.2,66.7,65.8,8.5,0.0,upgrade,0,0,0,0,29.3,0.0,41.6,14.8,JARJARBINKS,CANDIDATE,UPGRADE,nieujawnione wszystkie secondary,0.0,,,,,,,,,,,,,,,,,,,,,,,
pFnDCXe0S5y6mlqZQ_y_SA,156,Health,5,Cross,2,9,False,0,True,POSTAĆ: HOTHREBELSOLDIER,ZpDjqAT0RXCT9-1kiCCWxQ,Health %,3.63%,363,0,,Offense %,0.52%,52,1,525,Health,247,2470000,1,24738792,Speed,5,50000,1,565020,Defense,8,80000,1,867202,D,4,5,1,100.0,68.5,83.3,74.8,6.3,0.0,upgrade,0,0,0,0,28.8,0.0,40.9,14.8,JARJARBINKS,CANDIDATE,UPGRADE,nieujawnione wszystkie secondary,0.0,,,,,,,,,,,,,,,,,,,,,,,
trVBqH-TRVKCd0mdfVYYVQ,156,Health,5,Cross,2,9,False,0,True,POSTAĆ: CHIRRUTIMWE,TJZj8X93S32n6tnD78nPNA,Offense %,3.63%,363,0,,Protection,452,4520000,1,45242782,Defense %,1.39%,139,1,1397,Health %,0.95%,95,1,956,Defense,5,50000,1,588980,D,4,5,1,100.0,49.0,0.0,53.6,4.6,0.0,upgrade,0,0,0,0,13.4,0.0,17.2,14.8,JARJARBINKS,CANDIDATE,UPGRADE,nieujawnione wszystkie secondary,0.0,,,,,,,,,,,,,,,,,,,,,,,
-KwfFnvcTqKT3ZUK2c-_yA,156,Health,5,Cross,3,6,False,0,False,MAGAZYN,,Potency %,10.5%,1050,0,,Health,369,3690000,1,36951749,Protection %,1.49%,149,1,1492,Speed,5,50000,1,584610,Offense %,0.29%,29,1,291,C,4,6,2,100.0,77.5,83.3,85.0,7.5,0.0,upgrade,0,0,0,0,29.4,0.0,41.8,14.8,JARJARBINKS,CANDIDATE,UPGRADE,nieujawnione wszystkie secondary,0.0,,,,,,,,,,,,,,,,,,,,,,,
0Km7x4SOQ32aCil73mY5NA,156,Health,5,Cross,3,6,False,0,True,POSTAĆ: WRECKERS3,uEjp6OaJQTuRqfyYL42cUA,Protection %,10%,1000,0,,Defense %,1.39%,139,1,1392,Defense,5,50000,1,520625,Speed,5,50000,1,508560,Offense,44,440000,1,4323792,C,4,6,2,100.0,64.5,83.3,76.3,11.8,0.0,upgrade,0,0,0,0,29.2,0.0,41.5,14.8,JARJARBINKS,CANDIDATE,UPGRADE,nieujawnione wszystkie secondary,0.0,,,,,,,,,,,,,,,,,,,,,,,
1-tgUu7nTJuBDMK260AxlA,156,Health,5,Cross,3,6,False,0,True,POSTAĆ: YOUNGCHEWBACCA,iuUDyYYsQYiDZxTNS0SM9g,Health %,2.5%,250,0,,Health,290,2900000,1,29005505,Offense %,0.5%,50,1,508,Tenacity %,1.38%,138,1,1388,Speed,5,50000,1,534390,C,4,6,2,100.0,67.5,83.3,78.3,10.8,0.0,upgrade,0,0,0,0,23.7,0.0,33.0,14.8,JARJARBINKS,CANDIDATE,UPGRADE,nieujawnione wszystkie secondary,0.0,,,,,,,,,,,,,,,,,,,,,,,
1cOJ9g5eRoSlMAUrjgWQ4w,156,Health,5,Cross,3,6,False,0,True,POSTAĆ: VISASMARR,4Sxf6R0SSOmtftLRViCF1w,Health %,2.5%,250,0,,Health,371,3710000,1,37125332,Offense %,0.41%,41,1,417,Speed,5,50000,1,587790,Defense,5,50000,1,519106,C,4,6,2,100.0,68.5,83.3,79.0,10.5,0.0,upgrade,0,0,0,0,28.8,0.0,40.9,14.8,JARJARBINKS,CANDIDATE,UPGRADE,nieujawnione wszystkie secondary,0.0,,,,,,,,,,,,,,,,,,,,,,,
5EYdj18hR5m4cFMh5MLuxw,156,Health,5,Cross,3,6,False,0,False,MAGAZYN,,Health %,2.5%,250,0,,Tenacity %,1.28%,128,1,1284,Potency %,1.63%,163,1,1636,Defense,7,70000,1,748867,Speed,5,50000,1,506970,C,4,6,2,100.0,49.5,83.3,66.3,16.8,0.0,upgrade,0,0,0,0,23.6,0.0,32.8,14.8,JARJARBINKS,CANDIDATE,UPGRADE,nieujawnione wszystkie secondary,0.0,,,,,,,,,,,,,,,,,,,,,,,
FKZLk9B1ReayjZkMPCHepw,156,Health,5,Cross,3,6,False,0,False,MAGAZYN,,Protection %,10%,1000,0,,Protection,523,5230000,1,52356871,Potency %,2%,200,1,2008,Speed,5,50000,1,582990,Health %,0.57%,57,1,577,C,4,6,2,100.0,63.5,83.3,75.7,12.2,0.0,upgrade,0,0,0,0,24.5,0.0,34.3,14.8,JARJARBINKS,CANDIDATE,UPGRADE,nieujawnione wszystkie secondary,0.0,,,,,,,,,,,,,,,,,,,,,,,
Fz2Q3OMVTdCLb0O8ZnbDmQ,156,Health,5,Cross,3,6,False,0,False,MAGAZYN,,Tenacity %,10.5%,1050,0,,Health %,1.1%,110,1,1101,Protection %,1.49%,149,1,1499,Protection,610,6100000,1,61069865,Speed,5,50000,1,552030,C,4,6,2,100.0,72.5,83.3,81.7,9.2,0.0,upgrade,0,0,0,0,30.3,0.0,43.1,14.8,JARJARBINKS,CANDIDATE,UPGRADE,nieujawnione wszystkie secondary,0.0,,,,,,,,,,,,,,,,,,,,,,,
LqmTPCJnTGOF5MZPkHqRAQ,156,Health,5,Cross,3,6,False,0,False,MAGAZYN,,Offense %,2.5%,250,0,,Protection,587,5870000,1,58760797,Offense,35,350000,1,3412476,Defense,8,80000,1,802914,Speed,5,50000,1,539790,C,4,6,2,100.0,66.0,83.3,77.3,11.3,0.0,upgrade,0,0,0,0,35.3,0.0,50.9,14.8,JARJARBINKS,CANDIDATE,UPGRADE,nieujawnione wszystkie secondary,0.0,,,,,,,,,,,,,,,,,,,,,,,
Mk_0d4BERQqPGuUu1CX0Jw,156,Health,5,Cross,3,6,False,0,False,MAGAZYN,,Health %,2.5%,250,0,,Defense,9,90000,1,910518,Offense %,0.48%,48,1,482,Defense %,1.3%,130,1,1308,Speed,5,50000,1,567660,C,4,6,2,100.0,67.0,83.3,78.0,11.0,0.0,upgrade,0,0,0,0,23.6,0.0,32.8,14.8,JARJARBINKS,CANDIDATE,UPGRADE,nieujawnione wszystkie secondary,0.0,,,,,,,,,,,,,,,,,,,,,,,
O2F0CumMS9u_y3m3XqM4CQ,156,Health,5,Cross,3,6,False,0,False,MAGAZYN,,Tenacity %,10.5%,1050,0,,Critical Chance %,1.15%,115,1,1155,Health,232,2320000,1,23225834,Speed,5,50000,1,564990,Potency %,1.9%,190,1,1905,C,4,6,2,100.0,51.7,83.3,67.8,16.1,0.0,upgrade,0,0,0,0,23.7,0.0,33.0,14.8,JARJARBINKS,CANDIDATE,UPGRADE,nieujawnione wszystkie secondary,0.0,,,,,,,,,,,,,,,,,,,,,,,
PVUndIAeS7KO-ZfDSouC_g,156,Health,5,Cross,3,6,False,0,True,POSTAĆ: CT5555,vsWn91ssQVyOxZtaLPlqqg,Protection %,10%,1000,0,,Health %,0.78%,78,1,786,Offense %,0.28%,28,1,286,Defense %,1.6%,160,1,1608,Potency %,1.61%,161,1,1619,C,4,6,2,100.0,60.0,0.0,70.7,10.7,0.0,upgrade,0,0,0,0,2.2,0.0,0.0,14.8,JARJARBINKS,CANDIDATE,UPGRADE,nieujawnione wszystkie secondary,0.0,,,,,,,,,,,,,,,,,,,,,,,
TkyTcZ07Tq6xFIVNtcKqIg,156,Health,5,Cross,3,6,False,0,True,POSTAĆ: DARTHMALGUS,rNVRtWnISySAAsFoyWfm4Q,Health %,2.5%,250,0,,Defense,8,80000,1,818349,Critical Chance %,2.17%,217,1,2178,Offense,45,450000,1,4471080,Speed,5,50000,1,545940,C,4,6,2,100.0,60.2,83.3,73.5,13.2,0.0,upgrade,0,0,0,0,29.2,0.0,41.5,14.8,JARJARBINKS,CANDIDATE,UPGRADE,nieujawnione wszystkie secondary,0.0,,,,,,,,,,,,,,,,,,,,,,,
W-WcNG-CQFOL28db5ZpXrA,156,Health,5,Cross,4,3,False,0,False,MAGAZYN,,Offense %,1.38%,138,0,,Defense,6,60000,1,632933,Tenacity %,1.62%,162,1,1625,Health %,0.8%,80,1,802,Speed,5,50000,1,597060,B,4,7,3,100.0,59.0,83.3,76.6,17.6,0.0,upgrade,0,0,0,0,23.6,0.0,32.8,14.8,JARJARBINKS,CANDIDATE,UPGRADE,nieujawnione wszystkie secondary,0.0,,,,,,,,,,,,,,,,,,,,,,,
i8KT6iqpT4-SJQ6l0gTqog,156,Health,5,Cross,4,3,False,0,False,MAGAZYN,,Defense %,2.75%,275,0,,Health %,0.9%,90,1,906,Offense,28,280000,1,2787528,Health,397,3970000,1,39789081,Speed,5,50000,1,569550,B,4,7,3,100.0,75.5,83.3,86.0,10.5,0.0,upgrade,0,0,0,0,29.3,0.0,41.7,14.8,JARJARBINKS,CANDIDATE,UPGRADE,nieujawnione wszystkie secondary,0.0,,,,,,,,,,,,,,,,,,,,,,,
mMt9FvMlSCO32fHF3sQNiA,156,Health,5,Cross,4,3,False,0,False,MAGAZYN,,Potency %,6%,600,0,,Defense,8,80000,1,835793,Health,392,3920000,1,39291905,Critical Chance %,1.45%,145,1,1450,Speed,5,50000,1,558630,B,4,7,3,100.0,51.7,83.3,72.4,20.7,0.0,upgrade,0,0,0,0,28.8,0.0,40.9,14.8,JARJARBINKS,CANDIDATE,UPGRADE,nieujawnione wszystkie secondary,0.0,,,,,,,,,,,,,,,,,,,,,,,
-UJvS94tRjq5zl6TRnyUCw,156,Health,5,Cross,3,1,False,0,False,MAGAZYN,,Offense %,0.63%,63,0,,Speed,5,50000,1,584940,Tenacity %,1.12%,112,1,1129,,,,0,,,,,0,,C,2,6,4,100.0,65.0,83.3,88.3,23.3,0.0,upgrade,0,0,0,0,34.7,0.0,50.0,14.8,JARJARBINKS,CANDIDATE,UPGRADE,nieujawnione wszystkie secondary,0.0,,,,,,,,,,,,,,,,,,,,,,,
2i87Nk9sQiCyGg_QWLpQXg,156,Health,5,Cross,5,1,False,0,False,MAGAZYN,,Tenacity %,3%,300,0,,Protection,454,4540000,1,45454585,Potency %,1.76%,176,1,1763,Protection %,1.22%,122,1,1225,Speed,5,50000,1,513960,A,4,8,4,100.0,63.0,83.3,81.5,18.5,35.2,upgrade,0,0,0,0,30.3,0.0,43.1,14.8,JARJARBINKS,CANDIDATE,UPGRADE,nieujawnione wszystkie secondary,0.0,,,,,,,,,,,,,,,,,,,,,,,
4DU4D3fzRvyr5h2A6ep1Ug,156,Health,5,Cross,5,1,False,0,True,POSTAĆ: LOBOT,QDPo8AzSQ6iPC9yIs76NMw,Tenacity %,3%,300,0,,Health,266,2660000,1,26624632,Offense,36,360000,1,3595104,Speed,5,50000,1,540630,Health %,0.83%,83,1,830,A,4,8,4,100.0,75.5,83.3,87.8,12.2,49.1,upgrade,0,0,0,0,29.3,0.0,41.7,14.8,JARJARBINKS,CANDIDATE,UPGRADE,nieujawnione wszystkie secondary,0.0,,,,,,,,,,,,,,,,,,,,,,,
6bng3eIHQRKh-aUPC44o4Q,156,Health,5,Cross,3,1,False,0,False,MAGAZYN,,Offense %,0.63%,63,0,,Tenacity %,1.95%,195,1,1954,Speed,5,50000,1,545340,,,,0,,,,,0,,C,2,6,4,100.0,65.0,83.3,88.3,23.3,0.0,upgrade,0,0,0,0,34.7,0.0,50.0,14.8,JARJARBINKS,CANDIDATE,UPGRADE,nieujawnione wszystkie secondary,0.0,,,,,,,,,,,,,,,,,,,,,,,
7cygpA_tRDS7BO-u1ZEYyQ,156,Health,5,Cross,5,1,False,0,False,MAGAZYN,,Tenacity %,3%,300,0,,Potency %,1.2%,120,1,1206,Speed,5,50000,1,533640,Offense,23,230000,1,2282508,Health %,0.87%,87,1,877,A,4,8,4,100.0,72.0,83.3,86.0,14.0,32.2,upgrade,0,0,0,0,24.1,0.0,33.7,14.8,JARJARBINKS,CANDIDATE,UPGRADE,nieujawnione wszystkie secondary,0.0,,,,,,,,,,,,,,,,,,,,,,,
8koHKRhzQ-K4sBlw14DvsQ,156,Health,5,Cross,3,1,False,0,False,MAGAZYN,,Potency %,3%,300,0,,Speed,5,50000,1,525210,Health %,0.66%,66,1,665,,,,0,,,,,0,,C,2,6,4,100.0,86.0,83.3,95.3,9.3,0.0,upgrade,0,0,0,0,34.7,0.0,50.0,14.8,JARJARBINKS,CANDIDATE,UPGRADE,nieujawnione wszystkie secondary,0.0,,,,,,,,,,,,,,,,,,,,,,,
CxckLO66QJO5729vjLT5Kg,156,Health,5,Cross,3,1,False,0,True,POSTAĆ: SNOWTROOPER,W9JZl0dXSouEoEn3vimBdA,Tenacity %,3%,300,0,,Speed,5,50000,1,579570,Health,325,3250000,1,32515739,,,,0,,,,,0,,C,2,6,4,100.0,74.0,83.3,91.3,17.3,0.0,upgrade,0,0,0,0,45.2,0.0,66.0,14.8,JARJARBINKS,CANDIDATE,UPGRADE,nieujawnione wszystkie secondary,0.0,,,,,,,,,,,,,,,,,,,,,,,
EfV5Gkp3Quys66M8kvD8Sw,156,Health,5,Cross,3,1,False,0,False,MAGAZYN,,Potency %,3%,300,0,,Critical Chance %,1.36%,136,1,1369,Speed,5,50000,1,518100,,,,0,,,,,0,,C,2,6,4,100.0,62.5,83.3,87.5,25.0,0.0,upgrade,0,0,0,0,34.7,0.0,50.0,14.8,JARJARBINKS,CANDIDATE,UPGRADE,nieujawnione wszystkie secondary,0.0,,,,,,,,,,,,,,,,,,,,,,,
FhKwu8AWTaGcszBi8oWaNw,156,Health,5,Cross,4,1,False,0,True,POSTAĆ: PAZVIZSLA,Sdi9ckGVSMmFCfDcS1nAAA,Health %,0.63%,63,0,,Tenacity %,2.13%,213,1,2133,Speed,5,50000,1,548820,Protection,774,7740000,1,77420226,,,,0,,B,3,7,4,100.0,59.3,83.3,82.6,23.2,0.0,upgrade,0,0,0,0,32.0,0.0,45.8,14.8,JARJARBINKS,CANDIDATE,UPGRADE,nieujawnione wszystkie secondary,0.0,,,,,,,,,,,,,,,,,,,,,,,
FrdXDiI4QdW5ha372q62aw,156,Health,5,Cross,5,1,False,0,False,MAGAZYN,,Protection %,2.5%,250,0,,Potency %,1.58%,158,1,1581,Tenacity %,2.18%,218,1,2185,Speed,5,50000,1,567990,Protection,825,8250000,1,82582405,A,4,8,4,100.0,53.0,83.3,76.5,23.5,74.9,upgrade,0,0,0,0,24.5,0.0,34.3,14.8,JARJARBINKS,CANDIDATE,UPGRADE,nieujawnione wszystkie secondary,0.0,,,,,,,,,,,,,,,,,,,,,,,
IHd9VzDiQCev35dPX13ReA,156,Health,5,Cross,3,1,False,0,True,POSTAĆ: INQUISITORBARRISS,52-GUkO5T1aatTDKmGdtNQ,Health %,0.63%,63,0,,Speed,5,50000,1,504270,Health,358,3580000,1,35865248,,,,0,,,,,0,,C,2,6,4,100.0,74.0,83.3,91.3,17.3,0.0,upgrade,0,0,0,0,45.2,0.0,66.0,14.8,JARJARBINKS,CANDIDATE,UPGRADE,nieujawnione wszystkie secondary,0.0,,,,,,,,,,,,,,,,,,,,,,,
SPIt7MRGRfywUfAUOPQI2g,156,Health,5,Cross,2,1,False,0,False,MAGAZYN,,Defense %,1.25%,125,0,,Speed,5,50000,1,538320,,,,0,,,,,0,,,,,0,,D,1,5,4,100.0,100.0,83.3,100.0,0,0.0,upgrade,0,0,0,0,67.2,0.0,100.0,14.8,JARJARBINKS,CANDIDATE,UPGRADE,nieujawnione wszystkie secondary,0.0,,,,,,,,,,,,,,,,,,,,,,,
UxZcia8URIyebtR_XDdmxw,156,Health,5,Cross,2,1,False,0,True,POSTAĆ: LUKESKYWALKER,nLrjzg3uSFWnmJClrEe38A,Defense %,1.25%,125,0,,Speed,5,50000,1,512430,,,,0,,,,,0,,,,,0,,D,1,5,4,100.0,100.0,83.3,100.0,0,0.0,upgrade,0,0,0,0,67.2,0.0,100.0,14.8,JARJARBINKS,CANDIDATE,UPGRADE,nieujawnione wszystkie secondary,0.0,,,,,,,,,,,,,,,,,,,,,,,
WmBiEN8DSs20pMznWE_wUQ,156,Health,5,Cross,3,1,False,0,True,POSTAĆ: MARROK,DC1h1YfjTMWLihdoiSJ0nw,Defense %,1.25%,125,0,,Critical Chance %,1.9%,190,1,1903,Speed,5,50000,1,516300,,,,0,,,,,0,,C,2,6,4,100.0,62.5,83.3,87.5,25.0,0.0,upgrade,0,0,0,0,34.7,0.0,50.0,14.8,JARJARBINKS,CANDIDATE,UPGRADE,nieujawnione wszystkie secondary,0.0,,,,,,,,,,,,,,,,,,,,,,,
XseJ4sozTleWmM3kA3Idwg,156,Health,5,Cross,3,1,False,0,False,MAGAZYN,,Potency %,3%,300,0,,Speed,5,50000,1,530940,Protection %,2.09%,209,1,2094,,,,0,,,,,0,,C,2,6,4,100.0,85.0,83.3,95.0,10.0,0.0,upgrade,0,0,0,0,46.2,0.0,67.6,14.8,JARJARBINKS,CANDIDATE,UPGRADE,nieujawnione wszystkie secondary,0.0,,,,,,,,,,,,,,,,,,,,,,,
ZfjVIiGJTsCu2rQXrTpU_g,156,Health,5,Cross,3,1,False,0,True,POSTAĆ: GENERALSKYWALKER,vFXl2ZpkT3GCV4rvQ-gsgA,Defense %,1.25%,125,0,,Tenacity %,1.39%,139,1,1390,Speed,5,50000,1,500280,,,,0,,,,,0,,C,2,6,4,100.0,65.0,83.3,88.3,23.3,0.0,upgrade,0,0,0,0,34.7,0.0,50.0,14.8,JARJARBINKS,CANDIDATE,UPGRADE,nieujawnione wszystkie secondary,0.0,,,,,,,,,,,,,,,,,,,,,,,
d-Ev8adhSgiAeJkT2IAw7g,156,Health,5,Cross,4,1,False,0,True,POSTAĆ: MAULS7,H4Tb-Lp3RpWBK4KikxT3iA,Offense %,0.63%,63,0,,Defense,5,50000,1,589372,Protection %,1.52%,152,1,1525,Speed,5,50000,1,578610,,,,0,,B,3,7,4,100.0,68.0,83.3,86.3,18.3,0.0,upgrade,0,0,0,0,38.3,0.0,55.5,14.8,JARJARBINKS,CANDIDATE,UPGRADE,nieujawnione wszystkie secondary,0.0,,,,,,,,,,,,,,,,,,,,,,,
fA7HDN4sR-GAXvwhnDbNbA,156,Health,5,Cross,3,1,False,0,True,POSTAĆ: ZORIIBLISS_V2,OsO2zGm1RNijVuR2GT96iQ,Protection %,2.5%,250,0,,Speed,5,50000,1,509850,Defense,8,80000,1,860097,,,,0,,,,,0,,C,2,6,4,100.0,67.0,83.3,89.0,22.0,0.0,upgrade,0,0,0,0,44.9,0.0,65.7,14.8,JARJARBINKS,CANDIDATE,UPGRADE,nieujawnione wszystkie secondary,0.0,,,,,,,,,,,,,,,,,,,,,,,
hYiN_EyNQy-yeaA9phpUsg,156,Health,5,Cross,3,1,False,0,False,MAGAZYN,,Potency %,3%,300,0,,Speed,5,50000,1,534600,Offense,35,350000,1,3420684,,,,0,,,,,0,,C,2,6,4,100.0,91.0,83.3,97.0,6.0,0.0,upgrade,0,0,0,0,46.0,0.0,67.4,14.8,JARJARBINKS,CANDIDATE,UPGRADE,nieujawnione wszystkie secondary,0.0,,,,,,,,,,,,,,,,,,,,,,,
hlBUP-yTSZC0MikfUrPudA,156,Health,5,Cross,5,1,False,0,True,POSTAĆ: DAKA,eDrXr0LsTNGvJezjXk8yVQ,Health %,0.63%,63,0,,Offense %,0.47%,47,1,470,Defense %,1.2%,120,1,1200,Speed,5,50000,1,587220,Tenacity %,2.22%,222,1,2224,A,4,8,4,100.0,66.0,83.3,83.0,17.0,68.0,upgrade,0,0,0,0,18.5,0.0,25.0,14.8,JARJARBINKS,CANDIDATE,UPGRADE,nieujawnione wszystkie secondary,0.0,,,,,,,,,,,,,,,,,,,,,,,
otAQxIceR2Gbyn7G-ZnUwg,156,Health,5,Cross,5,1,False,0,True,POSTAĆ: DARTHMALAK,Gi4yc5CnQbC2bekrOQeEPw,Protection %,2.5%,250,0,,Critical Chance %,1.6%,160,1,1607,Speed,5,50000,1,529680,Potency %,1.89%,189,1,1892,Health %,1.02%,102,1,1026,A,4,8,4,100.0,57.8,83.3,78.9,21.1,64.6,upgrade,0,0,0,0,18.5,0.0,25.0,14.8,JARJARBINKS,CANDIDATE,UPGRADE,nieujawnione wszystkie secondary,0.0,,,,,,,,,,,,,,,,,,,,,,,
pNfA6VWES-C0yunpmHTczg,156,Health,5,Cross,5,1,False,0,True,POSTAĆ: L3_37,eS3LbQ-4S4WqItNYOU7j6g,Offense %,0.63%,63,0,,Defense %,0.9%,90,1,900,Speed,5,50000,1,516900,Critical Chance %,1.93%,193,1,1931,Offense,39,390000,1,3817860,A,4,8,4,100.0,62.2,83.3,81.1,18.9,53.8,upgrade,0,0,0,0,24.1,0.0,33.7,14.8,JARJARBINKS,CANDIDATE,UPGRADE,nieujawnione wszystkie secondary,0.0,,,,,,,,,,,,,,,,,,,,,,,
r9mpjdtBSvaFM1CMfoAJ2g,156,Health,5,Cross,3,1,False,0,True,POSTAĆ: LUMINARAUNDULI,9xjJ1FksQSOEtjqJLWBMIA,Tenacity %,3%,300,0,,Protection %,1.73%,173,1,1731,Speed,5,50000,1,588630,,,,0,,,,,0,,C,2,6,4,100.0,85.0,83.3,95.0,10.0,0.0,upgrade,0,0,0,0,46.2,0.0,67.6,14.8,JARJARBINKS,CANDIDATE,UPGRADE,nieujawnione wszystkie secondary,0.0,,,,,,,,,,,,,,,,,,,,,,,
rc4VDqEVRoCzvdh4AFVXPw,156,Health,5,Cross,3,1,False,0,True,POSTAĆ: JAWA,5ywHMJ9JS6uKxXVPi5ef0w,Protection %,2.5%,250,0,,Speed,5,50000,1,526560,Defense,6,60000,1,659001,,,,0,,,,,0,,C,2,6,4,100.0,67.0,83.3,89.0,22.0,0.0,upgrade,0,0,0,0,44.9,0.0,65.7,14.8,JARJARBINKS,CANDIDATE,UPGRADE,nieujawnione wszystkie secondary,0.0,,,,,,,,,,,,,,,,,,,,,,,
uLOsNtf_QYe-Ld_YJwH6zA,156,Health,5,Cross,3,1,False,0,True,POSTAĆ: WATTAMBOR,IQh24H7aRX2calIUiNm7Qg,Potency %,3%,300,0,,Protection %,1.64%,164,1,1644,Speed,5,50000,1,515010,,,,0,,,,,0,,C,2,6,4,100.0,85.0,83.3,95.0,10.0,0.0,upgrade,0,0,0,0,46.2,0.0,67.6,14.8,JARJARBINKS,CANDIDATE,UPGRADE,nieujawnione wszystkie secondary,0.0,,,,,,,,,,,,,,,,,,,,,,,
wxOvJ2YuSia4N8kwtwWn6w,156,Health,5,Cross,3,1,False,0,False,MAGAZYN,,Tenacity %,3%,300,0,,Speed,5,50000,1,555570,Offense %,0.42%,42,1,422,,,,0,,,,,0,,C,2,6,4,100.0,96.0,83.3,98.7,2.7,0.0,upgrade,0,0,0,0,34.7,0.0,50.0,14.8,JARJARBINKS,CANDIDATE,UPGRADE,nieujawnione wszystkie secondary,0.0,,,,,,,,,,,,,,,,,,,,,,,
xEvm7G1_R9mCWPIReiz2Bw,156,Health,5,Cross,5,1,False,0,True,POSTAĆ: CLONEWARSCHEWBACCA,WhyOA0ViSSaj8EJPe4pYfw,Defense %,1.25%,125,0,,Speed,5,50000,1,527580,Offense,30,300000,1,2933676,Protection %,1.96%,196,1,1967,Defense,6,60000,1,669928,A,4,8,4,100.0,71.5,83.3,85.8,14.2,48.7,upgrade,0,0,0,0,34.9,0.0,50.3,14.8,JARJARBINKS,CANDIDATE,UPGRADE,nieujawnione wszystkie secondary,0.0,,,,,,,,,,,,,,,,,,,,,,,
zbKSpGlSSKWzAUwUoTNs6g,156,Health,5,Cross,3,1,False,0,False,MAGAZYN,,Potency %,3%,300,0,,Defense,8,80000,1,849660,Speed,5,50000,1,593700,,,,0,,,,,0,,C,2,6,4,100.0,67.0,83.3,89.0,22.0,0.0,upgrade,0,0,0,0,44.9,0.0,65.7,14.8,JARJARBINKS,CANDIDATE,UPGRADE,nieujawnione wszystkie secondary,0.0,,,,,,,,,,,,,,,,,,,,,,,
-2LVmM1US12qm8rp0s7T_Q,153,Health,5,Diamond,1,15,False,0,True,POSTAĆ: CT5555,vsWn91ssQVyOxZtaLPlqqg,Defense %,11.75%,1175,0,,Defense,6,60000,1,657335,Speed,5,50000,1,556920,Offense,29,290000,1,2812608,Protection %,2.21%,221,1,2215,E,4,4,0,100.0,71.5,83.3,71.5,0,0.0,slice,0,0,0,0,34.9,0.0,50.3,14.8,JARJARBINKS,CANDIDATE,SLICE,wartość moda lub dopasowanie do postaci uzasadnia kolejny roll,0.0,,,,,,,,,,,,,,,,,,,,,,,
1m3Bd0NhQpGknlT_lQCbRA,153,Health,5,Diamond,1,15,False,0,True,POSTAĆ: IMAGUNDI,r0q2lXvGRMyC4rDJYGNivg,Defense %,11.75%,1175,0,,Health,350,3500000,1,35080910,Offense,37,370000,1,3688812,Speed,5,50000,1,540780,Health %,0.92%,92,1,926,E,4,4,0,100.0,75.5,83.3,75.5,0,0.0,slice,0,0,0,0,29.3,0.0,41.7,14.8,JARJARBINKS,CANDIDATE,SLICE,wartość moda lub dopasowanie do postaci uzasadnia kolejny roll,0.0,,,,,,,,,,,,,,,,,,,,,,,
72oPe3tXTvO-KNhX1CVHVA,153,Health,5,Diamond,1,15,False,0,True,POSTAĆ: GRIEVOUS,8rfbK6ILSTOkxNMgxNYN5Q,Defense %,11.75%,1175,0,,Defense,5,50000,1,561638,Critical Chance %,1.88%,188,1,1888,Tenacity %,1.76%,176,1,1769,Speed,5,50000,1,537210,E,4,4,0,100.0,47.2,83.3,47.2,0,0.0,slice,0,0,0,0,23.6,0.0,32.8,14.8,JARJARBINKS,CANDIDATE,KEEP,wartość secondary zbyt niska,0.0,,,,,,,,,,,,,,,,,,,,,,,
7ZpwKmUUSGmwXGvFU2gQYA,153,Health,5,Diamond,4,15,False,0,True,POSTAĆ: BOSSNASS,WLOqSLLFQCC54p0TxtvuGw,Defense %,11.75%,1175,0,,Offense,45,450000,1,4410660,Protection,2500,25000000,4,55529763|72366025|43378085|78736727,Potency %,2.16%,216,1,2163,Speed,5,50000,1,597900,B,7,7,0,100.0,58.3,83.3,58.3,0,0.0,slice,0,0,0,0,28.6,0.0,40.6,14.8,JARJARBINKS,CANDIDATE,SLICE,wartość moda lub dopasowanie do postaci uzasadnia kolejny roll,0.0,,,,,,,,,,,,,,,,,,,,,,,
8BUqrej7QTChKJd5wcQClA,153,Health,5,Diamond,1,15,False,0,False,MAGAZYN,,Defense %,11.75%,1175,0,,Health %,0.56%,56,1,565,Speed,5,50000,1,526860,Offense,23,230000,1,2281368,Protection %,2.11%,211,1,2117,E,4,4,0,100.0,81.0,83.3,81.0,0,0.0,slice,0,0,0,0,29.8,0.0,42.5,14.8,JARJARBINKS,CANDIDATE,SLICE,wartość moda lub dopasowanie do postaci uzasadnia kolejny roll,0.0,,,,,,,,,,,,,,,,,,,,,,,
8grdkyRVQ2eSsPXFkuKkhg,153,Health,5,Diamond,1,15,False,0,False,MAGAZYN,,Defense %,11.75%,1175,0,,Speed,5,50000,1,550590,Offense,34,340000,1,3350916,Critical Chance %,1.82%,182,1,1822,Health %,0.82%,82,1,829,E,4,4,0,100.0,69.8,83.3,69.8,0,0.0,slice,0,0,0,0,24.1,0.0,33.7,14.8,JARJARBINKS,CANDIDATE,SLICE,wartość moda lub dopasowanie do postaci uzasadnia kolejny roll,0.0,,,,,,,,,,,,,,,,,,,,,,,
9Iv6hfUMQ329LeMEm1Gvrw,153,Health,5,Diamond,1,15,False,0,False,MAGAZYN,,Defense %,11.75%,1175,0,,Speed,5,50000,1,598050,Protection,789,7890000,1,78911153,Health,247,2470000,1,24758079,Critical Chance %,1.78%,178,1,1783,E,4,4,0,100.0,55.2,83.3,55.2,0,0.0,slice,0,0,0,0,29.8,0.0,42.4,14.8,JARJARBINKS,CANDIDATE,KEEP,obserwuj przed wydaniem materiałów,0.0,,,,,,,,,,,,,,,,,,,,,,,
9uFQzzahSK6ehSwSQizyzw,153,Health,5,Diamond,1,15,False,0,False,MAGAZYN,,Defense %,11.75%,1175,0,,Defense,4,40000,1,491568,Speed,5,50000,1,540240,Protection %,1.35%,135,1,1353,Offense,27,270000,1,2614932,E,4,4,0,100.0,71.5,83.3,71.5,0,0.0,slice,0,0,0,0,34.9,0.0,50.3,14.8,JARJARBINKS,CANDIDATE,SLICE,wartość moda lub dopasowanie do postaci uzasadnia kolejny roll,0.0,,,,,,,,,,,,,,,,,,,,,,,
AgElDTBPT2OkIO3JaGDIXQ,153,Health,5,Diamond,1,15,False,0,False,MAGAZYN,,Defense %,11.75%,1175,0,,Critical Chance %,1.13%,113,1,1133,Speed,5,50000,1,550440,Offense,28,280000,1,2774988,Protection %,1.81%,181,1,1814,E,4,4,0,100.0,69.2,83.3,69.2,0,0.0,slice,0,0,0,0,29.8,0.0,42.5,14.8,JARJARBINKS,CANDIDATE,SLICE,wartość moda lub dopasowanie do postaci uzasadnia kolejny roll,0.0,,,,,,,,,,,,,,,,,,,,,,,
B6ioC-0jTTa2-JwnhgXAwA,153,Health,5,Diamond,1,15,False,0,True,POSTAĆ: JEDIKNIGHTCONSULAR,fLPK8bnSSFiRsHKghdUZAA,Defense %,11.75%,1175,0,,Speed,5,50000,1,521490,Offense %,0.4%,40,1,409,Critical Chance %,2.05%,205,1,2053,Protection %,1.77%,177,1,1775,E,4,4,0,100.0,71.8,83.3,71.8,0,0.0,slice,0,0,0,0,24.2,0.0,33.8,14.8,JARJARBINKS,CANDIDATE,SLICE,wartość moda lub dopasowanie do postaci uzasadnia kolejny roll,0.0,,,,,,,,,,,,,,,,,,,,,,,
CArTC_OERRmDo_lnJ4SvYg,153,Health,5,Diamond,1,15,False,0,False,MAGAZYN,,Defense %,11.75%,1175,0,,Speed,5,50000,1,519240,Protection,825,8250000,1,82507651,Tenacity %,2.17%,217,1,2173,Defense,8,80000,1,849268,E,4,4,0,100.0,53.0,83.3,53.0,0,0.0,slice,0,0,0,0,29.6,0.0,42.2,14.8,JARJARBINKS,CANDIDATE,KEEP,obserwuj przed wydaniem materiałów,0.0,,,,,,,,,,,,,,,,,,,,,,,
CgAyBM0MSUqXPGhNHLcLqg,153,Health,5,Diamond,1,15,False,0,True,POSTAĆ: JAWA,5ywHMJ9JS6uKxXVPi5ef0w,Defense %,11.75%,1175,0,,Protection,713,7130000,1,71315316,Offense,40,400000,1,3931404,Potency %,2.17%,217,1,2179,Speed,5,50000,1,568710,E,4,4,0,100.0,66.0,83.3,66.0,0,0.0,slice,0,0,0,0,30.2,0.0,43.0,14.8,JARJARBINKS,CANDIDATE,SLICE,wartość moda lub dopasowanie do postaci uzasadnia kolejny roll,0.0,,,,,,,,,,,,,,,,,,,,,,,
DfJcje4pRBeTkhoxYIMY_g,153,Health,5,Diamond,1,15,False,0,False,MAGAZYN,,Defense %,11.75%,1175,0,,Protection %,1.28%,128,1,1281,Health %,0.86%,86,1,867,Offense %,0.34%,34,1,345,Speed,5,50000,1,510840,E,4,4,0,100.0,83.5,83.3,83.5,0,0.0,slice,0,0,0,0,24.2,0.0,33.8,14.8,JARJARBINKS,CANDIDATE,SLICE,wartość moda lub dopasowanie do postaci uzasadnia kolejny roll,0.0,,,,,,,,,,,,,,,,,,,,,,,
EFNuZNCeRqyoQQMrjFci2w,153,Health,5,Diamond,3,15,False,0,True,POSTAĆ: MAGNAGUARD,Z8Ga0KbwQFW3sczCZvLntg,Defense %,11.75%,1175,0,,Critical Chance %,1.8%,180,1,1807,Protection %,1.25%,125,1,1257,Defense,14,140000,2,768761|718193,Speed,9,90000,2,585570|314430,C,6,6,0,100.0,60.5,75.0,60.5,0,0.0,slice,0,0,0,0,34.5,0.0,49.6,14.8,JARJARBINKS,CANDIDATE,SLICE,wartość moda lub dopasowanie do postaci uzasadnia kolejny roll,0.0,,,,,,,,,,,,,,,,,,,,,,,
EKdj0fXzSkqzujb83o2RkA,153,Health,5,Diamond,4,15,False,0,True,POSTAĆ: TUSKENHUNTRESS,Om8oxl8XQyy1PCqOuPpJ3g,Defense %,11.75%,1175,0,,Protection,1245,12450000,2,50811955|73765586,Health,450,4500000,2,22572219|22480070,Potency %,1.57%,157,1,1573,Speed,9,90000,2,564360|415470,B,7,7,0,100.0,60.9,75.0,60.9,0,0.0,slice,0,0,0,0,33.7,0.0,48.4,14.8,JARJARBINKS,CANDIDATE,SLICE,wartość moda lub dopasowanie do postaci uzasadnia kolejny roll,0.0,,,,,,,,,,,,,,,,,,,,,,,
EySNluhNSdWdmINqGYva-g,153,Health,5,Diamond,1,15,False,0,False,MAGAZYN,,Defense %,11.75%,1175,0,,Health %,1.06%,106,1,1066,Protection,658,6580000,1,65825050,Protection %,2%,200,1,2009,Speed,5,50000,1,530280,E,4,4,0,100.0,72.5,83.3,72.5,0,0.0,slice,0,0,0,0,30.3,0.0,43.1,14.8,JARJARBINKS,CANDIDATE,SLICE,wartość moda lub dopasowanie do postaci uzasadnia kolejny roll,0.0,,,,,,,,,,,,,,,,,,,,,,,
GKYO12EmSRWFQ6Xk30UrKQ,153,Health,5,Diamond,1,15,False,0,False,MAGAZYN,,Defense %,11.75%,1175,0,,Protection %,1.13%,113,1,1137,Critical Chance %,1.99%,199,1,1993,Defense,4,40000,1,499114,Speed,5,50000,1,571890,E,4,4,0,100.0,57.2,83.3,57.2,0,0.0,slice,0,0,0,0,29.3,0.0,41.6,14.8,JARJARBINKS,CANDIDATE,KEEP,obserwuj przed wydaniem materiałów,0.0,,,,,,,,,,,,,,,,,,,,,,,
GUiLB3DqQYCIXtl3Ktx2mA,153,Health,5,Diamond,1,15,False,0,True,POSTAĆ: SCARIFREBEL,GCcqj7sLRhql1nUuT1xRhA,Defense %,11.75%,1175,0,,Speed,5,50000,1,513330,Protection %,2.2%,220,1,2201,Tenacity %,1.36%,136,1,1364,Offense %,0.48%,48,1,488,E,4,4,0,100.0,73.0,83.3,73.0,0,0.0,slice,0,0,0,0,24.2,0.0,33.8,14.8,JARJARBINKS,CANDIDATE,SLICE,wartość moda lub dopasowanie do postaci uzasadnia kolejny roll,0.0,,,,,,,,,,,,,,,,,,,,,,,
Gpx927mMREO-jwDTTS5BlQ,153,Health,5,Diamond,1,15,False,0,False,MAGAZYN,,Defense %,11.75%,1175,0,,Protection,779,7790000,1,77947657,Speed,5,50000,1,559770,Offense %,0.55%,55,1,553,Defense,8,80000,1,833588,E,4,4,0,100.0,68.5,83.3,68.5,0,0.0,slice,0,0,0,0,29.6,0.0,42.2,14.8,JARJARBINKS,CANDIDATE,SLICE,wartość moda lub dopasowanie do postaci uzasadnia kolejny roll,0.0,,,,,,,,,,,,,,,,,,,,,,,
InEPNHsXT-636FsPeOETvw,153,Health,5,Diamond,5,15,False,0,True,POSTAĆ: ZAALBAR,pPDISq-7SOKmBV4m1ltRvQ,Defense %,11.75%,1175,0,,Protection %,3.81%,381,2,2027|1783,Health %,2.39%,239,3,961|804|629,Speed,9,90000,2,512490|409200,Health,425,4250000,1,42592125,A,8,8,0,100.0,75.5,75.0,75.5,0,57.7,6-dot,0,0,0,0,26.8,0.0,37.8,14.8,JARJARBINKS,CANDIDATE,SLICE_6E,5A ma wystarczającą wartość lub dopasowanie do postaci,0.0,,,,,,,,,,,,,,,,,,,,,,,
KnzfgkODQ_WwKFPo6xU4Vg,153,Health,5,Diamond,3,15,False,0,True,POSTAĆ: ROYALGUARD,Tm3WsbyASby5qAiySY83Mw,Defense %,11.75%,1175,0,,Offense %,0.69%,69,2,293|403,Offense,25,250000,1,2475852,Defense,17,170000,2,748426|952903,Speed,5,50000,1,503010,C,6,6,0,100.0,72.3,83.3,72.3,0,0.0,slice,0,0,0,0,23.6,0.0,32.9,14.8,JARJARBINKS,CANDIDATE,SLICE,wartość moda lub dopasowanie do postaci uzasadnia kolejny roll,0.0,,,,,,,,,,,,,,,,,,,,,,,
L34Nt9srTK2OWu22W947Gg,153,Health,5,Diamond,3,15,False,0,True,POSTAĆ: BAZEMALBUS,hFJlCdqkS4WmlGjn4AsHbA,Defense %,11.75%,1175,0,,Critical Chance %,1.71%,171,1,1711,Protection,1886,18860000,3,71215644|69807777|47630757,Health,249,2490000,1,24961664,Speed,5,50000,1,590940,C,6,6,0,100.0,52.8,83.3,52.8,0,0.0,slice,0,0,0,0,28.7,0.0,40.7,14.8,JARJARBINKS,CANDIDATE,KEEP,obserwuj przed wydaniem materiałów,0.0,,,,,,,,,,,,,,,,,,,,,,,
MRRa-Vj4SSyB73gSutN3sA,153,Health,5,Diamond,3,15,False,0,True,POSTAĆ: BOSSK,HHG46px_TKifMzyZeOHdbg,Defense %,11.75%,1175,0,,Offense %,0.52%,52,1,524,Protection %,1.68%,168,1,1688,Critical Chance %,3.16%,316,2,1881|1285,Speed,10,100000,2,500280|536910,C,6,6,0,100.0,68.7,83.3,68.7,0.0,0.0,slice,0,0,0,0,27.7,0.0,39.2,14.8,JARJARBINKS,CANDIDATE,SLICE,wartość moda lub dopasowanie do postaci uzasadnia kolejny roll,0.0,,,,,,,,,,,,,,,,,,,,,,,
MS1AFnjBRzaoVlC_n2QriA,153,Health,5,Diamond,5,15,False,0,True,POSTAĆ: ADMIRALPIETT,Mz0_xu-vQt23Vd1Prv1rHw,Defense %,11.75%,1175,0,,Health %,0.62%,62,1,622,Speed,14,140000,3,529320|462840|425610,Critical Chance %,2.63%,263,2,1450|1182,Defense,15,150000,2,780864|808108,A,8,8,0,100.0,61.3,77.8,61.3,0,39.6,6-dot,0,0,0,0,31.7,0.0,45.3,14.8,JARJARBINKS,CANDIDATE,SLICE_6E,5A ma wystarczającą wartość lub dopasowanie do postaci,0.0,,,,,,,,,,,,,,,,,,,,,,,
OG5zH91uS7CJ9VT0H9QyAg,153,Health,5,Diamond,3,15,False,0,True,POSTAĆ: PAPLOO,awo_NEYISgeeJL0hZbGZEQ,Defense %,11.75%,1175,0,,Speed,5,50000,1,513420,Potency %,3.21%,321,2,1245|1973,Protection %,2.16%,216,1,2163,Offense,80,800000,2,4293924|3689040,C,6,6,0,100.0,67.0,83.3,67.0,0,0.0,slice,0,0,0,0,24.4,0.0,34.1,14.8,JARJARBINKS,CANDIDATE,SLICE,wartość moda lub dopasowanie do postaci uzasadnia kolejny roll,0.0,,,,,,,,,,,,,,,,,,,,,,,
Q3HpxDtZTT2Fqa0g4AeKVw,153,Health,5,Diamond,1,15,False,0,True,POSTAĆ: MACEWINDU,DCfkIiseTzaVx-iiN6Qzpw,Defense %,11.75%,1175,0,,Speed,5,50000,1,547080,Health,287,2870000,1,28744059,Potency %,1.28%,128,1,1283,Critical Chance %,1.62%,162,1,1627,E,4,4,0,100.0,51.7,83.3,51.7,0,0.0,slice,0,0,0,0,23.7,0.0,33.0,14.8,JARJARBINKS,CANDIDATE,KEEP,wartość secondary zbyt niska,0.0,,,,,,,,,,,,,,,,,,,,,,,
QWDU0nIGSLyprn_cYhesLw,153,Health,5,Diamond,5,15,False,0,True,POSTAĆ: EETHKOTH,9MxaXkXATp2x3acJC_s2Mg,Defense %,11.75%,1175,0,,Defense,24,240000,3,855736|783755|783118,Speed,5,50000,1,532650,Potency %,3.6%,360,2,1967|1641,Protection,1317,13170000,2,72120998|59624621,A,8,8,0,100.0,45.8,83.3,45.8,0,61.7,6-dot,0,0,0,0,24.1,0.0,33.6,14.8,JARJARBINKS,CANDIDATE,SLICE_6E,5A ma wystarczającą wartość lub dopasowanie do postaci,0.0,,,,,,,,,,,,,,,,,,,,,,,
R6E4E3VhSYae_CuXhNGeVA,153,Health,5,Diamond,1,15,False,0,True,POSTAĆ: URORRURRR,Og41VwyAS3Wj_pSqozBePw,Defense %,11.75%,1175,0,,Critical Chance %,1.93%,193,1,1938,Speed,5,50000,1,585420,Health,393,3930000,1,39334765,Offense %,0.41%,41,1,411,E,4,4,0,100.0,66.2,83.3,66.2,0,0.0,slice,0,0,0,0,23.7,0.0,33.0,14.8,JARJARBINKS,CANDIDATE,SLICE,wartość moda lub dopasowanie do postaci uzasadnia kolejny roll,0.0,,,,,,,,,,,,,,,,,,,,,,,
S9yKVwbKTg-7V9ZWZU-Srg,153,Health,5,Diamond,1,15,False,0,True,POSTAĆ: KRRSANTAN,Hp8Wc9waS6mDnvwCl6g3Sw,Defense %,11.75%,1175,0,,Speed,5,50000,1,533460,Potency %,1.37%,137,1,1377,Tenacity %,1.35%,135,1,1356,Defense,5,50000,1,525819,E,4,4,0,100.0,49.5,83.3,49.5,0,0.0,slice,0,0,0,0,23.6,0.0,32.8,14.8,JARJARBINKS,CANDIDATE,KEEP,wartość secondary zbyt niska,0.0,,,,,,,,,,,,,,,,,,,,,,,
Tsokb-q4Rii3nKVZCrTlVQ,153,Health,5,Diamond,1,15,False,0,True,POSTAĆ: JEDIKNIGHTGUARDIAN,W0PL0DaaTsOE_VtzDqxDLA,Defense %,11.75%,1175,0,,Potency %,1.86%,186,1,1867,Speed,5,50000,1,576540,Critical Chance %,1.9%,190,1,1909,Health,236,2360000,1,23626575,E,4,4,0,100.0,51.7,83.3,51.7,0,0.0,slice,0,0,0,0,23.7,0.0,33.0,14.8,JARJARBINKS,CANDIDATE,KEEP,wartość secondary zbyt niska,0.0,,,,,,,,,,,,,,,,,,,,,,,
TsyrVsm1TnWlXIDdGYPSyg,153,Health,5,Diamond,2,15,False,0,True,POSTAĆ: LUMINARAUNDULI,9xjJ1FksQSOEtjqJLWBMIA,Defense %,11.75%,1175,0,,Health %,0.68%,68,1,689,Tenacity %,1.91%,191,1,1913,Speed,5,50000,1,524370,Protection %,3.29%,329,2,1239|2055,D,5,5,0,100.0,68.4,83.3,68.4,0,0.0,slice,0,0,0,0,24.4,0.0,34.1,14.8,JARJARBINKS,CANDIDATE,SLICE,wartość moda lub dopasowanie do postaci uzasadnia kolejny roll,0.0,,,,,,,,,,,,,,,,,,,,,,,
V31o96E4RJerKilokBsiIw,153,Health,5,Diamond,1,15,False,0,True,POSTAĆ: KUIIL,dmUHCShASp6QkYkaZ_yX1A,Defense %,11.75%,1175,0,,Potency %,1.18%,118,1,1186,Offense %,0.31%,31,1,312,Speed,5,50000,1,572010,Protection %,1.68%,168,1,1685,E,4,4,0,100.0,74.0,83.3,74.0,0,0.0,slice,0,0,0,0,24.2,0.0,33.8,14.8,JARJARBINKS,CANDIDATE,SLICE,wartość moda lub dopasowanie do postaci uzasadnia kolejny roll,0.0,,,,,,,,,,,,,,,,,,,,,,,
VgloNDoWSS2LxZ0Ac7QSVA,153,Health,5,Diamond,5,15,False,0,True,POSTAĆ: L3_37,eS3LbQ-4S4WqItNYOU7j6g,Defense %,11.75%,1175,0,,Speed,5,50000,1,595950,Potency %,1.19%,119,1,1193,Health %,2.64%,264,3,837|688|1122,Protection,1946,19460000,3,54238180|59030742|81357270,A,8,8,0,100.0,61.8,83.3,61.8,0,51.3,6-dot,0,0,0,0,19.5,0.0,26.5,14.8,JARJARBINKS,CANDIDATE,SLICE_6E,5A ma wystarczającą wartość lub dopasowanie do postaci,0.0,,,,,,,,,,,,,,,,,,,,,,,
YfgRkCLFQcqCBkqPFNgzEg,153,Health,5,Diamond,1,15,False,0,True,POSTAĆ: TARFFUL,QjIvOKHqRayuGuSHCZTfpA,Defense %,11.75%,1175,0,,Defense,7,70000,1,733383,Speed,5,50000,1,570420,Protection,565,5650000,1,56572166,Offense,36,360000,1,3528984,E,4,4,0,100.0,66.0,83.3,66.0,0,0.0,slice,0,0,0,0,35.3,0.0,50.9,14.8,JARJARBINKS,CANDIDATE,SLICE,wartość moda lub dopasowanie do postaci uzasadnia kolejny roll,0.0,,,,,,,,,,,,,,,,,,,,,,,
ZtkwWBmvT5Cj8bn12bMV1Q,153,Health,5,Diamond,4,15,False,0,True,POSTAĆ: FINN,Ys-1OpVoRvq5bmhl-p99Ig,Defense %,11.75%,1175,0,,Protection,1088,10880000,2,51173266|57639487,Defense,12,120000,2,634746|573447,Health %,0.72%,72,1,721,Speed,9,90000,2,576060|366720,B,7,7,0,100.0,62.3,75.0,62.3,0,0.0,slice,0,0,0,0,33.6,0.0,48.2,14.8,JARJARBINKS,CANDIDATE,SLICE,wartość moda lub dopasowanie do postaci uzasadnia kolejny roll,0.0,,,,,,,,,,,,,,,,,,,,,,,
_uXzvKobQQmk0U-lgWBJ-w,153,Health,5,Diamond,1,15,False,0,True,POSTAĆ: HOTHREBELSOLDIER,ZpDjqAT0RXCT9-1kiCCWxQ,Defense %,11.75%,1175,0,,Offense,34,340000,1,3374856,Tenacity %,2.14%,214,1,2142,Speed,5,50000,1,575610,Potency %,1.68%,168,1,1689,E,4,4,0,100.0,61.5,83.3,61.5,0,0.0,slice,0,0,0,0,24.1,0.0,33.7,14.8,JARJARBINKS,CANDIDATE,SLICE,wartość moda lub dopasowanie do postaci uzasadnia kolejny roll,0.0,,,,,,,,,,,,,,,,,,,,,,,
cOvE9i6KTQ2_gskDgfzWog,153,Health,5,Diamond,3,15,False,0,True,POSTAĆ: JUHANI,UDoCRH4uS92zX8gCJxA-DA,Defense %,11.75%,1175,0,,Speed,9,90000,2,583830|407160,Health,345,3450000,1,34528016,Offense,45,450000,1,4476096,Tenacity %,2.92%,292,2,1591|1338,C,6,6,0,100.0,65.0,75.0,65.0,0.0,0.0,slice,0,0,0,0,31.1,0.0,44.5,14.8,JARJARBINKS,CANDIDATE,SLICE,wartość moda lub dopasowanie do postaci uzasadnia kolejny roll,0.0,,,,,,,,,,,,,,,,,,,,,,,
djZOHC8dTBqwdNfu6WR6fg,153,Health,5,Diamond,1,15,False,0,False,MAGAZYN,,Defense %,11.75%,1175,0,,Protection,458,4580000,1,45836661,Speed,5,50000,1,511140,Offense %,0.53%,53,1,533,Critical Chance %,2.08%,208,1,2089,E,4,4,0,100.0,66.2,83.3,66.2,0,0.0,slice,0,0,0,0,24.5,0.0,34.3,14.8,JARJARBINKS,CANDIDATE,SLICE,wartość moda lub dopasowanie do postaci uzasadnia kolejny roll,0.0,,,,,,,,,,,,,,,,,,,,,,,
eAbOFXYBTvCilLof8MpH5Q,153,Health,5,Diamond,1,15,False,0,False,MAGAZYN,,Defense %,11.75%,1175,0,,Tenacity %,1.25%,125,1,1257,Offense,38,380000,1,3722784,Critical Chance %,1.5%,150,1,1506,Speed,5,50000,1,567510,E,4,4,0,100.0,59.2,83.3,59.2,0,0.0,slice,0,0,0,0,24.1,0.0,33.7,14.8,JARJARBINKS,CANDIDATE,SLICE,wartość moda lub dopasowanie do postaci uzasadnia kolejny roll,0.0,,,,,,,,,,,,,,,,,,,,,,,
excuZ34qS3yecStJsKOnxg,153,Health,5,Diamond,4,15,False,0,True,POSTAĆ: PLOKOON,xoy2sZzCSUCkBgyoxZ2UXg,Defense %,11.75%,1175,0,,Critical Chance %,1.35%,135,1,1351,Speed,12,120000,3,533340|386760|368220,Tenacity %,3.42%,342,2,1550|1878,Protection,602,6020000,1,60280795,B,7,7,0,100.0,61.9,66.7,61.9,0,0.0,slice,0,0,0,0,33.6,0.0,48.2,14.8,JARJARBINKS,CANDIDATE,SLICE,wartość moda lub dopasowanie do postaci uzasadnia kolejny roll,0.0,,,,,,,,,,,,,,,,,,,,,,,
fiTHg-MxTP6pTUk8vy4t9w,153,Health,5,Diamond,1,15,False,0,False,MAGAZYN,,Defense %,11.75%,1175,0,,Tenacity %,1.28%,128,1,1282,Defense,7,70000,1,702415,Health %,0.95%,95,1,957,Speed,5,50000,1,579510,E,4,4,0,100.0,59.0,83.3,59.0,0,0.0,slice,0,0,0,0,23.6,0.0,32.8,14.8,JARJARBINKS,CANDIDATE,SLICE,wartość moda lub dopasowanie do postaci uzasadnia kolejny roll,0.0,,,,,,,,,,,,,,,,,,,,,,,
gaqK4uqERfSlp_8C-kWQTA,153,Health,5,Diamond,1,15,False,0,False,MAGAZYN,,Defense %,11.75%,1175,0,,Critical Chance %,1.22%,122,1,1222,Health %,0.64%,64,1,648,Speed,5,50000,1,574830,Tenacity %,2.07%,207,1,2070,E,4,4,0,100.0,56.8,83.3,56.8,0,0.0,slice,0,0,0,0,18.5,0.0,25.0,14.8,JARJARBINKS,CANDIDATE,KEEP,obserwuj przed wydaniem materiałów,0.0,,,,,,,,,,,,,,,,,,,,,,,
gfsyUhQ6QNWK4vyGq-VQhg,153,Health,5,Diamond,1,15,False,0,False,MAGAZYN,,Defense %,11.75%,1175,0,,Protection,528,5280000,1,52817854,Protection %,1.56%,156,1,1560,Offense,37,370000,1,3647772,Speed,5,50000,1,588540,E,4,4,0,100.0,75.0,83.3,75.0,0,0.0,slice,0,0,0,0,35.9,0.0,51.8,14.8,JARJARBINKS,CANDIDATE,SLICE,wartość moda lub dopasowanie do postaci uzasadnia kolejny roll,0.0,,,,,,,,,,,,,,,,,,,,,,,
iRZ-SP9KSlSEf-ts0Zk5cw,153,Health,5,Diamond,2,15,False,0,True,POSTAĆ: CEREJUNDA,72VBeoIDQ36DwUyEXxNADA,Defense %,11.75%,1175,0,,Speed,5,50000,1,503640,Health,332,3320000,1,33222929,Defense,9,90000,1,974757,Offense,73,730000,2,3666240|3569568,D,5,5,0,100.0,69.2,83.3,69.2,0.0,0.0,slice,0,0,0,0,32.5,0.0,46.6,14.8,JARJARBINKS,CANDIDATE,SLICE,wartość moda lub dopasowanie do postaci uzasadnia kolejny roll,0.0,,,,,,,,,,,,,,,,,,,,,,,
j4BCvwjWR_mQDDTH8HXqVw,153,Health,5,Diamond,2,15,False,0,True,POSTAĆ: EWOKELDER,z3sHtcymTXefNPlDiehKqQ,Defense %,11.75%,1175,0,,Speed,5,50000,1,597060,Tenacity %,1.19%,119,1,1193,Potency %,2.74%,274,2,1339|1404,Health,236,2360000,1,23665149,D,5,5,0,100.0,49.2,83.3,49.2,0,0.0,slice,0,0,0,0,19.4,0.0,26.4,14.8,JARJARBINKS,CANDIDATE,KEEP,wartość secondary zbyt niska,0.0,,,,,,,,,,,,,,,,,,,,,,,
kxDhlFrKTS-Br2AYLRvfdA,153,Health,5,Diamond,1,15,False,0,True,POSTAĆ: DATHCHA,E40HoMmWQfGRpU9ltvprtg,Defense %,11.75%,1175,0,,Speed,5,50000,1,567360,Health %,0.71%,71,1,711,Potency %,1.82%,182,1,1829,Protection,422,4220000,1,42256775,E,4,4,0,100.0,63.5,83.3,63.5,0,0.0,slice,0,0,0,0,24.5,0.0,34.3,14.8,JARJARBINKS,CANDIDATE,SLICE,wartość moda lub dopasowanie do postaci uzasadnia kolejny roll,0.0,,,,,,,,,,,,,,,,,,,,,,,
lLxWxDhNSRmuiltZ8Qn9LQ,153,Health,5,Diamond,3,15,False,0,True,POSTAĆ: BARRISSOFFEE,6re5azNmTWyiNI9wV_gGaw,Defense %,11.75%,1175,0,,Potency %,1.7%,170,1,1706,Protection,800,8000000,1,80036616,Speed,13,130000,3,540180|357630|461370,Offense,37,370000,1,3698388,C,6,6,0,100.0,77.3,72.2,77.3,0,0.0,slice,0,0,0,0,42.5,0.0,62.0,14.8,JARJARBINKS,CANDIDATE,SLICE,wartość moda lub dopasowanie do postaci uzasadnia kolejny roll,0.0,,,,,,,,,,,,,,,,,,,,,,,
lvExWibiRyuGoNdTmUxIlw,153,Health,5,Diamond,5,15,False,0,True,POSTAĆ: JOLEEBINDO,VGWjnbEWQPq1K6gWK0LcwQ,Defense %,11.75%,1175,0,,Speed,9,90000,2,505500|396840,Health %,1.03%,103,1,1031,Offense,75,750000,2,4507560|2948268,Defense,23,230000,3,611030|743918|959567,A,8,8,0,100.0,67.2,75.0,67.2,0,60.2,6-dot,0,0,0,0,31.8,0.0,45.4,14.8,JARJARBINKS,CANDIDATE,SLICE_6E,5A ma wystarczającą wartość lub dopasowanie do postaci,0.0,,,,,,,,,,,,,,,,,,,,,,,
nnCDHM_7TZm1d6Ys9S8kTA,153,Health,5,Diamond,1,15,False,0,True,POSTAĆ: CLONEWARSCHEWBACCA,WhyOA0ViSSaj8EJPe4pYfw,Defense %,11.75%,1175,0,,Health %,0.63%,63,1,634,Offense,38,380000,1,3744444,Health,391,3910000,1,39154753,Speed,5,50000,1,570270,E,4,4,0,100.0,75.5,83.3,75.5,0,0.0,slice,0,0,0,0,29.3,0.0,41.7,14.8,JARJARBINKS,CANDIDATE,SLICE,wartość moda lub dopasowanie do postaci uzasadnia kolejny roll,0.0,,,,,,,,,,,,,,,,,,,,,,,
pVawLY0aT-GLA4LTyUrVAw,153,Health,5,Diamond,1,15,False,0,True,POSTAĆ: JAWASCAVENGER,yRCvDW99TKKBJW3GpM2Xkw,Defense %,11.75%,1175,0,,Protection,648,6480000,1,64894778,Health %,1.05%,105,1,1057,Speed,5,50000,1,544110,Protection %,1.32%,132,1,1328,E,4,4,0,100.0,72.5,83.3,72.5,0,0.0,slice,0,0,0,0,30.3,0.0,43.1,14.8,JARJARBINKS,CANDIDATE,SLICE,wartość moda lub dopasowanie do postaci uzasadnia kolejny roll,0.0,,,,,,,,,,,,,,,,,,,,,,,
r63lQYDqT2OHFfbYKeL9DQ,153,Health,5,Diamond,5,15,False,0,True,POSTAĆ: ROSETICO,da51QIPySzW1uE1DmDmsIg,Defense %,11.75%,1175,0,,Speed,5,50000,1,586440,Health,590,5900000,2,22349347|36653872,Tenacity %,3.61%,361,2,2031|1587,Protection,1753,17530000,3,66709639|53299602|55317960,A,8,8,0,100.0,50.0,83.3,50.0,0,48.1,6-dot,0,0,0,0,24.7,0.0,34.5,14.8,JARJARBINKS,CANDIDATE,SLICE_6E,5A ma wystarczającą wartość lub dopasowanie do postaci,0.0,,,,,,,,,,,,,,,,,,,,,,,
rRYjbh30TheO2HjHdZhn1g,153,Health,5,Diamond,1,15,False,0,True,POSTAĆ: SNOWTROOPER,W9JZl0dXSouEoEn3vimBdA,Defense %,11.75%,1175,0,,Protection %,1.76%,176,1,1766,Speed,5,50000,1,554160,Health %,0.84%,84,1,840,Offense %,0.43%,43,1,436,E,4,4,0,100.0,83.5,83.3,83.5,0,0.0,slice,0,0,0,0,24.2,0.0,33.8,14.8,JARJARBINKS,CANDIDATE,SLICE,wartość moda lub dopasowanie do postaci uzasadnia kolejny roll,0.0,,,,,,,,,,,,,,,,,,,,,,,
srDIzkk7QB-44EzQQK4GdQ,153,Health,5,Diamond,5,15,False,0,True,POSTAĆ: MORGANELSBETH,6CYwP6e4RNyTtmovj37aNw,Defense %,11.75%,1175,0,,Potency %,3.8%,380,2,2038|1770,Critical Chance %,1.55%,155,1,1550,Speed,14,140000,3,318990|599850|553770,Tenacity %,3.36%,336,2,1396|1972,A,8,8,0,100.0,56.6,77.8,56.6,0,55.1,6-dot,0,0,0,0,26.6,0.0,37.5,14.8,JARJARBINKS,CANDIDATE,SLICE_6E,5A ma wystarczającą wartość lub dopasowanie do postaci,0.0,,,,,,,,,,,,,,,,,,,,,,,
v21wKJPqRHKLthe85K_3gA,153,Health,5,Diamond,1,15,False,0,True,POSTAĆ: DARKTROOPER,0cUSi_XpTM6gWuZVXoK4dg,Defense %,11.75%,1175,0,,Health %,0.74%,74,1,749,Speed,5,50000,1,508530,Potency %,1.97%,197,1,1976,Offense,32,320000,1,3120408,E,4,4,0,100.0,72.0,83.3,72.0,0,0.0,slice,0,0,0,0,24.1,0.0,33.7,14.8,JARJARBINKS,CANDIDATE,SLICE,wartość moda lub dopasowanie do postaci uzasadnia kolejny roll,0.0,,,,,,,,,,,,,,,,,,,,,,,
vZiqhmVQQ7KIhOzlulGB8Q,153,Health,5,Diamond,1,15,False,0,True,POSTAĆ: DARTHSION,OP5-B8qmQuKc8DFcXDEBsg,Defense %,11.75%,1175,0,,Tenacity %,1.53%,153,1,1539,Protection %,1.22%,122,1,1227,Speed,5,50000,1,520110,Health,352,3520000,1,35286638,E,4,4,0,100.0,62.0,83.3,62.0,0,0.0,slice,0,0,0,0,29.4,0.0,41.8,14.8,JARJARBINKS,CANDIDATE,SLICE,wartość moda lub dopasowanie do postaci uzasadnia kolejny roll,0.0,,,,,,,,,,,,,,,,,,,,,,,
vuDMxnaMSjOo2Ujw77zFpA,153,Health,5,Diamond,1,15,False,0,True,POSTAĆ: CT7567,JLM-m7ixRCOVuvT1dBCzSQ,Defense %,11.75%,1175,0,,Critical Chance %,1.23%,123,1,1237,Potency %,2.14%,214,1,2146,Speed,5,50000,1,517830,Offense,37,370000,1,3624288,E,4,4,0,100.0,60.2,83.3,60.2,0,0.0,slice,0,0,0,0,24.1,0.0,33.7,14.8,JARJARBINKS,CANDIDATE,SLICE,wartość moda lub dopasowanie do postaci uzasadnia kolejny roll,0.0,,,,,,,,,,,,,,,,,,,,,,,
wvnjsUKiQrKt_hB8ex0MFg,153,Health,5,Diamond,5,15,False,0,True,POSTAĆ: CARADUNE,KEKoHlnlSSW1OzNJhH-ULw,Defense %,11.75%,1175,0,,Defense,6,60000,1,670859,Offense %,0.87%,87,2,500|376,Speed,9,90000,2,547380|385440,Health,956,9560000,3,36836027|32779328|26035307,A,8,8,0,100.0,70.2,75.0,70.2,0,47.2,6-dot,0,0,0,0,28.8,0.0,40.9,14.8,JARJARBINKS,CANDIDATE,SLICE_6E,5A ma wystarczającą wartość lub dopasowanie do postaci,0.0,,,,,,,,,,,,,,,,,,,,,,,
x2Ko8zHaRT-mtXv3aSJG3A,153,Health,5,Diamond,1,15,False,0,True,POSTAĆ: SHORETROOPER,lsA9eN70SUqAdyaJCffQBg,Defense %,11.75%,1175,0,,Protection,581,5810000,1,58125388,Potency %,1.56%,156,1,1565,Speed,5,50000,1,537360,Defense,7,70000,1,703689,E,4,4,0,100.0,54.0,83.3,54.0,0,0.0,slice,0,0,0,0,29.6,0.0,42.2,14.8,JARJARBINKS,CANDIDATE,KEEP,obserwuj przed wydaniem materiałów,0.0,,,,,,,,,,,,,,,,,,,,,,,
xlLgOy3aSi2gCKCtQKmplg,153,Health,5,Diamond,1,15,False,0,True,POSTAĆ: LUKESKYWALKER,nLrjzg3uSFWnmJClrEe38A,Defense %,11.75%,1175,0,,Offense,32,320000,1,3147084,Health,272,2720000,1,27299677,Speed,5,50000,1,500970,Offense %,0.55%,55,1,552,E,4,4,0,100.0,80.5,83.3,80.5,0,0.0,slice,0,0,0,0,29.3,0.0,41.7,14.8,JARJARBINKS,CANDIDATE,SLICE,wartość moda lub dopasowanie do postaci uzasadnia kolejny roll,0.0,,,,,,,,,,,,,,,,,,,,,,,
yhi-0At1TrWxvnwHXsn_OQ,153,Health,5,Diamond,3,15,False,0,True,POSTAĆ: QUIGGOLD,B3mCleNuRuiQtWer9Zjqwg,Defense %,11.75%,1175,0,,Health %,0.77%,77,1,775,Offense,63,630000,2,2834268|3385572,Potency %,2.66%,266,2,1195|1469,Speed,5,50000,1,593940,C,6,6,0,100.0,67.3,83.3,67.3,0,0.0,slice,0,0,0,0,20.6,0.0,28.2,14.8,JARJARBINKS,CANDIDATE,SLICE,wartość moda lub dopasowanie do postaci uzasadnia kolejny roll,0.0,,,,,,,,,,,,,,,,,,,,,,,
24hhIHRKR8qHOiyBaXZBJQ,153,Health,5,Diamond,2,9,False,0,False,MAGAZYN,,Defense %,7.25%,725,0,,Critical Chance %,1.88%,188,1,1885,Speed,5,50000,1,586380,Health %,0.95%,95,1,951,Protection,658,6580000,1,65833356,D,4,5,1,100.0,61.3,83.3,69.0,7.7,0.0,upgrade,0,0,0,0,24.5,0.0,34.3,14.8,JARJARBINKS,CANDIDATE,UPGRADE,nieujawnione wszystkie secondary,0.0,,,,,,,,,,,,,,,,,,,,,,,
9QkNIeQnRRG9AdTfF4_KTg,153,Health,5,Diamond,2,9,False,0,True,POSTAĆ: IG11,mqfX-RgRRcykqF6ZAoBo8g,Defense %,7.25%,725,0,,Health %,0.71%,71,1,715,Speed,5,50000,1,595530,Protection %,2.11%,211,1,2118,Critical Chance %,1.82%,182,1,1827,D,4,5,1,100.0,66.8,83.3,73.4,6.7,0.0,upgrade,0,0,0,0,24.2,0.0,33.8,14.8,JARJARBINKS,CANDIDATE,UPGRADE,nieujawnione wszystkie secondary,0.0,,,,,,,,,,,,,,,,,,,,,,,
Bhpk81mqTVas7t4ITOAqlg,153,Health,5,Diamond,2,9,False,0,True,POSTAĆ: CAPTAINENOCH,MYo2BupuSfCihon9rUfSwg,Defense %,7.25%,725,0,,Health %,1.02%,102,1,1022,Speed,5,50000,1,505830,Health,243,2430000,1,24342337,Protection,697,6970000,1,69712258,D,4,5,1,100.0,67.0,83.3,73.6,6.6,0.0,upgrade,0,0,0,0,29.8,0.0,42.4,14.8,JARJARBINKS,CANDIDATE,UPGRADE,nieujawnione wszystkie secondary,0.0,,,,,,,,,,,,,,,,,,,,,,,
Clc933PXTOSAqjHpsDHqLQ,153,Health,5,Diamond,2,9,False,0,False,MAGAZYN,,Defense %,7.25%,725,0,,Defense,7,70000,1,774347,Potency %,1.57%,157,1,1576,Speed,5,50000,1,588060,Critical Chance %,1.94%,194,1,1940,D,4,5,1,100.0,48.3,83.3,58.6,10.4,0.0,upgrade,0,0,0,0,23.6,0.0,32.8,14.8,JARJARBINKS,CANDIDATE,UPGRADE,nieujawnione wszystkie secondary,0.0,,,,,,,,,,,,,,,,,,,,,,,
Pz02UCskTgKBPa8rbgXpng,153,Health,5,Diamond,2,9,False,0,True,POSTAĆ: JEDIKNIGHTCAL,QIF5yMuQQKq3dp-_Ka3c2w,Defense %,7.25%,725,0,,Defense,8,80000,1,877688,Offense %,0.29%,29,1,292,Speed,5,50000,1,574560,Critical Chance %,1.17%,117,1,1179,D,4,5,1,100.0,62.8,83.3,70.2,7.4,0.0,upgrade,0,0,0,0,23.6,0.0,32.8,14.8,JARJARBINKS,CANDIDATE,UPGRADE,nieujawnione wszystkie secondary,0.0,,,,,,,,,,,,,,,,,,,,,,,
Qrv4mGHvTUGLTg8daqkuSw,153,Health,5,Diamond,2,9,False,0,True,POSTAĆ: KYLORENUNMASKED,mmZzz2zbR36C6ye2aLObVg,Defense %,7.25%,725,0,,Health,236,2360000,1,23615860,Speed,5,50000,1,551070,Offense,38,380000,1,3769068,Health %,0.95%,95,1,957,D,4,5,1,100.0,75.5,83.3,80.4,4.9,0.0,upgrade,0,0,0,0,29.3,0.0,41.7,14.8,JARJARBINKS,CANDIDATE,UPGRADE,nieujawnione wszystkie secondary,0.0,,,,,,,,,,,,,,,,,,,,,,,
VktmWonNTgC60r2VkEJaLQ,153,Health,5,Diamond,2,9,False,0,True,POSTAĆ: GAMORREANGUARD,jgOdEbDhTxmOgREBJSK81w,Defense %,7.25%,725,0,,Offense %,0.51%,51,1,510,Potency %,2.15%,215,1,2157,Protection,736,7360000,1,73640996,Speed,5,50000,1,537870,D,4,5,1,100.0,68.5,83.3,74.8,6.3,0.0,upgrade,0,0,0,0,24.5,0.0,34.3,14.8,JARJARBINKS,CANDIDATE,UPGRADE,nieujawnione wszystkie secondary,0.0,,,,,,,,,,,,,,,,,,,,,,,
YFgUPLwXSpm48_EUGuS8jQ,153,Health,5,Diamond,2,9,False,0,True,POSTAĆ: YOUNGCHEWBACCA,iuUDyYYsQYiDZxTNS0SM9g,Defense %,7.25%,725,0,,Health %,1.06%,106,1,1066,Speed,5,50000,1,554700,Offense,27,270000,1,2688576,Offense %,0.44%,44,1,445,D,4,5,1,100.0,86.5,83.3,89.2,2.7,0.0,upgrade,0,0,0,0,24.1,0.0,33.7,14.8,JARJARBINKS,CANDIDATE,UPGRADE,nieujawnione wszystkie secondary,0.0,,,,,,,,,,,,,,,,,,,,,,,
dKniliOMSL-zyJUqv4kjXw,153,Health,5,Diamond,2,9,False,0,False,MAGAZYN,,Defense %,7.25%,725,0,,Offense %,0.49%,49,1,495,Health %,0.95%,95,1,956,Protection,435,4350000,1,43552511,Speed,5,50000,1,567540,D,4,5,1,100.0,78.0,83.3,82.4,4.4,0.0,upgrade,0,0,0,0,24.5,0.0,34.3,14.8,JARJARBINKS,CANDIDATE,UPGRADE,nieujawnione wszystkie secondary,0.0,,,,,,,,,,,,,,,,,,,,,,,
hAoX8Z0BThamEvy2X5qhIQ,153,Health,5,Diamond,2,9,False,0,True,POSTAĆ: ARCTROOPER501ST,hk_G0czZQSmDS9yhDrJRyA,Defense %,7.25%,725,0,,Potency %,1.42%,142,1,1423,Speed,5,50000,1,567900,Protection,739,7390000,1,73952471,Tenacity %,1.45%,145,1,1457,D,4,5,1,100.0,53.0,83.3,62.4,9.4,0.0,upgrade,0,0,0,0,24.5,0.0,34.3,14.8,JARJARBINKS,CANDIDATE,UPGRADE,nieujawnione wszystkie secondary,0.0,,,,,,,,,,,,,,,,,,,,,,,
tZYgMiBSSF-snTfkg_p01Q,153,Health,5,Diamond,2,9,False,0,True,POSTAĆ: PADAWANOBIWAN,fdUHER1QQFeX1Pqx02Ko5Q,Defense %,7.25%,725,0,,Offense %,0.35%,35,1,356,Speed,5,50000,1,559860,Critical Chance %,1.67%,167,1,1672,Protection %,1.68%,168,1,1681,D,4,5,1,100.0,71.8,83.3,77.4,5.7,0.0,upgrade,0,0,0,0,24.2,0.0,33.8,14.8,JARJARBINKS,CANDIDATE,UPGRADE,nieujawnione wszystkie secondary,0.0,,,,,,,,,,,,,,,,,,,,,,,
wULv2kaZRvCJct2BgUjjtw,153,Health,5,Diamond,2,9,False,0,True,POSTAĆ: SAVAGEOPRESS,vm6-1zqjQ7uXMOTMAcT16A,Defense %,7.25%,725,0,,Critical Chance %,1.17%,117,1,1178,Offense %,0.32%,32,1,324,Health %,1.1%,110,1,1108,Speed,5,50000,1,592590,D,4,5,1,100.0,72.2,83.3,77.8,5.5,0.0,upgrade,0,0,0,0,18.5,0.0,25.0,14.8,JARJARBINKS,CANDIDATE,UPGRADE,nieujawnione wszystkie secondary,0.0,,,,,,,,,,,,,,,,,,,,,,,
-hw6h440Tcm3TN8OiR6ZwA,153,Health,5,Diamond,3,6,False,0,False,MAGAZYN,,Defense %,5%,500,0,,Protection %,1.14%,114,1,1145,Health %,0.76%,76,1,767,Defense,6,60000,1,600201,Speed,5,50000,1,532440,C,4,6,2,100.0,69.0,83.3,79.3,10.3,0.0,upgrade,0,0,0,0,29.3,0.0,41.6,14.8,JARJARBINKS,CANDIDATE,UPGRADE,nieujawnione wszystkie secondary,0.0,,,,,,,,,,,,,,,,,,,,,,,
2Zbmb-BUSDOnGEYG-RYu6g,153,Health,5,Diamond,3,6,False,0,True,POSTAĆ: CHIEFNEBIT,gbPYHApKTDSmWMiuMeaBZg,Defense %,5%,500,0,,Health %,0.75%,75,1,756,Potency %,1.24%,124,1,1243,Speed,5,50000,1,551640,Critical Chance %,1.24%,124,1,1240,C,4,6,2,100.0,57.8,83.3,71.8,14.1,0.0,upgrade,0,0,0,0,18.5,0.0,25.0,14.8,JARJARBINKS,CANDIDATE,UPGRADE,nieujawnione wszystkie secondary,0.0,,,,,,,,,,,,,,,,,,,,,,,
5eenO3ppTaCMYHDC5KJElw,153,Health,5,Diamond,3,6,False,0,True,POSTAĆ: KELLERANBEQ,F9xPCLOjTE67usCPkus2uQ,Defense %,5%,500,0,,Defense,7,70000,1,746956,Offense,36,360000,1,3516900,Speed,5,50000,1,536910,Protection,702,7020000,1,70239689,C,4,6,2,100.0,66.0,83.3,77.3,11.3,0.0,upgrade,0,0,0,0,35.3,0.0,50.9,14.8,JARJARBINKS,CANDIDATE,UPGRADE,nieujawnione wszystkie secondary,0.0,,,,,,,,,,,,,,,,,,,,,,,
5jnh1J15RISikgRoiKQNCg,153,Health,5,Diamond,3,6,False,0,False,MAGAZYN,,Defense %,5%,500,0,,Protection,542,5420000,1,54200803,Protection %,1.23%,123,1,1235,Potency %,1.61%,161,1,1619,Speed,5,50000,1,575820,C,4,6,2,100.0,63.0,83.3,75.3,12.3,0.0,upgrade,0,0,0,0,30.3,0.0,43.1,14.8,JARJARBINKS,CANDIDATE,UPGRADE,nieujawnione wszystkie secondary,0.0,,,,,,,,,,,,,,,,,,,,,,,
Ia2vDBmgQZuF9M2XrjHGDQ,153,Health,5,Diamond,3,6,False,0,True,POSTAĆ: BADBATCHWRECKER,V_Loh6rGTpOcVM6_ulApig,Defense %,5%,500,0,,Health,220,2200000,1,22012896,Offense,33,330000,1,3281376,Speed,5,50000,1,510960,Tenacity %,2.21%,221,1,2215,C,4,6,2,100.0,65.0,83.3,76.7,11.7,0.0,upgrade,0,0,0,0,29.3,0.0,41.7,14.8,JARJARBINKS,CANDIDATE,UPGRADE,nieujawnione wszystkie secondary,0.0,,,,,,,,,,,,,,,,,,,,,,,
L1l5zV_-T_qPMYK81HNmCQ,153,Health,5,Diamond,3,6,False,0,False,MAGAZYN,,Defense %,5%,500,0,,Offense %,0.51%,51,1,519,Protection,464,4640000,1,46484529,Speed,5,50000,1,555570,Critical Chance %,2.09%,209,1,2099,C,4,6,2,100.0,66.2,83.3,77.5,11.3,0.0,upgrade,0,0,0,0,24.5,0.0,34.3,14.8,JARJARBINKS,CANDIDATE,UPGRADE,nieujawnione wszystkie secondary,0.0,,,,,,,,,,,,,,,,,,,,,,,
SKfgDOfVQSqM3m8-7KeqWQ,153,Health,5,Diamond,3,6,False,0,True,POSTAĆ: NIGHTSISTERZOMBIE,COvJQSPFT4Gfo8VngKHKTg,Defense %,5%,500,0,,Protection %,1.3%,130,1,1304,Health,356,3560000,1,35689522,Potency %,1.96%,196,1,1961,Speed,5,50000,1,535710,C,4,6,2,100.0,63.0,83.3,75.3,12.3,0.0,upgrade,0,0,0,0,29.4,0.0,41.8,14.8,JARJARBINKS,CANDIDATE,UPGRADE,nieujawnione wszystkie secondary,0.0,,,,,,,,,,,,,,,,,,,,,,,
VbBm5kiHQNOmb570o_3NsQ,153,Health,5,Diamond,3,6,False,0,False,MAGAZYN,,Defense %,5%,500,0,,Offense,29,290000,1,2882376,Health,323,3230000,1,32344299,Protection,669,6690000,1,66979584,Speed,5,50000,1,513870,C,4,6,2,100.0,69.5,83.3,79.7,10.2,0.0,upgrade,0,0,0,0,35.4,0.0,51.0,14.8,JARJARBINKS,CANDIDATE,UPGRADE,nieujawnione wszystkie secondary,0.0,,,,,,,,,,,,,,,,,,,,,,,
b03xzD2yQCa3iibNq4thIA,153,Health,5,Diamond,3,6,False,0,False,MAGAZYN,,Defense %,5%,500,0,,Protection,475,4750000,1,47556003,Critical Chance %,1.2%,120,1,1203,Health,294,2940000,1,29485537,Speed,5,50000,1,543360,C,4,6,2,100.0,55.2,83.3,70.2,14.9,0.0,upgrade,0,0,0,0,29.8,0.0,42.4,14.8,JARJARBINKS,CANDIDATE,UPGRADE,nieujawnione wszystkie secondary,0.0,,,,,,,,,,,,,,,,,,,,,,,
c8WxtH-3Rhe5iOEYu_U-Yg,153,Health,5,Diamond,3,6,False,0,True,POSTAĆ: VISASMARR,4Sxf6R0SSOmtftLRViCF1w,Defense %,5%,500,0,,Protection,487,4870000,1,48731302,Critical Chance %,1.42%,142,1,1423,Offense %,0.36%,36,1,360,Speed,5,50000,1,553770,C,4,6,2,100.0,66.2,83.3,77.5,11.3,0.0,upgrade,0,0,0,0,24.5,0.0,34.3,14.8,JARJARBINKS,CANDIDATE,UPGRADE,nieujawnione wszystkie secondary,0.0,,,,,,,,,,,,,,,,,,,,,,,
sfiqtZQhTz6EvXoLDuYMDg,153,Health,5,Diamond,3,6,False,0,False,MAGAZYN,,Defense %,5%,500,0,,Offense %,0.29%,29,1,292,Potency %,2.13%,213,1,2136,Defense,8,80000,1,866614,Speed,5,50000,1,511740,C,4,6,2,100.0,65.0,83.3,76.7,11.7,0.0,upgrade,0,0,0,0,23.6,0.0,32.8,14.8,JARJARBINKS,CANDIDATE,UPGRADE,nieujawnione wszystkie secondary,0.0,,,,,,,,,,,,,,,,,,,,,,,
tQUHbWsNS5O6SoMrMSkG3g,153,Health,5,Diamond,3,6,False,0,False,MAGAZYN,,Defense %,5%,500,0,,Critical Chance %,1.69%,169,1,1697,Health,411,4110000,1,41115598,Speed,5,50000,1,596520,Offense,37,370000,1,3601260,C,4,6,2,100.0,63.7,83.3,75.8,12.1,0.0,upgrade,0,0,0,0,29.3,0.0,41.7,14.8,JARJARBINKS,CANDIDATE,UPGRADE,nieujawnione wszystkie secondary,0.0,,,,,,,,,,,,,,,,,,,,,,,
8ZKkt-1XQByDQKttDC8qLQ,153,Health,5,Diamond,4,3,False,0,False,MAGAZYN,,Defense %,2.75%,275,0,,Health %,1.1%,110,1,1108,Health,326,3260000,1,32676464,Defense,5,50000,1,577857,Speed,5,50000,1,592050,B,4,7,3,100.0,63.5,83.3,79.1,15.6,0.0,upgrade,0,0,0,0,28.8,0.0,40.9,14.8,JARJARBINKS,CANDIDATE,UPGRADE,nieujawnione wszystkie secondary,0.0,,,,,,,,,,,,,,,,,,,,,,,
CkruiJxtSJG7fqMY0dtGFg,153,Health,5,Diamond,3,1,False,0,True,POSTAĆ: FULCRUMAHSOKA,gL8t8tzST0GDS7w4bToSxg,Defense %,1.25%,125,0,,Speed,5,50000,1,548850,Protection %,1.92%,192,1,1929,,,,0,,,,,0,,C,2,6,4,100.0,85.0,83.3,95.0,10.0,0.0,upgrade,0,0,0,0,46.2,0.0,67.6,14.8,JARJARBINKS,CANDIDATE,UPGRADE,nieujawnione wszystkie secondary,0.0,,,,,,,,,,,,,,,,,,,,,,,
HRWLh_bvTimxmGQJ-cxZPg,153,Health,5,Diamond,3,1,False,0,False,MAGAZYN,,Defense %,1.25%,125,0,,Defense,5,50000,1,539539,Speed,5,50000,1,538290,,,,0,,,,,0,,C,2,6,4,100.0,67.0,83.3,89.0,22.0,0.0,upgrade,0,0,0,0,44.9,0.0,65.7,14.8,JARJARBINKS,CANDIDATE,UPGRADE,nieujawnione wszystkie secondary,0.0,,,,,,,,,,,,,,,,,,,,,,,
HXiaYC7ET0GrvHFJH9oMpw,153,Health,5,Diamond,4,1,False,0,True,POSTAĆ: DARTHMALAK,Gi4yc5CnQbC2bekrOQeEPw,Defense %,1.25%,125,0,,Speed,5,50000,1,550710,Health %,1.12%,112,1,1122,Defense,8,80000,1,824621,,,,0,,B,3,7,4,100.0,68.7,83.3,86.6,17.9,0.0,upgrade,0,0,0,0,30.7,0.0,43.8,14.8,JARJARBINKS,CANDIDATE,UPGRADE,nieujawnione wszystkie secondary,0.0,,,,,,,,,,,,,,,,,,,,,,,
LZSr7qJPQnaUMhr4khKORQ,153,Health,5,Diamond,3,1,False,0,False,MAGAZYN,,Defense %,1.25%,125,0,,Health,277,2770000,1,27717562,Speed,5,50000,1,591630,,,,0,,,,,0,,C,2,6,4,100.0,74.0,83.3,91.3,17.3,0.0,upgrade,0,0,0,0,45.2,0.0,66.0,14.8,JARJARBINKS,CANDIDATE,UPGRADE,nieujawnione wszystkie secondary,0.0,,,,,,,,,,,,,,,,,,,,,,,
Yc5wVhLDSNiGFvyTF_4Lww,153,Health,5,Diamond,5,1,False,0,True,POSTAĆ: TUSKENCHIEFTAIN,ifcf_6BgSlmkUESd4F1mww,Defense %,1.25%,125,0,,Offense %,0.47%,47,1,475,Speed,5,50000,1,588870,Offense,33,330000,1,3243984,Protection %,1.54%,154,1,1549,A,4,8,4,100.0,86.0,83.3,93.0,7.0,53.8,upgrade,0,0,0,0,29.8,0.0,42.5,14.8,JARJARBINKS,CANDIDATE,UPGRADE,nieujawnione wszystkie secondary,0.0,,,,,,,,,,,,,,,,,,,,,,,
_ccRFmZdRvmfb6AIuBMjAg,153,Health,5,Diamond,3,1,False,0,False,MAGAZYN,,Defense %,1.25%,125,0,,Speed,5,50000,1,512280,Offense %,0.34%,34,1,349,,,,0,,,,,0,,C,2,6,4,100.0,96.0,83.3,98.7,2.7,0.0,upgrade,0,0,0,0,34.7,0.0,50.0,14.8,JARJARBINKS,CANDIDATE,UPGRADE,nieujawnione wszystkie secondary,0.0,,,,,,,,,,,,,,,,,,,,,,,
_eqxRvLXQ4iIa8vyn1pzEQ,153,Health,5,Diamond,5,1,False,0,True,POSTAĆ: WRECKERS3,uEjp6OaJQTuRqfyYL42cUA,Defense %,1.25%,125,0,,Health %,0.97%,97,1,979,Speed,5,50000,1,591960,Offense %,0.51%,51,1,511,Health,236,2360000,1,23682293,A,4,8,4,100.0,78.0,83.3,89.0,11.0,57.6,upgrade,0,0,0,0,23.7,0.0,33.0,14.8,JARJARBINKS,CANDIDATE,UPGRADE,nieujawnione wszystkie secondary,0.0,,,,,,,,,,,,,,,,,,,,,,,
_seqLRyiQ-SUp1_S4eq9Lw,153,Health,5,Diamond,4,1,False,0,False,MAGAZYN,,Defense %,1.25%,125,0,,Critical Chance %,1.33%,133,1,1333,Speed,5,50000,1,541110,Tenacity %,1.19%,119,1,1192,,,,0,,B,3,7,4,100.0,51.7,83.3,79.3,27.6,0.0,upgrade,0,0,0,0,23.9,0.0,33.3,14.8,JARJARBINKS,CANDIDATE,UPGRADE,nieujawnione wszystkie secondary,0.0,,,,,,,,,,,,,,,,,,,,,,,
d3rqAj7hRNyzzD_5NMVg8Q,153,Health,5,Diamond,2,1,False,0,True,POSTAĆ: DAKA,eDrXr0LsTNGvJezjXk8yVQ,Defense %,1.25%,125,0,,Speed,5,50000,1,558540,,,,0,,,,,0,,,,,0,,D,1,5,4,100.0,100.0,83.3,100.0,0,0.0,upgrade,0,0,0,0,67.2,0.0,100.0,14.8,JARJARBINKS,CANDIDATE,UPGRADE,nieujawnione wszystkie secondary,0.0,,,,,,,,,,,,,,,,,,,,,,,
fUsDxw2pRMmCNOgLf3mRhg,153,Health,5,Diamond,5,1,False,0,False,MAGAZYN,,Defense %,1.25%,125,0,,Offense %,0.31%,31,1,314,Speed,5,50000,1,553950,Protection %,1.71%,171,1,1715,Defense,8,80000,1,880040,A,4,8,4,100.0,74.0,83.3,87.0,13.0,48.0,upgrade,0,0,0,0,29.3,0.0,41.6,14.8,JARJARBINKS,CANDIDATE,UPGRADE,nieujawnione wszystkie secondary,0.0,,,,,,,,,,,,,,,,,,,,,,,
gELvVQvbQsGpGFIABIa0fQ,153,Health,5,Diamond,3,1,False,0,False,MAGAZYN,,Defense %,1.25%,125,0,,Offense %,0.29%,29,1,297,Speed,5,50000,1,564000,,,,0,,,,,0,,C,2,6,4,100.0,96.0,83.3,98.7,2.7,0.0,upgrade,0,0,0,0,34.7,0.0,50.0,14.8,JARJARBINKS,CANDIDATE,UPGRADE,nieujawnione wszystkie secondary,0.0,,,,,,,,,,,,,,,,,,,,,,,
hPNtcGUCR7y5YBnGjVzTLw,153,Health,5,Diamond,3,1,False,0,False,MAGAZYN,,Defense %,1.25%,125,0,,Speed,5,50000,1,574380,Potency %,1.92%,192,1,1923,,,,0,,,,,0,,C,2,6,4,100.0,67.0,83.3,89.0,22.0,0.0,upgrade,0,0,0,0,34.7,0.0,50.0,14.8,JARJARBINKS,CANDIDATE,UPGRADE,nieujawnione wszystkie secondary,0.0,,,,,,,,,,,,,,,,,,,,,,,
kIA8IkVjTGKP8je7Y3mcpQ,153,Health,5,Diamond,2,1,False,0,False,MAGAZYN,,Defense %,1.25%,125,0,,Speed,5,50000,1,593040,,,,0,,,,,0,,,,,0,,D,1,5,4,100.0,100.0,83.3,100.0,0,0.0,upgrade,0,0,0,0,67.2,0.0,100.0,14.8,JARJARBINKS,CANDIDATE,UPGRADE,nieujawnione wszystkie secondary,0.0,,,,,,,,,,,,,,,,,,,,,,,
m5Cp9EETRX6TF-Fo1ZAQ2A,153,Health,5,Diamond,5,1,False,0,True,POSTAĆ: DARTHMALGUS,rNVRtWnISySAAsFoyWfm4Q,Defense %,1.25%,125,0,,Tenacity %,1.39%,139,1,1393,Protection,475,4750000,1,47551850,Health %,0.77%,77,1,774,Speed,5,50000,1,577470,A,4,8,4,100.0,62.5,83.3,81.2,18.8,35.4,upgrade,0,0,0,0,24.5,0.0,34.3,14.8,JARJARBINKS,CANDIDATE,UPGRADE,nieujawnione wszystkie secondary,0.0,,,,,,,,,,,,,,,,,,,,,,,
mm3bk2ZdQ9G157lvo0oDHw,153,Health,5,Diamond,3,1,False,0,False,MAGAZYN,,Defense %,1.25%,125,0,,Offense %,0.28%,28,1,284,Speed,5,50000,1,530160,,,,0,,,,,0,,C,2,6,4,100.0,96.0,83.3,98.7,2.7,0.0,upgrade,0,0,0,0,34.7,0.0,50.0,14.8,JARJARBINKS,CANDIDATE,UPGRADE,nieujawnione wszystkie secondary,0.0,,,,,,,,,,,,,,,,,,,,,,,
rW73hUFHTm-VqltZfvMZIg,153,Health,5,Diamond,3,1,False,0,True,POSTAĆ: MARROK,DC1h1YfjTMWLihdoiSJ0nw,Defense %,1.25%,125,0,,Offense,33,330000,1,3244440,Speed,5,50000,1,516000,,,,0,,,,,0,,C,2,6,4,100.0,91.0,83.3,97.0,6.0,0.0,upgrade,0,0,0,0,46.0,0.0,67.4,14.8,JARJARBINKS,CANDIDATE,UPGRADE,nieujawnione wszystkie secondary,0.0,,,,,,,,,,,,,,,,,,,,,,,
rYRQpKgQSlydO4WvTAjl8A,153,Health,5,Diamond,3,1,False,0,False,MAGAZYN,,Defense %,1.25%,125,0,,Speed,5,50000,1,522210,Protection,744,7440000,1,74421760,,,,0,,,,,0,,C,2,6,4,100.0,74.0,83.3,91.3,17.3,0.0,upgrade,0,0,0,0,46.9,0.0,68.7,14.8,JARJARBINKS,CANDIDATE,UPGRADE,nieujawnione wszystkie secondary,0.0,,,,,,,,,,,,,,,,,,,,,,,
vUfloBrhTOSwmtK48YXASg,153,Health,5,Diamond,3,1,False,0,False,MAGAZYN,,Defense %,1.25%,125,0,,Speed,5,50000,1,538920,Critical Chance %,2.1%,210,1,2107,,,,0,,,,,0,,C,2,6,4,100.0,62.5,83.3,87.5,25.0,0.0,upgrade,0,0,0,0,34.7,0.0,50.0,14.8,JARJARBINKS,CANDIDATE,UPGRADE,nieujawnione wszystkie secondary,0.0,,,,,,,,,,,,,,,,,,,,,,,
wRU9tnYQSgi1uk53zoysKg,153,Health,5,Diamond,2,1,False,0,False,MAGAZYN,,Defense %,1.25%,125,0,,Speed,5,50000,1,579540,,,,0,,,,,0,,,,,0,,D,1,5,4,100.0,100.0,83.3,100.0,0,0.0,upgrade,0,0,0,0,67.2,0.0,100.0,14.8,JARJARBINKS,CANDIDATE,UPGRADE,nieujawnione wszystkie secondary,0.0,,,,,,,,,,,,,,,,,,,,,,,
zh6rtmvPSqazTjfJYcOAiA,153,Health,5,Diamond,3,1,False,0,False,MAGAZYN,,Defense %,1.25%,125,0,,Speed,5,50000,1,507000,Health,417,4170000,1,41741354,,,,0,,,,,0,,C,2,6,4,100.0,74.0,83.3,91.3,17.3,0.0,upgrade,0,0,0,0,45.2,0.0,66.0,14.8,JARJARBINKS,CANDIDATE,UPGRADE,nieujawnione wszystkie secondary,0.0,,,,,,,,,,,,,,,,,,,,,,,
ztIlGIC4SiSYoqFJt26F2w,153,Health,5,Diamond,3,1,False,0,True,POSTAĆ: PAZVIZSLA,Sdi9ckGVSMmFCfDcS1nAAA,Defense %,1.25%,125,0,,Speed,5,50000,1,535860,Protection,771,7710000,1,77158587,,,,0,,,,,0,,C,2,6,4,100.0,74.0,83.3,91.3,17.3,0.0,upgrade,0,0,0,0,46.9,0.0,68.7,14.8,JARJARBINKS,CANDIDATE,UPGRADE,nieujawnione wszystkie secondary,0.0,,,,,,,,,,,,,,,,,,,,,,,
-PM79mPTTyCHi3Q3KJPWQw,151,Health,5,Square,1,15,False,0,True,POSTAĆ: SNOWTROOPER,W9JZl0dXSouEoEn3vimBdA,Offense %,5.88%,588,0,,Offense,26,260000,1,2512560,Speed,5,50000,1,503700,Protection,795,7950000,1,79583939,Defense %,1.23%,123,1,1230,E,4,4,0,100.0,68.0,83.3,68.0,0,0.0,slice,0,0,0,0,30.2,0.0,43.0,14.8,JARJARBINKS,CANDIDATE,SLICE,wartość moda lub dopasowanie do postaci uzasadnia kolejny roll,0.0,,,,,,,,,,,,,,,,,,,,,,,
-rJUZf4WSUCSFi_qaY1CoQ,151,Health,5,Square,3,15,False,0,True,POSTAĆ: PAZVIZSLA,Sdi9ckGVSMmFCfDcS1nAAA,Offense %,5.88%,588,0,,Speed,5,50000,1,512640,Offense,45,450000,1,4404732,Health %,2.79%,279,3,805|953|1034,Critical Chance %,1.52%,152,1,1526,C,6,6,0,100.0,70.5,83.3,70.5,0,0.0,slice,0,0,0,0,16.8,0.0,22.5,14.8,JARJARBINKS,CANDIDATE,SLICE,wartość moda lub dopasowanie do postaci uzasadnia kolejny roll,0.0,,,,,,,,,,,,,,,,,,,,,,,
09Xi_5C5TBqw2AH7vfShwg,151,Health,5,Square,1,15,False,0,True,POSTAĆ: HOTHREBELSOLDIER,ZpDjqAT0RXCT9-1kiCCWxQ,Offense %,5.88%,588,0,,Speed,5,50000,1,521070,Tenacity %,1.61%,161,1,1612,Health %,0.58%,58,1,582,Defense,5,50000,1,538314,E,4,4,0,100.0,59.0,83.3,59.0,0,0.0,slice,0,0,0,0,23.6,0.0,32.8,14.8,JARJARBINKS,CANDIDATE,SLICE,wartość moda lub dopasowanie do postaci uzasadnia kolejny roll,0.0,,,,,,,,,,,,,,,,,,,,,,,
1ijGas8uQxCtu5w3XCxaZA,151,Health,5,Square,5,15,False,0,True,POSTAĆ: BAZEMALBUS,hFJlCdqkS4WmlGjn4AsHbA,Offense %,5.88%,588,0,,Speed,20,200000,4,534030|494370|495690|562560,Defense %,1.4%,140,1,1403,Defense,10,100000,2,541450|547330,Tenacity %,1.8%,180,1,1805,A,8,8,0,100.0,67.5,83.3,67.5,0,49.4,6-dot,0,0,0,0,39.8,0.0,57.8,14.8,JARJARBINKS,CANDIDATE,SLICE_6E,5A ma wystarczającą wartość lub dopasowanie do postaci,0.0,,,,,,,,,,,,,,,,,,,,,,,
5xMHPZzTR2WosRMSuclaaQ,151,Health,5,Square,1,15,False,0,True,POSTAĆ: PAPLOO,awo_NEYISgeeJL0hZbGZEQ,Offense %,5.88%,588,0,,Defense %,1.53%,153,1,1537,Health,412,4120000,1,41259179,Protection,461,4610000,1,46193819,Speed,5,50000,1,592860,E,4,4,0,100.0,59.5,83.3,59.5,0,0.0,slice,0,0,0,0,29.8,0.0,42.4,14.8,JARJARBINKS,CANDIDATE,SLICE,wartość moda lub dopasowanie do postaci uzasadnia kolejny roll,0.0,,,,,,,,,,,,,,,,,,,,,,,
6jhnP7yxRYmNFanE5Hd-LA,151,Health,5,Square,1,15,False,0,True,POSTAĆ: CT5555,vsWn91ssQVyOxZtaLPlqqg,Offense %,5.88%,588,0,,Health %,0.64%,64,1,645,Protection %,1.87%,187,1,1872,Defense %,0.89%,89,1,897,Speed,5,50000,1,510000,E,4,4,0,100.0,71.0,83.3,71.0,0,0.0,slice,0,0,0,0,24.2,0.0,33.8,14.8,JARJARBINKS,CANDIDATE,SLICE,wartość moda lub dopasowanie do postaci uzasadnia kolejny roll,0.0,,,,,,,,,,,,,,,,,,,,,,,
AFg-2A8MQTG0_g9DerTChg,151,Health,5,Square,5,15,False,0,True,POSTAĆ: THEMANDALORIANBESKARARMOR,I4qYFU2aTeK4MpCuYsV6KA,Offense %,5.88%,588,0,,Speed,13,130000,3,574950|303090|491010,Protection %,1.42%,142,1,1422,Tenacity %,6.05%,605,3,2030|2063|1960,Health,407,4070000,1,40747002,A,8,8,0,100.0,63.5,72.2,63.5,0,60.9,6-dot,0,0,0,0,32.1,0.0,45.9,14.8,JARJARBINKS,CANDIDATE,SLICE_6E,5A ma wystarczającą wartość lub dopasowanie do postaci,0.0,,,,,,,,,,,,,,,,,,,,,,,
AhF1gg5TTlSfudvDg3OCyA,151,Health,5,Square,5,15,False,0,True,POSTAĆ: CARADUNE,KEKoHlnlSSW1OzNJhH-ULw,Offense %,5.88%,588,0,,Tenacity %,1.43%,143,1,1434,Protection,2355,23550000,4,44221144|45176334|69504608|76689298,Speed,5,50000,1,517560,Potency %,3.5%,350,2,2227|1275,A,8,8,0,100.0,48.8,83.3,48.8,0,46.5,6-dot,0,0,0,0,22.5,0.0,31.2,14.8,JARJARBINKS,CANDIDATE,SLICE_6E,5A ma wystarczającą wartość lub dopasowanie do postaci,0.0,,,,,,,,,,,,,,,,,,,,,,,
AoKga4F7RtGVc45vnDuG_A,151,Health,5,Square,3,15,False,0,True,POSTAĆ: JAWAENGINEER,BY7zFKqQTSmh8ADdAer1Lw,Offense %,5.88%,588,0,,Protection %,1.98%,198,1,1986,Defense %,2.33%,233,2,998|1336,Potency %,1.82%,182,1,1825,Speed,9,90000,2,532380|457050,C,6,6,0,100.0,64.7,75.0,64.7,0,0.0,slice,0,0,0,0,27.7,0.0,39.2,14.8,JARJARBINKS,CANDIDATE,SLICE,wartość moda lub dopasowanie do postaci uzasadnia kolejny roll,0.0,,,,,,,,,,,,,,,,,,,,,,,
CMKRAbD2RuSu0QI6kJxi2A,151,Health,5,Square,5,15,False,0,True,POSTAĆ: JOLEEBINDO,VGWjnbEWQPq1K6gWK0LcwQ,Offense %,5.88%,588,0,,Speed,11,110000,2,528900|580680,Protection %,1.85%,185,1,1857,Protection,1493,14930000,2,81029183|68362533,Defense %,3.37%,337,3,1020|1314|1044,A,8,8,0,100.0,61.5,91.7,61.5,0,60.9,6-dot,0,0,0,0,27.4,0.0,38.7,14.8,JARJARBINKS,CANDIDATE,SLICE_6E,5A ma wystarczającą wartość lub dopasowanie do postaci,0.0,,,,,,,,,,,,,,,,,,,,,,,
Dik7zM9UTheNQQ6RCCzmgQ,151,Health,5,Square,1,15,False,0,True,POSTAĆ: CHIEFCHIRPA,Dn4ab3A5QZWWDCv8qxRDfw,Offense %,5.88%,588,0,,Offense,33,330000,1,3208644,Health %,0.91%,91,1,913,Speed,5,50000,1,538980,Protection %,1.64%,164,1,1645,E,4,4,0,100.0,81.0,83.3,81.0,0,0.0,slice,0,0,0,0,29.8,0.0,42.5,14.8,JARJARBINKS,CANDIDATE,SLICE,wartość moda lub dopasowanie do postaci uzasadnia kolejny roll,0.0,,,,,,,,,,,,,,,,,,,,,,,
GbFwA1JFRr-b5qeuThoDLA,151,Health,5,Square,1,15,False,0,True,POSTAĆ: KRRSANTAN,Hp8Wc9waS6mDnvwCl6g3Sw,Offense %,5.88%,588,0,,Potency %,1.59%,159,1,1591,Protection,630,6300000,1,63063305,Speed,5,50000,1,564810,Defense %,1.26%,126,1,1267,E,4,4,0,100.0,56.0,83.3,56.0,0,0.0,slice,0,0,0,0,24.5,0.0,34.3,14.8,JARJARBINKS,CANDIDATE,KEEP,obserwuj przed wydaniem materiałów,0.0,,,,,,,,,,,,,,,,,,,,,,,
GrJ3fSwGTCOLoyb025V8pA,151,Health,5,Square,1,15,False,0,True,POSTAĆ: ADMIRALRADDUS,oPSOEm-jRP-cgGXfIXf7eg,Offense %,5.88%,588,0,,Defense,5,50000,1,586481,Speed,5,50000,1,571530,Potency %,2.25%,225,1,2250,Protection %,1.15%,115,1,1155,E,4,4,0,100.0,59.5,83.3,59.5,0,0.0,slice,0,0,0,0,29.3,0.0,41.6,14.8,JARJARBINKS,CANDIDATE,SLICE,wartość moda lub dopasowanie do postaci uzasadnia kolejny roll,0.0,,,,,,,,,,,,,,,,,,,,,,,
I4ZzWt8oRH6bQiADkqTEaw,151,Health,5,Square,3,15,False,0,True,POSTAĆ: GEONOSIANBROODALPHA,EwaIJIQgRWGLZQCu-DgCiQ,Offense %,5.88%,588,0,,Potency %,1.16%,116,1,1168,Defense %,2.22%,222,2,997|1225,Speed,10,100000,2,591750|455520,Defense,8,80000,1,852796,C,6,6,0,100.0,58.7,83.3,58.7,0,0.0,slice,0,0,0,0,27.3,0.0,38.6,14.8,JARJARBINKS,CANDIDATE,SLICE,wartość moda lub dopasowanie do postaci uzasadnia kolejny roll,0.0,,,,,,,,,,,,,,,,,,,,,,,
J7zjh4tNSWe_PZwCCxUFjg,151,Health,5,Square,4,15,False,0,True,POSTAĆ: GRIEVOUS,8rfbK6ILSTOkxNMgxNYN5Q,Offense %,5.88%,588,0,,Health %,1.31%,131,2,569|747,Protection,940,9400000,2,42638851|51389222,Speed,5,50000,1,590130,Tenacity %,3.37%,337,2,1559|1820,B,7,7,0,100.0,57.1,83.3,57.1,0.0,0.0,slice,0,0,0,0,18.5,0.0,25.0,14.8,JARJARBINKS,CANDIDATE,KEEP,obserwuj przed wydaniem materiałów,0.0,,,,,,,,,,,,,,,,,,,,,,,
JciV5Fk5S9KfOkGvrdGmfw,151,Health,5,Square,5,15,False,0,False,MAGAZYN,,Offense %,5.88%,588,0,,Health,285,2850000,1,28516901,Protection,1294,12940000,2,47331741|82125575,Potency %,2.9%,290,2,1182|1726,Speed,16,160000,3,530070|590220|487620,A,8,8,0,100.0,64.0,88.9,64.0,0,54.5,6-dot,0,0,0,0,35.3,0.0,50.9,14.8,JARJARBINKS,CANDIDATE,SLICE_6E,5A ma wystarczającą wartość lub dopasowanie do postaci,0.0,,,,,,,,,,,,,,,,,,,,,,,
P2co_BnjToauVRrapnY4zQ,151,Health,5,Square,5,15,False,0,True,POSTAĆ: GENERALKENOBI,tMRqlgB7ScSYaYHOXV5Vwg,Offense %,5.88%,588,0,,Protection,1350,13500000,2,75543070|59549867,Speed,9,90000,2,578970|409740,Defense %,3.89%,389,3,1676|1164|1055,Critical Chance %,1.86%,186,1,1860,A,8,8,0,100.0,55.9,75.0,55.9,0,56.0,6-dot,0,0,0,0,24.5,0.0,34.3,14.8,JARJARBINKS,CANDIDATE,SLICE_6E,5A ma wystarczającą wartość lub dopasowanie do postaci,0.0,,,,,,,,,,,,,,,,,,,,,,,
P5ZtIlWSS0y_B3JTW-XlLg,151,Health,5,Square,1,15,False,0,True,POSTAĆ: CLONEWARSCHEWBACCA,WhyOA0ViSSaj8EJPe4pYfw,Offense %,5.88%,588,0,,Tenacity %,1.4%,140,1,1407,Health %,0.56%,56,1,569,Speed,5,50000,1,552210,Protection %,2.13%,213,1,2134,E,4,4,0,100.0,68.0,83.3,68.0,0,0.0,slice,0,0,0,0,24.2,0.0,33.8,14.8,JARJARBINKS,CANDIDATE,SLICE,wartość moda lub dopasowanie do postaci uzasadnia kolejny roll,0.0,,,,,,,,,,,,,,,,,,,,,,,
PtuVVm7iSqGuLMsOinD15w,151,Health,5,Square,1,15,False,0,True,POSTAĆ: JEDIKNIGHTCONSULAR,fLPK8bnSSFiRsHKghdUZAA,Offense %,5.88%,588,0,,Tenacity %,1.19%,119,1,1196,Critical Chance %,1.41%,141,1,1415,Offense,24,240000,1,2348856,Speed,5,50000,1,507000,E,4,4,0,100.0,59.2,83.3,59.2,0,0.0,slice,0,0,0,0,24.1,0.0,33.7,14.8,JARJARBINKS,CANDIDATE,SLICE,wartość moda lub dopasowanie do postaci uzasadnia kolejny roll,0.0,,,,,,,,,,,,,,,,,,,,,,,
Q18gZp7BSfK41_HV20jQyg,151,Health,5,Square,2,15,False,0,True,POSTAĆ: JUHANI,UDoCRH4uS92zX8gCJxA-DA,Offense %,5.88%,588,0,,Protection %,1.45%,145,1,1454,Critical Chance %,2.56%,256,2,1162|1402,Speed,5,50000,1,555450,Defense %,1.34%,134,1,1341,D,5,5,0,100.0,52.4,83.3,52.4,0,0.0,slice,0,0,0,0,19.8,0.0,27.0,14.8,JARJARBINKS,CANDIDATE,KEEP,obserwuj przed wydaniem materiałów,0.0,,,,,,,,,,,,,,,,,,,,,,,
S--sVg6WTzCdd14tySZiaw,151,Health,5,Square,4,15,False,0,True,POSTAĆ: PLOKOON,xoy2sZzCSUCkBgyoxZ2UXg,Offense %,5.88%,588,0,,Offense,64,640000,2,4011204|2367324,Protection %,1.25%,125,1,1251,Speed,5,50000,1,590250,Defense %,3.72%,372,3,854|1485|1388,B,7,7,0,100.0,65.7,83.3,65.7,0,0.0,slice,0,0,0,0,21.2,0.0,29.2,14.8,JARJARBINKS,CANDIDATE,SLICE,wartość moda lub dopasowanie do postaci uzasadnia kolejny roll,0.0,,,,,,,,,,,,,,,,,,,,,,,
S9-wXFhjTd-NQr8Ofdc4Lw,151,Health,5,Square,2,15,False,0,True,POSTAĆ: JAWASCAVENGER,yRCvDW99TKKBJW3GpM2Xkw,Offense %,5.88%,588,0,,Potency %,1.76%,176,1,1761,Protection %,1.23%,123,1,1239,Speed,11,110000,2,526170|580500,Defense %,1.11%,111,1,1112,D,5,5,0,100.0,69.2,91.7,69.2,0.0,0.0,slice,0,0,0,0,32.8,0.0,47.0,14.8,JARJARBINKS,CANDIDATE,SLICE,wartość moda lub dopasowanie do postaci uzasadnia kolejny roll,0.0,,,,,,,,,,,,,,,,,,,,,,,
S_WFdI8IS5mo-yWitErZEg,151,Health,5,Square,2,15,False,0,True,POSTAĆ: KITFISTO,_IzZXS1PSpSB9HDxr5S_Dw,Offense %,5.88%,588,0,,Offense,42,420000,1,4151424,Potency %,1.8%,180,1,1801,Protection,554,5540000,1,55413479,Speed,9,90000,2,564510|369060,D,5,5,0,100.0,72.8,75.0,72.8,0,0.0,slice,0,0,0,0,37.6,0.0,54.4,14.8,JARJARBINKS,CANDIDATE,SLICE,wartość moda lub dopasowanie do postaci uzasadnia kolejny roll,0.0,,,,,,,,,,,,,,,,,,,,,,,
TIUPWbsWQ2a4bVODWmof5Q,151,Health,5,Square,5,15,False,0,True,POSTAĆ: WAMPA,ZLJllvF0QfS-UkkZFA96iw,Offense %,5.88%,588,0,,Health %,0.97%,97,1,971,Health,266,2660000,1,26646062,Speed,13,130000,3,587640|321900|464760,Potency %,5%,500,3,1441|1894|1672,A,8,8,0,100.0,65.2,72.2,65.2,0,46.8,6-dot,0,0,0,0,29.2,0.0,41.5,14.8,JARJARBINKS,CANDIDATE,SLICE_6E,5A ma wystarczającą wartość lub dopasowanie do postaci,0.0,,,,,,,,,,,,,,,,,,,,,,,
X_mbctgnT2mznGM9QqQz1Q,151,Health,5,Square,5,15,False,0,True,POSTAĆ: ROSETICO,da51QIPySzW1uE1DmDmsIg,Offense %,5.88%,588,0,,Defense,17,170000,2,810215|922327,Speed,14,140000,3,561390|517140|362760,Defense %,2.77%,277,2,1208|1568,Critical Chance %,2.2%,220,1,2205,A,8,8,0,100.0,59.6,77.8,59.6,0,66.9,6-dot,0,0,0,0,31.7,0.0,45.3,14.8,JARJARBINKS,CANDIDATE,SLICE_6E,5A ma wystarczającą wartość lub dopasowanie do postaci,0.0,,,,,,,,,,,,,,,,,,,,,,,
YS7pqZsrSCmYTyVD6iQbjQ,151,Health,5,Square,2,15,False,0,True,POSTAĆ: LUMINARAUNDULI,9xjJ1FksQSOEtjqJLWBMIA,Offense %,5.88%,588,0,,Tenacity %,2.07%,207,1,2077,Defense,6,60000,1,690165,Speed,5,50000,1,529440,Protection,1360,13600000,2,65148111|70895863,D,5,5,0,100.0,52.0,83.3,52.0,0,0.0,slice,0,0,0,0,29.0,0.0,41.2,14.8,JARJARBINKS,CANDIDATE,KEEP,obserwuj przed wydaniem materiałów,0.0,,,,,,,,,,,,,,,,,,,,,,,
YSOymFFHRheJKa0WLnGcvA,151,Health,5,Square,2,15,False,0,True,POSTAĆ: KYLORENUNMASKED,mmZzz2zbR36C6ye2aLObVg,Offense %,5.88%,588,0,,Health %,1.55%,155,2,851|704,Protection %,1.91%,191,1,1910,Speed,5,50000,1,567300,Health,266,2660000,1,26633204,D,5,5,0,100.0,72.4,83.3,72.4,0,0.0,slice,0,0,0,0,24.0,0.0,33.5,14.8,JARJARBINKS,CANDIDATE,SLICE,wartość moda lub dopasowanie do postaci uzasadnia kolejny roll,0.0,,,,,,,,,,,,,,,,,,,,,,,
Yrtmb9WVQQmV8-I-eNfjpw,151,Health,5,Square,4,15,False,0,True,POSTAĆ: VANE,IRrH4R1UTBaBO0OKgdC4_A,Offense %,5.88%,588,0,,Potency %,1.18%,118,1,1180,Tenacity %,1.85%,185,1,1850,Speed,10,100000,2,579180|455190,Health %,2.55%,255,3,654|1037|861,B,7,7,0,100.0,68.6,83.3,68.6,0,0.0,slice,0,0,0,0,20.8,0.0,28.6,14.8,JARJARBINKS,CANDIDATE,SLICE,wartość moda lub dopasowanie do postaci uzasadnia kolejny roll,0.0,,,,,,,,,,,,,,,,,,,,,,,
c1BkQl8uRjS4llug9KwpRg,151,Health,5,Square,3,15,False,0,True,POSTAĆ: L3_37,eS3LbQ-4S4WqItNYOU7j6g,Offense %,5.88%,588,0,,Speed,9,90000,2,537750|421530,Critical Chance %,4.22%,422,2,1996|2231,Health %,0.94%,94,1,942,Health,393,3930000,1,39302620,C,6,6,0,100.0,61.7,75.0,61.7,0,0.0,slice,0,0,0,0,27.4,0.0,38.7,14.8,JARJARBINKS,CANDIDATE,SLICE,wartość moda lub dopasowanie do postaci uzasadnia kolejny roll,0.0,,,,,,,,,,,,,,,,,,,,,,,
dYPN3H5XQbGk8Yt-mVa3gA,151,Health,5,Square,1,15,False,0,True,POSTAĆ: DARTHSION,OP5-B8qmQuKc8DFcXDEBsg,Offense %,5.88%,588,0,,Health,298,2980000,1,29824131,Defense %,1.53%,153,1,1537,Speed,5,50000,1,567000,Health %,0.93%,93,1,936,E,4,4,0,100.0,65.5,83.3,65.5,0,0.0,slice,0,0,0,0,23.7,0.0,33.0,14.8,JARJARBINKS,CANDIDATE,SLICE,wartość moda lub dopasowanie do postaci uzasadnia kolejny roll,0.0,,,,,,,,,,,,,,,,,,,,,,,
eB5qHCeERUGWhEy1P5Sc9Q,151,Health,5,Square,2,15,False,0,True,POSTAĆ: LUKESKYWALKER,nLrjzg3uSFWnmJClrEe38A,Offense %,5.88%,588,0,,Offense,28,280000,1,2766096,Speed,5,50000,1,563640,Critical Chance %,2.4%,240,2,1238|1167,Tenacity %,1.22%,122,1,1221,D,5,5,0,100.0,52.4,83.3,52.4,0,0.0,slice,0,0,0,0,19.7,0.0,26.9,14.8,JARJARBINKS,CANDIDATE,KEEP,obserwuj przed wydaniem materiałów,0.0,,,,,,,,,,,,,,,,,,,,,,,
jYmgGVKKSfW6NjNH2cMPVA,151,Health,5,Square,3,15,False,0,True,POSTAĆ: HOTHHAN,X6drLk0WTp2kXFq3_B3_3w,Offense %,5.88%,588,0,,Health,710,7100000,2,42632842|28418323,Protection %,3.75%,375,2,2171|1579,Speed,5,50000,1,520560,Critical Chance %,1.7%,170,1,1705,C,6,6,0,100.0,60.2,83.3,60.2,0.0,0.0,slice,0,0,0,0,27.6,0.0,39.1,14.8,JARJARBINKS,CANDIDATE,SLICE,wartość moda lub dopasowanie do postaci uzasadnia kolejny roll,0.0,,,,,,,,,,,,,,,,,,,,,,,
jcjdAvdWRk2yAzIRfCUIEw,151,Health,5,Square,4,15,False,0,True,POSTAĆ: KYLEKATARN,NUyH0Un-QQ-qVlZICatTug,Offense %,5.88%,588,0,,Offense,43,430000,1,4263372,Speed,10,100000,2,575130|500700,Protection %,3.88%,388,2,1775|2114,Protection,991,9910000,2,54275557|44893930,B,7,7,0,100.0,74.0,83.3,74.0,0,0.0,slice,0,0,0,0,37.5,0.0,54.3,14.8,JARJARBINKS,CANDIDATE,SLICE,wartość moda lub dopasowanie do postaci uzasadnia kolejny roll,0.0,,,,,,,,,,,,,,,,,,,,,,,
kFxe9Rk1R6-QLESJnaylPw,151,Health,5,Square,5,15,False,0,True,POSTAĆ: EETHKOTH,9MxaXkXATp2x3acJC_s2Mg,Offense %,5.88%,588,0,,Protection,1925,19250000,3,68694773|79853884|43980270,Potency %,4.24%,424,2,2228|2022,Offense,35,350000,1,3442344,Speed,10,100000,2,596010|447270,A,8,8,0,100.0,61.7,83.3,61.7,0,65.9,6-dot,0,0,0,0,30.4,0.0,43.4,14.8,JARJARBINKS,CANDIDATE,SLICE_6E,5A ma wystarczającą wartość lub dopasowanie do postaci,0.0,,,,,,,,,,,,,,,,,,,,,,,
kT0nap_lRtOzEYQkPdmMJg,151,Health,5,Square,4,15,False,0,True,POSTAĆ: DARTHTALON,7vBYi6d4QVm5KxO4eYBHZQ,Offense %,5.88%,588,0,,Speed,9,90000,2,566010|340140,Tenacity %,2.15%,215,1,2157,Critical Chance %,1.38%,138,1,1385,Health %,2.34%,234,3,565|1102|673,B,7,7,0,100.0,67.3,75.0,67.3,0.0,0.0,slice,0,0,0,0,20.8,0.0,28.6,14.8,JARJARBINKS,CANDIDATE,SLICE,wartość moda lub dopasowanie do postaci uzasadnia kolejny roll,0.0,,,,,,,,,,,,,,,,,,,,,,,
kax7QMcmQfuv6df3mZom7Q,151,Health,5,Square,1,15,False,0,True,POSTAĆ: TARFFUL,QjIvOKHqRayuGuSHCZTfpA,Offense %,5.88%,588,0,,Critical Chance %,1.59%,159,1,1590,Protection,640,6400000,1,64014342,Speed,5,50000,1,550860,Tenacity %,1.57%,157,1,1579,E,4,4,0,100.0,50.7,83.3,50.7,0,0.0,slice,0,0,0,0,24.5,0.0,34.3,14.8,JARJARBINKS,CANDIDATE,KEEP,wartość secondary zbyt niska,0.0,,,,,,,,,,,,,,,,,,,,,,,
otwn-uddSwuLDOxFDEoIsw,151,Health,5,Square,1,15,False,0,True,POSTAĆ: SCARIFREBEL,GCcqj7sLRhql1nUuT1xRhA,Offense %,5.88%,588,0,,Defense %,0.87%,87,1,874,Critical Chance %,1.48%,148,1,1488,Health,317,3170000,1,31759260,Speed,5,50000,1,580470,E,4,4,0,100.0,53.8,83.3,53.8,0,0.0,slice,0,0,0,0,23.7,0.0,33.0,14.8,JARJARBINKS,CANDIDATE,KEEP,obserwuj przed wydaniem materiałów,0.0,,,,,,,,,,,,,,,,,,,,,,,
oz1cosUiTziRAE_3lAsQZA,151,Health,5,Square,1,15,False,0,True,POSTAĆ: R2D2_LEGENDARY,8CyyNLINQ8mH0Al7cEHkcg,Offense %,5.88%,588,0,,Health %,1.11%,111,1,1112,Defense,5,50000,1,589372,Speed,5,50000,1,588000,Offense,27,270000,1,2662584,E,4,4,0,100.0,72.0,83.3,72.0,0,0.0,slice,0,0,0,0,29.2,0.0,41.5,14.8,JARJARBINKS,CANDIDATE,SLICE,wartość moda lub dopasowanie do postaci uzasadnia kolejny roll,0.0,,,,,,,,,,,,,,,,,,,,,,,
p7V4aP3OQgWnTbaur09Wfg,151,Health,5,Square,1,15,False,0,True,POSTAĆ: URORRURRR,Og41VwyAS3Wj_pSqozBePw,Offense %,5.88%,588,0,,Health,259,2590000,1,25938872,Speed,5,50000,1,566520,Tenacity %,1.47%,147,1,1470,Potency %,1.63%,163,1,1635,E,4,4,0,100.0,53.0,83.3,53.0,0,0.0,slice,0,0,0,0,23.7,0.0,33.0,14.8,JARJARBINKS,CANDIDATE,KEEP,obserwuj przed wydaniem materiałów,0.0,,,,,,,,,,,,,,,,,,,,,,,
pwbHHx5RTAirNAZAPK-t5Q,151,Health,5,Square,2,15,False,0,True,POSTAĆ: JEDIKNIGHTGUARDIAN,W0PL0DaaTsOE_VtzDqxDLA,Offense %,5.88%,588,0,,Protection,1126,11260000,2,52111844|60583964,Tenacity %,1.7%,170,1,1702,Speed,5,50000,1,577800,Health,243,2430000,1,24357338,D,5,5,0,100.0,54.8,83.3,54.8,0,0.0,slice,0,0,0,0,29.1,0.0,41.4,14.8,JARJARBINKS,CANDIDATE,KEEP,obserwuj przed wydaniem materiałów,0.0,,,,,,,,,,,,,,,,,,,,,,,
qAc2F6zfRa6o_BIwMEdN8w,151,Health,5,Square,2,15,False,0,True,POSTAĆ: KANANJARRUSS3,dMx4vcVLTHWr0Wk6LK0Qiw,Offense %,5.88%,588,0,,Protection,505,5050000,1,50566928,Speed,10,100000,2,587790|461250,Tenacity %,1.58%,158,1,1588,Protection %,2.1%,210,1,2103,D,5,5,0,100.0,69.6,83.3,69.6,0,0.0,slice,0,0,0,0,37.7,0.0,54.5,14.8,JARJARBINKS,CANDIDATE,SLICE,wartość moda lub dopasowanie do postaci uzasadnia kolejny roll,0.0,,,,,,,,,,,,,,,,,,,,,,,
qZze8gM8RIiDu7IMX0v8qg,151,Health,5,Square,3,15,False,0,True,POSTAĆ: CEREJUNDA,72VBeoIDQ36DwUyEXxNADA,Offense %,5.88%,588,0,,Speed,12,120000,3,415710|384480|422400,Potency %,1.66%,166,1,1660,Protection,765,7650000,1,76556402,Health %,0.98%,98,1,987,C,6,6,0,100.0,75.7,66.7,75.7,0,0.0,slice,0,0,0,0,38.8,0.0,56.2,14.8,JARJARBINKS,CANDIDATE,SLICE,wartość moda lub dopasowanie do postaci uzasadnia kolejny roll,0.0,,,,,,,,,,,,,,,,,,,,,,,
rTviaRuQTCqwIpu_c_TQ0Q,151,Health,5,Square,5,15,False,0,True,POSTAĆ: PADMEAMIDALA,wgt8iU2GQM6LL7Q58MWK8A,Offense %,5.88%,588,0,,Tenacity %,3.59%,359,2,1370|2220,Health %,0.94%,94,1,947,Critical Chance %,1.3%,130,1,1309,Speed,20,200000,4,551820|385020|562800|571140,A,8,8,0,100.0,69.6,83.3,69.6,0,58.6,6-dot,0,0,0,0,34.7,0.0,50.0,14.8,JARJARBINKS,CANDIDATE,SLICE_6E,5A ma wystarczającą wartość lub dopasowanie do postaci,0.0,,,,,,,,,,,,,,,,,,,,,,,
rnQLFhSgS-2CiaAz44mw6A,151,Health,5,Square,5,15,False,0,True,POSTAĆ: BARRISSOFFEE,6re5azNmTWyiNI9wV_gGaw,Offense %,5.88%,588,0,,Offense,96,960000,3,3155748|3229848|3150732,Potency %,6.04%,604,3,2089|1929|2029,Protection,531,5310000,1,53154247,Speed,5,50000,1,556470,A,8,8,0,100.0,62.0,83.3,62.0,0,56.6,6-dot,0,0,0,0,21.9,0.0,30.2,14.8,JARJARBINKS,CANDIDATE,SLICE_6E,5A ma wystarczającą wartość lub dopasowanie do postaci,0.0,,,,,,,,,,,,,,,,,,,,,,,
tG1bOLvkTb2LckN_Fj2Rcw,151,Health,5,Square,2,15,False,0,True,POSTAĆ: SUNFAC,rKf6WvhwTAWYgMfQxpPddQ,Offense %,5.88%,588,0,,Potency %,1.93%,193,1,1933,Protection %,2.24%,224,1,2242,Tenacity %,2.21%,221,1,2210,Speed,9,90000,2,569520|425310,D,5,5,0,100.0,66.8,75.0,66.8,0,0.0,slice,0,0,0,0,32.8,0.0,47.0,14.8,JARJARBINKS,CANDIDATE,SLICE,wartość moda lub dopasowanie do postaci uzasadnia kolejny roll,0.0,,,,,,,,,,,,,,,,,,,,,,,
tR6mBN9SQom3ofmoxEWKyA,151,Health,5,Square,1,15,False,0,True,POSTAĆ: MACEWINDU,DCfkIiseTzaVx-iiN6Qzpw,Offense %,5.88%,588,0,,Defense %,1.22%,122,1,1228,Health %,0.73%,73,1,738,Speed,5,50000,1,504690,Potency %,1.61%,161,1,1611,E,4,4,0,100.0,62.0,83.3,62.0,0,0.0,slice,0,0,0,0,18.5,0.0,25.0,14.8,JARJARBINKS,CANDIDATE,SLICE,wartość moda lub dopasowanie do postaci uzasadnia kolejny roll,0.0,,,,,,,,,,,,,,,,,,,,,,,
tXpm1KGOSL6c-yHo-gSODw,151,Health,5,Square,3,15,False,0,True,POSTAĆ: KELLERANBEQ,F9xPCLOjTE67usCPkus2uQ,Offense %,5.88%,588,0,,Speed,5,50000,1,556860,Health,294,2940000,1,29438391,Protection,1167,11670000,2,68935647|47771959,Health %,1.76%,176,2,966|798,C,6,6,0,100.0,64.7,83.3,64.7,0,0.0,slice,0,0,0,0,24.6,0.0,34.5,14.8,JARJARBINKS,CANDIDATE,SLICE,wartość moda lub dopasowanie do postaci uzasadnia kolejny roll,0.0,,,,,,,,,,,,,,,,,,,,,,,
x1DhMPV5RT2ZIsz39GpdBA,151,Health,5,Square,1,15,False,0,False,MAGAZYN,,Offense %,5.88%,588,0,,Defense,5,50000,1,562520,Speed,5,50000,1,502530,Critical Chance %,1.8%,180,1,1808,Health %,0.57%,57,1,578,E,4,4,0,100.0,57.8,83.3,57.8,0,0.0,slice,0,0,0,0,23.6,0.0,32.8,14.8,JARJARBINKS,CANDIDATE,KEEP,obserwuj przed wydaniem materiałów,0.0,,,,,,,,,,,,,,,,,,,,,,,
x6ArWO2BQzSqP_Mn_G4RwA,151,Health,5,Square,4,15,False,0,True,POSTAĆ: CAPTAINSILVO,GfeI_j1jQaGE0PV27rwMGg,Offense %,5.88%,588,0,,Health %,0.83%,83,1,837,Defense %,4.63%,463,3,1562|1563|1513,Speed,9,90000,2,519690|387570,Potency %,2.07%,207,1,2072,B,7,7,0,100.0,61.7,75.0,61.7,0,0.0,slice,0,0,0,0,20.8,0.0,28.6,14.8,JARJARBINKS,CANDIDATE,SLICE,wartość moda lub dopasowanie do postaci uzasadnia kolejny roll,0.0,,,,,,,,,,,,,,,,,,,,,,,
xQZAbaplSkWOxB9LTCZd3g,151,Health,5,Square,1,15,False,0,True,POSTAĆ: SHORETROOPER,lsA9eN70SUqAdyaJCffQBg,Offense %,5.88%,588,0,,Protection,517,5170000,1,51750533,Health %,0.7%,70,1,701,Speed,5,50000,1,560730,Critical Chance %,2.23%,223,1,2234,E,4,4,0,100.0,61.3,83.3,61.3,0,0.0,slice,0,0,0,0,24.5,0.0,34.3,14.8,JARJARBINKS,CANDIDATE,SLICE,wartość moda lub dopasowanie do postaci uzasadnia kolejny roll,0.0,,,,,,,,,,,,,,,,,,,,,,,
xZcyqpcRR_O-q_an8089fQ,151,Health,5,Square,2,15,False,0,True,POSTAĆ: BASTILASHANDARK,PW1L-e75QHah_i5rLIk8KA,Offense %,5.88%,588,0,,Potency %,1.3%,130,1,1307,Speed,10,100000,2,519990|569580,Tenacity %,1.67%,167,1,1678,Health,267,2670000,1,26733925,D,5,5,0,100.0,62.4,83.3,62.4,0,0.0,slice,0,0,0,0,32.4,0.0,46.4,14.8,JARJARBINKS,CANDIDATE,SLICE,wartość moda lub dopasowanie do postaci uzasadnia kolejny roll,0.0,,,,,,,,,,,,,,,,,,,,,,,
yzP3YyKjQdOjetSHqLWLVA,151,Health,5,Square,4,15,False,0,True,POSTAĆ: FINN,Ys-1OpVoRvq5bmhl-p99Ig,Offense %,5.88%,588,0,,Protection %,3.72%,372,2,1594|2134,Protection,1496,14960000,2,68653243|81029183,Speed,9,90000,2,510570|462540,Potency %,1.98%,198,1,1984,B,7,7,0,100.0,67.1,75.0,67.1,0,0.0,slice,0,0,0,0,34.3,0.0,49.3,14.8,JARJARBINKS,CANDIDATE,SLICE,wartość moda lub dopasowanie do postaci uzasadnia kolejny roll,0.0,,,,,,,,,,,,,,,,,,,,,,,
zugiRQcTTB2fgN0rhNEBug,151,Health,5,Square,3,15,False,0,True,POSTAĆ: ROYALGUARD,Tm3WsbyASby5qAiySY83Mw,Offense %,5.88%,588,0,,Critical Chance %,3.46%,346,2,1717|1748,Potency %,3.49%,349,2,1763|1734,Defense %,1.47%,147,1,1472,Speed,5,50000,1,591060,C,6,6,0,100.0,43.3,83.3,43.3,0,0.0,slice,0,0,0,0,13.1,0.0,16.7,14.8,JARJARBINKS,CANDIDATE,KEEP,wartość secondary zbyt niska,0.0,,,,,,,,,,,,,,,,,,,,,,,
mdRjhvomRwGiwDAgddZMdQ,151,Health,5,Square,2,9,False,0,True,POSTAĆ: CAPTAINENOCH,MYo2BupuSfCihon9rUfSwg,Offense %,3.63%,363,0,,Offense,38,380000,1,3734868,Tenacity %,1.2%,120,1,1204,Protection,730,7300000,1,73055423,Speed,5,50000,1,545580,D,4,5,1,100.0,65.0,83.3,72.0,7.0,0.0,upgrade,0,0,0,0,30.2,0.0,43.0,14.8,JARJARBINKS,CANDIDATE,UPGRADE,nieujawnione wszystkie secondary,0.0,,,,,,,,,,,,,,,,,,,,,,,
sMvwsXLSQSKw79a4kglerg,151,Health,5,Square,2,9,False,0,True,POSTAĆ: JAWA,5ywHMJ9JS6uKxXVPi5ef0w,Offense %,3.63%,363,0,,Protection %,1.27%,127,1,1273,Potency %,1.51%,151,1,1518,Offense,41,410000,1,4028532,Speed,5,50000,1,569850,D,4,5,1,100.0,71.5,83.3,77.2,5.7,0.0,upgrade,0,0,0,0,29.8,0.0,42.5,14.8,JARJARBINKS,CANDIDATE,UPGRADE,nieujawnione wszystkie secondary,0.0,,,,,,,,,,,,,,,,,,,,,,,
-8XQJNGXR8GQ1FJ_gXZWjQ,151,Health,5,Square,3,6,False,0,False,MAGAZYN,,Offense %,2.5%,250,0,,Potency %,1.99%,199,1,1995,Protection %,1.31%,131,1,1316,Critical Chance %,1.83%,183,1,1834,Speed,5,50000,1,596580,C,4,6,2,100.0,57.2,83.3,71.5,14.2,0.0,upgrade,0,0,0,0,24.2,0.0,33.8,14.8,JARJARBINKS,CANDIDATE,UPGRADE,nieujawnione wszystkie secondary,0.0,,,,,,,,,,,,,,,,,,,,,,,
-fwUYoOeQwCte5LOa6nh9Q,151,Health,5,Square,3,6,False,0,False,MAGAZYN,,Offense %,2.5%,250,0,,Defense,6,60000,1,672231,Potency %,1.19%,119,1,1193,Health,261,2610000,1,26106026,Speed,5,50000,1,538680,C,4,6,2,100.0,54.0,83.3,69.3,15.3,0.0,upgrade,0,0,0,0,28.8,0.0,40.9,14.8,JARJARBINKS,CANDIDATE,UPGRADE,nieujawnione wszystkie secondary,0.0,,,,,,,,,,,,,,,,,,,,,,,
2KN0DwkkTwCxVOm5uam0sw,151,Health,5,Square,3,6,False,0,True,POSTAĆ: DAKA,eDrXr0LsTNGvJezjXk8yVQ,Offense %,2.5%,250,0,,Critical Chance %,2.01%,201,1,2019,Health,271,2710000,1,27194670,Speed,5,50000,1,553200,Defense,7,70000,1,731325,C,4,6,2,100.0,51.7,83.3,67.8,16.1,0.0,upgrade,0,0,0,0,28.8,0.0,40.9,14.8,JARJARBINKS,CANDIDATE,UPGRADE,nieujawnione wszystkie secondary,0.0,,,,,,,,,,,,,,,,,,,,,,,
An-ombKaQ1iulw0rX3DJfw,151,Health,5,Square,3,6,False,0,False,MAGAZYN,,Offense %,2.5%,250,0,,Protection,827,8270000,1,82706995,Health,216,2160000,1,21605726,Speed,5,50000,1,531960,Offense,42,420000,1,4106736,C,4,6,2,100.0,69.5,83.3,79.7,10.2,0.0,upgrade,0,0,0,0,35.4,0.0,51.0,14.8,JARJARBINKS,CANDIDATE,UPGRADE,nieujawnione wszystkie secondary,0.0,,,,,,,,,,,,,,,,,,,,,,,
I_6jdDy-SZ2esicTQl9DRA,151,Health,5,Square,3,6,False,0,False,MAGAZYN,,Offense %,2.5%,250,0,,Protection %,1.23%,123,1,1230,Defense %,1.54%,154,1,1542,Tenacity %,1.72%,172,1,1725,Speed,5,50000,1,572670,C,4,6,2,100.0,60.5,83.3,73.7,13.2,0.0,upgrade,0,0,0,0,24.2,0.0,33.8,14.8,JARJARBINKS,CANDIDATE,UPGRADE,nieujawnione wszystkie secondary,0.0,,,,,,,,,,,,,,,,,,,,,,,
Mb6NP4-9TjKSkZmjPp5KLw,151,Health,5,Square,3,6,False,0,False,MAGAZYN,,Offense %,2.5%,250,0,,Potency %,2.15%,215,1,2152,Protection,464,4640000,1,46438846,Defense %,1.03%,103,1,1030,Speed,5,50000,1,516300,C,4,6,2,100.0,56.0,83.3,70.7,14.7,0.0,upgrade,0,0,0,0,24.5,0.0,34.3,14.8,JARJARBINKS,CANDIDATE,UPGRADE,nieujawnione wszystkie secondary,0.0,,,,,,,,,,,,,,,,,,,,,,,
S6qlxQIWRVGXfIc16T8MwQ,151,Health,5,Square,3,6,False,0,True,POSTAĆ: VISASMARR,4Sxf6R0SSOmtftLRViCF1w,Offense %,2.5%,250,0,,Defense %,1.48%,148,1,1480,Protection %,2.06%,206,1,2065,Speed,5,50000,1,526620,Defense,9,90000,1,959616,C,4,6,2,100.0,61.5,83.3,74.3,12.8,0.0,upgrade,0,0,0,0,29.3,0.0,41.6,14.8,JARJARBINKS,CANDIDATE,UPGRADE,nieujawnione wszystkie secondary,0.0,,,,,,,,,,,,,,,,,,,,,,,
_Z9gKQM5SEi4XGVTrv_YZw,151,Health,5,Square,3,6,False,0,False,MAGAZYN,,Offense %,2.5%,250,0,,Tenacity %,2.04%,204,1,2042,Protection %,1.23%,123,1,1237,Protection,487,4870000,1,48743761,Speed,5,50000,1,555780,C,4,6,2,100.0,62.0,83.3,74.7,12.7,0.0,upgrade,0,0,0,0,30.3,0.0,43.1,14.8,JARJARBINKS,CANDIDATE,UPGRADE,nieujawnione wszystkie secondary,0.0,,,,,,,,,,,,,,,,,,,,,,,
eGzS34OZRrCueg-LLwBClA,151,Health,5,Square,3,6,False,0,False,MAGAZYN,,Offense %,2.5%,250,0,,Health %,0.67%,67,1,676,Protection %,1.63%,163,1,1633,Speed,5,50000,1,532110,Defense,8,80000,1,848974,C,4,6,2,100.0,69.0,83.3,79.3,10.3,0.0,upgrade,0,0,0,0,29.3,0.0,41.6,14.8,JARJARBINKS,CANDIDATE,UPGRADE,nieujawnione wszystkie secondary,0.0,,,,,,,,,,,,,,,,,,,,,,,
gCB6oIpxTICnlcwnKNeVsg,151,Health,5,Square,3,6,False,0,False,MAGAZYN,,Offense %,2.5%,250,0,,Offense,35,350000,1,3479736,Defense %,0.91%,91,1,918,Tenacity %,1.57%,157,1,1579,Speed,5,50000,1,570060,C,4,6,2,100.0,63.5,83.3,75.7,12.2,0.0,upgrade,0,0,0,0,24.1,0.0,33.7,14.8,JARJARBINKS,CANDIDATE,UPGRADE,nieujawnione wszystkie secondary,0.0,,,,,,,,,,,,,,,,,,,,,,,
qcVeqWoxQgW4mKyEwlpnEA,151,Health,5,Square,3,6,False,0,False,MAGAZYN,,Offense %,2.5%,250,0,,Offense,43,430000,1,4292100,Defense,6,60000,1,652925,Protection,427,4270000,1,42713605,Speed,5,50000,1,574920,C,4,6,2,100.0,66.0,83.3,77.3,11.3,0.0,upgrade,0,0,0,0,35.3,0.0,50.9,14.8,JARJARBINKS,CANDIDATE,UPGRADE,nieujawnione wszystkie secondary,0.0,,,,,,,,,,,,,,,,,,,,,,,
_SsKvcaRSTGn5VLKK9NXMQ,151,Health,5,Square,4,3,False,0,True,POSTAĆ: MARROK,DC1h1YfjTMWLihdoiSJ0nw,Offense %,1.38%,138,0,,Offense,24,240000,1,2304852,Defense %,1.19%,119,1,1192,Defense,9,90000,1,964908,Speed,5,50000,1,580980,B,4,7,3,100.0,64.5,83.3,79.7,15.2,0.0,upgrade,0,0,0,0,29.2,0.0,41.5,14.8,JARJARBINKS,CANDIDATE,UPGRADE,nieujawnione wszystkie secondary,0.0,,,,,,,,,,,,,,,,,,,,,,,
gx5ZUzM0T4OgYLZ27ss8-Q,151,Health,5,Square,4,3,False,0,False,MAGAZYN,,Offense %,1.38%,138,0,,Defense,6,60000,1,642978,Offense,28,280000,1,2761536,Potency %,1.52%,152,1,1529,Speed,5,50000,1,582810,B,4,7,3,100.0,62.5,83.3,78.6,16.1,0.0,upgrade,0,0,0,0,29.2,0.0,41.5,14.8,JARJARBINKS,CANDIDATE,UPGRADE,nieujawnione wszystkie secondary,0.0,,,,,,,,,,,,,,,,,,,,,,,
xymthQpoTuyZZ2MW11-eiA,151,Health,5,Square,4,3,False,0,True,POSTAĆ: CHIEFNEBIT,gbPYHApKTDSmWMiuMeaBZg,Offense %,1.38%,138,0,,Defense,7,70000,1,775719,Health %,1.06%,106,1,1067,Defense %,1.69%,169,1,1698,Speed,5,50000,1,571410,B,4,7,3,100.0,62.0,83.3,78.3,16.3,0.0,upgrade,0,0,0,0,23.6,0.0,32.8,14.8,JARJARBINKS,CANDIDATE,UPGRADE,nieujawnione wszystkie secondary,0.0,,,,,,,,,,,,,,,,,,,,,,,
0DqrqFTJRFOKRAZKHzcC6w,151,Health,5,Square,3,1,False,0,False,MAGAZYN,,Offense %,0.63%,63,0,,Protection,800,8000000,1,80011698,Speed,5,50000,1,545610,,,,0,,,,,0,,C,2,6,4,100.0,74.0,83.3,91.3,17.3,0.0,upgrade,0,0,0,0,46.9,0.0,68.7,14.8,JARJARBINKS,CANDIDATE,UPGRADE,nieujawnione wszystkie secondary,0.0,,,,,,,,,,,,,,,,,,,,,,,
0Ec7HRCWQmK2G_tmcYoAdg,151,Health,5,Square,4,1,False,0,True,POSTAĆ: KUIIL,dmUHCShASp6QkYkaZ_yX1A,Offense %,0.63%,63,0,,Defense,8,80000,1,876659,Speed,5,50000,1,585660,Tenacity %,1.34%,134,1,1344,,,,0,,B,3,7,4,100.0,54.7,83.3,80.6,25.9,0.0,upgrade,0,0,0,0,30.7,0.0,43.8,14.8,JARJARBINKS,CANDIDATE,UPGRADE,nieujawnione wszystkie secondary,0.0,,,,,,,,,,,,,,,,,,,,,,,
0LxeukJNQPufeqkDa9KyWQ,151,Health,5,Square,5,1,False,0,False,MAGAZYN,,Offense %,0.63%,63,0,,Critical Chance %,1.97%,197,1,1974,Protection,459,4590000,1,45998628,Speed,5,50000,1,546060,Potency %,1.71%,171,1,1711,A,4,8,4,100.0,51.7,83.3,75.9,24.1,51.1,upgrade,0,0,0,0,24.5,0.0,34.3,14.8,JARJARBINKS,CANDIDATE,UPGRADE,nieujawnione wszystkie secondary,0.0,,,,,,,,,,,,,,,,,,,,,,,
13GJC5pwR7yAD4D68wdwyw,151,Health,5,Square,3,1,False,0,False,MAGAZYN,,Offense %,0.63%,63,0,,Health %,0.72%,72,1,721,Speed,5,50000,1,549420,,,,0,,,,,0,,C,2,6,4,100.0,86.0,83.3,95.3,9.3,0.0,upgrade,0,0,0,0,34.7,0.0,50.0,14.8,JARJARBINKS,CANDIDATE,UPGRADE,nieujawnione wszystkie secondary,0.0,,,,,,,,,,,,,,,,,,,,,,,
5QH36Bc8QaKsn92MD9-ORA,151,Health,5,Square,3,1,False,0,True,POSTAĆ: CT7567,JLM-m7ixRCOVuvT1dBCzSQ,Offense %,0.63%,63,0,,Speed,5,50000,1,542550,Offense,37,370000,1,3639564,,,,0,,,,,0,,C,2,6,4,100.0,91.0,83.3,97.0,6.0,0.0,upgrade,0,0,0,0,46.0,0.0,67.4,14.8,JARJARBINKS,CANDIDATE,UPGRADE,nieujawnione wszystkie secondary,0.0,,,,,,,,,,,,,,,,,,,,,,,
K5wsueluRIG0uEhKIo9O7Q,151,Health,5,Square,2,1,False,0,False,MAGAZYN,,Offense %,0.63%,63,0,,Speed,5,50000,1,523560,,,,0,,,,,0,,,,,0,,D,1,5,4,100.0,100.0,83.3,100.0,0,0.0,upgrade,0,0,0,0,67.2,0.0,100.0,14.8,JARJARBINKS,CANDIDATE,UPGRADE,nieujawnione wszystkie secondary,0.0,,,,,,,,,,,,,,,,,,,,,,,
M5PLCoSBSk-oUunPPBUCgg,151,Health,5,Square,4,1,False,0,True,POSTAĆ: SITHASSASSIN,aexHsZUqQDGsVA2Qiivx6g,Offense %,0.63%,63,0,,Protection %,1.48%,148,1,1484,Health,285,2850000,1,28508329,Speed,5,50000,1,502890,,,,0,,B,3,7,4,100.0,72.7,83.3,88.3,15.6,0.0,upgrade,0,0,0,0,38.5,0.0,55.8,14.8,JARJARBINKS,CANDIDATE,UPGRADE,nieujawnione wszystkie secondary,0.0,,,,,,,,,,,,,,,,,,,,,,,
MSEKWLRMStGD3FvnDb00aA,151,Health,5,Square,5,1,False,0,True,POSTAĆ: YOUNGCHEWBACCA,iuUDyYYsQYiDZxTNS0SM9g,Offense %,0.63%,63,0,,Speed,5,50000,1,599790,Potency %,1.21%,121,1,1218,Protection %,1.21%,121,1,1211,Critical Chance %,1.24%,124,1,1240,A,4,8,4,100.0,57.2,83.3,78.6,21.4,23.0,upgrade,0,0,0,0,24.2,0.0,33.8,14.8,JARJARBINKS,CANDIDATE,UPGRADE,nieujawnione wszystkie secondary,0.0,,,,,,,,,,,,,,,,,,,,,,,
MgyvL1ADSS6JID39qLpSrw,151,Health,5,Square,3,1,False,0,False,MAGAZYN,,Offense %,0.63%,63,0,,Speed,5,50000,1,522000,Health %,0.61%,61,1,614,,,,0,,,,,0,,C,2,6,4,100.0,86.0,83.3,95.3,9.3,0.0,upgrade,0,0,0,0,34.7,0.0,50.0,14.8,JARJARBINKS,CANDIDATE,UPGRADE,nieujawnione wszystkie secondary,0.0,,,,,,,,,,,,,,,,,,,,,,,
P-DeGPiFQxaYGfguMtDbgw,151,Health,5,Square,5,1,False,0,True,POSTAĆ: DARTHMALGUS,rNVRtWnISySAAsFoyWfm4Q,Offense %,0.63%,63,0,,Critical Chance %,1.61%,161,1,1617,Protection %,1.86%,186,1,1864,Defense %,1.16%,116,1,1160,Speed,5,50000,1,567900,A,4,8,4,100.0,59.2,83.3,79.6,20.4,52.9,upgrade,0,0,0,0,24.2,0.0,33.8,14.8,JARJARBINKS,CANDIDATE,UPGRADE,nieujawnione wszystkie secondary,0.0,,,,,,,,,,,,,,,,,,,,,,,
VaDI_Q7gQ0mPgRSBK1u9VA,151,Health,5,Square,3,1,False,0,True,POSTAĆ: IG11,mqfX-RgRRcykqF6ZAoBo8g,Offense %,0.63%,63,0,,Speed,5,50000,1,517890,Defense,8,80000,1,830893,,,,0,,,,,0,,C,2,6,4,100.0,67.0,83.3,89.0,22.0,0.0,upgrade,0,0,0,0,44.9,0.0,65.7,14.8,JARJARBINKS,CANDIDATE,UPGRADE,nieujawnione wszystkie secondary,0.0,,,,,,,,,,,,,,,,,,,,,,,
ZligkCMQRMutRwiXsh-OEg,151,Health,5,Square,3,1,False,0,True,POSTAĆ: DATHCHA,E40HoMmWQfGRpU9ltvprtg,Offense %,0.63%,63,0,,Speed,5,50000,1,554040,Protection,732,7320000,1,73263073,,,,0,,,,,0,,C,2,6,4,100.0,74.0,83.3,91.3,17.3,0.0,upgrade,0,0,0,0,46.9,0.0,68.7,14.8,JARJARBINKS,CANDIDATE,UPGRADE,nieujawnione wszystkie secondary,0.0,,,,,,,,,,,,,,,,,,,,,,,
cTVUxI43Toy7qTRZjraP9g,151,Health,5,Square,3,1,False,0,True,POSTAĆ: GAMORREANGUARD,jgOdEbDhTxmOgREBJSK81w,Offense %,0.63%,63,0,,Tenacity %,1.42%,142,1,1424,Speed,5,50000,1,513690,,,,0,,,,,0,,C,2,6,4,100.0,65.0,83.3,88.3,23.3,0.0,upgrade,0,0,0,0,34.7,0.0,50.0,14.8,JARJARBINKS,CANDIDATE,UPGRADE,nieujawnione wszystkie secondary,0.0,,,,,,,,,,,,,,,,,,,,,,,
ffvQDApiQx-ehmNoLvpZzg,151,Health,5,Square,4,1,False,0,True,POSTAĆ: IMAGUNDI,r0q2lXvGRMyC4rDJYGNivg,Offense %,0.63%,63,0,,Protection %,1.96%,196,1,1964,Health,273,2730000,1,27308249,Speed,5,50000,1,547890,,,,0,,B,3,7,4,100.0,72.7,83.3,88.3,15.6,0.0,upgrade,0,0,0,0,38.5,0.0,55.8,14.8,JARJARBINKS,CANDIDATE,UPGRADE,nieujawnione wszystkie secondary,0.0,,,,,,,,,,,,,,,,,,,,,,,
jZrG_tA9SbSToH41wdaGjQ,151,Health,5,Square,3,1,False,0,True,POSTAĆ: SAVAGEOPRESS,vm6-1zqjQ7uXMOTMAcT16A,Offense %,0.63%,63,0,,Potency %,2.1%,210,1,2107,Speed,5,50000,1,551670,,,,0,,,,,0,,C,2,6,4,100.0,67.0,83.3,89.0,22.0,0.0,upgrade,0,0,0,0,34.7,0.0,50.0,14.8,JARJARBINKS,CANDIDATE,UPGRADE,nieujawnione wszystkie secondary,0.0,,,,,,,,,,,,,,,,,,,,,,,
lcfs8cMxSe6tBtKlEzvNaA,151,Health,5,Square,4,1,False,0,True,POSTAĆ: BADBATCHWRECKER,V_Loh6rGTpOcVM6_ulApig,Offense %,0.63%,63,0,,Defense %,1.34%,134,1,1347,Speed,5,50000,1,568710,Potency %,1.96%,196,1,1964,,,,0,,B,3,7,4,100.0,58.7,83.3,82.3,23.6,0.0,upgrade,0,0,0,0,23.9,0.0,33.3,14.8,JARJARBINKS,CANDIDATE,UPGRADE,nieujawnione wszystkie secondary,0.0,,,,,,,,,,,,,,,,,,,,,,,
nRWXfglRQTaP1xUwZv_ciQ,151,Health,5,Square,4,1,False,0,False,MAGAZYN,,Offense %,0.63%,63,0,,Protection,658,6580000,1,65800132,Speed,5,50000,1,506160,Protection %,1.29%,129,1,1297,,,,0,,B,3,7,4,100.0,72.7,83.3,88.3,15.6,0.0,upgrade,0,0,0,0,39.6,0.0,57.5,14.8,JARJARBINKS,CANDIDATE,UPGRADE,nieujawnione wszystkie secondary,0.0,,,,,,,,,,,,,,,,,,,,,,,
nW-974v9Toq-o1NOE9n-4g,151,Health,5,Square,3,1,False,0,False,MAGAZYN,,Offense %,0.63%,63,0,,Speed,5,50000,1,564570,Protection,459,4590000,1,45919721,,,,0,,,,,0,,C,2,6,4,100.0,74.0,83.3,91.3,17.3,0.0,upgrade,0,0,0,0,46.9,0.0,68.7,14.8,JARJARBINKS,CANDIDATE,UPGRADE,nieujawnione wszystkie secondary,0.0,,,,,,,,,,,,,,,,,,,,,,,
vXn7l36QQQqXv98nqfNX_A,151,Health,5,Square,4,1,False,0,True,POSTAĆ: DARTHMALAK,Gi4yc5CnQbC2bekrOQeEPw,Offense %,0.63%,63,0,,Tenacity %,2.18%,218,1,2184,Speed,5,50000,1,554670,Critical Chance %,1.4%,140,1,1409,,,,0,,B,3,7,4,100.0,51.7,83.3,79.3,27.6,0.0,upgrade,0,0,0,0,23.9,0.0,33.3,14.8,JARJARBINKS,CANDIDATE,UPGRADE,nieujawnione wszystkie secondary,0.0,,,,,,,,,,,,,,,,,,,,,,,
wmEy4WMeSuKa4ZCLsLYWew,151,Health,5,Square,4,1,False,0,True,POSTAĆ: WRECKERS3,uEjp6OaJQTuRqfyYL42cUA,Offense %,0.63%,63,0,,Speed,5,50000,1,592200,Protection,635,6350000,1,63536747,Offense,40,400000,1,3989316,,,,0,,B,3,7,4,100.0,76.7,83.3,90.0,13.3,0.0,upgrade,0,0,0,0,39.5,0.0,57.4,14.8,JARJARBINKS,CANDIDATE,UPGRADE,nieujawnione wszystkie secondary,0.0,,,,,,,,,,,,,,,,,,,,,,,
ygHAD7RGR8KIx9mcoPIZNA,151,Health,5,Square,3,1,False,0,False,MAGAZYN,,Offense %,0.63%,63,0,,Speed,5,50000,1,546060,Protection %,1.61%,161,1,1617,,,,0,,,,,0,,C,2,6,4,100.0,85.0,83.3,95.0,10.0,0.0,upgrade,0,0,0,0,46.2,0.0,67.6,14.8,JARJARBINKS,CANDIDATE,UPGRADE,nieujawnione wszystkie secondary,0.0,,,,,,,,,,,,,,,,,,,,,,,
0mq5v7WnR_2kKnmOzH8OiQ,154,Health,5,Triangle,2,15,False,0,True,POSTAĆ: BARRISSOFFEE,6re5azNmTWyiNI9wV_gGaw,Protection %,23.5%,2350,0,,Protection,1079,10790000,2,58270743|49723869,Defense %,1.04%,104,1,1048,Speed,5,50000,1,586200,Health,417,4170000,1,41737068,D,5,5,0,100.0,57.2,83.3,57.2,0.0,0.0,slice,0,0,0,0,29.1,0.0,41.4,14.8,JARJARBINKS,CANDIDATE,KEEP,obserwuj przed wydaniem materiałów,0.0,,,,,,,,,,,,,,,,,,,,,,,
1DPNygC8R-KSogcCmpbDeQ,154,Health,5,Triangle,5,15,False,0,True,POSTAĆ: BENSOLO,DX_lPsDmT8ui5n9qLexVhQ,Offense %,5.88%,588,0,,Speed,15,150000,3,575310|516870|413070,Critical Chance %,3.65%,365,2,1558|2101,Offense,45,450000,1,4485444,Protection %,3.18%,318,2,1975|1206,A,8,8,0,100.0,71.5,83.3,71.5,0,63.1,6-dot,0,0,0,0,35.1,0.0,50.6,14.8,JARJARBINKS,CANDIDATE,SLICE_6E,5A ma wystarczającą wartość lub dopasowanie do postaci,0.0,,,,,,,,,,,,,,,,,,,,,,,
1ZCC67ckS7CBM8RNfugSuQ,154,Health,5,Triangle,3,15,False,0,True,POSTAĆ: AMILYNHOLDO,-VRG4JZBQNq7g7axa-5MsQ,Protection %,23.5%,2350,0,,Potency %,3.01%,301,2,1426|1593,Critical Chance %,1.31%,131,1,1311,Health,324,3240000,1,32404303,Speed,10,100000,2,512460|555630,C,6,6,0,100.0,56.8,83.3,56.8,0,0.0,slice,0,0,0,0,27.4,0.0,38.7,14.8,JARJARBINKS,CANDIDATE,SLICE,wartość moda lub dopasowanie do postaci uzasadnia kolejny roll,0.0,,,,,,,,,,,,,,,,,,,,,,,
1euLgkKnQ_C_hE_cu_1Vgw,154,Health,5,Triangle,2,15,False,0,True,POSTAĆ: ZEBS3,D5q4C1q7Ql2DCjsBT9cC_g,Critical Damage %,36%,3600,0,,Protection,657,6570000,1,65729531,Speed,5,50000,1,552180,Tenacity %,1.68%,168,1,1686,Offense %,0.77%,77,2,373|400,D,5,5,0,100.0,72.4,83.3,72.4,0,0.0,slice,0,0,0,0,20.1,0.0,27.5,14.8,JARJARBINKS,CANDIDATE,SLICE,wartość moda lub dopasowanie do postaci uzasadnia kolejny roll,0.0,,,,,,,,,,,,,,,,,,,,,,,
3N1B_dDHRmavCgoaZmgvkg,154,Health,5,Triangle,1,15,False,0,True,POSTAĆ: GAMORREANGUARD,jgOdEbDhTxmOgREBJSK81w,Health %,5.88%,588,0,,Protection %,1.24%,124,1,1244,Speed,5,50000,1,511440,Defense,5,50000,1,506072,Offense,41,410000,1,4063416,E,4,4,0,100.0,71.5,83.3,71.5,0,0.0,slice,0,0,0,0,34.9,0.0,50.3,14.8,JARJARBINKS,CANDIDATE,SLICE,wartość moda lub dopasowanie do postaci uzasadnia kolejny roll,0.0,,,,,,,,,,,,,,,,,,,,,,,
5OVovoZORIubT920SBTfuw,154,Health,5,Triangle,1,15,False,0,True,POSTAĆ: WATTAMBOR,IQh24H7aRX2calIUiNm7Qg,Health %,5.88%,588,0,,Health,331,3310000,1,33188641,Speed,3,30000,1,320430,Protection,722,7220000,1,72262200,Defense,6,60000,1,657776,E,4,4,0,100.0,57.5,50.0,57.5,0,0.0,slice,0,0,0,0,34.9,0.0,50.2,14.8,JARJARBINKS,CANDIDATE,KEEP,obserwuj przed wydaniem materiałów,0.0,,,,,,,,,,,,,,,,,,,,,,,
6My7bsd2QEihzpwjjMOU-Q,154,Health,5,Triangle,1,15,False,0,True,POSTAĆ: SCARIFREBEL,GCcqj7sLRhql1nUuT1xRhA,Offense %,5.88%,588,0,,Speed,5,50000,1,548460,Potency %,1.84%,184,1,1847,Protection,529,5290000,1,52971515,Offense,30,300000,1,2986116,E,4,4,0,100.0,66.0,83.3,66.0,0,0.0,slice,0,0,0,0,30.2,0.0,43.0,14.8,JARJARBINKS,CANDIDATE,SLICE,wartość moda lub dopasowanie do postaci uzasadnia kolejny roll,0.0,,,,,,,,,,,,,,,,,,,,,,,
6RdzNIB0S4OIuo3wOVsD3Q,154,Health,5,Triangle,3,15,False,0,True,POSTAĆ: JUHANI,UDoCRH4uS92zX8gCJxA-DA,Critical Chance %,12%,1200,0,,Defense %,3.02%,302,2,1689|1340,Speed,5,50000,1,504000,Offense %,0.44%,44,1,440,Protection,1004,10040000,2,45080815|55359490,C,6,6,0,100.0,62.0,83.3,62.0,0,0.0,slice,0,0,0,0,21.2,0.0,29.1,14.8,JARJARBINKS,CANDIDATE,SLICE,wartość moda lub dopasowanie do postaci uzasadnia kolejny roll,0.0,,,,,,,,,,,,,,,,,,,,,,,
7uXIYJB6SKCjuIKHOoYhig,154,Health,5,Triangle,2,15,False,0,True,POSTAĆ: SHAAKTI,503OVxX6T8KodfMAlrKGlw,Health %,5.88%,588,0,,Speed,5,50000,1,517890,Tenacity %,1.5%,150,1,1507,Offense,74,740000,2,3102852|4273632,Protection,418,4180000,1,41829016,D,5,5,0,100.0,68.4,83.3,68.4,0,0.0,slice,0,0,0,0,29.1,0.0,41.4,14.8,JARJARBINKS,CANDIDATE,SLICE,wartość moda lub dopasowanie do postaci uzasadnia kolejny roll,0.0,,,,,,,,,,,,,,,,,,,,,,,
8sE9QJqxSLaZQOjUMTEsuQ,154,Health,5,Triangle,2,15,False,0,True,POSTAĆ: QUIGGOLD,B3mCleNuRuiQtWer9Zjqwg,Protection %,23.5%,2350,0,,Tenacity %,1.52%,152,1,1526,Offense %,0.36%,36,1,361,Speed,5,50000,1,525480,Potency %,3.97%,397,2,1747|2229,D,5,5,0,100.0,58.0,83.3,58.0,0,0.0,slice,0,0,0,0,15.2,0.0,20.0,14.8,JARJARBINKS,CANDIDATE,SLICE,wartość moda lub dopasowanie do postaci uzasadnia kolejny roll,0.0,,,,,,,,,,,,,,,,,,,,,,,
BIcBfoSnSLSRmXMZ3uqf4A,154,Health,5,Triangle,1,15,False,0,True,POSTAĆ: FOSITHTROOPER,mtBm_ua2RVuRu6Fdi1Jnbw,Critical Damage %,36%,3600,0,,Speed,5,50000,1,562680,Defense %,1.62%,162,1,1626,Health,223,2230000,1,22366491,Offense %,0.33%,33,1,339,E,4,4,0,100.0,70.5,83.3,70.5,0,0.0,slice,0,0,0,0,23.7,0.0,33.0,14.8,JARJARBINKS,CANDIDATE,SLICE,wartość moda lub dopasowanie do postaci uzasadnia kolejny roll,0.0,,,,,,,,,,,,,,,,,,,,,,,
BTs8nSfQRPCw4YK5XGcQHA,154,Health,5,Triangle,1,15,False,0,True,POSTAĆ: LOBOT,QDPo8AzSQ6iPC9yIs76NMw,Critical Chance %,12%,1200,0,,Protection %,1.67%,167,1,1673,Tenacity %,1.28%,128,1,1289,Defense,8,80000,1,859852,Speed,5,50000,1,588540,E,4,4,0,100.0,58.5,83.3,58.5,0,0.0,slice,0,0,0,0,29.3,0.0,41.6,14.8,JARJARBINKS,CANDIDATE,SLICE,wartość moda lub dopasowanie do postaci uzasadnia kolejny roll,0.0,,,,,,,,,,,,,,,,,,,,,,,
CK038Kq_SJ6BoD9hgMhEMA,154,Health,5,Triangle,3,15,False,0,True,POSTAĆ: VANE,IRrH4R1UTBaBO0OKgdC4_A,Critical Damage %,36%,3600,0,,Defense %,2.81%,281,2,1339|1477,Potency %,4.07%,407,2,2127|1952,Offense,46,460000,1,4524660,Speed,5,50000,1,501720,C,6,6,0,100.0,55.7,83.3,55.7,0,0.0,slice,0,0,0,0,16.8,0.0,22.5,14.8,JARJARBINKS,CANDIDATE,KEEP,obserwuj przed wydaniem materiałów,0.0,,,,,,,,,,,,,,,,,,,,,,,
Cp1ZfAhYSY-FGpKnSGx2Jw,154,Health,5,Triangle,5,15,False,0,True,POSTAĆ: GUNGANPHALANX,wjbd-YpMSEeRlf52LR4kOg,Health %,5.88%,588,0,,Potency %,3.19%,319,2,1885|1312,Protection %,1.56%,156,1,1562,Protection,801,8010000,1,80107217,Speed,18,180000,4,598320|462030|389370|429630,A,8,8,0,100.0,73.2,75.0,73.2,0,51.9,6-dot,0,0,0,0,40.6,0.0,59.1,14.8,JARJARBINKS,CANDIDATE,SLICE_6E,5A ma wystarczającą wartość lub dopasowanie do postaci,0.0,,,,,,,,,,,,,,,,,,,,,,,
FAOFeMpHQVWI4L0OQp9gDA,154,Health,5,Triangle,1,15,False,0,True,POSTAĆ: ZORIIBLISS_V2,OsO2zGm1RNijVuR2GT96iQ,Critical Damage %,36%,3600,0,,Health,412,4120000,1,41299896,Health %,0.97%,97,1,977,Defense,7,70000,1,714910,Speed,5,50000,1,584160,E,4,4,0,100.0,63.5,83.3,63.5,0,0.0,slice,0,0,0,0,28.8,0.0,40.9,14.8,JARJARBINKS,CANDIDATE,SLICE,wartość moda lub dopasowanie do postaci uzasadnia kolejny roll,0.0,,,,,,,,,,,,,,,,,,,,,,,
FUZn-wRBQZaV03OBx-WI0w,154,Health,5,Triangle,1,15,False,0,True,POSTAĆ: SUNFAC,rKf6WvhwTAWYgMfQxpPddQ,Defense %,11.75%,1175,0,,Critical Chance %,2.06%,206,1,2063,Potency %,2.19%,219,1,2195,Offense,32,320000,1,3194508,Speed,5,50000,1,522810,E,4,4,0,100.0,60.2,83.3,60.2,0,0.0,slice,0,0,0,0,24.1,0.0,33.7,14.8,JARJARBINKS,CANDIDATE,SLICE,wartość moda lub dopasowanie do postaci uzasadnia kolejny roll,0.0,,,,,,,,,,,,,,,,,,,,,,,
H3CVyHNEQ0GfTyFP7z2QAg,154,Health,5,Triangle,2,15,False,0,True,POSTAĆ: KANANJARRUSS3,dMx4vcVLTHWr0Wk6LK0Qiw,Offense %,5.88%,588,0,,Speed,5,50000,1,504840,Potency %,2.95%,295,2,1623|1330,Critical Chance %,1.38%,138,1,1389,Offense,25,250000,1,2430936,D,5,5,0,100.0,55.0,83.3,55.0,0,0.0,slice,0,0,0,0,19.7,0.0,26.9,14.8,JARJARBINKS,CANDIDATE,KEEP,obserwuj przed wydaniem materiałów,0.0,,,,,,,,,,,,,,,,,,,,,,,
IvH7E5IiTxi3_CR170PKNA,154,Health,5,Triangle,1,15,False,0,True,POSTAĆ: EETHKOTH,9MxaXkXATp2x3acJC_s2Mg,Offense %,5.88%,588,0,,Protection %,1.4%,140,1,1409,Tenacity %,2.21%,221,1,2211,Speed,5,50000,1,509340,Offense,26,260000,1,2583924,E,4,4,0,100.0,70.5,83.3,70.5,0,0.0,slice,0,0,0,0,29.8,0.0,42.5,14.8,JARJARBINKS,CANDIDATE,SLICE,wartość moda lub dopasowanie do postaci uzasadnia kolejny roll,0.0,,,,,,,,,,,,,,,,,,,,,,,
KXkkDOyeT9WSlC1-dVW77g,154,Health,5,Triangle,5,15,False,0,True,POSTAĆ: ROSETICO,da51QIPySzW1uE1DmDmsIg,Critical Damage %,36%,3600,0,,Speed,14,140000,3,548820|519810|409320,Health %,1.44%,144,2,850|598,Critical Chance %,1.95%,195,1,1955,Offense,60,600000,2,2467644|3476772,A,8,8,0,100.0,79.1,77.8,79.1,0,44.9,6-dot,0,0,0,0,32.2,0.0,46.2,14.8,JARJARBINKS,CANDIDATE,SLICE_6E,5A ma wystarczającą wartość lub dopasowanie do postaci,0.0,,,,,,,,,,,,,,,,,,,,,,,
LlVf1ZAmRBq3kXj75JnBWw,154,Health,5,Triangle,5,15,False,0,True,POSTAĆ: JOLEEBINDO,VGWjnbEWQPq1K6gWK0LcwQ,Defense %,11.75%,1175,0,,Health,327,3270000,1,32798615,Health %,2.04%,204,2,1109|934,Critical Chance %,3.28%,328,2,1796|1493,Speed,14,140000,3,516270|536490|361140,A,8,8,0,100.0,67.8,77.8,67.8,0,59.2,6-dot,0,0,0,0,29.2,0.0,41.5,14.8,JARJARBINKS,CANDIDATE,SLICE_6E,5A ma wystarczającą wartość lub dopasowanie do postaci,0.0,,,,,,,,,,,,,,,,,,,,,,,
MmuIkgwaTCKLfkSKVtzz9w,154,Health,5,Triangle,4,15,False,0,True,POSTAĆ: DARTHREVAN,fLqeKdDzSRW4dMgHZirtpQ,Critical Damage %,36%,3600,0,,Health %,1.77%,177,2,646|1124,Health,407,4070000,1,40751288,Speed,7,70000,2,467580|309750,Defense %,2.76%,276,2,1142|1619,B,7,7,0,100.0,68.0,58.3,68.0,0.0,0.0,slice,0,0,0,0,23.8,0.0,33.2,14.8,JARJARBINKS,CANDIDATE,SLICE,wartość moda lub dopasowanie do postaci uzasadnia kolejny roll,0.0,,,,,,,,,,,,,,,,,,,,,,,
Ny7fsKgdQYiRQXtfLvSYsQ,154,Health,5,Triangle,1,15,False,0,True,POSTAĆ: CEREJUNDA,72VBeoIDQ36DwUyEXxNADA,Critical Chance %,12%,1200,0,,Tenacity %,1.49%,149,1,1494,Defense,7,70000,1,702317,Potency %,1.44%,144,1,1447,Speed,5,50000,1,559800,E,4,4,0,100.0,49.5,83.3,49.5,0,0.0,slice,0,0,0,0,23.6,0.0,32.8,14.8,JARJARBINKS,CANDIDATE,KEEP,wartość secondary zbyt niska,0.0,,,,,,,,,,,,,,,,,,,,,,,
Oh21iESwSoeq3HGYpF3NzQ,154,Health,5,Triangle,1,15,False,0,True,POSTAĆ: COLONELSTARCK,8ckDli7mTvaKsfLl2IuUSQ,Critical Damage %,36%,3600,0,,Protection,522,5220000,1,52219822,Tenacity %,1.18%,118,1,1181,Offense,44,440000,1,4332000,Health %,0.65%,65,1,659,E,4,4,0,100.0,58.0,0.0,58.0,0,0.0,slice,0,0,0,0,13.9,0.0,18.0,14.8,JARJARBINKS,CANDIDATE,SLICE,wartość moda lub dopasowanie do postaci uzasadnia kolejny roll,0.0,,,,,,,,,,,,,,,,,,,,,,,
OmjCxfh6TGSztrf7hmFmBQ,154,Health,5,Triangle,1,15,False,0,True,POSTAĆ: SITHASSASSIN,aexHsZUqQDGsVA2Qiivx6g,Critical Damage %,36%,3600,0,,Defense,7,70000,1,742595,Protection,739,7390000,1,73915094,Protection %,1.3%,130,1,1306,Speed,5,50000,1,556980,E,4,4,0,100.0,63.0,83.3,63.0,0,0.0,slice,0,0,0,0,35.4,0.0,51.0,14.8,JARJARBINKS,CANDIDATE,SLICE,wartość moda lub dopasowanie do postaci uzasadnia kolejny roll,0.0,,,,,,,,,,,,,,,,,,,,,,,
RET1wHCKTsWVjSnsww9rKQ,154,Health,5,Triangle,1,15,False,0,True,POSTAĆ: IG12,Ef5TBIi_RqG_1av0iPBqpA,Health %,5.88%,588,0,,Speed,5,50000,1,562650,Protection,730,7300000,1,73047117,Health,350,3500000,1,35085196,Potency %,1.81%,181,1,1813,E,4,4,0,100.0,57.5,83.3,57.5,0,0.0,slice,0,0,0,0,29.8,0.0,42.4,14.8,JARJARBINKS,CANDIDATE,KEEP,obserwuj przed wydaniem materiałów,0.0,,,,,,,,,,,,,,,,,,,,,,,
SeBCvs5LRfWJd3OudUy_Gw,154,Health,5,Triangle,3,15,False,0,True,POSTAĆ: MAGNAGUARD,Z8Ga0KbwQFW3sczCZvLntg,Critical Chance %,12%,1200,0,,Offense %,0.83%,83,2,325|514,Speed,5,50000,1,516630,Defense,6,60000,1,664685,Health %,1.88%,188,2,994|892,C,6,6,0,100.0,77.0,83.3,77.0,0,0.0,slice,0,0,0,0,16.5,0.0,21.9,14.8,JARJARBINKS,CANDIDATE,SLICE,wartość moda lub dopasowanie do postaci uzasadnia kolejny roll,0.0,,,,,,,,,,,,,,,,,,,,,,,
StaDuS-mTcyFZZgiRVYlCA,154,Health,5,Triangle,5,15,False,0,True,POSTAĆ: CARADUNE,KEKoHlnlSSW1OzNJhH-ULw,Offense %,5.88%,588,0,,Speed,13,130000,3,525840|407790|404430,Protection,528,5280000,1,52822007,Tenacity %,3.16%,316,2,1921|1247,Potency %,3.31%,331,2,2052|1260,A,8,8,0,100.0,59.5,72.2,59.5,0,41.9,6-dot,0,0,0,0,29.6,0.0,42.2,14.8,JARJARBINKS,CANDIDATE,SLICE_6E,5A ma wystarczającą wartość lub dopasowanie do postaci,0.0,,,,,,,,,,,,,,,,,,,,,,,
TFzuwlFtQUSHohel1B4IGw,154,Health,5,Triangle,1,15,False,0,True,POSTAĆ: GREATMOTHERS,_9o2eZpKS1qVCYr7VBoyEQ,Health %,5.88%,588,0,,Protection %,1.59%,159,1,1593,Defense,8,80000,1,899101,Protection,812,8120000,1,81240986,Offense %,0.31%,31,1,315,E,4,4,0,100.0,61.0,0.0,61.0,0,0.0,slice,0,0,0,0,19.1,0.0,26.0,14.8,JARJARBINKS,CANDIDATE,SLICE,wartość moda lub dopasowanie do postaci uzasadnia kolejny roll,0.0,,,,,,,,,,,,,,,,,,,,,,,
UUcODDSETI6M2AUt-5NwNA,154,Health,5,Triangle,3,15,False,0,True,POSTAĆ: FINN,Ys-1OpVoRvq5bmhl-p99Ig,Protection %,23.5%,2350,0,,Tenacity %,1.85%,185,1,1856,Speed,11,110000,2,517890|595380,Critical Chance %,1.15%,115,1,1159,Defense %,2.47%,247,2,1193|1279,C,6,6,0,100.0,56.5,91.7,56.5,0,0.0,slice,0,0,0,0,23.9,0.0,33.3,14.8,JARJARBINKS,CANDIDATE,SLICE,wartość moda lub dopasowanie do postaci uzasadnia kolejny roll,0.0,,,,,,,,,,,,,,,,,,,,,,,
XXSnkPwuQMaEh7eWKTbzrQ,154,Health,5,Triangle,3,15,False,0,True,POSTAĆ: ROYALGUARD,Tm3WsbyASby5qAiySY83Mw,Offense %,5.88%,588,0,,Tenacity %,3.23%,323,2,1591|1641,Defense,5,50000,1,588588,Speed,5,50000,1,555870,Potency %,3.09%,309,2,1599|1498,C,6,6,0,100.0,43.7,83.3,43.7,0,0.0,slice,0,0,0,0,16.5,0.0,21.9,14.8,JARJARBINKS,CANDIDATE,KEEP,wartość secondary zbyt niska,0.0,,,,,,,,,,,,,,,,,,,,,,,
Yh1u6i8GReWNsOlart_X-g,154,Health,5,Triangle,1,15,False,0,True,POSTAĆ: IG11,mqfX-RgRRcykqF6ZAoBo8g,Defense %,11.75%,1175,0,,Defense,8,80000,1,883078,Speed,5,50000,1,529140,Tenacity %,2.24%,224,1,2248,Critical Chance %,1.86%,186,1,1867,E,4,4,0,100.0,47.2,83.3,47.2,0,0.0,slice,0,0,0,0,23.6,0.0,32.8,14.8,JARJARBINKS,CANDIDATE,KEEP,wartość secondary zbyt niska,0.0,,,,,,,,,,,,,,,,,,,,,,,
fWKcYsi4Rg-ZlSDng9d4jQ,154,Health,5,Triangle,1,15,False,0,True,POSTAĆ: CLONEWARSCHEWBACCA,WhyOA0ViSSaj8EJPe4pYfw,Defense %,11.75%,1175,0,,Defense,8,80000,1,882049,Offense %,0.36%,36,1,360,Health %,0.97%,97,1,972,Protection,618,6180000,1,61834017,E,4,4,0,100.0,61.5,0.0,61.5,0,0.0,slice,0,0,0,0,13.4,0.0,17.2,14.8,JARJARBINKS,CANDIDATE,SLICE,wartość moda lub dopasowanie do postaci uzasadnia kolejny roll,0.0,,,,,,,,,,,,,,,,,,,,,,,
fybMtp1zRQi04QCoNS0ITw,154,Health,5,Triangle,1,15,False,0,True,POSTAĆ: PAPLOO,awo_NEYISgeeJL0hZbGZEQ,Protection %,23.5%,2350,0,,Protection,631,6310000,1,63167130,Offense,42,420000,1,4175820,Health %,0.95%,95,1,953,Speed,5,50000,1,536100,E,4,4,0,100.0,75.5,83.3,75.5,0,0.0,slice,0,0,0,0,30.2,0.0,43.0,14.8,JARJARBINKS,CANDIDATE,SLICE,wartość moda lub dopasowanie do postaci uzasadnia kolejny roll,0.0,,,,,,,,,,,,,,,,,,,,,,,
i3nIiNW7QY6nHor_1UXQbw,154,Health,5,Triangle,1,15,False,0,True,POSTAĆ: JEDIKNIGHTCONSULAR,fLPK8bnSSFiRsHKghdUZAA,Offense %,5.88%,588,0,,Tenacity %,1.38%,138,1,1385,Offense,36,360000,1,3587124,Defense %,1.27%,127,1,1275,Speed,5,50000,1,588930,E,4,4,0,100.0,63.5,83.3,63.5,0,0.0,slice,0,0,0,0,24.1,0.0,33.7,14.8,JARJARBINKS,CANDIDATE,SLICE,wartość moda lub dopasowanie do postaci uzasadnia kolejny roll,0.0,,,,,,,,,,,,,,,,,,,,,,,
jA_3VaooTua4rXh6EQyr9A,154,Health,5,Triangle,3,15,True,0,True,POSTAĆ: CALKESTIS,BlZTr3AdRHy_YN4h5HTgbg,Health %,5.88%,588,0,,Speed,11,110000,2,516510|599910,Defense %,2.1%,210,2,989|1115,Tenacity %,1.82%,182,1,1824,Defense,5,50000,1,588000,C,6,6,0,100.0,58.0,91.7,58.0,0,0.0,slice,0,0,0,0,27.3,0.0,38.6,14.8,JARJARBINKS,CANDIDATE,SLICE,wartość moda lub dopasowanie do postaci uzasadnia kolejny roll,0.0,,,,,,,,,,,,,,,,,,,,,,,
jnLmu6akSMu6L03tT8mV3g,154,Health,5,Triangle,1,15,False,0,True,POSTAĆ: DATHCHA,E40HoMmWQfGRpU9ltvprtg,Offense %,5.88%,588,0,,Speed,5,50000,1,556890,Defense %,0.94%,94,1,944,Tenacity %,2.19%,219,1,2195,Health,358,3580000,1,35845961,E,4,4,0,100.0,55.0,83.3,55.0,0,0.0,slice,0,0,0,0,23.7,0.0,33.0,14.8,JARJARBINKS,CANDIDATE,KEEP,obserwuj przed wydaniem materiałów,0.0,,,,,,,,,,,,,,,,,,,,,,,
krA25HXOSQCGdLiJinSPDw,154,Health,5,Triangle,1,15,False,0,True,POSTAĆ: HERASYNDULLAS3,WwA_vE8UQ9SCiyY3ETfxew,Offense %,5.88%,588,0,,Defense,9,90000,1,960645,Speed,5,50000,1,501420,Potency %,1.75%,175,1,1751,Protection %,1.25%,125,1,1257,E,4,4,0,100.0,59.5,83.3,59.5,0,0.0,slice,0,0,0,0,29.3,0.0,41.6,14.8,JARJARBINKS,CANDIDATE,SLICE,wartość moda lub dopasowanie do postaci uzasadnia kolejny roll,0.0,,,,,,,,,,,,,,,,,,,,,,,
lzT4QUfmQN6x6MfRKdThgA,154,Health,5,Triangle,4,15,False,0,True,POSTAĆ: PLOKOON,xoy2sZzCSUCkBgyoxZ2UXg,Health %,5.88%,588,0,,Offense,69,690000,2,4246728|2553372,Speed,8,80000,2,563970|305130,Critical Chance %,1.28%,128,1,1288,Protection %,2.77%,277,2,1508|1269,B,7,7,0,100.0,75.6,66.7,75.6,0,0.0,slice,0,0,0,0,33.8,0.0,48.6,14.8,JARJARBINKS,CANDIDATE,SLICE,wartość moda lub dopasowanie do postaci uzasadnia kolejny roll,0.0,,,,,,,,,,,,,,,,,,,,,,,
mhjW9bkoStWe40-ekHsD3w,154,Health,5,Triangle,1,15,False,0,True,POSTAĆ: FULCRUMAHSOKA,gL8t8tzST0GDS7w4bToSxg,Critical Damage %,36%,3600,0,,Critical Chance %,1.48%,148,1,1482,Potency %,1.58%,158,1,1581,Defense,8,80000,1,823200,Speed,5,50000,1,580440,E,4,4,0,100.0,48.3,83.3,48.3,0,0.0,slice,0,0,0,0,23.6,0.0,32.8,14.8,JARJARBINKS,CANDIDATE,KEEP,wartość secondary zbyt niska,0.0,,,,,,,,,,,,,,,,,,,,,,,
nx5cegY4SbSqoB9DrTPH2Q,154,Health,5,Triangle,5,15,False,0,True,POSTAĆ: PADMEAMIDALA,wgt8iU2GQM6LL7Q58MWK8A,Defense %,11.75%,1175,0,,Offense %,1.05%,105,2,503|548,Speed,11,110000,2,575970|595140,Protection %,2.92%,292,2,1294|1630,Offense,59,590000,2,2387844|3499344,A,8,8,0,100.0,86.0,91.7,86.0,0,57.2,6-dot,0,0,0,0,29.8,0.0,42.5,14.8,JARJARBINKS,CANDIDATE,SLICE_6E,5A ma wystarczającą wartość lub dopasowanie do postaci,0.0,,,,,,,,,,,,,,,,,,,,,,,
o88Ebo0NQ-Kb0sPJePEbfQ,154,Health,5,Triangle,1,15,False,0,True,POSTAĆ: SAVAGEOPRESS,vm6-1zqjQ7uXMOTMAcT16A,Health %,5.88%,588,0,,Defense,5,50000,1,535325,Protection,577,5770000,1,57764077,Defense %,1.5%,150,1,1504,Speed,5,50000,1,570120,E,4,4,0,100.0,56.0,83.3,56.0,0,0.0,slice,0,0,0,0,29.6,0.0,42.2,14.8,JARJARBINKS,CANDIDATE,KEEP,obserwuj przed wydaniem materiałów,0.0,,,,,,,,,,,,,,,,,,,,,,,
pQ2KL0fxTqe_x_uCRTO_lA,154,Health,5,Triangle,1,15,False,0,True,POSTAĆ: CHOPPERS3,Bru_NLjRRlitn1bvKpD5zA,Protection %,23.5%,2350,0,,Offense %,0.55%,55,1,551,Speed,5,50000,1,525360,Tenacity %,1.99%,199,1,1990,Critical Chance %,1.15%,115,1,1153,E,4,4,0,100.0,61.8,83.3,61.8,0,0.0,slice,0,0,0,0,18.5,0.0,25.0,14.8,JARJARBINKS,CANDIDATE,SLICE,wartość moda lub dopasowanie do postaci uzasadnia kolejny roll,0.0,,,,,,,,,,,,,,,,,,,,,,,
qovVKfHWRQmaS6z0siIV-g,154,Health,5,Triangle,5,15,False,0,True,POSTAĆ: STAP,gdcV7h1eR-O4BYyNd_yAkA,Critical Damage %,36%,3600,0,,Protection %,5.83%,583,3,2200|2149|1485,Health %,0.86%,86,1,860,Speed,11,110000,2,592320|558510,Potency %,2.91%,291,2,1331|1582,A,8,8,0,100.0,68.8,91.7,68.8,0,62.1,6-dot,0,0,0,0,27.1,0.0,38.2,14.8,JARJARBINKS,CANDIDATE,SLICE_6E,5A ma wystarczającą wartość lub dopasowanie do postaci,0.0,,,,,,,,,,,,,,,,,,,,,,,
s386TkihRk-TSy0hsGaiHA,154,Health,5,Triangle,1,15,False,0,True,POSTAĆ: KYLORENUNMASKED,mmZzz2zbR36C6ye2aLObVg,Defense %,11.75%,1175,0,,Speed,5,50000,1,596400,Offense %,0.47%,47,1,479,Health,218,2180000,1,21892888,Tenacity %,1.41%,141,1,1418,E,4,4,0,100.0,67.5,83.3,67.5,0,0.0,slice,0,0,0,0,23.7,0.0,33.0,14.8,JARJARBINKS,CANDIDATE,SLICE,wartość moda lub dopasowanie do postaci uzasadnia kolejny roll,0.0,,,,,,,,,,,,,,,,,,,,,,,
uivq8au3SACa-yqKfMqqjA,154,Health,5,Triangle,1,15,False,0,True,POSTAĆ: L3_37,eS3LbQ-4S4WqItNYOU7j6g,Protection %,23.5%,2350,0,,Health %,1.08%,108,1,1087,Protection,700,7000000,1,70048651,Offense,40,400000,1,3944856,Speed,5,50000,1,560040,E,4,4,0,100.0,75.5,83.3,75.5,0,0.0,slice,0,0,0,0,30.2,0.0,43.0,14.8,JARJARBINKS,CANDIDATE,SLICE,wartość moda lub dopasowanie do postaci uzasadnia kolejny roll,0.0,,,,,,,,,,,,,,,,,,,,,,,
vY8Bw4H-S0asPCRWreXmUA,154,Health,5,Triangle,5,15,False,0,True,POSTAĆ: KITFISTO,_IzZXS1PSpSB9HDxr5S_Dw,Critical Chance %,12%,1200,0,,Speed,5,50000,1,560640,Offense %,1.13%,113,3,490|293|354,Defense,16,160000,2,857990|839272,Defense %,2.06%,206,2,887|1177,A,8,8,0,100.0,66.0,83.3,66.0,0,42.1,6-dot,0,0,0,0,15.4,0.0,20.3,14.8,JARJARBINKS,CANDIDATE,SLICE_6E,5A ma wystarczającą wartość lub dopasowanie do postaci,0.0,,,,,,,,,,,,,,,,,,,,,,,
wxthSAvNQLmKt7NIcA_9Gw,154,Health,5,Triangle,4,15,False,0,True,POSTAĆ: GRANDINQUISITOR,JXvUIuMiSR6_2LS1vnLylA,Critical Damage %,36%,3600,0,,Speed,3,30000,1,350610,Tenacity %,2.1%,210,1,2102,Critical Chance %,3.74%,374,2,2094|1652,Defense,23,230000,3,841232|964957|562324,B,7,7,0,100.0,40.3,50.0,40.3,0,0.0,slice,0,0,0,0,20.2,0.0,27.7,14.8,JARJARBINKS,CANDIDATE,KEEP,wartość secondary zbyt niska,0.0,,,,,,,,,,,,,,,,,,,,,,,
zluG3tYbQnucTVLKg8LXhA,154,Health,5,Triangle,5,15,False,0,True,POSTAĆ: WAMPA,ZLJllvF0QfS-UkkZFA96iw,Health %,5.88%,588,0,,Protection,724,7240000,1,72420014,Tenacity %,1.98%,198,1,1985,Speed,11,110000,2,538740|583440,Health,1454,14540000,4,35770956|39463345|32601459|37594649,A,8,8,0,100.0,58.8,91.7,58.8,0,74.4,6-dot,0,0,0,0,31.9,0.0,45.7,14.8,JARJARBINKS,CANDIDATE,SLICE_6E,5A ma wystarczającą wartość lub dopasowanie do postaci,0.0,,,,,,,,,,,,,,,,,,,,,,,
19rZf718St6S4i9vDqjCuQ,154,Health,5,Triangle,2,9,False,0,True,POSTAĆ: DAKA,eDrXr0LsTNGvJezjXk8yVQ,Critical Chance %,7.5%,750,0,,Health %,0.99%,99,1,990,Tenacity %,1.54%,154,1,1544,Protection %,2.09%,209,1,2092,Speed,5,50000,1,556440,D,4,5,1,100.0,68.0,83.3,74.4,6.4,0.0,upgrade,0,0,0,0,24.2,0.0,33.8,14.8,JARJARBINKS,CANDIDATE,UPGRADE,nieujawnione wszystkie secondary,0.0,,,,,,,,,,,,,,,,,,,,,,,
Jat2imXCT7yY_BfpbZ373A,154,Health,5,Triangle,2,9,False,0,True,POSTAĆ: BAZEMALBUS,hFJlCdqkS4WmlGjn4AsHbA,Protection %,14.5%,1450,0,,Offense,40,400000,1,3986808,Potency %,1.16%,116,1,1164,Health,422,4220000,1,42232101,Health %,0.85%,85,1,857,D,4,5,1,100.0,59.0,0.0,63.6,4.6,0.0,upgrade,0,0,0,0,13.1,0.0,16.7,14.8,JARJARBINKS,CANDIDATE,UPGRADE,nieujawnione wszystkie secondary,0.0,,,,,,,,,,,,,,,,,,,,,,,
OUMBDlHCTVmPRLXx4gtvyg,154,Health,5,Triangle,2,9,False,0,True,POSTAĆ: KELLERANBEQ,F9xPCLOjTE67usCPkus2uQ,Offense %,3.63%,363,0,,Health,260,2600000,1,26026735,Defense,8,80000,1,810901,Health %,1.07%,107,1,1074,Speed,5,50000,1,583020,D,4,5,1,100.0,63.5,83.3,70.8,7.3,0.0,upgrade,0,0,0,0,28.8,0.0,40.9,14.8,JARJARBINKS,CANDIDATE,UPGRADE,nieujawnione wszystkie secondary,0.0,,,,,,,,,,,,,,,,,,,,,,,
VT9jpR_rQgianDmU5yNeKg,154,Health,5,Triangle,2,9,False,0,True,POSTAĆ: DARTHMALGUS,rNVRtWnISySAAsFoyWfm4Q,Health %,3.63%,363,0,,Protection,603,6030000,1,60368008,Offense,30,300000,1,2938692,Speed,5,50000,1,528060,Tenacity %,2.09%,209,1,2095,D,4,5,1,100.0,65.0,83.3,72.0,7.0,0.0,upgrade,0,0,0,0,30.2,0.0,43.0,14.8,JARJARBINKS,CANDIDATE,UPGRADE,nieujawnione wszystkie secondary,0.0,,,,,,,,,,,,,,,,,,,,,,,
a0mQHiuHREGLc2uqJwD9lw,154,Health,5,Triangle,2,9,False,0,False,MAGAZYN,,Critical Damage %,22.5%,2250,0,,Potency %,1.19%,119,1,1197,Speed,5,50000,1,576990,Offense,29,290000,1,2870976,Defense %,1.52%,152,1,1529,D,4,5,1,100.0,64.5,83.3,71.6,7.1,0.0,upgrade,0,0,0,0,24.1,0.0,33.7,14.8,JARJARBINKS,CANDIDATE,UPGRADE,nieujawnione wszystkie secondary,0.0,,,,,,,,,,,,,,,,,,,,,,,
bFKh8b8WRIW7y1yyRzcJ8g,154,Health,5,Triangle,2,9,False,0,False,MAGAZYN,,Offense %,3.63%,363,0,,Defense %,0.86%,86,1,869,Health %,0.88%,88,1,888,Critical Chance %,1.81%,181,1,1810,Speed,5,50000,1,511770,D,4,5,1,100.0,59.8,83.3,67.8,8.0,0.0,upgrade,0,0,0,0,18.5,0.0,25.0,14.8,JARJARBINKS,CANDIDATE,UPGRADE,nieujawnione wszystkie secondary,0.0,,,,,,,,,,,,,,,,,,,,,,,
qSZ5I_R3SmyVY455cmB5_w,154,Health,5,Triangle,2,9,False,0,True,POSTAĆ: VISASMARR,4Sxf6R0SSOmtftLRViCF1w,Health %,3.63%,363,0,,Defense %,0.88%,88,1,881,Speed,5,50000,1,588630,Health,408,4080000,1,40888440,Offense,24,240000,1,2329476,D,4,5,1,100.0,68.0,83.3,74.4,6.4,0.0,upgrade,0,0,0,0,29.3,0.0,41.7,14.8,JARJARBINKS,CANDIDATE,UPGRADE,nieujawnione wszystkie secondary,0.0,,,,,,,,,,,,,,,,,,,,,,,
rkovhpDTR4u8XiY2S3RZdA,154,Health,5,Triangle,2,9,False,0,True,POSTAĆ: HOTHREBELSOLDIER,ZpDjqAT0RXCT9-1kiCCWxQ,Protection %,14.5%,1450,0,,Protection,542,5420000,1,54258945,Speed,5,50000,1,542730,Health %,0.8%,80,1,800,Offense,34,340000,1,3383520,D,4,5,1,100.0,75.5,83.3,80.4,4.9,0.0,upgrade,0,0,0,0,30.2,0.0,43.0,14.8,JARJARBINKS,CANDIDATE,UPGRADE,nieujawnione wszystkie secondary,0.0,,,,,,,,,,,,,,,,,,,,,,,
3taK8vfbQlGuA561cNz8WQ,154,Health,5,Triangle,3,6,False,0,True,POSTAĆ: PADAWANOBIWAN,fdUHER1QQFeX1Pqx02Ko5Q,Critical Damage %,15.75%,1575,0,,Offense %,0.33%,33,1,332,Defense %,1.08%,108,1,1081,Speed,5,50000,1,588390,Critical Chance %,1.51%,151,1,1519,C,4,6,2,100.0,64.8,83.3,76.5,11.8,0.0,upgrade,0,0,0,0,18.5,0.0,25.0,14.8,JARJARBINKS,CANDIDATE,UPGRADE,nieujawnione wszystkie secondary,0.0,,,,,,,,,,,,,,,,,,,,,,,
5iwnBcyfRfGuzML1zMesHA,154,Health,5,Triangle,3,6,False,0,False,MAGAZYN,,Critical Chance %,5.25%,525,0,,Defense %,1.65%,165,1,1650,Tenacity %,1.68%,168,1,1688,Protection %,2.02%,202,1,2027,Speed,5,50000,1,532170,C,4,6,2,100.0,60.5,83.3,73.7,13.2,0.0,upgrade,0,0,0,0,24.2,0.0,33.8,14.8,JARJARBINKS,CANDIDATE,UPGRADE,nieujawnione wszystkie secondary,0.0,,,,,,,,,,,,,,,,,,,,,,,
8Lea5T-rQiyxNauZMvbcOQ,154,Health,5,Triangle,3,6,False,0,True,POSTAĆ: TALIA,MGHSHYnwSkWTFZjOGEUreg,Offense %,2.5%,250,0,,Health %,0.93%,93,1,930,Defense,5,50000,1,577710,Protection,573,5730000,1,57340471,Speed,5,50000,1,530850,C,4,6,2,100.0,63.5,83.3,75.7,12.2,0.0,upgrade,0,0,0,0,29.6,0.0,42.2,14.8,JARJARBINKS,CANDIDATE,UPGRADE,nieujawnione wszystkie secondary,0.0,,,,,,,,,,,,,,,,,,,,,,,
FXCFc0B6RIyzqjAuBW_qOw,154,Health,5,Triangle,3,6,False,0,True,POSTAĆ: CT5555,vsWn91ssQVyOxZtaLPlqqg,Critical Chance %,5.25%,525,0,,Defense,8,80000,1,831628,Potency %,1.76%,176,1,1761,Tenacity %,1.31%,131,1,1313,Speed,5,50000,1,509610,C,4,6,2,100.0,49.5,83.3,66.3,16.8,0.0,upgrade,0,0,0,0,23.6,0.0,32.8,14.8,JARJARBINKS,CANDIDATE,UPGRADE,nieujawnione wszystkie secondary,0.0,,,,,,,,,,,,,,,,,,,,,,,
JBeilLn-R2a5XelKj4ojSA,154,Health,5,Triangle,3,6,False,0,False,MAGAZYN,,Critical Chance %,5.25%,525,0,,Health %,1.04%,104,1,1049,Offense %,0.31%,31,1,310,Health,343,3430000,1,34373720,Speed,5,50000,1,510750,C,4,6,2,100.0,78.0,83.3,85.3,7.3,0.0,upgrade,0,0,0,0,23.7,0.0,33.0,14.8,JARJARBINKS,CANDIDATE,UPGRADE,nieujawnione wszystkie secondary,0.0,,,,,,,,,,,,,,,,,,,,,,,
MWsoIYQVQQ6MjXU5Xan8BA,154,Health,5,Triangle,3,6,False,0,True,POSTAĆ: JEDIKNIGHTGUARDIAN,W0PL0DaaTsOE_VtzDqxDLA,Defense %,5%,500,0,,Offense,25,250000,1,2479272,Protection,543,5430000,1,54300475,Protection %,1.55%,155,1,1559,Defense,5,50000,1,542626,C,4,6,2,100.0,58.5,0.0,66.3,7.8,0.0,upgrade,0,0,0,0,24.8,0.0,34.7,14.8,JARJARBINKS,CANDIDATE,UPGRADE,nieujawnione wszystkie secondary,0.0,,,,,,,,,,,,,,,,,,,,,,,
U4BwqVOpRh6Yd4F4fL14-w,154,Health,5,Triangle,3,6,False,0,True,POSTAĆ: SHORETROOPER,lsA9eN70SUqAdyaJCffQBg,Protection %,10%,1000,0,,Defense,6,60000,1,605542,Offense,40,400000,1,3948048,Health %,0.93%,93,1,937,Offense %,0.55%,55,1,552,C,4,6,2,100.0,70.0,0.0,77.3,7.3,0.0,upgrade,0,0,0,0,13.0,0.0,16.5,14.8,JARJARBINKS,CANDIDATE,UPGRADE,nieujawnione wszystkie secondary,0.0,,,,,,,,,,,,,,,,,,,,,,,
Xiffy0DkQ_KclScFfPPn4A,154,Health,5,Triangle,3,6,False,0,True,POSTAĆ: GRANDMASTERYODA,_504VNHbT56dseACw4X_hQ,Critical Damage %,15.75%,1575,0,,Critical Chance %,1.12%,112,1,1125,Protection %,1.32%,132,1,1323,Protection,729,7290000,1,72934986,Defense %,1.64%,164,1,1645,C,4,6,2,100.0,46.2,0.0,54.2,7.9,0.0,upgrade,0,0,0,0,14.0,0.0,18.1,14.8,JARJARBINKS,CANDIDATE,UPGRADE,nieujawnione wszystkie secondary,0.0,,,,,,,,,,,,,,,,,,,,,,,
_R-F1fmGTOmPtyIMboELMg,154,Health,5,Triangle,3,6,False,0,True,POSTAĆ: MACEWINDU,DCfkIiseTzaVx-iiN6Qzpw,Critical Chance %,5.25%,525,0,,Offense %,0.39%,39,1,393,Protection,771,7710000,1,77162740,Health,289,2890000,1,28981932,Speed,5,50000,1,569940,C,4,6,2,100.0,72.0,83.3,81.3,9.3,0.0,upgrade,0,0,0,0,29.8,0.0,42.4,14.8,JARJARBINKS,CANDIDATE,UPGRADE,nieujawnione wszystkie secondary,0.0,,,,,,,,,,,,,,,,,,,,,,,
g7WMMnCrRaulD0nSk3PR4w,154,Health,5,Triangle,3,6,False,0,True,POSTAĆ: JAWA,5ywHMJ9JS6uKxXVPi5ef0w,Defense %,5%,500,0,,Protection %,1.38%,138,1,1384,Tenacity %,1.97%,197,1,1972,Health %,1.02%,102,1,1028,Speed,5,50000,1,598620,C,4,6,2,100.0,68.0,83.3,78.7,10.7,0.0,upgrade,0,0,0,0,24.2,0.0,33.8,14.8,JARJARBINKS,CANDIDATE,UPGRADE,nieujawnione wszystkie secondary,0.0,,,,,,,,,,,,,,,,,,,,,,,
nevT3l0mRoWwQ_WPtlnDHQ,154,Health,5,Triangle,3,6,False,0,True,POSTAĆ: SNOWTROOPER,W9JZl0dXSouEoEn3vimBdA,Offense %,2.5%,250,0,,Potency %,1.91%,191,1,1912,Protection %,1.91%,191,1,1917,Health,262,2620000,1,26238892,Speed,5,50000,1,514260,C,4,6,2,100.0,63.0,83.3,75.3,12.3,0.0,upgrade,0,0,0,0,29.4,0.0,41.8,14.8,JARJARBINKS,CANDIDATE,UPGRADE,nieujawnione wszystkie secondary,0.0,,,,,,,,,,,,,,,,,,,,,,,
q-G5jtHOQ8KWcac5r2db9A,154,Health,5,Triangle,3,6,False,0,True,POSTAĆ: PHASMA,SkKOwLVQRPWgmAAswUhqVg,Critical Damage %,15.75%,1575,0,,Tenacity %,1.49%,149,1,1493,Protection %,1.82%,182,1,1823,Health,325,3250000,1,32532883,Health %,0.82%,82,1,826,C,4,6,2,100.0,55.0,0.0,60.7,5.7,0.0,upgrade,0,0,0,0,13.2,0.0,16.8,14.8,JARJARBINKS,CANDIDATE,UPGRADE,nieujawnione wszystkie secondary,0.0,,,,,,,,,,,,,,,,,,,,,,,
rQPjtC-cTpC96NNYrqKhig,154,Health,5,Triangle,3,6,False,0,True,POSTAĆ: CHIEFNEBIT,gbPYHApKTDSmWMiuMeaBZg,Critical Chance %,5.25%,525,0,,Offense %,0.48%,48,1,487,Tenacity %,1.61%,161,1,1615,Protection %,1.96%,196,1,1961,Speed,5,50000,1,562140,C,4,6,2,100.0,73.0,83.3,82.0,9.0,0.0,upgrade,0,0,0,0,24.2,0.0,33.8,14.8,JARJARBINKS,CANDIDATE,UPGRADE,nieujawnione wszystkie secondary,0.0,,,,,,,,,,,,,,,,,,,,,,,
rvp-blRURguaSB55hhbehQ,154,Health,5,Triangle,3,6,False,0,True,POSTAĆ: YOUNGCHEWBACCA,iuUDyYYsQYiDZxTNS0SM9g,Health %,2.5%,250,0,,Critical Chance %,2.11%,211,1,2112,Defense %,1.25%,125,1,1256,Offense,31,310000,1,3027840,Speed,4,40000,1,483240,C,4,6,2,100.0,62.2,66.7,74.8,12.6,0.0,upgrade,0,0,0,0,24.1,0.0,33.7,14.8,JARJARBINKS,CANDIDATE,UPGRADE,nieujawnione wszystkie secondary,0.0,,,,,,,,,,,,,,,,,,,,,,,
v5p2DKlWRBqM33WtNEogFA,154,Health,5,Triangle,3,6,False,0,True,POSTAĆ: JAWASCAVENGER,yRCvDW99TKKBJW3GpM2Xkw,Offense %,2.5%,250,0,,Tenacity %,2.09%,209,1,2093,Critical Chance %,1.73%,173,1,1734,Protection %,1.38%,138,1,1380,Speed,5,50000,1,535200,C,4,6,2,100.0,56.2,83.3,70.8,14.6,0.0,upgrade,0,0,0,0,24.2,0.0,33.8,14.8,JARJARBINKS,CANDIDATE,UPGRADE,nieujawnione wszystkie secondary,0.0,,,,,,,,,,,,,,,,,,,,,,,
x4TFWQQJSRyUmqa71tl1Sw,154,Health,5,Triangle,3,6,False,0,True,POSTAĆ: KRRSANTAN,Hp8Wc9waS6mDnvwCl6g3Sw,Protection %,10%,1000,0,,Health,241,2410000,1,24134466,Tenacity %,1.3%,130,1,1309,Offense %,0.51%,51,1,512,Defense,8,80000,1,814135,C,4,6,2,100.0,51.0,0.0,64.7,13.7,0.0,upgrade,0,0,0,0,12.5,0.0,15.9,14.8,JARJARBINKS,CANDIDATE,UPGRADE,nieujawnione wszystkie secondary,0.0,,,,,,,,,,,,,,,,,,,,,,,
ximLd41DT4i6Jo9eFTmBdA,154,Health,5,Triangle,3,6,False,0,False,MAGAZYN,,Protection %,10%,1000,0,,Defense %,1.39%,139,1,1393,Tenacity %,2.07%,207,1,2073,Speed,5,50000,1,511830,Defense,8,80000,1,808696,C,4,6,2,100.0,51.5,83.3,67.7,16.2,0.0,upgrade,0,0,0,0,23.6,0.0,32.8,14.8,JARJARBINKS,CANDIDATE,UPGRADE,nieujawnione wszystkie secondary,0.0,,,,,,,,,,,,,,,,,,,,,,,
DQd_dT0-Te6-yrpFrMxNWw,154,Health,5,Triangle,4,3,False,0,True,POSTAĆ: LUKESKYWALKER,nLrjzg3uSFWnmJClrEe38A,Critical Damage %,9%,900,0,,Offense,36,360000,1,3579372,Defense %,0.89%,89,1,893,Potency %,1.91%,191,1,1919,Speed,4,40000,1,402450,B,4,7,3,100.0,64.5,66.7,79.7,15.2,0.0,upgrade,0,0,0,0,24.1,0.0,33.7,14.8,JARJARBINKS,CANDIDATE,UPGRADE,nieujawnione wszystkie secondary,0.0,,,,,,,,,,,,,,,,,,,,,,,
JEM0ohm2Q6GOj_rMPK5Dlg,154,Health,5,Triangle,4,3,False,0,True,POSTAĆ: DARTHMALAK,Gi4yc5CnQbC2bekrOQeEPw,Protection %,5.5%,550,0,,Defense %,1.38%,138,1,1384,Health,372,3720000,1,37247483,Tenacity %,1.42%,142,1,1427,Speed,4,40000,1,425970,B,4,7,3,100.0,55.0,66.7,74.3,19.3,0.0,upgrade,0,0,0,0,23.7,0.0,33.0,14.8,JARJARBINKS,CANDIDATE,UPGRADE,nieujawnione wszystkie secondary,0.0,,,,,,,,,,,,,,,,,,,,,,,
POz95DH7QOy_YzIpUa7fgw,154,Health,5,Triangle,4,3,False,0,True,POSTAĆ: PAZVIZSLA,Sdi9ckGVSMmFCfDcS1nAAA,Protection %,5.5%,550,0,,Tenacity %,2.16%,216,1,2160,Potency %,2.21%,221,1,2211,Defense %,1%,100,1,1003,Speed,4,40000,1,431550,B,4,7,3,100.0,51.5,66.7,72.3,20.8,0.0,upgrade,0,0,0,0,18.5,0.0,25.0,14.8,JARJARBINKS,CANDIDATE,UPGRADE,nieujawnione wszystkie secondary,0.0,,,,,,,,,,,,,,,,,,,,,,,
-pDcxDbATzCepTJgMrJG1A,154,Health,5,Triangle,3,1,False,0,False,MAGAZYN,,Critical Damage %,4.5%,450,0,,Speed,5,50000,1,561630,Health,277,2770000,1,27743278,,,,0,,,,,0,,C,2,6,4,100.0,74.0,83.3,91.3,17.3,0.0,upgrade,0,0,0,0,45.2,0.0,66.0,14.8,JARJARBINKS,CANDIDATE,UPGRADE,nieujawnione wszystkie secondary,0.0,,,,,,,,,,,,,,,,,,,,,,,
3HYCeSm1Q_ukE73o3VCvkg,154,Health,5,Triangle,3,1,False,0,True,POSTAĆ: GRIEVOUS,8rfbK6ILSTOkxNMgxNYN5Q,Critical Damage %,4.5%,450,0,,Health %,0.64%,64,1,649,Speed,5,50000,1,555060,,,,0,,,,,0,,C,2,6,4,100.0,86.0,83.3,95.3,9.3,0.0,upgrade,0,0,0,0,34.7,0.0,50.0,14.8,JARJARBINKS,CANDIDATE,UPGRADE,nieujawnione wszystkie secondary,0.0,,,,,,,,,,,,,,,,,,,,,,,
4vfj8akkRNW6x8PlakPvKQ,154,Health,5,Triangle,5,1,False,0,True,POSTAĆ: LUMINARAUNDULI,9xjJ1FksQSOEtjqJLWBMIA,Offense %,0.63%,63,0,,Protection %,1.73%,173,1,1738,Potency %,1.26%,126,1,1265,Defense %,1.08%,108,1,1087,Speed,5,50000,1,582660,A,4,8,4,100.0,61.5,83.3,80.8,19.2,39.9,upgrade,0,0,0,0,24.2,0.0,33.8,14.8,JARJARBINKS,CANDIDATE,UPGRADE,nieujawnione wszystkie secondary,0.0,,,,,,,,,,,,,,,,,,,,,,,
91Nra5H5RSGbc05UOXMUpg,154,Health,5,Triangle,3,1,False,0,True,POSTAĆ: BADBATCHWRECKER,V_Loh6rGTpOcVM6_ulApig,Offense %,0.63%,63,0,,Protection %,1.22%,122,1,1221,Speed,5,50000,1,548310,,,,0,,,,,0,,C,2,6,4,100.0,85.0,83.3,95.0,10.0,0.0,upgrade,0,0,0,0,46.2,0.0,67.6,14.8,JARJARBINKS,CANDIDATE,UPGRADE,nieujawnione wszystkie secondary,0.0,,,,,,,,,,,,,,,,,,,,,,,
AF-kb9zNQUGsDaX47yZFFg,154,Health,5,Triangle,3,1,False,0,True,POSTAĆ: MORGANELSBETH,6CYwP6e4RNyTtmovj37aNw,Health %,0.63%,63,0,,Protection %,1.3%,130,1,1307,Speed,5,50000,1,569250,,,,0,,,,,0,,C,2,6,4,100.0,85.0,83.3,95.0,10.0,0.0,upgrade,0,0,0,0,46.2,0.0,67.6,14.8,JARJARBINKS,CANDIDATE,UPGRADE,nieujawnione wszystkie secondary,0.0,,,,,,,,,,,,,,,,,,,,,,,
BTtioLlWRkWRgrSjcBz2EQ,154,Health,5,Triangle,3,1,False,0,False,MAGAZYN,,Offense %,0.63%,63,0,,Speed,5,50000,1,561630,Defense,7,70000,1,727748,,,,0,,,,,0,,C,2,6,4,100.0,67.0,83.3,89.0,22.0,0.0,upgrade,0,0,0,0,44.9,0.0,65.7,14.8,JARJARBINKS,CANDIDATE,UPGRADE,nieujawnione wszystkie secondary,0.0,,,,,,,,,,,,,,,,,,,,,,,
GbnjXcgwSB6Y0iabUxhxHg,154,Health,5,Triangle,3,1,False,0,False,MAGAZYN,,Offense %,0.63%,63,0,,Defense,7,70000,1,701778,Speed,5,50000,1,513480,,,,0,,,,,0,,C,2,6,4,100.0,67.0,83.3,89.0,22.0,0.0,upgrade,0,0,0,0,44.9,0.0,65.7,14.8,JARJARBINKS,CANDIDATE,UPGRADE,nieujawnione wszystkie secondary,0.0,,,,,,,,,,,,,,,,,,,,,,,
KuSnd7b0Qs2ONlK6HJj1fQ,154,Health,5,Triangle,5,1,False,0,False,MAGAZYN,,Offense %,0.63%,63,0,,Potency %,1.74%,174,1,1747,Critical Chance %,1.76%,176,1,1768,Speed,5,50000,1,598290,Health,379,3790000,1,37999676,A,4,8,4,100.0,51.7,83.3,75.9,24.1,63.7,upgrade,0,0,0,0,23.7,0.0,33.0,14.8,JARJARBINKS,CANDIDATE,UPGRADE,nieujawnione wszystkie secondary,0.0,,,,,,,,,,,,,,,,,,,,,,,
Og9RCNY4QeOT9o1GAZLDTA,154,Health,5,Triangle,5,1,False,0,True,POSTAĆ: ARMORER,NSinPVNVS-uTPzn_RdGjdQ,Offense %,0.63%,63,0,,Defense,5,50000,1,598094,Speed,4,40000,1,496080,Protection,432,4320000,1,43224424,Health,418,4180000,1,41816359,A,4,8,4,100.0,57.5,66.7,78.8,21.3,33.6,upgrade,0,0,0,0,34.9,0.0,50.2,14.8,JARJARBINKS,CANDIDATE,UPGRADE,nieujawnione wszystkie secondary,0.0,,,,,,,,,,,,,,,,,,,,,,,
S3qMgF8gS62jnaUtyNKr5w,154,Health,5,Triangle,3,1,False,0,False,MAGAZYN,,Defense %,1.25%,125,0,,Speed,5,50000,1,554400,Defense,8,80000,1,853972,,,,0,,,,,0,,C,2,6,4,100.0,67.0,83.3,89.0,22.0,0.0,upgrade,0,0,0,0,44.9,0.0,65.7,14.8,JARJARBINKS,CANDIDATE,UPGRADE,nieujawnione wszystkie secondary,0.0,,,,,,,,,,,,,,,,,,,,,,,
WmM_xOC4RWykecVKPHJNqA,154,Health,5,Triangle,2,1,False,0,True,POSTAĆ: DARTHTRAYA,T752Q156S962IXPWTPb_pQ,Health %,0.63%,63,0,,Speed,3,30000,1,374490,,,,0,,,,,0,,,,,0,,D,1,5,4,100.0,100.0,50.0,100.0,0,0.0,upgrade,0,0,0,0,67.2,0.0,100.0,14.8,JARJARBINKS,CANDIDATE,UPGRADE,nieujawnione wszystkie secondary,0.0,,,,,,,,,,,,,,,,,,,,,,,
Zz9GuQoMQZK5-RqfwWVoFA,154,Health,5,Triangle,5,1,False,0,False,MAGAZYN,,Defense %,1.25%,125,0,,Potency %,1.48%,148,1,1482,Speed,5,50000,1,501690,Offense %,0.41%,41,1,413,Health %,0.87%,87,1,878,A,4,8,4,100.0,74.5,83.3,87.2,12.8,49.6,upgrade,0,0,0,0,18.5,0.0,25.0,14.8,JARJARBINKS,CANDIDATE,UPGRADE,nieujawnione wszystkie secondary,0.0,,,,,,,,,,,,,,,,,,,,,,,
bjXWbLrnS0C65c7_AoSsmQ,154,Health,5,Triangle,4,1,False,0,True,POSTAĆ: IMAGUNDI,r0q2lXvGRMyC4rDJYGNivg,Critical Chance %,1.5%,150,0,,Defense %,1.39%,139,1,1397,Speed,5,50000,1,508470,Health,350,3500000,1,35023049,,,,0,,B,3,7,4,100.0,63.3,83.3,84.3,21.0,0.0,upgrade,0,0,0,0,30.8,0.0,44.0,14.8,JARJARBINKS,CANDIDATE,UPGRADE,nieujawnione wszystkie secondary,0.0,,,,,,,,,,,,,,,,,,,,,,,
ewfgQjdGT_CSASLZpA5kwA,154,Health,5,Triangle,4,1,False,0,True,POSTAĆ: TARFFUL,QjIvOKHqRayuGuSHCZTfpA,Defense %,1.25%,125,0,,Speed,4,40000,1,435450,Tenacity %,1.68%,168,1,1685,Critical Chance %,1.91%,191,1,1913,,,,0,,B,3,7,4,100.0,51.7,66.7,79.3,27.6,0.0,upgrade,0,0,0,0,23.9,0.0,33.3,14.8,JARJARBINKS,CANDIDATE,UPGRADE,nieujawnione wszystkie secondary,0.0,,,,,,,,,,,,,,,,,,,,,,,
f7Xfdw2UR-ixViCPaPMiFg,154,Health,5,Triangle,3,1,False,0,False,MAGAZYN,,Defense %,1.25%,125,0,,Speed,5,50000,1,585390,Critical Chance %,1.26%,126,1,1261,,,,0,,,,,0,,C,2,6,4,100.0,62.5,83.3,87.5,25.0,0.0,upgrade,0,0,0,0,34.7,0.0,50.0,14.8,JARJARBINKS,CANDIDATE,UPGRADE,nieujawnione wszystkie secondary,0.0,,,,,,,,,,,,,,,,,,,,,,,
hpylgMfbQ5SLiRFCgbcoMg,154,Health,5,Triangle,3,1,False,0,False,MAGAZYN,,Defense %,1.25%,125,0,,Speed,5,50000,1,545730,Offense,33,330000,1,3284340,,,,0,,,,,0,,C,2,6,4,100.0,91.0,83.3,97.0,6.0,0.0,upgrade,0,0,0,0,46.0,0.0,67.4,14.8,JARJARBINKS,CANDIDATE,UPGRADE,nieujawnione wszystkie secondary,0.0,,,,,,,,,,,,,,,,,,,,,,,
iYjlxH12Tw6g9BQrpMbOvA,154,Health,5,Triangle,4,1,False,0,True,POSTAĆ: MAULS7,H4Tb-Lp3RpWBK4KikxT3iA,Offense %,0.63%,63,0,,Defense,6,60000,1,617400,Speed,5,50000,1,570960,Protection %,1.82%,182,1,1822,,,,0,,B,3,7,4,100.0,68.0,83.3,86.3,18.3,0.0,upgrade,0,0,0,0,38.3,0.0,55.5,14.8,JARJARBINKS,CANDIDATE,UPGRADE,nieujawnione wszystkie secondary,0.0,,,,,,,,,,,,,,,,,,,,,,,
lCs6l3YlShy7aV_2b0uYkg,154,Health,5,Triangle,4,1,False,0,False,MAGAZYN,,Critical Damage %,4.5%,450,0,,Speed,5,50000,1,563490,Protection %,1.78%,178,1,1787,Health,319,3190000,1,31932843,,,,0,,B,3,7,4,100.0,72.7,83.3,88.3,15.6,0.0,upgrade,0,0,0,0,38.5,0.0,55.8,14.8,JARJARBINKS,CANDIDATE,UPGRADE,nieujawnione wszystkie secondary,0.0,,,,,,,,,,,,,,,,,,,,,,,
mSfmPrPzTISKAbglosyhfw,154,Health,5,Triangle,4,1,False,0,True,POSTAĆ: COMMANDERAHSOKA,CTmaWdlpSUOGpCcKqGJM4Q,Critical Damage %,4.5%,450,0,,Speed,5,50000,1,517050,Health %,0.92%,92,1,920,Offense %,0.34%,34,1,345,,,,0,,B,3,7,4,100.0,88.0,83.3,94.9,6.9,0.0,upgrade,0,0,0,0,23.9,0.0,33.3,14.8,JARJARBINKS,CANDIDATE,UPGRADE,nieujawnione wszystkie secondary,0.0,,,,,,,,,,,,,,,,,,,,,,,
8LT8-B68RzKsmmJF83MdPQ,162,Health,6,Arrow,5,15,False,0,True,POSTAĆ: GRANDADMIRALTHRAWN,EE7VnvB4T0aIckRNrkNqAA,Speed,32,320000,0,,Critical Chance %,1.68%,168,1,1680,Protection,3699,36990000,5,49233800|60784400|87413800|82073200|90449800,Defense,44,440000,4,878880|821440|1346960|1413520,Defense %,7.42%,742,2,3533|3893,A,12,12,0,100.0,40.4,0.0,40.4,0,0.0,calibration,6,0,6,15,38.2,95.1,26.0,14.8,JARJARBINKS,CANDIDATE,KEEP,6A nie wymaga obecnie inwestycji,0.0,,,,,,,,,,,,,,,,,,,,,,,
9J7_cDM7QmSfePd0drGLUA,162,Health,6,Arrow,1,15,False,0,False,MAGAZYN,,Protection %,24%,2400,0,,Speed,6,60000,1,519840,Potency %,3.5%,350,2,1762|1746,Offense %,2.5%,250,2,905|1596,Critical Chance %,6.61%,661,3,2125|2306|2182,E,8,8,0,100.0,53.4,100.0,53.4,0,0.0,slice,1,0,1,15,10.3,0.0,12.5,14.8,JARJARBINKS,CANDIDATE,KEEP,brak wystarczającej wartości do kolejnego slice,0.0,,,,,,,,,,,,,,,,,,,,,,,
HyyDXHzcRmKwyL5B5oQy9Q,162,Health,6,Arrow,5,15,False,0,True,POSTAĆ: REYJEDITRAINING,SEUrtsaDQgaGqOxitlhv-w,Speed,32,320000,0,,Offense %,2.49%,249,2,1137|1353,Protection %,6.67%,667,3,2272|2597|1804,Critical Chance %,9.94%,994,5,2164|1978|1501|2032|2267,Defense,20,200000,2,1078560|1012960,A,12,12,0,100.0,48.9,0.0,48.9,0,0.0,calibration,6,0,6,15,30.4,95.1,14.0,14.8,JARJARBINKS,CANDIDATE,KEEP,6A nie wymaga obecnie inwestycji,0.0,,,,,,,,,,,,,,,,,,,,,,,
KtrBBnDIQCmfxhDAlpylEw,162,Health,6,Arrow,1,15,False,0,True,POSTAĆ: SUNFAC,rKf6WvhwTAWYgMfQxpPddQ,Speed,32,320000,0,,Offense %,2.71%,271,2,1031|1684,Defense,13,130000,1,1301040,Critical Chance %,5.34%,534,3,1477|2116|1753,Health,699,6990000,2,34792200|35199900,E,8,8,0,100.0,48.6,0.0,48.6,0,0.0,slice,1,0,1,15,29.0,95.1,11.9,14.8,JARJARBINKS,CANDIDATE,KEEP,brak wystarczającej wartości do kolejnego slice,0.0,,,,,,,,,,,,,,,,,,,,,,,
U5rcRJLySgKKhEZFBwH8jQ,162,Health,6,Arrow,5,15,False,0,True,POSTAĆ: ZAALBAR,pPDISq-7SOKmBV4m1ltRvQ,Critical Avoidance %,35%,3500,0,,Protection,4054,40540000,5,87326400|86940000|77468600|79000400|74699400,Critical Chance %,5.79%,579,3,1460|2056|2281,Defense,39,390000,3,1183040|1299680|1448960,Speed,6,60000,1,530340,A,12,12,0,100.0,43.1,100.0,43.1,0,0.0,calibration,6,0,6,15,22.9,0.0,31.7,14.8,JARJARBINKS,CANDIDATE,KEEP,6A nie wymaga obecnie inwestycji,0.0,,,,,,,,,,,,,,,,,,,,,,,
dr7qwzWiR8eLZl5DpQGBOg,162,Health,6,Arrow,1,15,False,0,True,POSTAĆ: CALKESTIS,BlZTr3AdRHy_YN4h5HTgbg,Speed,32,320000,0,,Potency %,10.28%,1028,4,2524|2736|2951|2071,Defense %,3.13%,313,1,3136,Critical Chance %,2.49%,249,2,1216|1278,Tenacity %,1.64%,164,1,1649,E,8,8,0,100.0,32.2,0.0,32.2,0,0.0,slice,1,0,1,15,21.3,95.1,0.0,14.8,JARJARBINKS,CANDIDATE,KEEP,brak wystarczającej wartości do kolejnego slice,0.0,,,,,,,,,,,,,,,,,,,,,,,
f03EAVMZSXe8xVWNXJgBsQ,162,Health,6,Arrow,3,15,False,0,True,POSTAĆ: MAGNAGUARD,Z8Ga0KbwQFW3sczCZvLntg,Critical Avoidance %,35%,3500,0,,Critical Chance %,4.43%,443,2,2297|2139,Speed,9,90000,2,521250|358860,Offense %,4.27%,427,4,879|938|985|1468,Defense,26,260000,2,1227600|1448640,C,10,10,0,100.0,68.6,75.0,68.6,0,0.0,slice,3,0,3,15,19.3,0.0,26.3,14.8,JARJARBINKS,CANDIDATE,SLICE,6-dot ma dobry profil do kolejnego rolla,0.0,,,,,,,,,,,,,,,,,,,,,,,
wIVQrm2ySaSea78fT9rIZQ,162,Health,6,Arrow,5,15,False,0,True,POSTAĆ: SCORCH,f3IgthdpQC2rd840MBfGag,Speed,32,320000,0,,Tenacity %,7.38%,738,3,2988|2093|2306,Protection %,6.79%,679,3,2109|1821|2868,Defense,37,370000,3,993440|1285760|1447680,Protection,2156,21560000,3,66217000|65628200|83756800,A,12,12,0,100.0,45.5,0.0,45.5,0,0.0,calibration,6,0,6,15,38.1,95.1,26.0,14.8,JARJARBINKS,CANDIDATE,KEEP,6A nie wymaga obecnie inwestycji,0.0,,,,,,,,,,,,,,,,,,,,,,,
wuaaxeHKRH6KhUTB_u4RZA,162,Health,6,Arrow,5,15,False,0,True,POSTAĆ: SEVENTHSISTER,FFMPIG2FQnKo3dr5NkEJTg,Speed,32,320000,0,,Protection %,11.16%,1116,5,1941|2430|2110|2667|2019,Potency %,4.8%,480,2,2281|2525,Defense %,2.59%,259,1,2597,Offense %,5.77%,577,4,1438|1354|1682|1296,A,12,12,0,100.0,69.0,0.0,69.0,0,0.0,calibration,6,0,6,15,30.8,95.1,14.7,14.8,JARJARBINKS,CANDIDATE,CALIBRATE,6A ma wartość lub dopasowanie uzasadniające calibration,0.0,,,,,,,,,,,,,,,,,,,,,,,
-4SBg_cUT5in7asynsUPjQ,165,Health,6,Circle,1,15,False,0,True,POSTAĆ: BASTILASHAN,dnE0ZmQURMC8x7WzoHVW6w,Protection %,24%,2400,0,,Speed,10,100000,2,586680|383310,Health %,4.7%,470,3,1963|1419|1319,Defense,21,210000,2,1076880|1073280,Tenacity %,1.71%,171,1,1714,E,8,8,0,100.0,64.2,83.3,64.2,0,0.0,slice,1,0,1,15,23.6,0.0,32.8,14.8,JARJARBINKS,CANDIDATE,KEEP,brak wystarczającej wartości do kolejnego slice,0.0,,,,,,,,,,,,,,,,,,,,,,,
490Gjo_zQM-9JZhBbqoIhw,165,Health,6,Circle,1,15,False,0,True,POSTAĆ: JOLEEBINDO,VGWjnbEWQPq1K6gWK0LcwQ,Health %,16%,1600,0,,Protection %,5.5%,550,2,2878|2629,Offense,42,420000,1,4110250,Speed,17,170000,4,536730|392520|382770|382230,Critical Chance %,1.57%,157,1,1572,E,8,8,0,100.0,80.9,70.8,80.9,0,0.0,slice,1,0,1,15,43.3,0.0,63.1,14.8,JARJARBINKS,CANDIDATE,SLICE,6-dot ma dobry profil do kolejnego rolla,0.0,,,,,,,,,,,,,,,,,,,,,,,
4v6jAAAqRXu2nm3cxCmagw,165,Health,6,Circle,5,15,False,0,True,POSTAĆ: REYJEDITRAINING,SEUrtsaDQgaGqOxitlhv-w,Health %,16%,1600,0,,Offense %,6.01%,601,5,899|1243|1294|1164|1411,Health,1601,16010000,4,39584700|36512100|36487800|47603700,Defense,23,230000,2,977120|1414560,Speed,6,60000,1,518820,A,12,12,0,100.0,68.3,100.0,68.3,0,0.0,calibration,6,0,6,15,18.0,0.0,24.2,14.8,JARJARBINKS,CANDIDATE,CALIBRATE,6A ma wartość lub dopasowanie uzasadniające calibration,0.0,,,,,,,,,,,,,,,,,,,,,,,
7ZBO9vYtRlyBDhuhJSc4Vg,165,Health,6,Circle,2,15,False,2,True,POSTAĆ: GENERALKENOBI,tMRqlgB7ScSYaYHOXV5Vwg,Health %,16%,1600,0,,Defense,9,90000,1,926800,Tenacity %,7.99%,799,3,2756|2338|2902,Speed,9,90000,2,523350|327240,Protection,1900,19000000,3,67831600|61929800|60269200,D,9,9,0,100.0,52.0,75.0,52.0,0,0.0,slice,2,2,0,0,27.0,0.0,38.2,14.8,JARJARBINKS,CANDIDATE,KEEP,brak wystarczającej wartości do kolejnego slice,0.0,,,,,,,,,,,,,,,,,,,,,,,
CCsBzZyzT62AY52z6IxzVw,165,Health,6,Circle,5,15,False,1,True,POSTAĆ: JEDIKNIGHTREVAN,ygHtxMMsQoi_z9K1Jk0OEg,Health %,16%,1600,0,,Tenacity %,7.16%,716,3,2386|1999|2776,Defense,11,110000,1,1191360,Speed,24,240000,5,578160|437130|448890|384000|520770,Defense %,9.53%,953,3,2156|3677|3704,A,12,12,0,100.0,62.5,80.0,62.5,0,0.0,calibration,6,1,5,25,31.0,0.0,44.3,14.8,JARJARBINKS,CANDIDATE,CALIBRATE,6A ma wartość lub dopasowanie uzasadniające calibration,0.0,,,,,,,,,,,,,,,,,,,,,,,
IQoDMezQSGuK3orXtSwDnw,165,Health,6,Circle,2,15,False,0,True,POSTAĆ: AMILYNHOLDO,-VRG4JZBQNq7g7axa-5MsQ,Protection %,24%,2400,0,,Speed,6,60000,1,587310,Critical Chance %,5.18%,518,3,1623|1239|2319,Tenacity %,4.88%,488,2,2009|2877,Potency %,6.47%,647,3,2711|1782|1977,D,9,9,0,100.0,37.4,100.0,37.4,0,0.0,slice,2,0,2,15,9.4,0.0,11.1,14.8,JARJARBINKS,CANDIDATE,KEEP,brak wystarczającej wartości do kolejnego slice,0.0,,,,,,,,,,,,,,,,,,,,,,,
M95g1C8mRTG4Tbf1RgCZiw,165,Health,6,Circle,1,15,False,0,False,MAGAZYN,,Health %,16%,1600,0,,Speed,9,90000,2,514470|321450,Protection %,9.82%,982,4,2959|2250|2900|1713,Health,516,5160000,1,51605100,Critical Chance %,1.41%,141,1,1419,E,8,8,0,100.0,69.1,75.0,69.1,0,0.0,slice,1,0,1,15,32.5,0.0,46.6,14.8,JARJARBINKS,CANDIDATE,SLICE,6-dot ma dobry profil do kolejnego rolla,0.0,,,,,,,,,,,,,,,,,,,,,,,
OIbR_lnER-2OS0blmWbcHg,165,Health,6,Circle,5,15,False,0,True,POSTAĆ: BB8,sQ2eJXTSQZmKc84UCtg_fQ,Protection %,24%,2400,0,,Offense,107,1070000,3,4494000|2955000|3224750,Defense,54,540000,4,950400|1596400|1504480|1351120,Speed,11,110000,2,503880|566070,Health %,4.86%,486,3,1665|1737|1464,A,12,12,0,100.0,66.5,91.7,66.5,0,0.0,calibration,6,0,6,15,25.5,0.0,35.8,14.8,JARJARBINKS,CANDIDATE,CALIBRATE,6A ma wartość lub dopasowanie uzasadniające calibration,0.0,,,,,,,,,,,,,,,,,,,,,,,
TgzfiEbXQ--qWfCl0IRxww,165,Health,6,Circle,1,15,False,0,True,POSTAĆ: WAMPA,ZLJllvF0QfS-UkkZFA96iw,Health %,16%,1600,0,,Defense %,2.58%,258,1,2588,Health,1019,10190000,2,49491000|52490700,Protection %,5.32%,532,2,2711|2608,Speed,16,160000,3,504720|448800|586920,E,8,8,0,100.0,72.2,88.9,72.2,0,0.0,slice,1,0,1,15,37.5,0.0,54.3,14.8,JARJARBINKS,CANDIDATE,SLICE,6-dot ma dobry profil do kolejnego rolla,0.0,,,,,,,,,,,,,,,,,,,,,,,
Vv_gaa_sRRyNv9cilyobBA,165,Health,6,Circle,5,15,False,4,True,POSTAĆ: OPERATIVE,f1SXqj4iSEet5HYh6mq_Cg,Health %,16%,1600,0,,Protection %,4.45%,445,2,1989|2463,Health,1155,11550000,3,44922600|34641000|36004500,Speed,11,110000,2,519810|562050,Defense,64,640000,5,1063680|1158000|1415600|1569680|1202560,A,12,12,0,100.0,54.5,91.7,54.5,0.0,0.0,calibration,6,4,2,100,30.6,0.0,43.6,14.8,JARJARBINKS,CANDIDATE,KEEP,6A nie wymaga obecnie inwestycji,0.0,,,,,,,,,,,,,,,,,,,,,,,
WjKm_xSGSzKTzxg204HDcA,165,Health,6,Circle,5,15,False,4,True,POSTAĆ: GLREY,k3GClg4UTpuZsJDm2wjTDA,Health %,16%,1600,0,,Defense %,2.81%,281,1,2817,Critical Chance %,4.06%,406,2,1935|2130,Health,1818,18180000,4,46537200|43715700|41887800|49688100,Speed,22,220000,5,549330|335400|351690|430230|462570,A,12,12,0,100.0,65.3,73.3,65.3,0,0.0,calibration,6,4,2,100,36.3,0.0,52.4,14.8,JARJARBINKS,CANDIDATE,CALIBRATE,6A ma wartość lub dopasowanie uzasadniające calibration,0.0,,,,,,,,,,,,,,,,,,,,,,,
Zg_FNsAFQJu6tgS_zcDTIg,165,Health,6,Circle,5,15,False,2,True,POSTAĆ: SEVENTHSISTER,FFMPIG2FQnKo3dr5NkEJTg,Health %,16%,1600,0,,Potency %,11.07%,1107,5,2860|1764|2166|1953|2332,Offense,125,1250000,3,4638250|4520000|3316500,Defense,23,230000,2,813440|1514240,Speed,9,90000,2,551370|326550,A,12,12,0,100.0,57.0,75.0,57.0,0,0.0,calibration,6,2,4,40,22.1,0.0,30.6,14.8,JARJARBINKS,CANDIDATE,KEEP,6A nie wymaga obecnie inwestycji,0.0,,,,,,,,,,,,,,,,,,,,,,,
bBXB7QldSA6VEg_qFCc-Kg,165,Health,6,Circle,1,15,False,0,True,POSTAĆ: ZAALBAR,pPDISq-7SOKmBV4m1ltRvQ,Protection %,24%,2400,0,,Speed,15,150000,3,571380|510180|374940,Protection,1730,17300000,2,83807400|89221600,Offense %,2.8%,280,2,1392|1414,Defense,14,140000,1,1485040,E,8,8,0,100.0,76.8,83.3,76.8,0,0.0,slice,1,0,1,15,35.2,0.0,50.8,14.8,JARJARBINKS,CANDIDATE,SLICE,6-dot ma dobry profil do kolejnego rolla,0.0,,,,,,,,,,,,,,,,,,,,,,,
bUhNNukSRUCLLw6ReAFu0A,165,Health,6,Circle,3,15,False,0,True,POSTAĆ: INQUISITORBARRISS,52-GUkO5T1aatTDKmGdtNQ,Health %,16%,1600,0,,Offense %,2.52%,252,2,1330|1197,Potency %,5.33%,533,3,1620|1521|2198,Tenacity %,2.53%,253,1,2534,Speed,19,190000,4,427980|396210|431760|566850,C,10,10,0,100.0,71.6,79.2,71.6,0,0.0,slice,3,0,3,15,28.2,0.0,40.0,14.8,JARJARBINKS,CANDIDATE,SLICE,6-dot ma dobry profil do kolejnego rolla,0.0,,,,,,,,,,,,,,,,,,,,,,,
s-xwI00LTfydMayJMlWhVg,165,Health,6,Circle,1,15,False,0,True,POSTAĆ: PADMEAMIDALA,wgt8iU2GQM6LL7Q58MWK8A,Health %,16%,1600,0,,Potency %,7.5%,750,3,2732|2197|2573,Tenacity %,4.62%,462,2,2017|2603,Speed,10,100000,2,521340|461700,Offense %,1.52%,152,1,1529,E,8,8,0,100.0,56.8,83.3,56.8,0,0.0,slice,1,0,1,15,18.5,0.0,25.0,14.8,JARJARBINKS,CANDIDATE,KEEP,brak wystarczającej wartości do kolejnego slice,0.0,,,,,,,,,,,,,,,,,,,,,,,
xisTcrJQQHmmoNJyuvijpw,165,Health,6,Circle,1,15,False,0,True,POSTAĆ: KANANJARRUSS3,dMx4vcVLTHWr0Wk6LK0Qiw,Protection %,24%,2400,0,,Offense %,1.18%,118,1,1181,Protection,1111,11110000,2,60186400|50968000,Potency %,7.14%,714,3,1989|2837|2320,Speed,10,100000,2,562260|392730,E,8,8,0,100.0,61.3,83.3,61.3,0,0.0,slice,1,0,1,15,24.5,0.0,34.3,14.8,JARJARBINKS,CANDIDATE,KEEP,brak wystarczającej wartości do kolejnego slice,0.0,,,,,,,,,,,,,,,,,,,,,,,
ADr96SRKTtuqXZ1mkQvtZQ,166,Health,6,Cross,1,15,False,0,True,POSTAĆ: KANANJARRUSS3,dMx4vcVLTHWr0Wk6LK0Qiw,Protection %,24%,2400,0,,Health,522,5220000,1,52218000,Speed,8,80000,2,353940|416700,Potency %,6.93%,693,3,2534|1746|2654,Offense %,1.9%,190,2,958|948,E,8,8,0,100.0,66.8,66.7,66.8,0,0.0,slice,1,0,1,15,21.1,0.0,29.0,14.8,JARJARBINKS,CANDIDATE,SLICE,6-dot ma dobry profil do kolejnego rolla,0.0,,,,,,,,,,,,,,,,,,,,,,,
DTrIFH6xRHWBJ7KnUClglQ,166,Health,6,Cross,3,15,False,0,True,POSTAĆ: HONDO,rRZOvE36Rtqgs4rIDAg8Vg,Protection %,24%,2400,0,,Health %,4.55%,455,3,1511|1957|1086,Speed,10,100000,2,587400|316350,Defense %,9.78%,978,3,3387|3220|3176,Defense,27,270000,2,1274160|1433120,C,10,10,0,100.0,61.0,83.3,61.0,0,0.0,slice,3,0,3,15,19.3,0.0,26.3,14.8,JARJARBINKS,CANDIDATE,KEEP,brak wystarczającej wartości do kolejnego slice,0.0,,,,,,,,,,,,,,,,,,,,,,,
EKgIVvZ9RVmUFxwsdT-Z6Q,166,Health,6,Cross,1,15,False,0,True,POSTAĆ: GENERALKENOBI,tMRqlgB7ScSYaYHOXV5Vwg,Health %,16%,1600,0,,Protection %,6.8%,680,3,2682|1544|2578,Speed,10,100000,2,549930|422850,Health,846,8460000,2,41056200|43629300,Critical Chance %,1.25%,125,1,1253,E,8,8,0,100.0,66.4,83.3,66.4,0,0.0,slice,1,0,1,15,32.3,0.0,46.2,14.8,JARJARBINKS,CANDIDATE,SLICE,6-dot ma dobry profil do kolejnego rolla,0.0,,,,,,,,,,,,,,,,,,,,,,,
GCRGSCzhQemmZ1MPo7A1ig,166,Health,6,Cross,1,15,False,1,True,POSTAĆ: PADMEAMIDALA,wgt8iU2GQM6LL7Q58MWK8A,Health %,16%,1600,0,,Offense,76,760000,2,4423000|3173000,Defense,23,230000,2,1571120|807120,Tenacity %,3.19%,319,2,1616|1580,Speed,9,90000,2,512580|342150,E,8,8,0,100.0,61.5,75.0,61.5,0,0.0,slice,1,1,0,0,29.2,0.0,41.5,14.8,JARJARBINKS,CANDIDATE,KEEP,brak wystarczającej wartości do kolejnego slice,0.0,,,,,,,,,,,,,,,,,,,,,,,
HtNxefV8T2Ozs34jW4-PWg,166,Health,6,Cross,5,15,False,5,True,POSTAĆ: SANASTARROS,EdpU_ZugR4Ga4PFhc0l-HA,Offense %,8.5%,850,0,,Protection %,9.75%,975,4,2434|2403|2205|2713,Potency %,4.82%,482,2,2533|2292,Speed,10,100000,2,586380|385590,Defense,41,410000,4,1256800|944800|1007760|974640,A,12,12,0,100.0,57.0,83.3,57.0,0,0.0,calibration,6,5,1,150,27.5,0.0,38.9,14.8,JARJARBINKS,CANDIDATE,KEEP,6A nie wymaga obecnie inwestycji,0.0,,,,,,,,,,,,,,,,,,,,,,,
MNQKiGgvTOOW1nhjYcxlZA,166,Health,6,Cross,5,15,False,2,True,POSTAĆ: GLREY,k3GClg4UTpuZsJDm2wjTDA,Offense %,8.5%,850,0,,Potency %,5.12%,512,2,2865|2257,Defense %,5.92%,592,2,2999|2922,Speed,19,190000,4,551640|342870|426480|496320,Protection %,10.77%,1077,4,2496|2736|2755|2793,A,12,12,0,100.0,69.3,79.2,69.3,0,0.0,calibration,6,2,4,40,31.5,0.0,45.1,14.8,JARJARBINKS,CANDIDATE,CALIBRATE,6A ma wartość lub dopasowanie uzasadniające calibration,0.0,,,,,,,,,,,,,,,,,,,,,,,
MQE2tTxgSp62EEZOgAfvZA,166,Health,6,Cross,5,15,False,0,False,MAGAZYN,,Potency %,30%,3000,0,,Speed,10,100000,2,455940|480180,Protection %,10.78%,1078,5,1969|2046|2922|1701|2142,Health,1262,12620000,3,39690000|38626200|47946600,Tenacity %,3.76%,376,2,2100|1666,A,12,12,0,100.0,62.8,83.3,62.8,0.0,0.0,calibration,6,0,6,15,27.8,0.0,39.4,14.8,JARJARBINKS,CANDIDATE,CALIBRATE,6A ma wartość lub dopasowanie uzasadniające calibration,0.0,,,,,,,,,,,,,,,,,,,,,,,
TBpgwtEwSbe7K_VZrMT5KA,166,Health,6,Cross,4,15,False,0,True,POSTAĆ: SCORCH,f3IgthdpQC2rd840MBfGag,Protection %,24%,2400,0,,Defense,24,240000,2,1325280|1122320,Speed,22,220000,5,536850|445230|465240|389550|343680,Critical Chance %,3.97%,397,2,1646|2328,Health %,2.88%,288,2,1624|1265,B,11,11,0,100.0,69.3,73.3,69.3,0,0.0,slice,4,0,4,15,35.5,0.0,51.2,14.8,JARJARBINKS,CANDIDATE,SLICE,6-dot ma dobry profil do kolejnego rolla,0.0,,,,,,,,,,,,,,,,,,,,,,,
UFBWz36yT7SMqvxSFD9GCQ,166,Health,6,Cross,1,15,False,0,True,POSTAĆ: ZAALBAR,pPDISq-7SOKmBV4m1ltRvQ,Protection %,24%,2400,0,,Speed,9,90000,2,574050|312600,Defense,39,390000,3,1442880|1172880|1355360,Protection,1077,10770000,2,61621600|46151800,Critical Chance %,1.58%,158,1,1581,E,8,8,0,100.0,52.9,75.0,52.9,0,0.0,slice,1,0,1,15,32.2,0.0,46.1,14.8,JARJARBINKS,CANDIDATE,KEEP,brak wystarczającej wartości do kolejnego slice,0.0,,,,,,,,,,,,,,,,,,,,,,,
ZkFIpPgURRuvy3jgvuzWEw,166,Health,6,Cross,5,15,False,2,True,POSTAĆ: KYLEKATARN,NUyH0Un-QQ-qVlZICatTug,Offense %,8.5%,850,0,,Potency %,8.78%,878,4,2380|1655|1844|2906,Speed,17,170000,3,597480|597360|413550,Defense,24,240000,2,1330400|1086320,Critical Chance %,5.85%,585,3,2325|1461|2072,A,12,12,0,100.0,48.2,94.4,48.2,0,0.0,calibration,6,2,4,40,21.9,0.0,30.2,14.8,JARJARBINKS,CANDIDATE,CALIBRATE,6A ma wartość lub dopasowanie uzasadniające calibration,0.0,,,,,,,,,,,,,,,,,,,,,,,
bXZOqhzoQCCpI_n76W0fCA,166,Health,6,Cross,1,15,False,0,True,POSTAĆ: JUHANI,UDoCRH4uS92zX8gCJxA-DA,Defense %,20%,2000,0,,Protection %,4.27%,427,2,2338|1934,Protection,2153,21530000,3,46000000|84101800|85242600,Speed,6,60000,1,513720,Offense,70,700000,2,3037750|3887500,E,8,8,0,100.0,68.5,100.0,68.5,0,0.0,slice,1,0,1,15,30.8,0.0,44.0,14.8,JARJARBINKS,CANDIDATE,SLICE,6-dot ma dobry profil do kolejnego rolla,0.0,,,,,,,,,,,,,,,,,,,,,,,
e7sEZyaUTsSZVBDhnhZ0ZQ,166,Health,6,Cross,5,15,False,0,True,POSTAĆ: OPERATIVE,f1SXqj4iSEet5HYh6mq_Cg,Health %,16%,1600,0,,Offense %,2.37%,237,2,1507|866,Potency %,8.53%,853,4,1986|1935|2813|1795,Speed,17,170000,3,541440|548760|570810,Defense %,7.88%,788,3,2345|2302|3240,A,12,12,0,100.0,62.2,94.4,62.2,0,0.0,calibration,6,0,6,15,18.5,0.0,25.0,14.8,JARJARBINKS,CANDIDATE,CALIBRATE,6A ma wartość lub dopasowanie uzasadniające calibration,0.0,,,,,,,,,,,,,,,,,,,,,,,
eZMEfKkCTSWPPCq67z4d4w,166,Health,6,Cross,1,15,False,0,True,POSTAĆ: WAMPA,ZLJllvF0QfS-UkkZFA96iw,Tenacity %,35%,3500,0,,Defense,29,290000,3,1023280|940720|1004800,Offense,113,1130000,3,3330750|4892000|2986750,Speed,6,60000,1,547050,Protection,665,6650000,1,66585000,E,8,8,0,100.0,62.0,100.0,62.0,0,0.0,slice,1,0,1,15,29.5,0.0,42.0,14.8,JARJARBINKS,CANDIDATE,KEEP,brak wystarczającej wartości do kolejnego slice,0.0,,,,,,,,,,,,,,,,,,,,,,,
gzpAQikYQt-5as5ch3eZxw,166,Health,6,Cross,5,15,False,0,True,POSTAĆ: JEDIKNIGHTREVAN,ygHtxMMsQoi_z9K1Jk0OEg,Health %,16%,1600,0,,Health,694,6940000,2,35777700|33679800,Protection,1743,17430000,2,89148000|85173600,Speed,20,200000,5,576660|427620|320160|315210|357750,Offense,116,1160000,3,4145250|3213000|4156000,A,12,12,0,100.0,78.2,66.7,78.2,0,0.0,calibration,6,0,6,15,42.5,0.0,61.9,14.8,JARJARBINKS,CANDIDATE,CALIBRATE,6A ma wartość lub dopasowanie uzasadniające calibration,0.0,,,,,,,,,,,,,,,,,,,,,,,
hmDCqwXpQ3W_8qsZgTj6jg,166,Health,6,Cross,1,15,False,0,True,POSTAĆ: BASTILASHAN,dnE0ZmQURMC8x7WzoHVW6w,Potency %,30%,3000,0,,Health,627,6270000,2,34870500|27831600,Tenacity %,5.54%,554,3,1501|2180|1867,Protection %,4.62%,462,2,2526|2102,Speed,6,60000,1,509820,E,8,8,0,100.0,53.2,100.0,53.2,0,0.0,slice,1,0,1,15,21.3,0.0,29.3,14.8,JARJARBINKS,CANDIDATE,KEEP,brak wystarczającej wartości do kolejnego slice,0.0,,,,,,,,,,,,,,,,,,,,,,,
kBT3tvD7RwKo-iM0hzIWWA,166,Health,6,Cross,2,15,False,0,True,POSTAĆ: POGGLETHELESSER,svKQSHAyRUmW1dqnxfD2Kw,Potency %,30%,3000,0,,Critical Chance %,7.21%,721,4,1605|1621|2207|1782,Defense,28,280000,2,1433680|1430480,Offense,26,260000,1,2516000,Speed,10,100000,2,500340|480600,D,9,9,0,100.0,50.0,83.3,50.0,0,0.0,slice,2,0,2,15,23.7,0.0,33.0,14.8,JARJARBINKS,CANDIDATE,KEEP,brak wystarczającej wartości do kolejnego slice,0.0,,,,,,,,,,,,,,,,,,,,,,,
qdTJ8rjOS2KzL-_u3BmTQA,166,Health,6,Cross,2,15,False,0,True,POSTAĆ: EPIXFINN,iEQuUOZJRwqSD8W1U0MFuw,Offense %,8.5%,850,0,,Tenacity %,7.08%,708,3,2454|2644|1987,Critical Chance %,4.03%,403,2,2175|1855,Potency %,2.33%,233,1,2333,Speed,16,160000,3,543060|599220|445620,D,9,9,0,100.0,52.7,88.9,52.7,0,0.0,slice,2,0,2,15,23.9,0.0,33.3,14.8,JARJARBINKS,CANDIDATE,SLICE,6-dot ma dobry profil do kolejnego rolla,0.0,,,,,,,,,,,,,,,,,,,,,,,
qnLqEYmrRvWm1CC7YrjF7A,166,Health,6,Cross,1,15,False,0,True,POSTAĆ: AHSOKATANO,oY5lDG6jTc-UT3wXKa0YPA,Offense %,8.5%,850,0,,Critical Chance %,1.91%,191,1,1916,Speed,6,60000,1,574230,Defense,45,450000,4,1498960|1282160|877920|911200,Health %,3.54%,354,2,1724|1818,E,8,8,0,100.0,50.6,100.0,50.6,0,0.0,slice,1,0,1,15,20.5,0.0,28.2,14.8,JARJARBINKS,CANDIDATE,KEEP,brak wystarczającej wartości do kolejnego slice,0.0,,,,,,,,,,,,,,,,,,,,,,,
v1BAOSQUQDWeiFLlr0C9Gg,166,Health,6,Cross,5,15,False,0,True,POSTAĆ: FIFTHBROTHER,9We500nHT8GboemEWp15sg,Potency %,30%,3000,0,,Health,808,8080000,2,33139800|47660400,Tenacity %,6.59%,659,3,1750|2559|2285,Defense %,11.15%,1115,4,3435|2427|2134|3156,Speed,15,150000,3,532200|499890|401430,A,12,12,0,100.0,54.5,83.3,54.5,0.0,0.0,calibration,6,0,6,15,21.9,0.0,30.3,14.8,JARJARBINKS,CANDIDATE,CALIBRATE,6A ma wartość lub dopasowanie uzasadniające calibration,0.0,,,,,,,,,,,,,,,,,,,,,,,
z7GLX75CQje7K5qkwoZ36A,166,Health,6,Cross,1,15,False,0,True,POSTAĆ: JOLEEBINDO,VGWjnbEWQPq1K6gWK0LcwQ,Tenacity %,35%,3500,0,,Speed,6,60000,1,508110,Health %,5.49%,549,4,1660|1231|1112|1490,Protection %,1.6%,160,1,1600,Health,697,6970000,2,32067900|37675800,E,8,8,0,100.0,69.2,100.0,69.2,0,0.0,slice,1,0,1,15,18.4,0.0,24.9,14.8,JARJARBINKS,CANDIDATE,SLICE,6-dot ma dobry profil do kolejnego rolla,0.0,,,,,,,,,,,,,,,,,,,,,,,
CH6eXnCKQg-W6VfI1e9IUw,163,Health,6,Diamond,1,15,False,0,True,POSTAĆ: WAMPA,ZLJllvF0QfS-UkkZFA96iw,Defense %,20%,2000,0,,Potency %,2.84%,284,1,2849,Health %,3.45%,345,2,1462|1995,Speed,6,60000,1,537300,Critical Chance %,6.7%,670,4,1722|2082|1240|1663,E,8,8,0,100.0,47.2,100.0,47.2,0,0.0,slice,1,0,1,15,10.3,0.0,12.5,14.8,JARJARBINKS,CANDIDATE,KEEP,brak wystarczającej wartości do kolejnego slice,0.0,,,,,,,,,,,,,,,,,,,,,,,
EUc-hZQVRp2NblDjinvWOA,163,Health,6,Diamond,5,15,False,0,True,POSTAĆ: REYJEDITRAINING,SEUrtsaDQgaGqOxitlhv-w,Defense %,20%,2000,0,,Health %,6.58%,658,4,1753|1824|1066|1941,Speed,10,100000,2,530190|398640,Offense %,4.16%,416,3,1699|853|1617,Defense,35,350000,3,1116880|830000|1555840,A,12,12,0,100.0,72.2,83.3,72.2,0,0.0,calibration,6,0,6,15,18.2,0.0,24.5,14.8,JARJARBINKS,CANDIDATE,CALIBRATE,6A ma wartość lub dopasowanie uzasadniające calibration,0.0,,,,,,,,,,,,,,,,,,,,,,,
H4SU3Wv5Qn6OueLcex5NhA,163,Health,6,Diamond,2,15,False,0,True,POSTAĆ: KANANJARRUSS3,dMx4vcVLTHWr0Wk6LK0Qiw,Defense %,20%,2000,0,,Protection,2534,25340000,4,51225600|82427400|46933800|72818000,Speed,5,50000,1,475680,Health,494,4940000,1,49437000,Defense,34,340000,3,1421680|1192160|853920,D,9,9,0,100.0,49.1,83.3,49.1,0,0.0,slice,2,0,2,15,29.3,0.0,41.7,14.8,JARJARBINKS,CANDIDATE,KEEP,brak wystarczającej wartości do kolejnego slice,0.0,,,,,,,,,,,,,,,,,,,,,,,
ON7E7tBwRE61AmV6TGlAYw,163,Health,6,Diamond,1,15,False,1,True,POSTAĆ: PADMEAMIDALA,wgt8iU2GQM6LL7Q58MWK8A,Defense %,20%,2000,0,,Offense,61,610000,2,2616500|3445500,Critical Chance %,3.59%,359,2,2052|1543,Health,1335,13350000,3,39938400|42668100|50935500,Speed,6,60000,1,527190,E,8,8,0,100.0,57.2,100.0,57.2,0,0.0,slice,1,1,0,0,23.8,0.0,33.2,14.8,JARJARBINKS,CANDIDATE,KEEP,brak wystarczającej wartości do kolejnego slice,0.0,,,,,,,,,,,,,,,,,,,,,,,
OjHjOEysRUOZf1xJ0rS7sw,163,Health,6,Diamond,3,15,False,0,True,POSTAĆ: GUNGANPHALANX,wjbd-YpMSEeRlf52LR4kOg,Defense %,20%,2000,0,,Speed,15,150000,3,557670|470010|386310,Critical Chance %,4.54%,454,3,1622|1673|1246,Protection %,3.85%,385,2,2161|1693,Tenacity %,4.62%,462,2,1724|2903,C,10,10,0,100.0,57.5,83.3,57.5,0,0.0,slice,3,0,3,15,26.3,0.0,37.0,14.8,JARJARBINKS,CANDIDATE,SLICE,6-dot ma dobry profil do kolejnego rolla,0.0,,,,,,,,,,,,,,,,,,,,,,,
Q6kUpc_vR66Y4hRcEHWBFg,163,Health,6,Diamond,1,15,False,0,True,POSTAĆ: GENERALKENOBI,tMRqlgB7ScSYaYHOXV5Vwg,Defense %,20%,2000,0,,Potency %,6.58%,658,3,2102|2106|2372,Speed,6,60000,1,595320,Protection %,2.06%,206,1,2061,Offense,112,1120000,3,2795750|4513000|3791250,E,8,8,0,100.0,64.8,100.0,64.8,0,0.0,slice,1,0,1,15,21.7,0.0,29.9,14.8,JARJARBINKS,CANDIDATE,KEEP,brak wystarczającej wartości do kolejnego slice,0.0,,,,,,,,,,,,,,,,,,,,,,,
Y0U2gD7xRyGBvn7A0g-SQw,163,Health,6,Diamond,5,15,False,0,True,POSTAĆ: FIFTHBROTHER,9We500nHT8GboemEWp15sg,Defense %,20%,2000,0,,Critical Chance %,8.65%,865,4,2338|2030|1952|2339,Protection,1537,15370000,2,70978000|82754000,Speed,18,180000,4,503340|376050|593850|317790,Offense %,3.04%,304,2,1421|1620,A,12,12,0,100.0,65.0,75.0,65.0,0.0,0.0,calibration,6,0,6,15,27.9,0.0,39.6,14.8,JARJARBINKS,CANDIDATE,CALIBRATE,6A ma wartość lub dopasowanie uzasadniające calibration,0.0,,,,,,,,,,,,,,,,,,,,,,,
caa0xFw5QuiDmNOuzOvG1A,163,Health,6,Diamond,2,15,False,0,True,POSTAĆ: AMILYNHOLDO,-VRG4JZBQNq7g7axa-5MsQ,Defense %,20%,2000,0,,Offense,80,800000,2,4323500|3635000,Potency %,4.57%,457,2,2345|2233,Health,278,2780000,1,27842400,Speed,20,200000,4,537630|498990|565890|323700,D,9,9,0,100.0,75.6,83.3,75.6,0,0.0,slice,2,0,2,15,38.4,0.0,55.7,14.8,JARJARBINKS,CANDIDATE,SLICE,6-dot ma dobry profil do kolejnego rolla,0.0,,,,,,,,,,,,,,,,,,,,,,,
cyZFJOROQX2UIOHYMHi9lg,163,Health,6,Diamond,1,15,False,0,True,POSTAĆ: SUNFAC,rKf6WvhwTAWYgMfQxpPddQ,Defense %,20%,2000,0,,Health %,2.65%,265,2,1349|1309,Potency %,4.9%,490,2,2609|2297,Critical Chance %,3.81%,381,2,2184|1627,Speed,11,110000,2,581040|441570,E,8,8,0,100.0,57.8,91.7,57.8,0,0.0,slice,1,0,1,15,18.5,0.0,25.0,14.8,JARJARBINKS,CANDIDATE,KEEP,brak wystarczającej wartości do kolejnego slice,0.0,,,,,,,,,,,,,,,,,,,,,,,
o64hRAOgQ_ONCLqqpbnS4A,163,Health,6,Diamond,3,15,False,0,True,POSTAĆ: CALKESTIS,BlZTr3AdRHy_YN4h5HTgbg,Defense %,20%,2000,0,,Defense,33,330000,3,958000|986960|1376800,Health,301,3010000,1,30159000,Health %,4.25%,425,3,1617|1474|1165,Speed,12,120000,3,530790|312420|305010,C,10,10,0,100.0,66.6,66.7,66.6,0,0.0,slice,3,0,3,15,29.9,0.0,42.6,14.8,JARJARBINKS,CANDIDATE,SLICE,6-dot ma dobry profil do kolejnego rolla,0.0,,,,,,,,,,,,,,,,,,,,,,,
6v_cC4VNQ1uQa8qoIaXRzg,161,Health,6,Square,1,15,False,1,True,POSTAĆ: POGGLETHELESSER,svKQSHAyRUmW1dqnxfD2Kw,Offense %,8.5%,850,0,,Defense %,6.03%,603,2,2833|3205,Protection %,8.33%,833,4,1782|2423|2249|1885,Speed,6,60000,1,583770,Potency %,1.74%,174,1,1746,E,8,8,0,100.0,62.2,100.0,62.2,0,0.0,slice,1,1,0,0,21.8,0.0,30.1,14.8,JARJARBINKS,CANDIDATE,KEEP,brak wystarczającej wartości do kolejnego slice,0.0,,,,,,,,,,,,,,,,,,,,,,,
8yXsjCfmRxO5O0wOoyY-ew,161,Health,6,Square,2,15,False,0,True,POSTAĆ: MERRIN,1S5-8PpPQBmMogCeTUjdjg,Offense %,8.5%,850,0,,Defense %,11.39%,1139,4,2107|3012|3573|2698,Potency %,5.43%,543,2,2692|2744,Protection,1219,12190000,2,67739600|54238600,Speed,6,60000,1,581580,D,9,9,0,100.0,48.0,100.0,48.0,0,0.0,slice,2,0,2,15,14.8,0.0,19.4,14.8,JARJARBINKS,CANDIDATE,KEEP,brak wystarczającej wartości do kolejnego slice,0.0,,,,,,,,,,,,,,,,,,,,,,,
BrqcXUVqRnS88X5P9fhf3g,161,Health,6,Square,1,15,False,0,True,POSTAĆ: MAGNAGUARD,Z8Ga0KbwQFW3sczCZvLntg,Offense %,8.5%,850,0,,Defense %,5.79%,579,2,3538|2258,Protection,1553,15530000,2,70651400|84663000,Speed,11,110000,2,535920|507720,Offense,67,670000,2,3190250|3502750,E,8,8,0,100.0,68.0,91.7,68.0,0,0.0,slice,1,0,1,15,30.2,0.0,43.0,14.8,JARJARBINKS,CANDIDATE,SLICE,6-dot ma dobry profil do kolejnego rolla,0.0,,,,,,,,,,,,,,,,,,,,,,,
O_CYvLkqRdenEUvpEJKuRw,161,Health,6,Square,2,15,False,0,True,POSTAĆ: CALKESTIS,BlZTr3AdRHy_YN4h5HTgbg,Offense %,8.5%,850,0,,Potency %,6.91%,691,3,1605|2774|2538,Critical Chance %,4.21%,421,2,2236|1975,Tenacity %,4.73%,473,2,2282|2448,Speed,12,120000,2,596610|577590,D,9,9,0,100.0,45.8,100.0,45.8,0,0.0,slice,2,0,2,15,16.7,0.0,22.2,14.8,JARJARBINKS,CANDIDATE,KEEP,brak wystarczającej wartości do kolejnego slice,0.0,,,,,,,,,,,,,,,,,,,,,,,
P9LuyW8nSf-1exG2EaOP6A,161,Health,6,Square,5,15,False,0,True,POSTAĆ: REYJEDITRAINING,SEUrtsaDQgaGqOxitlhv-w,Offense %,8.5%,850,0,,Health,1326,13260000,3,53160300|30696300|48748500,Speed,14,140000,3,571890|485250|307890,Tenacity %,7.63%,763,4,1502|1655|1564|2913,Defense,22,220000,2,1411120|807200,A,12,12,0,100.0,52.7,77.8,52.7,0,0.0,calibration,6,0,6,15,27.1,0.0,38.2,14.8,JARJARBINKS,CANDIDATE,CALIBRATE,6A ma wartość lub dopasowanie uzasadniające calibration,0.0,,,,,,,,,,,,,,,,,,,,,,,
PXFrfWIHTnyC9Gu_cNl9BQ,161,Health,6,Square,3,15,False,0,True,POSTAĆ: GUNGANPHALANX,wjbd-YpMSEeRlf52LR4kOg,Offense %,8.5%,850,0,,Defense,11,110000,1,1163120,Speed,6,60000,1,595920,Offense,101,1010000,3,2557000|4717500|2814000,Critical Chance %,9.75%,975,5,1610|2311|2106|2338|1393,C,10,10,0,100.0,50.5,100.0,50.5,0,0.0,slice,3,0,3,15,17.5,0.0,23.6,14.8,JARJARBINKS,CANDIDATE,KEEP,brak wystarczającej wartości do kolejnego slice,0.0,,,,,,,,,,,,,,,,,,,,,,,
RY_nl00NR2Oc30C5gj3H3w,161,Health,6,Square,2,15,False,0,True,POSTAĆ: AMILYNHOLDO,-VRG4JZBQNq7g7axa-5MsQ,Offense %,8.5%,850,0,,Speed,9,90000,2,542430|344400,Health,1362,13620000,3,52722900|52423200|31128300,Critical Chance %,3.46%,346,2,1234|2232,Health %,3.8%,380,2,1891|1910,D,9,9,0,100.0,59.8,75.0,59.8,0,0.0,slice,2,0,2,15,23.6,0.0,32.9,14.8,JARJARBINKS,CANDIDATE,KEEP,brak wystarczającej wartości do kolejnego slice,0.0,,,,,,,,,,,,,,,,,,,,,,,
RlQSwtzPSRmicwF9uoRcwA,161,Health,6,Square,1,15,False,0,True,POSTAĆ: ZAALBAR,pPDISq-7SOKmBV4m1ltRvQ,Offense %,8.5%,850,0,,Potency %,1.65%,165,1,1657,Offense,68,680000,2,2804250|3908750,Speed,14,140000,3,547620|412830|416070,Tenacity %,4.68%,468,2,1814|2865,E,8,8,0,100.0,69.8,77.8,69.8,0,0.0,slice,1,0,1,15,32.2,0.0,46.2,14.8,JARJARBINKS,CANDIDATE,SLICE,6-dot ma dobry profil do kolejnego rolla,0.0,,,,,,,,,,,,,,,,,,,,,,,
ns5e63OASSiVLNJy0n9acw,161,Health,6,Square,5,15,False,5,True,POSTAĆ: SCORCH,f3IgthdpQC2rd840MBfGag,Offense %,8.5%,850,0,,Defense,36,360000,3,933760|1482560|1276640,Potency %,4.16%,416,2,1532|2631,Health %,4.18%,418,3,1802|1273|1113,Speed,22,220000,4,560310|537300|505290|569910,A,12,12,0,100.0,65.5,91.7,65.5,0,0.0,calibration,6,5,1,150,29.0,0.0,41.2,14.8,JARJARBINKS,CANDIDATE,CALIBRATE,6A ma wartość lub dopasowanie uzasadniające calibration,0.0,,,,,,,,,,,,,,,,,,,,,,,
reb-rl4-TeKV3w5wY8JVKw,161,Health,6,Square,5,15,False,0,True,POSTAĆ: DROIDEKA,Xx9Ul2lHTH-LstKZjbmpBQ,Offense %,8.5%,850,0,,Defense,44,440000,4,1105120|1477200|1018160|897200,Offense,114,1140000,3,4357000|3089000|3926500,Speed,6,60000,1,520350,Health,1812,18120000,4,43807500|39436200|45848700|52201800,A,12,12,0,100.0,56.2,100.0,56.2,0,0.0,calibration,6,0,6,15,27.0,0.0,38.2,14.8,JARJARBINKS,CANDIDATE,KEEP,6A nie wymaga obecnie inwestycji,0.0,,,,,,,,,,,,,,,,,,,,,,,
AvuLusROQMKaeD4XYCckkw,164,Health,6,Triangle,1,15,False,0,True,POSTAĆ: HONDO,rRZOvE36Rtqgs4rIDAg8Vg,Health %,16%,1600,0,,Health,1578,15780000,4,44450100|37945800|28209600|47231100,Speed,6,60000,1,504330,Protection,1447,14470000,2,74377400|70398400,Potency %,1.81%,181,1,1810,E,8,8,0,100.0,52.8,100.0,52.8,0,0.0,slice,1,0,1,15,26.8,0.0,37.9,14.8,JARJARBINKS,CANDIDATE,KEEP,brak wystarczającej wartości do kolejnego slice,0.0,,,,,,,,,,,,,,,,,,,,,,,
DnJcZb_gR0CPWITBFd5BZQ,164,Health,6,Triangle,2,15,False,0,True,POSTAĆ: GENERALKENOBI,tMRqlgB7ScSYaYHOXV5Vwg,Health %,16%,1600,0,,Offense %,2.58%,258,2,1316|1272,Defense,37,370000,3,1456400|942240|1339120,Protection %,4.09%,409,2,1795|2295,Offense,62,620000,2,3077250|3117750,D,9,9,0,100.0,65.6,0.0,65.6,0,0.0,slice,2,0,2,15,19.1,0.0,26.0,14.8,JARJARBINKS,CANDIDATE,SLICE,6-dot ma dobry profil do kolejnego rolla,0.0,,,,,,,,,,,,,,,,,,,,,,,
FaY7gmqHRYWw9IEJxYouaw,164,Health,6,Triangle,5,15,False,0,True,POSTAĆ: BB8,sQ2eJXTSQZmKc84UCtg_fQ,Critical Chance %,20%,2000,0,,Protection,893,8930000,1,89332000,Speed,15,150000,3,526770|516690|420810,Health,1905,19050000,5,29994300|48899700|47865600|32659200|31095900,Health %,4.29%,429,3,1396|1354|1546,A,12,12,0,100.0,67.0,83.3,67.0,0,0.0,calibration,6,0,6,15,29.2,0.0,41.5,14.8,JARJARBINKS,CANDIDATE,CALIBRATE,6A ma wartość lub dopasowanie uzasadniające calibration,0.0,,,,,,,,,,,,,,,,,,,,,,,
GzfJFUQvQVCk0QEFfWyQzw,164,Health,6,Triangle,5,15,False,0,True,POSTAĆ: SANASTARROS,EdpU_ZugR4Ga4PFhc0l-HA,Critical Damage %,42%,4200,0,,Protection,764,7640000,1,76498000,Speed,23,230000,5,520830|512190|480360|317430|455310,Protection %,4.06%,406,2,1899|2163,Defense %,13.03%,1303,4,2487|3840|3387|3317,A,12,12,0,100.0,71.3,76.7,71.3,0,0.0,calibration,6,0,6,15,35.1,0.0,50.6,14.8,JARJARBINKS,CANDIDATE,CALIBRATE,6A ma wartość lub dopasowanie uzasadniające calibration,0.0,,,,,,,,,,,,,,,,,,,,,,,
UFvi9_X6SaWGMP7HApw8nw,164,Health,6,Triangle,1,15,False,0,True,POSTAĆ: ZAALBAR,pPDISq-7SOKmBV4m1ltRvQ,Protection %,24%,2400,0,,Tenacity %,6.59%,659,3,2016|1802|2776,Offense %,3.14%,314,2,1650|1493,Potency %,2.98%,298,1,2985,Speed,12,120000,2,572430|539640,E,8,8,0,100.0,63.5,100.0,63.5,0,0.0,slice,1,0,1,15,18.5,0.0,25.0,14.8,JARJARBINKS,CANDIDATE,KEEP,brak wystarczającej wartości do kolejnego slice,0.0,,,,,,,,,,,,,,,,,,,,,,,
ZPmKU-6TQJKziLewzwMeUw,164,Health,6,Triangle,5,15,False,0,True,POSTAĆ: REYJEDITRAINING,SEUrtsaDQgaGqOxitlhv-w,Critical Damage %,42%,4200,0,,Offense %,5.21%,521,4,1566|924|1029|1697,Defense,12,120000,1,1203280,Speed,11,110000,2,509670|581910,Potency %,10.35%,1035,5,1562|2089|2941|1592|2171,A,12,12,0,100.0,64.3,91.7,64.3,0,0.0,calibration,6,0,6,15,14.8,0.0,19.3,14.8,JARJARBINKS,CANDIDATE,CALIBRATE,6A ma wartość lub dopasowanie uzasadniające calibration,0.0,,,,,,,,,,,,,,,,,,,,,,,
eigOsAxHS-eT13hiMYNRXg,164,Health,6,Triangle,5,15,False,0,True,POSTAĆ: GRANDADMIRALTHRAWN,EE7VnvB4T0aIckRNrkNqAA,Protection %,24%,2400,0,,Defense,24,240000,2,1006960|1397600,Offense %,5.92%,592,5,1281|1028|1600|914|1104,Speed,13,130000,3,428040|397950|458820,Health,983,9830000,2,52312500|45994500,A,12,12,0,100.0,77.0,72.2,77.0,0,0.0,calibration,6,0,6,15,25.3,0.0,35.6,14.8,JARJARBINKS,CANDIDATE,CALIBRATE,6A ma wartość lub dopasowanie uzasadniające calibration,0.0,,,,,,,,,,,,,,,,,,,,,,,
kaLa8vytR8WJhzUeiJQfbw,164,Health,6,Triangle,2,15,False,0,True,POSTAĆ: DROIDEKA,Xx9Ul2lHTH-LstKZjbmpBQ,Offense %,8.5%,850,0,,Defense %,5.53%,553,2,3494|2045,Health %,2.45%,245,2,1154|1296,Speed,9,90000,2,505650|340410,Protection %,7.08%,708,3,2063|2418|2598,D,9,9,0,100.0,70.9,75.0,70.9,0,0.0,slice,2,0,2,15,24.3,0.0,34.0,14.8,JARJARBINKS,CANDIDATE,SLICE,6-dot ma dobry profil do kolejnego rolla,0.0,,,,,,,,,,,,,,,,,,,,,,,
oRfiO6_TTBajQOjs_iTHEQ,164,Health,6,Triangle,4,15,False,0,True,POSTAĆ: SCORCH,f3IgthdpQC2rd840MBfGag,Protection %,24%,2400,0,,Defense %,13.63%,1363,4,3693|2851|3723|3365,Offense,172,1720000,4,4248500|4735000|4964750|3240000,Health,481,4810000,1,48157200,Speed,7,70000,2,355830|303360,B,11,11,0,100.0,67.6,58.3,67.6,0,0.0,slice,4,0,4,15,24.1,0.0,33.7,14.8,JARJARBINKS,CANDIDATE,SLICE,6-dot ma dobry profil do kolejnego rolla,0.0,,,,,,,,,,,,,,,,,,,,,,,
rYXkC-iQRsKUdwYANcQFLQ,164,Health,6,Triangle,1,15,False,0,True,POSTAĆ: AHSOKATANO,oY5lDG6jTc-UT3wXKa0YPA,Critical Damage %,42%,4200,0,,Offense,76,760000,2,4448000|3146000,Speed,12,120000,2,547710|563220,Health,1219,12190000,3,39044700|30931200|52015500,Health %,1.8%,180,1,1807,E,8,8,0,100.0,72.5,100.0,72.5,0,0.0,slice,1,0,1,15,31.9,0.0,45.7,14.8,JARJARBINKS,CANDIDATE,SLICE,6-dot ma dobry profil do kolejnego rolla,0.0,,,,,,,,,,,,,,,,,,,,,,,
-XQ5W4JUQmuBJdx3B-adXQ,252,Offense,5,Arrow,1,15,False,0,True,POSTAĆ: CAPTAINDROGAN,x_FQnn0_ShSNmm4-HLV34g,Offense %,5.88%,588,0,,Critical Chance %,1.98%,198,1,1989,Defense %,1.48%,148,1,1480,Protection %,1.41%,141,1,1413,Speed,5,50000,1,507630,E,4,4,0,100.0,59.2,83.3,59.2,0,0.0,slice,0,0,0,0,22.0,0.0,33.8,0.0,JARJARBINKS,CANDIDATE,SLICE,wartość moda lub dopasowanie do postaci uzasadnia kolejny roll,0.0,,,,,,,,,,,,,,,,,,,,,,,
-wknWllPRjyHvg578cw7Mg,252,Offense,5,Arrow,1,15,False,0,True,POSTAĆ: PADAWANOBIWAN,fdUHER1QQFeX1Pqx02Ko5Q,Health %,5.88%,588,0,,Offense %,0.29%,29,1,295,Speed,5,50000,1,550470,Tenacity %,1.62%,162,1,1621,Defense %,1.19%,119,1,1193,E,4,4,0,100.0,66.0,83.3,66.0,0,0.0,slice,0,0,0,0,16.2,0.0,25.0,0.0,JARJARBINKS,CANDIDATE,SLICE,wartość moda lub dopasowanie do postaci uzasadnia kolejny roll,0.0,,,,,,,,,,,,,,,,,,,,,,,
0xEeYTIUTqGaXUl8aauanA,252,Offense,5,Arrow,2,15,False,0,True,POSTAĆ: RANGETROOPER,Nrp4ifwXSi2gJHQA5JtVRg,Speed,30,300000,0,,Potency %,1.61%,161,1,1612,Protection %,2.16%,216,1,2166,Defense,7,70000,1,703346,Protection,1158,11580000,2,50575234|65239477,D,5,5,0,100.0,46.8,0.0,46.8,0,0.0,slice,0,0,0,0,37.4,95.1,28.3,0.0,JARJARBINKS,CANDIDATE,KEEP,wartość secondary zbyt niska,0.0,,,,,,,,,,,,,,,,,,,,,,,
3XYE00BjR-G0fwa12lE4Qw,252,Offense,5,Arrow,1,15,False,0,False,MAGAZYN,,Health %,5.88%,588,0,,Defense %,1.49%,149,1,1492,Speed,5,50000,1,588450,Protection,464,4640000,1,46434693,Potency %,1.42%,142,1,1420,E,4,4,0,100.0,56.0,83.3,56.0,0,0.0,slice,0,0,0,0,22.3,0.0,34.3,0.0,JARJARBINKS,CANDIDATE,KEEP,obserwuj przed wydaniem materiałów,0.0,,,,,,,,,,,,,,,,,,,,,,,
4mnHqq6JQPGVFcpwsSpEVw,252,Offense,5,Arrow,4,15,False,0,True,POSTAĆ: BT1,BM8YfesNREey0Pt2Ax4JzA,Speed,30,300000,0,,Health %,0.82%,82,1,825,Tenacity %,4.9%,490,3,1855|1427|1624,Protection %,3.77%,377,2,2103|1667,Critical Chance %,2.02%,202,1,2020,B,7,7,0,100.0,46.7,0.0,46.7,0,0.0,slice,0,0,0,0,25.6,95.1,10.1,0.0,JARJARBINKS,CANDIDATE,KEEP,wartość secondary zbyt niska,0.0,,,,,,,,,,,,,,,,,,,,,,,
6Ct5uYglSJuP7FR51fKnKQ,252,Offense,5,Arrow,1,15,False,0,False,MAGAZYN,,Protection %,23.5%,2350,0,,Potency %,1.54%,154,1,1544,Speed,5,50000,1,517140,Health %,0.64%,64,1,644,Offense %,0.38%,38,1,385,E,4,4,0,100.0,74.5,83.3,74.5,0,0.0,slice,0,0,0,0,16.2,0.0,25.0,0.0,JARJARBINKS,CANDIDATE,SLICE,wartość moda lub dopasowanie do postaci uzasadnia kolejny roll,0.0,,,,,,,,,,,,,,,,,,,,,,,
C41ikpuISOajs0bQHkydAQ,252,Offense,5,Arrow,1,15,False,0,False,MAGAZYN,,Protection %,23.5%,2350,0,,Defense,6,60000,1,667184,Protection,424,4240000,1,42427048,Speed,5,50000,1,531240,Critical Chance %,1.65%,165,1,1653,E,4,4,0,100.0,51.7,83.3,51.7,0,0.0,slice,0,0,0,0,27.4,0.0,42.2,0.0,JARJARBINKS,CANDIDATE,KEEP,wartość secondary zbyt niska,0.0,,,,,,,,,,,,,,,,,,,,,,,
Hz7aiPt2SOGZacB26RyWoA,252,Offense,5,Arrow,1,15,False,0,False,MAGAZYN,,Protection %,23.5%,2350,0,,Defense %,1.04%,104,1,1040,Speed,5,50000,1,557010,Offense,24,240000,1,2317620,Tenacity %,1.89%,189,1,1898,E,4,4,0,100.0,63.5,83.3,63.5,0,0.0,slice,0,0,0,0,21.9,0.0,33.7,0.0,JARJARBINKS,CANDIDATE,SLICE,wartość moda lub dopasowanie do postaci uzasadnia kolejny roll,0.0,,,,,,,,,,,,,,,,,,,,,,,
U2AlrZEdSd2MAxa0VVpvGw,252,Offense,5,Arrow,4,15,False,0,True,POSTAĆ: THEMANDALORIANBESKARARMOR,I4qYFU2aTeK4MpCuYsV6KA,Speed,30,300000,0,,Health,938,9380000,3,22000038|30929919|40907727,Offense %,0.87%,87,2,355|524,Critical Chance %,1.52%,152,1,1528,Health %,0.7%,70,1,703,B,7,7,0,100.0,60.7,0.0,60.7,0,0.0,slice,0,0,0,0,28.0,95.1,13.7,0.0,JARJARBINKS,CANDIDATE,SLICE,wartość moda lub dopasowanie do postaci uzasadnia kolejny roll,0.0,,,,,,,,,,,,,,,,,,,,,,,
VXHSINM-TfW1lWhA4tKrzQ,252,Offense,5,Arrow,1,15,False,0,True,POSTAĆ: ARCTROOPER501ST,hk_G0czZQSmDS9yhDrJRyA,Speed,30,300000,0,,Defense,8,80000,1,862498,Protection %,1.49%,149,1,1494,Defense %,1.57%,157,1,1576,Offense,35,350000,1,3469476,E,4,4,0,100.0,57.0,0.0,57.0,0,0.0,slice,0,0,0,0,35.5,95.1,25.3,0.0,JARJARBINKS,CANDIDATE,KEEP,obserwuj przed wydaniem materiałów,0.0,,,,,,,,,,,,,,,,,,,,,,,
Ymxxt96VQRSAEUaNxVlkMw,252,Offense,5,Arrow,2,15,False,0,True,POSTAĆ: CROSSHAIRS3,VZaoVN_-Sh2WQ-_sXG6OKA,Speed,30,300000,0,,Critical Chance %,1.3%,130,1,1305,Protection,1437,14370000,2,61543307|82183717,Defense,8,80000,1,833931,Health %,0.64%,64,1,648,D,5,5,0,100.0,45.4,0.0,45.4,0,0.0,slice,0,0,0,0,32.8,95.1,21.2,0.0,JARJARBINKS,CANDIDATE,KEEP,wartość secondary zbyt niska,0.0,,,,,,,,,,,,,,,,,,,,,,,
yG8f5OP_Q-CZNIxwS3xyJQ,252,Offense,5,Arrow,4,15,False,0,True,POSTAĆ: GRANDINQUISITOR,JXvUIuMiSR6_2LS1vnLylA,Speed,30,300000,0,,Defense %,3%,300,2,1310|1692,Health,487,4870000,2,23785157|24923090,Protection,447,4470000,1,44773493,Protection %,3.47%,347,2,2082|1388,B,7,7,0,100.0,52.6,0.0,52.6,0,0.0,slice,0,0,0,0,35.0,95.1,24.6,0.0,JARJARBINKS,CANDIDATE,KEEP,obserwuj przed wydaniem materiałów,0.0,,,,,,,,,,,,,,,,,,,,,,,
5rgm9svcTZGksFw5lAFP4w,252,Offense,5,Arrow,3,6,False,0,True,POSTAĆ: DARKTROOPER,0cUSi_XpTM6gWuZVXoK4dg,Offense %,2.5%,250,0,,Health,271,2710000,1,27164668,Critical Chance %,2.01%,201,1,2011,Speed,5,50000,1,550890,Defense %,1.02%,102,1,1020,C,4,6,2,100.0,53.8,83.3,69.2,15.4,0.0,upgrade,0,0,0,0,21.5,0.0,33.0,0.0,JARJARBINKS,CANDIDATE,UPGRADE,nieujawnione wszystkie secondary,0.0,,,,,,,,,,,,,,,,,,,,,,,
8DWE4RbTRY-Y-2QVYLDbgQ,252,Offense,5,Arrow,1,1,False,0,True,POSTAĆ: FULCRUMAHSOKA,gL8t8tzST0GDS7w4bToSxg,Speed,4,40000,0,,,,,0,,,,,0,,,,,0,,,,,0,,E,0,4,4,0.0,0.0,0.0,0.0,0,0.0,upgrade,0,0,0,0,19.0,95.1,0.0,0.0,JARJARBINKS,CANDIDATE,UPGRADE,nieujawnione wszystkie secondary,0.0,,,,,,,,,,,,,,,,,,,,,,,
E5zxDXgRTjOR-8q_URJLvQ,252,Offense,5,Arrow,3,1,False,0,True,POSTAĆ: CASSIANANDOR,S94VJOjBT-S1LJ-eDzR-Vg,Speed,4,40000,0,,Protection,773,7730000,1,77345472,Defense %,1.63%,163,1,1636,,,,0,,,,,0,,C,2,6,4,100.0,45.0,0.0,47.0,2.0,0.0,upgrade,0,0,0,0,31.2,95.1,18.7,0.0,JARJARBINKS,CANDIDATE,UPGRADE,nieujawnione wszystkie secondary,0.0,,,,,,,,,,,,,,,,,,,,,,,
GCyEpmjmS-qq7-kow-DJjA,252,Offense,5,Arrow,1,1,False,0,True,POSTAĆ: PAO,VzOKqed5QL-ozFtEou2_sg,Speed,4,40000,0,,,,,0,,,,,0,,,,,0,,,,,0,,E,0,4,4,0.0,0.0,0.0,0.0,0,0.0,upgrade,0,0,0,0,19.0,95.1,0.0,0.0,JARJARBINKS,CANDIDATE,UPGRADE,nieujawnione wszystkie secondary,0.0,,,,,,,,,,,,,,,,,,,,,,,
NBGXgVmXTd6CkfhLksIb4A,252,Offense,5,Arrow,1,1,False,0,True,POSTAĆ: PADAWANSABINE,9ssuNwf-QcmcfINQPjIqEA,Speed,4,40000,0,,,,,0,,,,,0,,,,,0,,,,,0,,E,0,4,4,0.0,0.0,0.0,0.0,0,0.0,upgrade,0,0,0,0,19.0,95.1,0.0,0.0,JARJARBINKS,CANDIDATE,UPGRADE,nieujawnione wszystkie secondary,0.0,,,,,,,,,,,,,,,,,,,,,,,
SZjiNca5RzmEZqORvc10nw,252,Offense,5,Arrow,3,1,False,0,True,POSTAĆ: BRUTUS,0GJlV2uVRWq0o-qgUIyXwA,Protection %,2.5%,250,0,,Tenacity %,1.31%,131,1,1318,Speed,5,50000,1,566130,,,,0,,,,,0,,C,2,6,4,100.0,65.0,83.3,88.3,23.3,0.0,upgrade,0,0,0,0,32.5,0.0,50.0,0.0,JARJARBINKS,CANDIDATE,UPGRADE,nieujawnione wszystkie secondary,0.0,,,,,,,,,,,,,,,,,,,,,,,
UNDZHUJlQLekEJIYuUenXA,252,Offense,5,Arrow,5,1,False,0,True,POSTAĆ: FOSITHTROOPER,mtBm_ua2RVuRu6Fdi1Jnbw,Offense %,0.63%,63,0,,Tenacity %,1.88%,188,1,1888,Offense,24,240000,1,2362308,Speed,5,50000,1,577860,Critical Chance %,1.76%,176,1,1760,A,4,8,4,100.0,59.2,83.3,79.6,20.4,48.9,upgrade,0,0,0,0,21.9,0.0,33.7,0.0,JARJARBINKS,CANDIDATE,UPGRADE,nieujawnione wszystkie secondary,0.0,,,,,,,,,,,,,,,,,,,,,,,
aK-VZRz2R1SdXhqb5vg7SA,252,Offense,5,Arrow,1,1,False,0,True,POSTAĆ: MAGMATROOPER,ciIhlDp8RO6GCFQyqEjvRw,Speed,4,40000,0,,,,,0,,,,,0,,,,,0,,,,,0,,E,0,4,4,0.0,0.0,0.0,0.0,0,0.0,upgrade,0,0,0,0,19.0,95.1,0.0,0.0,JARJARBINKS,CANDIDATE,UPGRADE,nieujawnione wszystkie secondary,0.0,,,,,,,,,,,,,,,,,,,,,,,
i3IWeJAsTBGJzZVN5VfYMg,252,Offense,5,Arrow,3,1,False,0,True,POSTAĆ: YOUNGLANDO,z4RU3ZmER1G8dK2M15Ju6w,Speed,4,40000,0,,Critical Chance %,1.64%,164,1,1641,Offense %,0.33%,33,1,332,,,,0,,,,,0,,C,2,6,4,100.0,58.5,0.0,80.8,22.3,0.0,upgrade,0,0,0,0,19.0,95.1,0.0,0.0,JARJARBINKS,CANDIDATE,UPGRADE,nieujawnione wszystkie secondary,0.0,,,,,,,,,,,,,,,,,,,,,,,
poAbt6A7Q160pAno6k3Hnw,252,Offense,5,Arrow,5,1,False,0,True,POSTAĆ: UNDERCOVERLANDO,4ANsPhIlSCiRGIga0LvMOw,Speed,4,40000,0,,Tenacity %,1.71%,171,1,1711,Protection,635,6350000,1,63574124,Defense %,1.45%,145,1,1451,Critical Chance %,1.61%,161,1,1612,A,4,8,4,100.0,36.2,0.0,42.1,5.9,54.7,upgrade,0,0,0,0,25.1,95.1,9.3,0.0,JARJARBINKS,CANDIDATE,UPGRADE,nieujawnione wszystkie secondary,0.0,,,,,,,,,,,,,,,,,,,,,,,
ylpRgazqSiWnAf0-3xIE6Q,252,Offense,5,Arrow,2,1,False,0,True,POSTAĆ: GENERALSKYWALKER,vFXl2ZpkT3GCV4rvQ-gsgA,Protection %,2.5%,250,0,,Speed,5,50000,1,523980,,,,0,,,,,0,,,,,0,,D,1,5,4,100.0,100.0,83.3,100.0,0,0.0,upgrade,0,0,0,0,65.0,0.0,100.0,0.0,JARJARBINKS,CANDIDATE,UPGRADE,nieujawnione wszystkie secondary,0.0,,,,,,,,,,,,,,,,,,,,,,,
96NDkibPT5CVrsTyIw0cvw,255,Offense,5,Circle,1,15,False,0,True,POSTAĆ: UNDERCOVERLANDO,4ANsPhIlSCiRGIga0LvMOw,Protection %,23.5%,2350,0,,Offense %,0.4%,40,1,408,Tenacity %,2.03%,203,1,2039,Critical Chance %,2.11%,211,1,2116,Potency %,1.49%,149,1,1491,E,4,4,0,100.0,45.2,0.0,45.2,0,0.0,slice,0,0,0,0,0.0,0.0,0.0,0.0,JARJARBINKS,CANDIDATE,KEEP,wartość secondary zbyt niska,0.0,,,,,,,,,,,,,,,,,,,,,,,
EISENBMKS7G2dId_7A5_VQ,255,Offense,5,Circle,1,15,False,0,True,POSTAĆ: HUYANG,DRi0qZeRRkKUKuIu-ZZ2yA,Health %,5.88%,588,0,,Offense,39,390000,1,3895380,Potency %,2.21%,221,1,2214,Speed,5,50000,1,542730,Health,388,3880000,1,38854733,E,4,4,0,100.0,66.0,83.3,66.0,0,0.0,slice,0,0,0,0,27.1,0.0,41.7,0.0,JARJARBINKS,CANDIDATE,SLICE,wartość moda lub dopasowanie do postaci uzasadnia kolejny roll,0.0,,,,,,,,,,,,,,,,,,,,,,,
Feort3myTma26JP2LZEDwg,255,Offense,5,Circle,5,15,False,0,True,POSTAĆ: BENSOLO,DX_lPsDmT8ui5n9qLexVhQ,Health %,5.88%,588,0,,Offense,43,430000,1,4295292,Offense %,0.42%,42,1,428,Speed,15,150000,3,593310|397950|581670,Protection,2069,20690000,3,68765374|70754661|67448873,A,8,8,0,100.0,77.2,83.3,77.2,0,67.0,6-dot,0,0,0,0,36.3,0.0,55.9,0.0,JARJARBINKS,CANDIDATE,SLICE_6E,5A ma wystarczającą wartość lub dopasowanie do postaci,0.0,,,,,,,,,,,,,,,,,,,,,,,
HATVQw7mRHmCAXdUiNegIg,255,Offense,5,Circle,1,15,False,0,True,POSTAĆ: CAPTAINDROGAN,x_FQnn0_ShSNmm4-HLV34g,Health %,5.88%,588,0,,Protection,450,4500000,1,45060050,Offense %,0.49%,49,1,493,Defense %,1.11%,111,1,1114,Speed,3,30000,1,394080,E,4,4,0,100.0,70.5,50.0,70.5,0,0.0,slice,0,0,0,0,22.3,0.0,34.3,0.0,JARJARBINKS,CANDIDATE,SLICE,wartość moda lub dopasowanie do postaci uzasadnia kolejny roll,0.0,,,,,,,,,,,,,,,,,,,,,,,
N58zlQ5cTzWx6BDgDgm-Hg,255,Offense,5,Circle,1,15,False,0,True,POSTAĆ: MAGMATROOPER,ciIhlDp8RO6GCFQyqEjvRw,Protection %,23.5%,2350,0,,Health,374,3740000,1,37431781,Defense,6,60000,1,623917,Offense %,0.5%,50,1,500,Health %,0.96%,96,1,960,E,4,4,0,100.0,61.5,0.0,61.5,0,0.0,slice,0,0,0,0,10.3,0.0,15.9,0.0,JARJARBINKS,CANDIDATE,SLICE,wartość moda lub dopasowanie do postaci uzasadnia kolejny roll,0.0,,,,,,,,,,,,,,,,,,,,,,,
NoA_1qRRRC6Y8dJOoehPgA,255,Offense,5,Circle,2,15,False,0,True,POSTAĆ: B1BATTLEDROIDV2,9SndrAqBTzqisiBz5g4QLw,Protection %,23.5%,2350,0,,Protection,416,4160000,1,41604754,Offense %,0.55%,55,1,550,Potency %,3.1%,310,2,1755|1345,Offense,27,270000,1,2694732,D,5,5,0,100.0,58.0,0.0,58.0,0,0.0,slice,0,0,0,0,9.4,0.0,14.4,0.0,JARJARBINKS,CANDIDATE,SLICE,wartość moda lub dopasowanie do postaci uzasadnia kolejny roll,0.0,,,,,,,,,,,,,,,,,,,,,,,
QTGYg9BhQSWk_4ziCItTMw,255,Offense,5,Circle,1,15,False,0,True,POSTAĆ: KYLOREN,0VuxRFwSSsanYzCXDOc8jg,Protection %,23.5%,2350,0,,Speed,3,30000,1,378090,Health %,0.82%,82,1,821,Health,406,4060000,1,40699856,Tenacity %,1.17%,117,1,1170,E,4,4,0,100.0,62.5,50.0,62.5,0,0.0,slice,0,0,0,0,21.5,0.0,33.0,0.0,JARJARBINKS,CANDIDATE,SLICE,wartość moda lub dopasowanie do postaci uzasadnia kolejny roll,0.0,,,,,,,,,,,,,,,,,,,,,,,
TCFRPX0eSfGbgGclectSog,255,Offense,5,Circle,3,15,False,0,True,POSTAĆ: DROIDEKA,Xx9Ul2lHTH-LstKZjbmpBQ,Protection %,23.5%,2350,0,,Defense,4,40000,1,498379,Protection,465,4650000,1,46559283,Critical Chance %,5.66%,566,3,2115|1808|1740,Health,327,3270000,1,32760041,C,6,6,0,100.0,34.2,0.0,34.2,0,0.0,slice,0,0,0,0,10.9,0.0,16.8,0.0,JARJARBINKS,CANDIDATE,KEEP,wartość secondary zbyt niska,0.0,,,,,,,,,,,,,,,,,,,,,,,
WebP87q3Tvi3LNSLXDQsiA,255,Offense,5,Circle,1,15,False,0,True,POSTAĆ: RANGETROOPER,Nrp4ifwXSi2gJHQA5JtVRg,Protection %,23.5%,2350,0,,Defense %,0.92%,92,1,921,Speed,5,50000,1,502110,Potency %,1.72%,172,1,1720,Tenacity %,2.07%,207,1,2072,E,4,4,0,100.0,51.5,83.3,51.5,0,0.0,slice,0,0,0,0,16.2,0.0,25.0,0.0,JARJARBINKS,CANDIDATE,KEEP,wartość secondary zbyt niska,0.0,,,,,,,,,,,,,,,,,,,,,,,
X8srIlS2TkuadS6eOutqCQ,255,Offense,5,Circle,5,15,False,0,True,POSTAĆ: ASAJJDARKDISCIPLE,6kd7K3mvTfGRd4B_leov2Q,Health %,5.88%,588,0,,Offense %,0.85%,85,2,320|532,Protection,535,5350000,1,53544629,Speed,15,150000,3,526920|384870|593310,Offense,68,680000,2,4282068|2494320,A,8,8,0,100.0,87.0,83.3,87.0,0,53.6,6-dot,0,0,0,0,33.1,0.0,50.9,0.0,JARJARBINKS,CANDIDATE,SLICE_6E,5A ma wystarczającą wartość lub dopasowanie do postaci,0.0,,,,,,,,,,,,,,,,,,,,,,,
_T9SHnwLR42KDJ-6dU3kRw,255,Offense,5,Circle,1,15,False,0,True,POSTAĆ: DARKTROOPER,0cUSi_XpTM6gWuZVXoK4dg,Health %,5.88%,588,0,,Protection,467,4670000,1,46775239,Speed,5,50000,1,538890,Defense %,1.06%,106,1,1063,Tenacity %,1.45%,145,1,1450,E,4,4,0,100.0,55.0,83.3,55.0,0,0.0,slice,0,0,0,0,22.3,0.0,34.3,0.0,JARJARBINKS,CANDIDATE,KEEP,obserwuj przed wydaniem materiałów,0.0,,,,,,,,,,,,,,,,,,,,,,,
bWgVDRg5TSOVOOnVtDtf0g,255,Offense,5,Circle,1,15,False,0,True,POSTAĆ: PADAWANOBIWAN,fdUHER1QQFeX1Pqx02Ko5Q,Health %,5.88%,588,0,,Tenacity %,1.45%,145,1,1459,Speed,3,30000,1,355830,Defense %,0.91%,91,1,914,Health,332,3320000,1,33240073,E,4,4,0,100.0,55.0,50.0,55.0,0,0.0,slice,0,0,0,0,21.5,0.0,33.0,0.0,JARJARBINKS,CANDIDATE,KEEP,obserwuj przed wydaniem materiałów,0.0,,,,,,,,,,,,,,,,,,,,,,,
eh-Ix8SrTbWvEGuompA8mA,255,Offense,5,Circle,1,15,False,0,True,POSTAĆ: YOUNGHAN,1sX1NWmXQjazGjpr_R39Eg,Protection %,23.5%,2350,0,,Health,247,2470000,1,24760222,Speed,4,40000,1,435480,Potency %,1.42%,142,1,1424,Offense,44,440000,1,4308516,E,4,4,0,100.0,66.0,66.7,66.0,0,0.0,slice,0,0,0,0,27.1,0.0,41.7,0.0,JARJARBINKS,CANDIDATE,SLICE,wartość moda lub dopasowanie do postaci uzasadnia kolejny roll,0.0,,,,,,,,,,,,,,,,,,,,,,,
muImF9uJTAWGiREjEXEMLQ,255,Offense,5,Circle,1,15,False,0,True,POSTAĆ: ARCTROOPER501ST,hk_G0czZQSmDS9yhDrJRyA,Health %,5.88%,588,0,,Critical Chance %,1.3%,130,1,1302,Speed,5,50000,1,579930,Health,250,2500000,1,25032383,Potency %,2.18%,218,1,2188,E,4,4,0,100.0,51.7,83.3,51.7,0,0.0,slice,0,0,0,0,21.5,0.0,33.0,0.0,JARJARBINKS,CANDIDATE,KEEP,wartość secondary zbyt niska,0.0,,,,,,,,,,,,,,,,,,,,,,,
nf9XcAnsScqhN7XL14CDWg,255,Offense,5,Circle,5,15,False,0,True,POSTAĆ: BT1,BM8YfesNREey0Pt2Ax4JzA,Protection %,23.5%,2350,0,,Protection,621,6210000,1,62199481,Critical Chance %,2.77%,277,2,1624|1147,Offense %,0.72%,72,2,320|403,Speed,16,160000,3,513900|583230|566790,A,8,8,0,100.0,72.8,88.9,72.8,0,48.1,6-dot,0,0,0,0,27.4,0.0,42.2,0.0,JARJARBINKS,CANDIDATE,SLICE_6E,5A ma wystarczającą wartość lub dopasowanie do postaci,0.0,,,,,,,,,,,,,,,,,,,,,,,
uugyMaM-QNKflTjspa8ZbQ,255,Offense,5,Circle,1,15,False,0,True,POSTAĆ: PADAWANSABINE,9ssuNwf-QcmcfINQPjIqEA,Health %,5.88%,588,0,,Speed,5,50000,1,538740,Defense,5,50000,1,562961,Health,361,3610000,1,36135266,Offense,29,290000,1,2834496,E,4,4,0,100.0,66.0,83.3,66.0,0,0.0,slice,0,0,0,0,32.2,0.0,49.5,0.0,JARJARBINKS,CANDIDATE,SLICE,wartość moda lub dopasowanie do postaci uzasadnia kolejny roll,0.0,,,,,,,,,,,,,,,,,,,,,,,
w_Py7wTETaKSEiMGQewqOQ,255,Offense,5,Circle,1,15,False,0,True,POSTAĆ: CASSIANANDOR,S94VJOjBT-S1LJ-eDzR-Vg,Health %,5.88%,588,0,,Speed,5,50000,1,544020,Protection %,2.07%,207,1,2071,Health,306,3060000,1,30694189,Tenacity %,2.04%,204,1,2045,E,4,4,0,100.0,62.0,83.3,62.0,0,0.0,slice,0,0,0,0,27.2,0.0,41.8,0.0,JARJARBINKS,CANDIDATE,SLICE,wartość moda lub dopasowanie do postaci uzasadnia kolejny roll,0.0,,,,,,,,,,,,,,,,,,,,,,,
FuDo_Q6lQUycPIJ_nr2C2w,255,Offense,5,Circle,2,9,False,0,True,POSTAĆ: NIGHTSISTERSPIRIT,GcY6vIpnS8W6GE0IWWNSMg,Health %,3.63%,363,0,,Offense %,0.55%,55,1,552,Speed,5,50000,1,597450,Protection,780,7800000,1,78043176,Tenacity %,1.96%,196,1,1968,D,4,5,1,100.0,67.5,83.3,74.0,6.5,0.0,upgrade,0,0,0,0,22.3,0.0,34.3,0.0,JARJARBINKS,CANDIDATE,UPGRADE,nieujawnione wszystkie secondary,0.0,,,,,,,,,,,,,,,,,,,,,,,
efaf0eALTFu07fzjSooaaw,255,Offense,5,Circle,2,9,False,0,True,POSTAĆ: APPO,BYy6_mWtS8ao4M8ZdNvnBw,Protection %,14.5%,1450,0,,Potency %,2.05%,205,1,2059,Defense,9,90000,1,940947,Speed,5,50000,1,523050,Offense,25,250000,1,2452368,D,4,5,1,100.0,62.5,83.3,70.0,7.5,0.0,upgrade,0,0,0,0,27.0,0.0,41.5,0.0,JARJARBINKS,CANDIDATE,UPGRADE,nieujawnione wszystkie secondary,0.0,,,,,,,,,,,,,,,,,,,,,,,
mBj9cY96RyekIhDe9gTjAg,255,Offense,5,Circle,2,9,False,0,True,POSTAĆ: FULCRUMAHSOKA,gL8t8tzST0GDS7w4bToSxg,Health %,3.63%,363,0,,Defense %,1.56%,156,1,1565,Speed,5,50000,1,540420,Defense,7,70000,1,796397,Health,268,2680000,1,26862505,D,4,5,1,100.0,56.0,83.3,64.8,8.8,0.0,upgrade,0,0,0,0,26.6,0.0,40.9,0.0,JARJARBINKS,CANDIDATE,UPGRADE,nieujawnione wszystkie secondary,0.0,,,,,,,,,,,,,,,,,,,,,,,
o1H-dlkYSj-DsutHgYCGaw,255,Offense,5,Circle,2,9,False,0,True,POSTAĆ: IMPERIALSUPERCOMMANDO,glyFbUVxTVOa7YXvUXfgsQ,Health %,3.63%,363,0,,Offense,38,380000,1,3762912,Potency %,1.73%,173,1,1739,Speed,5,50000,1,536640,Defense,8,80000,1,835303,D,4,5,1,100.0,62.5,83.3,70.0,7.5,0.0,upgrade,0,0,0,0,27.0,0.0,41.5,0.0,JARJARBINKS,CANDIDATE,UPGRADE,nieujawnione wszystkie secondary,0.0,,,,,,,,,,,,,,,,,,,,,,,
JK0a6TLNReuTJKDdN014UA,255,Offense,5,Circle,3,6,False,0,True,POSTAĆ: PAO,VzOKqed5QL-ozFtEou2_sg,Health %,2.5%,250,0,,Critical Chance %,1.57%,157,1,1574,Tenacity %,1.4%,140,1,1407,Offense %,0.54%,54,1,542,Speed,5,50000,1,506070,C,4,6,2,100.0,61.8,83.3,74.5,12.8,0.0,upgrade,0,0,0,0,16.2,0.0,25.0,0.0,JARJARBINKS,CANDIDATE,UPGRADE,nieujawnione wszystkie secondary,0.0,,,,,,,,,,,,,,,,,,,,,,,
NWp3cJkPTR2VJNIiqR9ogA,255,Offense,5,Circle,3,6,False,0,True,POSTAĆ: GARSAXON,QZn6SLwUQ9iwlQD3Kn-yHA,Protection %,10%,1000,0,,Tenacity %,2.05%,205,1,2058,Health,348,3480000,1,34843037,Protection,757,7570000,1,75713343,Health %,1.05%,105,1,1056,C,4,6,2,100.0,49.5,0.0,57.0,7.5,0.0,upgrade,0,0,0,0,11.3,0.0,17.4,0.0,JARJARBINKS,CANDIDATE,UPGRADE,nieujawnione wszystkie secondary,0.0,,,,,,,,,,,,,,,,,,,,,,,
fM6FnvOMQoWMVtjyUCxdkw,255,Offense,5,Circle,3,6,False,0,True,POSTAĆ: JEDIKNIGHTCAL,QIF5yMuQQKq3dp-_Ka3c2w,Health %,2.5%,250,0,,Defense %,1.62%,162,1,1627,Offense %,0.4%,40,1,404,Speed,5,50000,1,586320,Protection %,1.4%,140,1,1407,C,4,6,2,100.0,76.0,83.3,84.0,8.0,0.0,upgrade,0,0,0,0,22.0,0.0,33.8,0.0,JARJARBINKS,CANDIDATE,UPGRADE,nieujawnione wszystkie secondary,0.0,,,,,,,,,,,,,,,,,,,,,,,
tjShDen9R_-CzdygE8yzNQ,255,Offense,5,Circle,3,6,False,0,True,POSTAĆ: NIGHTTROOPER,jeM4ja3PSAO-gl1knvsBYQ,Health %,2.5%,250,0,,Critical Chance %,1.51%,151,1,1513,Tenacity %,1.34%,134,1,1341,Potency %,1.82%,182,1,1820,Speed,5,50000,1,571710,C,4,6,2,100.0,47.2,83.3,64.8,17.6,0.0,upgrade,0,0,0,0,16.2,0.0,25.0,0.0,JARJARBINKS,CANDIDATE,UPGRADE,nieujawnione wszystkie secondary,0.0,,,,,,,,,,,,,,,,,,,,,,,
yMhRoER0RhGsD-43ehfn0A,255,Offense,5,Circle,3,6,False,0,True,POSTAĆ: FENNECSHAND,YJiDwPOARoyYpavX7g0gfw,Protection %,10%,1000,0,,Offense,32,320000,1,3194280,Tenacity %,1.16%,116,1,1168,Protection,549,5490000,1,54952496,Health,272,2720000,1,27237530,C,4,6,2,100.0,52.0,0.0,62.0,10.0,0.0,upgrade,0,0,0,0,16.9,0.0,26.0,0.0,JARJARBINKS,CANDIDATE,UPGRADE,nieujawnione wszystkie secondary,0.0,,,,,,,,,,,,,,,,,,,,,,,
4OMT5fEDSxe0_k_sXD7lFQ,255,Offense,5,Circle,4,3,False,0,True,POSTAĆ: R2D2_LEGENDARY,8CyyNLINQ8mH0Al7cEHkcg,Health %,1.38%,138,0,,Defense %,1.26%,126,1,1267,Tenacity %,2.2%,220,1,2205,Offense %,0.5%,50,1,507,Potency %,1.77%,177,1,1774,B,4,7,3,100.0,49.5,0.0,67.7,18.2,0.0,upgrade,0,0,0,0,0.0,0.0,0.0,0.0,JARJARBINKS,CANDIDATE,UPGRADE,nieujawnione wszystkie secondary,0.0,,,,,,,,,,,,,,,,,,,,,,,
8lY8_2S5RmWgb7_C8jmARw,255,Offense,5,Circle,4,1,False,0,True,POSTAĆ: TUSKENRAIDER,sHy99kMeT9O3EUIEUPMkHQ,Protection %,2.5%,250,0,,Offense,25,250000,1,2467644,Speed,5,50000,1,570840,Tenacity %,1.96%,196,1,1965,,,,0,,B,3,7,4,100.0,70.7,83.3,87.4,16.8,0.0,upgrade,0,0,0,0,29.2,0.0,44.9,0.0,JARJARBINKS,CANDIDATE,UPGRADE,nieujawnione wszystkie secondary,0.0,,,,,,,,,,,,,,,,,,,,,,,
dMDiDu94TRGTH-1s4O59kw,255,Offense,5,Circle,5,1,False,0,True,POSTAĆ: MOTHERTALZIN,-6RSWKS_Qt-i4AoohGXimA,Health %,0.63%,63,0,,Speed,5,50000,1,530100,Critical Chance %,1.18%,118,1,1183,Protection %,1.72%,172,1,1729,Tenacity %,1.37%,137,1,1376,A,4,8,4,100.0,56.2,83.3,78.1,21.9,36.6,upgrade,0,0,0,0,22.0,0.0,33.8,0.0,JARJARBINKS,CANDIDATE,UPGRADE,nieujawnione wszystkie secondary,0.0,,,,,,,,,,,,,,,,,,,,,,,
xc_yI4bBSVeB4rkLtFZG0A,255,Offense,5,Circle,5,1,False,0,True,POSTAĆ: DARTHTALON,7vBYi6d4QVm5KxO4eYBHZQ,Protection %,2.5%,250,0,,Offense,32,320000,1,3152556,Speed,5,50000,1,598530,Critical Chance %,1.26%,126,1,1264,Health,284,2840000,1,28459040,A,4,8,4,100.0,63.7,83.3,81.9,18.1,37.9,upgrade,0,0,0,0,27.1,0.0,41.7,0.0,JARJARBINKS,CANDIDATE,UPGRADE,nieujawnione wszystkie secondary,0.0,,,,,,,,,,,,,,,,,,,,,,,
yWeOq6dfQTi0rTZx0Q4Fng,255,Offense,5,Circle,2,1,False,0,True,POSTAĆ: MAULS7,H4Tb-Lp3RpWBK4KikxT3iA,Protection %,2.5%,250,0,,Speed,4,40000,1,478980,,,,0,,,,,0,,,,,0,,D,1,5,4,100.0,100.0,66.7,100.0,0,0.0,upgrade,0,0,0,0,65.0,0.0,100.0,0.0,JARJARBINKS,CANDIDATE,UPGRADE,nieujawnione wszystkie secondary,0.0,,,,,,,,,,,,,,,,,,,,,,,
-XM_roDmRba9fUIoQyCjlA,256,Offense,5,Cross,5,15,False,0,True,POSTAĆ: DROIDEKA,Xx9Ul2lHTH-LstKZjbmpBQ,Defense %,11.75%,1175,0,,Potency %,6.23%,623,4,1323|1832|1259|1818,Offense %,0.97%,97,2,527|445,Protection %,2.18%,218,1,2180,Speed,3,30000,1,389490,A,8,8,0,100.0,61.3,50.0,61.3,0,49.0,6-dot,0,0,0,0,11.0,0.0,16.9,0.0,JARJARBINKS,CANDIDATE,SLICE_6E,5A ma wystarczającą wartość lub dopasowanie do postaci,0.0,,,,,,,,,,,,,,,,,,,,,,,
211HDle7RYiuWVRWTDEVxg,256,Offense,5,Cross,1,15,False,0,True,POSTAĆ: CAPTAINDROGAN,x_FQnn0_ShSNmm4-HLV34g,Defense %,11.75%,1175,0,,Offense %,0.33%,33,1,335,Defense,9,90000,1,911694,Speed,3,30000,1,328020,Critical Chance %,2.12%,212,1,2122,E,4,4,0,100.0,62.8,50.0,62.8,0,0.0,slice,0,0,0,0,21.3,0.0,32.8,0.0,JARJARBINKS,CANDIDATE,SLICE,wartość moda lub dopasowanie do postaci uzasadnia kolejny roll,0.0,,,,,,,,,,,,,,,,,,,,,,,
36xgCMGZQeGe_ZanWRwFJw,256,Offense,5,Cross,3,15,False,0,True,POSTAĆ: CANDEROUSORDO,CK2vVab5R1GJRABcltFIig,Tenacity %,24%,2400,0,,Defense,8,80000,1,812616,Defense %,1.04%,104,1,1047,Speed,13,130000,3,531750|407850|406080,Health,244,2440000,1,24494490,C,6,6,0,100.0,70.7,72.2,70.7,0,0.0,slice,0,0,0,0,39.4,0.0,60.6,0.0,JARJARBINKS,CANDIDATE,SLICE,wartość moda lub dopasowanie do postaci uzasadnia kolejny roll,0.0,,,,,,,,,,,,,,,,,,,,,,,
5wI8YTTDRVyKceGWYGgoLg,256,Offense,5,Cross,1,15,False,0,True,POSTAĆ: R2D2_LEGENDARY,8CyyNLINQ8mH0Al7cEHkcg,Health %,5.88%,588,0,,Critical Chance %,2.2%,220,1,2207,Tenacity %,2.1%,210,1,2108,Speed,5,50000,1,557370,Potency %,2.18%,218,1,2180,E,4,4,0,100.0,47.2,83.3,47.2,0,0.0,slice,0,0,0,0,16.2,0.0,25.0,0.0,JARJARBINKS,CANDIDATE,KEEP,wartość secondary zbyt niska,0.0,,,,,,,,,,,,,,,,,,,,,,,
8UTSvzQdRFK6tTeEfNaa0w,256,Offense,5,Cross,5,15,False,0,True,POSTAĆ: BT1,BM8YfesNREey0Pt2Ax4JzA,Defense %,11.75%,1175,0,,Defense,13,130000,2,530572|841232,Tenacity %,4.36%,436,2,2249|2118,Protection %,2.07%,207,1,2073,Speed,16,160000,3,563100|546990|583320,A,8,8,0,100.0,62.3,88.9,62.3,0,71.3,6-dot,0,0,0,0,32.3,0.0,49.7,0.0,JARJARBINKS,CANDIDATE,SLICE_6E,5A ma wystarczającą wartość lub dopasowanie do postaci,0.0,,,,,,,,,,,,,,,,,,,,,,,
9LFTD7pTTNudsVQSHaOZXw,256,Offense,5,Cross,1,15,False,0,True,POSTAĆ: ITHANO,I6lWT32LQ66nfZ8QDQgnQg,Health %,5.88%,588,0,,Protection %,1.24%,124,1,1248,Offense,30,300000,1,2967192,Speed,5,50000,1,578310,Protection,690,6900000,1,69060237,E,4,4,0,100.0,75.0,83.3,75.0,0,0.0,slice,0,0,0,0,33.7,0.0,51.8,0.0,JARJARBINKS,CANDIDATE,SLICE,wartość moda lub dopasowanie do postaci uzasadnia kolejny roll,0.0,,,,,,,,,,,,,,,,,,,,,,,
GOnOpB8PQl2yjBy5hArOCg,256,Offense,5,Cross,1,15,False,0,True,POSTAĆ: HUYANG,DRi0qZeRRkKUKuIu-ZZ2yA,Protection %,23.5%,2350,0,,Defense,8,80000,1,824621,Potency %,2.2%,220,1,2208,Protection,744,7440000,1,74488208,Speed,5,50000,1,598290,E,4,4,0,100.0,54.0,83.3,54.0,0,0.0,slice,0,0,0,0,27.4,0.0,42.2,0.0,JARJARBINKS,CANDIDATE,KEEP,obserwuj przed wydaniem materiałów,0.0,,,,,,,,,,,,,,,,,,,,,,,
GvmIiCWBRuGrC5O0rAyMkA,256,Offense,5,Cross,2,15,False,0,True,POSTAĆ: B1BATTLEDROIDV2,9SndrAqBTzqisiBz5g4QLw,Health %,5.88%,588,0,,Critical Chance %,1.56%,156,1,1567,Defense %,2.65%,265,2,1036|1620,Tenacity %,1.62%,162,1,1620,Speed,5,50000,1,577740,D,5,5,0,100.0,47.8,83.3,47.8,0,0.0,slice,0,0,0,0,13.0,0.0,20.0,0.0,JARJARBINKS,CANDIDATE,KEEP,wartość secondary zbyt niska,0.0,,,,,,,,,,,,,,,,,,,,,,,
IS5dLYmTQbGuxfGdja1B4Q,256,Offense,5,Cross,4,15,False,0,True,POSTAĆ: GRANDINQUISITOR,JXvUIuMiSR6_2LS1vnLylA,Health %,5.88%,588,0,,Speed,5,50000,1,514650,Defense %,2.77%,277,2,1093|1684,Tenacity %,3.77%,377,2,1564|2213,Critical Chance %,4.04%,404,2,2033|2015,B,7,7,0,100.0,42.0,83.3,42.0,0,0.0,slice,0,0,0,0,9.3,0.0,14.3,0.0,JARJARBINKS,CANDIDATE,KEEP,wartość secondary zbyt niska,0.0,,,,,,,,,,,,,,,,,,,,,,,
QOqhaOeJRzehd3QYAhEmEA,256,Offense,5,Cross,1,15,False,0,True,POSTAĆ: CASSIANANDOR,S94VJOjBT-S1LJ-eDzR-Vg,Tenacity %,24%,2400,0,,Critical Chance %,1.5%,150,1,1501,Speed,5,50000,1,511200,Potency %,1.23%,123,1,1239,Health %,0.82%,82,1,827,E,4,4,0,100.0,57.8,83.3,57.8,0,0.0,slice,0,0,0,0,16.2,0.0,25.0,0.0,JARJARBINKS,CANDIDATE,KEEP,obserwuj przed wydaniem materiałów,0.0,,,,,,,,,,,,,,,,,,,,,,,
dvYDZwufR0S9yPZX72UeZg,256,Offense,5,Cross,1,15,False,0,True,POSTAĆ: YOUNGLANDO,z4RU3ZmER1G8dK2M15Ju6w,Protection %,23.5%,2350,0,,Potency %,1.96%,196,1,1960,Protection,817,8170000,1,81772570,Tenacity %,1.96%,196,1,1963,Speed,5,50000,1,589950,E,4,4,0,100.0,53.0,83.3,53.0,0,0.0,slice,0,0,0,0,22.3,0.0,34.3,0.0,JARJARBINKS,CANDIDATE,KEEP,obserwuj przed wydaniem materiałów,0.0,,,,,,,,,,,,,,,,,,,,,,,
jqAwSCfFQ56SxXfIusFayw,256,Offense,5,Cross,2,15,False,0,True,POSTAĆ: MOTHERTALZIN,-6RSWKS_Qt-i4AoohGXimA,Potency %,24%,2400,0,,Offense,26,260000,1,2576628,Critical Chance %,3.51%,351,2,1487|2031,Speed,5,50000,1,541860,Defense %,1.08%,108,1,1082,D,5,5,0,100.0,54.8,83.3,54.8,0,0.0,slice,0,0,0,0,17.5,0.0,26.9,0.0,JARJARBINKS,CANDIDATE,KEEP,obserwuj przed wydaniem materiałów,0.0,,,,,,,,,,,,,,,,,,,,,,,
kY0CqzH8Qcaqr9EzPHKJwA,256,Offense,5,Cross,3,15,False,0,True,POSTAĆ: DARTHTALON,7vBYi6d4QVm5KxO4eYBHZQ,Defense %,11.75%,1175,0,,Speed,10,100000,2,549000|457590,Tenacity %,1.6%,160,1,1608,Offense,39,390000,1,3862776,Health %,1.69%,169,2,596|1094,C,6,6,0,100.0,76.0,83.3,76.0,0,0.0,slice,0,0,0,0,25.4,0.0,39.1,0.0,JARJARBINKS,CANDIDATE,SLICE,wartość moda lub dopasowanie do postaci uzasadnia kolejny roll,0.0,,,,,,,,,,,,,,,,,,,,,,,
l8rVz6xiS9G0QufSM9LLxw,256,Offense,5,Cross,4,15,False,0,True,POSTAĆ: DEPABILLABA,ytWp8MF_Sgmq5dAEEOjNoA,Protection %,23.5%,2350,0,,Critical Chance %,1.54%,154,1,1546,Protection,583,5830000,1,58341344,Speed,9,90000,2,557550|361170,Offense %,1.22%,122,3,414|419|390,B,7,7,0,100.0,78.4,75.0,78.4,0,0.0,slice,0,0,0,0,22.0,0.0,33.9,0.0,JARJARBINKS,CANDIDATE,SLICE,wartość moda lub dopasowanie do postaci uzasadnia kolejny roll,0.0,,,,,,,,,,,,,,,,,,,,,,,
nidd6ZrxT7aKTP-nh_KdQg,256,Offense,5,Cross,1,15,False,0,True,POSTAĆ: NIGHTSISTERINITIATE,Sbag_OWRT_G6iN-SMQBxCw,Protection %,23.5%,2350,0,,Health,400,4000000,1,40020525,Defense,6,60000,1,664146,Critical Chance %,1.14%,114,1,1145,Speed,5,50000,1,577440,E,4,4,0,100.0,51.7,83.3,51.7,0,0.0,slice,0,0,0,0,26.6,0.0,40.9,0.0,JARJARBINKS,CANDIDATE,KEEP,wartość secondary zbyt niska,0.0,,,,,,,,,,,,,,,,,,,,,,,
poE9AiGKSF64kq67TklRJg,256,Offense,5,Cross,5,15,False,0,True,POSTAĆ: EPIXPOE,ftvNe6HXQwSotp8ykhi1eA,Offense %,5.88%,588,0,,Critical Chance %,3.16%,316,2,1720|1442,Defense,9,90000,1,966133,Health,1205,12050000,3,40633423|40601278|39356195,Defense %,2.06%,206,2,1180|881,A,8,8,0,100.0,39.0,0.0,39.0,0,58.7,6-dot,0,0,0,0,10.4,0.0,15.9,0.0,JARJARBINKS,CANDIDATE,SLICE_6E,5A ma wystarczającą wartość lub dopasowanie do postaci,0.0,,,,,,,,,,,,,,,,,,,,,,,
rODfAv21TQSAWXzx1TnIOQ,256,Offense,5,Cross,3,15,False,0,True,POSTAĆ: THEMANDALORIANBESKARARMOR,I4qYFU2aTeK4MpCuYsV6KA,Potency %,24%,2400,0,,Speed,5,50000,1,506490,Protection %,1.2%,120,1,1202,Critical Chance %,3.11%,311,2,1170|1946,Offense %,0.87%,87,2,489|385,C,6,6,0,100.0,67.3,83.3,67.3,0,0.0,slice,0,0,0,0,14.6,0.0,22.5,0.0,JARJARBINKS,CANDIDATE,SLICE,wartość moda lub dopasowanie do postaci uzasadnia kolejny roll,0.0,,,,,,,,,,,,,,,,,,,,,,,
ssgGI019SOqiHnU5SJwFBg,256,Offense,5,Cross,1,15,False,0,True,POSTAĆ: FULCRUMAHSOKA,gL8t8tzST0GDS7w4bToSxg,Tenacity %,24%,2400,0,,Speed,5,50000,1,522810,Offense %,0.29%,29,1,291,Critical Chance %,2.11%,211,1,2111,Defense %,1.06%,106,1,1061,E,4,4,0,100.0,64.8,83.3,64.8,0,0.0,slice,0,0,0,0,16.2,0.0,25.0,0.0,JARJARBINKS,CANDIDATE,SLICE,wartość moda lub dopasowanie do postaci uzasadnia kolejny roll,0.0,,,,,,,,,,,,,,,,,,,,,,,
uyjIjSlfSjqItWw8XHfIkg,256,Offense,5,Cross,1,15,False,0,True,POSTAĆ: PADAWANOBIWAN,fdUHER1QQFeX1Pqx02Ko5Q,Potency %,24%,2400,0,,Protection %,1.51%,151,1,1515,Health %,1.06%,106,1,1065,Defense %,1.33%,133,1,1337,Defense,7,70000,1,724710,E,4,4,0,100.0,54.5,0.0,54.5,0,0.0,slice,0,0,0,0,10.8,0.0,16.6,0.0,JARJARBINKS,CANDIDATE,KEEP,obserwuj przed wydaniem materiałów,0.0,,,,,,,,,,,,,,,,,,,,,,,
xCTCBcMETqy-EmDkB9P-8g,256,Offense,5,Cross,1,15,False,0,True,POSTAĆ: FOSITHTROOPER,mtBm_ua2RVuRu6Fdi1Jnbw,Protection %,23.5%,2350,0,,Defense,8,80000,1,862204,Speed,3,30000,1,348150,Protection,786,7860000,1,78678585,Offense,39,390000,1,3846588,E,4,4,0,100.0,66.0,50.0,66.0,0,0.0,slice,0,0,0,0,33.1,0.0,50.9,0.0,JARJARBINKS,CANDIDATE,SLICE,wartość moda lub dopasowanie do postaci uzasadnia kolejny roll,0.0,,,,,,,,,,,,,,,,,,,,,,,
zo3f-_jWQuC2KbKwhNjTuQ,256,Offense,5,Cross,2,15,False,0,True,POSTAĆ: RANGETROOPER,Nrp4ifwXSi2gJHQA5JtVRg,Defense %,11.75%,1175,0,,Critical Chance %,1.78%,178,1,1781,Speed,5,50000,1,549420,Protection %,1.42%,142,1,1429,Offense,69,690000,2,4380564|2513016,D,5,5,0,100.0,71.8,83.3,71.8,0,0.0,slice,0,0,0,0,26.6,0.0,40.9,0.0,JARJARBINKS,CANDIDATE,SLICE,wartość moda lub dopasowanie do postaci uzasadnia kolejny roll,0.0,,,,,,,,,,,,,,,,,,,,,,,
0n2X6lUjSV-j0rP09g7PkQ,256,Offense,5,Cross,2,9,False,0,True,POSTAĆ: JEDIKNIGHTCAL,QIF5yMuQQKq3dp-_Ka3c2w,Health %,3.63%,363,0,,Protection %,1.18%,118,1,1181,Offense,42,420000,1,4119276,Defense %,1.4%,140,1,1408,Speed,5,50000,1,598860,D,4,5,1,100.0,73.5,83.3,78.8,5.3,0.0,upgrade,0,0,0,0,27.6,0.0,42.5,0.0,JARJARBINKS,CANDIDATE,UPGRADE,nieujawnione wszystkie secondary,0.0,,,,,,,,,,,,,,,,,,,,,,,
BqexE_4zRiqDGAY5yWyGbQ,256,Offense,5,Cross,2,9,False,0,True,POSTAĆ: IMPERIALSUPERCOMMANDO,glyFbUVxTVOa7YXvUXfgsQ,Offense %,3.63%,363,0,,Offense,37,370000,1,3633180,Tenacity %,1.14%,114,1,1149,Protection %,1.25%,125,1,1255,Speed,5,50000,1,544230,D,4,5,1,100.0,70.5,83.3,76.4,5.9,0.0,upgrade,0,0,0,0,27.6,0.0,42.5,0.0,JARJARBINKS,CANDIDATE,UPGRADE,nieujawnione wszystkie secondary,0.0,,,,,,,,,,,,,,,,,,,,,,,
HKoaXlc0SFmqIsUubwArUA,256,Offense,5,Cross,2,9,False,0,True,POSTAĆ: UNDERCOVERLANDO,4ANsPhIlSCiRGIga0LvMOw,Health %,3.63%,363,0,,Potency %,1.17%,117,1,1171,Speed,4,40000,1,455640,Protection,527,5270000,1,52755559,Protection %,2.16%,216,1,2169,D,4,5,1,100.0,63.0,66.7,70.4,7.4,0.0,upgrade,0,0,0,0,28.0,0.0,43.1,0.0,JARJARBINKS,CANDIDATE,UPGRADE,nieujawnione wszystkie secondary,0.0,,,,,,,,,,,,,,,,,,,,,,,
KpHHKxPRRDiTBOiGYAPAZA,256,Offense,5,Cross,2,9,False,0,True,POSTAĆ: GARSAXON,QZn6SLwUQ9iwlQD3Kn-yHA,Tenacity %,15%,1500,0,,Health,288,2880000,1,28810492,Offense %,0.33%,33,1,336,Protection,453,4530000,1,45367372,Potency %,1.34%,134,1,1348,D,4,5,1,100.0,55.5,0.0,62.8,7.3,0.0,upgrade,0,0,0,0,11.3,0.0,17.4,0.0,JARJARBINKS,CANDIDATE,UPGRADE,nieujawnione wszystkie secondary,0.0,,,,,,,,,,,,,,,,,,,,,,,
X7oiuM4KRJ6H1y47eIQT9w,256,Offense,5,Cross,2,9,False,0,True,POSTAĆ: KYLOREN,0VuxRFwSSsanYzCXDOc8jg,Protection %,14.5%,1450,0,,Critical Chance %,1.21%,121,1,1210,Potency %,1.63%,163,1,1635,Speed,5,50000,1,566910,Defense,9,90000,1,919583,D,4,5,1,100.0,48.3,83.3,58.6,10.4,0.0,upgrade,0,0,0,0,21.3,0.0,32.8,0.0,JARJARBINKS,CANDIDATE,UPGRADE,nieujawnione wszystkie secondary,0.0,,,,,,,,,,,,,,,,,,,,,,,
oSYbKrtjQx2wk3fbV1PxJA,256,Offense,5,Cross,2,9,False,0,True,POSTAĆ: YOUNGHAN,1sX1NWmXQjazGjpr_R39Eg,Protection %,14.5%,1450,0,,Defense,5,50000,1,560511,Speed,5,50000,1,592440,Defense %,1.64%,164,1,1641,Tenacity %,1.77%,177,1,1774,D,4,5,1,100.0,51.5,83.3,61.2,9.7,0.0,upgrade,0,0,0,0,21.3,0.0,32.8,0.0,JARJARBINKS,CANDIDATE,UPGRADE,nieujawnione wszystkie secondary,0.0,,,,,,,,,,,,,,,,,,,,,,,
qURMKiSCTDy73NXCuWxZ9g,256,Offense,5,Cross,2,9,False,0,True,POSTAĆ: BRUTUS,0GJlV2uVRWq0o-qgUIyXwA,Defense %,7.25%,725,0,,Protection %,1.5%,150,1,1509,Speed,5,50000,1,558870,Potency %,1.29%,129,1,1294,Tenacity %,1.47%,147,1,1470,D,4,5,1,100.0,58.5,83.3,66.8,8.3,0.0,upgrade,0,0,0,0,22.0,0.0,33.8,0.0,JARJARBINKS,CANDIDATE,UPGRADE,nieujawnione wszystkie secondary,0.0,,,,,,,,,,,,,,,,,,,,,,,
x0h3HZcvQfy0C_suOcl3qw,256,Offense,5,Cross,2,9,False,0,True,POSTAĆ: NIGHTTROOPER,jeM4ja3PSAO-gl1knvsBYQ,Health %,3.63%,363,0,,Offense %,0.33%,33,1,338,Protection,551,5510000,1,55172605,Tenacity %,1.78%,178,1,1780,Speed,5,50000,1,581280,D,4,5,1,100.0,67.5,83.3,74.0,6.5,0.0,upgrade,0,0,0,0,22.3,0.0,34.3,0.0,JARJARBINKS,CANDIDATE,UPGRADE,nieujawnione wszystkie secondary,0.0,,,,,,,,,,,,,,,,,,,,,,,
ioE7ZE7VSAGWyNyYM_6nPQ,256,Offense,5,Cross,4,1,False,0,True,POSTAĆ: APPO,BYy6_mWtS8ao4M8ZdNvnBw,Offense %,0.63%,63,0,,Speed,3,30000,1,394740,Health,272,2720000,1,27216100,Potency %,1.81%,181,1,1815,,,,0,,B,3,7,4,100.0,60.7,50.0,83.1,22.5,0.0,upgrade,0,0,0,0,28.6,0.0,44.0,0.0,JARJARBINKS,CANDIDATE,UPGRADE,nieujawnione wszystkie secondary,0.0,,,,,,,,,,,,,,,,,,,,,,,
sM45WMUlR2yllDW8N0_RKQ,256,Offense,5,Cross,5,1,False,0,True,POSTAĆ: CROSSHAIRS3,VZaoVN_-Sh2WQ-_sXG6OKA,Offense %,0.63%,63,0,,Health,249,2490000,1,24931662,Protection,500,5000000,1,50060262,Speed,3,30000,1,314250,Offense,32,320000,1,3174672,A,4,8,4,100.0,69.5,50.0,84.7,15.2,19.2,upgrade,0,0,0,0,33.2,0.0,51.0,0.0,JARJARBINKS,CANDIDATE,UPGRADE,nieujawnione wszystkie secondary,0.0,,,,,,,,,,,,,,,,,,,,,,,
udcWc5QqSxChL6lrI_R_qQ,256,Offense,5,Cross,2,1,False,0,True,POSTAĆ: PADAWANSABINE,9ssuNwf-QcmcfINQPjIqEA,Defense %,1.25%,125,0,,Speed,5,50000,1,523110,,,,0,,,,,0,,,,,0,,D,1,5,4,100.0,100.0,83.3,100.0,0,0.0,upgrade,0,0,0,0,65.0,0.0,100.0,0.0,JARJARBINKS,CANDIDATE,UPGRADE,nieujawnione wszystkie secondary,0.0,,,,,,,,,,,,,,,,,,,,,,,
1ozTNiJOSy-mxJKFQ5qyDw,253,Offense,5,Diamond,5,15,False,0,True,POSTAĆ: BENSOLO,DX_lPsDmT8ui5n9qLexVhQ,Defense %,11.75%,1175,0,,Potency %,2.13%,213,1,2132,Critical Chance %,2.62%,262,2,1159|1468,Protection %,4.68%,468,3,1682|1314|1691,Defense,16,160000,2,756070|931147,A,8,8,0,100.0,45.2,0.0,45.2,0,45.6,6-dot,0,0,0,0,13.7,0.0,21.0,0.0,JARJARBINKS,CANDIDATE,SLICE_6E,5A ma wystarczającą wartość lub dopasowanie do postaci,0.0,,,,,,,,,,,,,,,,,,,,,,,
4ZOXzTFHQi2GnqJdpAi8Sw,253,Offense,5,Diamond,4,15,False,0,True,POSTAĆ: DARTHTALON,7vBYi6d4QVm5KxO4eYBHZQ,Defense %,11.75%,1175,0,,Offense %,0.31%,31,1,316,Defense,12,120000,2,613382|670271,Health,242,2420000,1,24230901,Speed,16,160000,3,573330|551310|534120,B,7,7,0,100.0,72.6,88.9,72.6,0,0.0,slice,0,0,0,0,36.7,0.0,56.4,0.0,JARJARBINKS,CANDIDATE,SLICE,wartość moda lub dopasowanie do postaci uzasadnia kolejny roll,0.0,,,,,,,,,,,,,,,,,,,,,,,
6QH3TIt_SoyIQxDwZr-55A,253,Offense,5,Diamond,3,15,False,0,True,POSTAĆ: THEMANDALORIANBESKARARMOR,I4qYFU2aTeK4MpCuYsV6KA,Defense %,11.75%,1175,0,,Speed,5,50000,1,586590,Potency %,5.51%,551,3,1842|1602|2065,Health,320,3200000,1,32035707,Tenacity %,1.84%,184,1,1845,C,6,6,0,100.0,46.7,83.3,46.7,0,0.0,slice,0,0,0,0,14.3,0.0,22.0,0.0,JARJARBINKS,CANDIDATE,KEEP,wartość secondary zbyt niska,0.0,,,,,,,,,,,,,,,,,,,,,,,
BOOk6zVQQtWFoxXsllIzVw,253,Offense,5,Diamond,1,15,False,0,True,POSTAĆ: R2D2_LEGENDARY,8CyyNLINQ8mH0Al7cEHkcg,Defense %,11.75%,1175,0,,Potency %,1.71%,171,1,1718,Defense,5,50000,1,547281,Protection,812,8120000,1,81211915,Speed,4,40000,1,463140,E,4,4,0,100.0,54.0,66.7,54.0,0,0.0,slice,0,0,0,0,27.4,0.0,42.2,0.0,JARJARBINKS,CANDIDATE,KEEP,obserwuj przed wydaniem materiałów,0.0,,,,,,,,,,,,,,,,,,,,,,,
DW2hrmYESwmb0o368h8bVA,253,Offense,5,Diamond,1,15,False,0,True,POSTAĆ: CROSSHAIRS3,VZaoVN_-Sh2WQ-_sXG6OKA,Defense %,11.75%,1175,0,,Tenacity %,2.12%,212,1,2129,Speed,4,40000,1,454050,Protection %,1.51%,151,1,1516,Potency %,1.98%,198,1,1987,E,4,4,0,100.0,58.5,66.7,58.5,0,0.0,slice,0,0,0,0,22.0,0.0,33.8,0.0,JARJARBINKS,CANDIDATE,SLICE,wartość moda lub dopasowanie do postaci uzasadnia kolejny roll,0.0,,,,,,,,,,,,,,,,,,,,,,,
H9hNujMlQyKlBnqh8dQP8g,253,Offense,5,Diamond,4,15,False,0,True,POSTAĆ: DROIDEKA,Xx9Ul2lHTH-LstKZjbmpBQ,Defense %,11.75%,1175,0,,Speed,10,100000,2,578070|521820,Tenacity %,3.5%,350,2,1811|1695,Critical Chance %,1.47%,147,1,1471,Offense,79,790000,2,3363000|4513260,B,7,7,0,100.0,64.1,83.3,64.1,0,0.0,slice,0,0,0,0,25.0,0.0,38.5,0.0,JARJARBINKS,CANDIDATE,SLICE,wartość moda lub dopasowanie do postaci uzasadnia kolejny roll,0.0,,,,,,,,,,,,,,,,,,,,,,,
NcgiADhNTmy9IgK6nRb8OQ,253,Offense,5,Diamond,1,15,False,0,True,POSTAĆ: PAO,VzOKqed5QL-ozFtEou2_sg,Defense %,11.75%,1175,0,,Speed,5,50000,1,526260,Tenacity %,1.69%,169,1,1696,Offense,38,380000,1,3742620,Health %,0.96%,96,1,962,E,4,4,0,100.0,71.0,83.3,71.0,0,0.0,slice,0,0,0,0,21.9,0.0,33.7,0.0,JARJARBINKS,CANDIDATE,SLICE,wartość moda lub dopasowanie do postaci uzasadnia kolejny roll,0.0,,,,,,,,,,,,,,,,,,,,,,,
U6mXstvHSYeU9gkZVfbjeg,253,Offense,5,Diamond,5,15,False,0,True,POSTAĆ: GRANDINQUISITOR,JXvUIuMiSR6_2LS1vnLylA,Defense %,11.75%,1175,0,,Defense,24,240000,3,810901|853531|808941,Offense %,0.73%,73,2,413|319,Speed,10,100000,2,497160|568590,Protection,626,6260000,1,62685382,A,8,8,0,100.0,66.8,83.3,66.8,0,54.1,6-dot,0,0,0,0,26.9,0.0,41.4,0.0,JARJARBINKS,CANDIDATE,SLICE_6E,5A ma wystarczającą wartość lub dopasowanie do postaci,0.0,,,,,,,,,,,,,,,,,,,,,,,
YJCg-4cgSzmhkcDBk_-Lkw,253,Offense,5,Diamond,1,15,False,0,True,POSTAĆ: GARSAXON,QZn6SLwUQ9iwlQD3Kn-yHA,Defense %,11.75%,1175,0,,Speed,5,50000,1,501450,Tenacity %,1.57%,157,1,1576,Health %,0.62%,62,1,626,Potency %,2.15%,215,1,2154,E,4,4,0,100.0,59.0,83.3,59.0,0,0.0,slice,0,0,0,0,16.2,0.0,25.0,0.0,JARJARBINKS,CANDIDATE,SLICE,wartość moda lub dopasowanie do postaci uzasadnia kolejny roll,0.0,,,,,,,,,,,,,,,,,,,,,,,
k2nw_j_1QwOFsnl7g-4qxw,253,Offense,5,Diamond,1,15,False,0,True,POSTAĆ: UNDERCOVERLANDO,4ANsPhIlSCiRGIga0LvMOw,Defense %,11.75%,1175,0,,Defense,7,70000,1,712166,Protection %,1.96%,196,1,1960,Speed,5,50000,1,580170,Health,379,3790000,1,37931100,E,4,4,0,100.0,63.0,83.3,63.0,0,0.0,slice,0,0,0,0,32.3,0.0,49.7,0.0,JARJARBINKS,CANDIDATE,SLICE,wartość moda lub dopasowanie do postaci uzasadnia kolejny roll,0.0,,,,,,,,,,,,,,,,,,,,,,,
mPERkHTCTS21iGM3u2Ej1w,253,Offense,5,Diamond,1,15,False,0,True,POSTAĆ: TUSKENRAIDER,sHy99kMeT9O3EUIEUPMkHQ,Defense %,11.75%,1175,0,,Protection,581,5810000,1,58179377,Defense,5,50000,1,508620,Speed,5,50000,1,586710,Tenacity %,1.37%,137,1,1372,E,4,4,0,100.0,53.0,83.3,53.0,0,0.0,slice,0,0,0,0,27.4,0.0,42.2,0.0,JARJARBINKS,CANDIDATE,KEEP,obserwuj przed wydaniem materiałów,0.0,,,,,,,,,,,,,,,,,,,,,,,
piaQBqYWRui3qT3HfmydnQ,253,Offense,5,Diamond,1,15,False,0,True,POSTAĆ: FENNECSHAND,YJiDwPOARoyYpavX7g0gfw,Defense %,11.75%,1175,0,,Health,277,2770000,1,27764708,Health %,0.61%,61,1,619,Critical Chance %,1.14%,114,1,1144,Protection,447,4470000,1,44798411,E,4,4,0,100.0,48.2,0.0,48.2,0,0.0,slice,0,0,0,0,11.3,0.0,17.4,0.0,JARJARBINKS,CANDIDATE,KEEP,wartość secondary zbyt niska,0.0,,,,,,,,,,,,,,,,,,,,,,,
ANrSNLTeRcOiDLKFGvrY-Q,253,Offense,5,Diamond,2,9,False,0,True,POSTAĆ: YOUNGLANDO,z4RU3ZmER1G8dK2M15Ju6w,Defense %,7.25%,725,0,,Defense,6,60000,1,630189,Speed,5,50000,1,592710,Protection,773,7730000,1,77312248,Offense %,0.36%,36,1,362,D,4,5,1,100.0,68.5,83.3,74.8,6.3,0.0,upgrade,0,0,0,0,27.4,0.0,42.2,0.0,JARJARBINKS,CANDIDATE,UPGRADE,nieujawnione wszystkie secondary,0.0,,,,,,,,,,,,,,,,,,,,,,,
NqsFJxuuRFiIL4RVB78_CQ,253,Offense,5,Diamond,2,9,False,0,True,POSTAĆ: KYLOREN,0VuxRFwSSsanYzCXDOc8jg,Defense %,7.25%,725,0,,Tenacity %,1.46%,146,1,1468,Speed,3,30000,1,305820,Potency %,1.66%,166,1,1662,Protection %,1.18%,118,1,1186,D,4,5,1,100.0,58.5,50.0,66.8,8.3,0.0,upgrade,0,0,0,0,22.0,0.0,33.8,0.0,JARJARBINKS,CANDIDATE,UPGRADE,nieujawnione wszystkie secondary,0.0,,,,,,,,,,,,,,,,,,,,,,,
VpXRx-TpQRqF9-5u0KXQDw,253,Offense,5,Diamond,2,9,False,0,True,POSTAĆ: NIGHTSISTERINITIATE,Sbag_OWRT_G6iN-SMQBxCw,Defense %,7.25%,725,0,,Critical Chance %,1.2%,120,1,1206,Speed,5,50000,1,545220,Protection %,1.34%,134,1,1340,Defense,5,50000,1,544733,D,4,5,1,100.0,57.2,83.3,65.8,8.5,0.0,upgrade,0,0,0,0,27.1,0.0,41.6,0.0,JARJARBINKS,CANDIDATE,UPGRADE,nieujawnione wszystkie secondary,0.0,,,,,,,,,,,,,,,,,,,,,,,
QBY0lWNRQHatalKc0VGZxQ,253,Offense,5,Diamond,3,6,True,0,True,POSTAĆ: IMPERIALSUPERCOMMANDO,glyFbUVxTVOa7YXvUXfgsQ,Defense %,5%,500,0,,Health,267,2670000,1,26712495,Protection,711,7110000,1,71111819,Defense,9,90000,1,900522,Speed,5,50000,1,528810,C,4,6,2,100.0,57.5,83.3,71.7,14.2,0.0,upgrade,0,0,0,0,32.6,0.0,50.2,0.0,JARJARBINKS,CANDIDATE,UPGRADE,nieujawnione wszystkie secondary,0.0,,,,,,,,,,,,,,,,,,,,,,,
Vzv7oLIERPiFjUTbXeWipw,253,Offense,5,Diamond,3,6,False,0,True,POSTAĆ: APPO,BYy6_mWtS8ao4M8ZdNvnBw,Defense %,5%,500,0,,Protection,822,8220000,1,82225247,Health,298,2980000,1,29832703,Offense,40,400000,1,3928896,Speed,3,30000,1,369900,C,4,6,2,100.0,69.5,50.0,79.7,10.2,0.0,upgrade,0,0,0,0,33.2,0.0,51.0,0.0,JARJARBINKS,CANDIDATE,UPGRADE,nieujawnione wszystkie secondary,0.0,,,,,,,,,,,,,,,,,,,,,,,
jJPugLb7Qo6Q3j36yNzI7Q,253,Offense,5,Diamond,3,6,False,0,True,POSTAĆ: HUYANG,DRi0qZeRRkKUKuIu-ZZ2yA,Defense %,5%,500,0,,Health %,0.97%,97,1,973,Defense,6,60000,1,629895,Speed,4,40000,1,460740,Protection,676,6760000,1,67644064,C,4,6,2,100.0,63.5,66.7,75.7,12.2,0.0,upgrade,0,0,0,0,27.4,0.0,42.2,0.0,JARJARBINKS,CANDIDATE,UPGRADE,nieujawnione wszystkie secondary,0.0,,,,,,,,,,,,,,,,,,,,,,,
Ah-pQa_kRSWsPlbrwZ08dg,253,Offense,5,Diamond,4,3,False,0,True,POSTAĆ: ITHANO,I6lWT32LQ66nfZ8QDQgnQg,Defense %,2.75%,275,0,,Tenacity %,2%,200,1,2009,Offense %,0.37%,37,1,371,Health,377,3770000,1,37785376,Critical Chance %,1.77%,177,1,1772,B,4,7,3,100.0,48.8,0.0,67.3,18.5,0.0,upgrade,0,0,0,0,5.2,0.0,8.0,0.0,JARJARBINKS,CANDIDATE,UPGRADE,nieujawnione wszystkie secondary,0.0,,,,,,,,,,,,,,,,,,,,,,,
6L9xrXYCSDSewbyoEji_3Q,253,Offense,5,Diamond,3,1,False,0,True,POSTAĆ: NIGHTSISTERSPIRIT,GcY6vIpnS8W6GE0IWWNSMg,Defense %,1.25%,125,0,,Defense,6,60000,1,664734,Speed,5,50000,1,587250,,,,0,,,,,0,,C,2,6,4,100.0,67.0,83.3,89.0,22.0,0.0,upgrade,0,0,0,0,42.7,0.0,65.7,0.0,JARJARBINKS,CANDIDATE,UPGRADE,nieujawnione wszystkie secondary,0.0,,,,,,,,,,,,,,,,,,,,,,,
XdPLJGqNSZaqsL_iQ9l-Ng,253,Offense,5,Diamond,5,1,False,0,True,POSTAĆ: FOSITHTROOPER,mtBm_ua2RVuRu6Fdi1Jnbw,Defense %,1.25%,125,0,,Health %,0.57%,57,1,578,Offense %,0.54%,54,1,543,Offense,43,430000,1,4277052,Speed,5,50000,1,539160,A,4,8,4,100.0,86.5,83.3,93.2,6.8,62.1,upgrade,0,0,0,0,21.9,0.0,33.7,0.0,JARJARBINKS,CANDIDATE,UPGRADE,nieujawnione wszystkie secondary,0.0,,,,,,,,,,,,,,,,,,,,,,,
meGVjX-ZQSCBdCPPD4Y4RQ,253,Offense,5,Diamond,5,1,False,0,True,POSTAĆ: ASAJJDARKDISCIPLE,6kd7K3mvTfGRd4B_leov2Q,Defense %,1.25%,125,0,,Speed,5,50000,1,570150,Tenacity %,1.35%,135,1,1354,Health %,0.71%,71,1,713,Protection,703,7030000,1,70368432,A,4,8,4,100.0,62.5,83.3,81.2,18.8,45.5,upgrade,0,0,0,0,22.3,0.0,34.3,0.0,JARJARBINKS,CANDIDATE,UPGRADE,nieujawnione wszystkie secondary,0.0,,,,,,,,,,,,,,,,,,,,,,,
6dSCdGPRTrOP_ov9z_iz1w,251,Offense,5,Square,1,15,False,0,True,POSTAĆ: CASSIANANDOR,S94VJOjBT-S1LJ-eDzR-Vg,Offense %,5.88%,588,0,,Protection %,1.45%,145,1,1454,Protection,663,6630000,1,66385705,Speed,3,30000,1,362970,Critical Chance %,1.52%,152,1,1527,E,4,4,0,100.0,60.7,50.0,60.7,0,0.0,slice,0,0,0,0,28.0,0.0,43.1,0.0,JARJARBINKS,CANDIDATE,SLICE,wartość moda lub dopasowanie do postaci uzasadnia kolejny roll,0.0,,,,,,,,,,,,,,,,,,,,,,,
7C7zkJ0zRVSigVLlvepGIA,251,Offense,5,Square,1,15,False,0,True,POSTAĆ: KYLOREN,0VuxRFwSSsanYzCXDOc8jg,Offense %,5.88%,588,0,,Protection %,1.89%,189,1,1893,Tenacity %,2.06%,206,1,2064,Speed,5,50000,1,561990,Offense,39,390000,1,3833364,E,4,4,0,100.0,70.5,83.3,70.5,0,0.0,slice,0,0,0,0,27.6,0.0,42.5,0.0,JARJARBINKS,CANDIDATE,SLICE,wartość moda lub dopasowanie do postaci uzasadnia kolejny roll,0.0,,,,,,,,,,,,,,,,,,,,,,,
8ALx2gQ-QPCccSFAkq52KA,251,Offense,5,Square,1,15,False,0,True,POSTAĆ: GARSAXON,QZn6SLwUQ9iwlQD3Kn-yHA,Offense %,5.88%,588,0,,Protection %,1.77%,177,1,1777,Protection,493,4930000,1,49325181,Speed,5,50000,1,500430,Health,272,2720000,1,27226815,E,4,4,0,100.0,66.5,83.3,66.5,0,0.0,slice,0,0,0,0,33.3,0.0,51.2,0.0,JARJARBINKS,CANDIDATE,SLICE,wartość moda lub dopasowanie do postaci uzasadnia kolejny roll,0.0,,,,,,,,,,,,,,,,,,,,,,,
A8US_TCfQB6XTobMHBNdbA,251,Offense,5,Square,1,15,False,0,True,POSTAĆ: MAGMATROOPER,ciIhlDp8RO6GCFQyqEjvRw,Offense %,5.88%,588,0,,Health,397,3970000,1,39780509,Speed,5,50000,1,510360,Protection,507,5070000,1,50782884,Protection %,1.74%,174,1,1749,E,4,4,0,100.0,66.5,83.3,66.5,0,0.0,slice,0,0,0,0,33.3,0.0,51.2,0.0,JARJARBINKS,CANDIDATE,SLICE,wartość moda lub dopasowanie do postaci uzasadnia kolejny roll,0.0,,,,,,,,,,,,,,,,,,,,,,,
SKLKeBoVSt6odBzKe7eU8A,251,Offense,5,Square,1,15,False,0,True,POSTAĆ: MOTHERTALZIN,-6RSWKS_Qt-i4AoohGXimA,Offense %,5.88%,588,0,,Potency %,2.06%,206,1,2067,Speed,5,50000,1,587880,Protection %,1.68%,168,1,1681,Health %,0.88%,88,1,888,E,4,4,0,100.0,69.0,83.3,69.0,0,0.0,slice,0,0,0,0,22.0,0.0,33.8,0.0,JARJARBINKS,CANDIDATE,SLICE,wartość moda lub dopasowanie do postaci uzasadnia kolejny roll,0.0,,,,,,,,,,,,,,,,,,,,,,,
SL0m8HP9T5SVrvEMczRHfg,251,Offense,5,Square,1,15,False,0,True,POSTAĆ: YOUNGLANDO,z4RU3ZmER1G8dK2M15Ju6w,Offense %,5.88%,588,0,,Protection,529,5290000,1,52979821,Speed,5,50000,1,576120,Protection %,1.12%,112,1,1125,Health,375,3750000,1,37577505,E,4,4,0,100.0,66.5,83.3,66.5,0,0.0,slice,0,0,0,0,33.3,0.0,51.2,0.0,JARJARBINKS,CANDIDATE,SLICE,wartość moda lub dopasowanie do postaci uzasadnia kolejny roll,0.0,,,,,,,,,,,,,,,,,,,,,,,
ZUkF29HMRGOkB0Z8cKSlxg,251,Offense,5,Square,1,15,False,0,True,POSTAĆ: UNDERCOVERLANDO,4ANsPhIlSCiRGIga0LvMOw,Offense %,5.88%,588,0,,Offense,25,250000,1,2462856,Protection,433,4330000,1,43357320,Defense %,1.12%,112,1,1129,Speed,5,50000,1,542760,E,4,4,0,100.0,68.0,83.3,68.0,0,0.0,slice,0,0,0,0,28.0,0.0,43.0,0.0,JARJARBINKS,CANDIDATE,SLICE,wartość moda lub dopasowanie do postaci uzasadnia kolejny roll,0.0,,,,,,,,,,,,,,,,,,,,,,,
aP2J8-DfSbCI0mjgxAcewQ,251,Offense,5,Square,1,15,False,0,True,POSTAĆ: FENNECSHAND,YJiDwPOARoyYpavX7g0gfw,Offense %,5.88%,588,0,,Speed,4,40000,1,425700,Health,351,3510000,1,35115198,Offense,44,440000,1,4340664,Protection %,2.2%,220,1,2205,E,4,4,0,100.0,75.0,66.7,75.0,0,0.0,slice,0,0,0,0,32.8,0.0,50.5,0.0,JARJARBINKS,CANDIDATE,SLICE,wartość moda lub dopasowanie do postaci uzasadnia kolejny roll,0.0,,,,,,,,,,,,,,,,,,,,,,,
bbB6mjNBQwiAVMj5RGaTGw,251,Offense,5,Square,1,15,False,0,True,POSTAĆ: TUSKENRAIDER,sHy99kMeT9O3EUIEUPMkHQ,Offense %,5.88%,588,0,,Critical Chance %,2.06%,206,1,2066,Speed,5,50000,1,532470,Potency %,1.64%,164,1,1645,Defense,7,70000,1,725347,E,4,4,0,100.0,48.3,83.3,48.3,0,0.0,slice,0,0,0,0,21.3,0.0,32.8,0.0,JARJARBINKS,CANDIDATE,KEEP,wartość secondary zbyt niska,0.0,,,,,,,,,,,,,,,,,,,,,,,
dpAsBXpiReepjKDrgW-EFA,251,Offense,5,Square,1,15,False,0,True,POSTAĆ: ARCTROOPER501ST,hk_G0czZQSmDS9yhDrJRyA,Offense %,5.88%,588,0,,Health %,1.09%,109,1,1098,Critical Chance %,1.78%,178,1,1785,Offense,31,310000,1,3086436,Speed,4,40000,1,409380,E,4,4,0,100.0,69.8,66.7,69.8,0,0.0,slice,0,0,0,0,21.9,0.0,33.7,0.0,JARJARBINKS,CANDIDATE,SLICE,wartość moda lub dopasowanie do postaci uzasadnia kolejny roll,0.0,,,,,,,,,,,,,,,,,,,,,,,
gwLEtmbSRe6bKpcmKXs53g,251,Offense,5,Square,1,15,False,0,True,POSTAĆ: YOUNGHAN,1sX1NWmXQjazGjpr_R39Eg,Offense %,5.88%,588,0,,Health,257,2570000,1,25733144,Protection,431,4310000,1,43182894,Speed,5,50000,1,563700,Offense,37,370000,1,3677184,E,4,4,0,100.0,69.5,83.3,69.5,0,0.0,slice,0,0,0,0,33.2,0.0,51.0,0.0,JARJARBINKS,CANDIDATE,SLICE,wartość moda lub dopasowanie do postaci uzasadnia kolejny roll,0.0,,,,,,,,,,,,,,,,,,,,,,,
iJlYwJ_ySLqiDSf6wTRJfg,251,Offense,5,Square,4,15,False,0,True,POSTAĆ: GRANDINQUISITOR,JXvUIuMiSR6_2LS1vnLylA,Offense %,5.88%,588,0,,Protection %,5.13%,513,3,1717|2226|1187,Defense,7,70000,1,706776,Critical Chance %,4.29%,429,2,2181|2115,Speed,5,50000,1,507720,B,7,7,0,100.0,56.3,83.3,56.3,0,0.0,slice,0,0,0,0,22.0,0.0,33.9,0.0,JARJARBINKS,CANDIDATE,KEEP,obserwuj przed wydaniem materiałów,0.0,,,,,,,,,,,,,,,,,,,,,,,
k-OonwWRR1WksHWFTwEUdA,251,Offense,5,Square,2,15,False,0,True,POSTAĆ: CROSSHAIRS3,VZaoVN_-Sh2WQ-_sXG6OKA,Offense %,5.88%,588,0,,Offense,72,720000,2,4243764|2902212,Speed,5,50000,1,561390,Health,344,3440000,1,34416580,Potency %,1.73%,173,1,1736,D,5,5,0,100.0,69.2,83.3,69.2,0.0,0.0,slice,0,0,0,0,26.2,0.0,40.3,0.0,JARJARBINKS,CANDIDATE,SLICE,wartość moda lub dopasowanie do postaci uzasadnia kolejny roll,0.0,,,,,,,,,,,,,,,,,,,,,,,
ktFNwxZBRmqtItUkh3yI_A,251,Offense,5,Square,1,15,False,0,True,POSTAĆ: PAO,VzOKqed5QL-ozFtEou2_sg,Offense %,5.88%,588,0,,Defense %,1.55%,155,1,1559,Tenacity %,1.42%,142,1,1422,Health,391,3910000,1,39178326,Speed,5,50000,1,511320,E,4,4,0,100.0,55.0,83.3,55.0,0,0.0,slice,0,0,0,0,21.5,0.0,33.0,0.0,JARJARBINKS,CANDIDATE,KEEP,obserwuj przed wydaniem materiałów,0.0,,,,,,,,,,,,,,,,,,,,,,,
xaNFEJlmRuiAx10jItpsIg,251,Offense,5,Square,1,15,False,0,True,POSTAĆ: FOSITHTROOPER,mtBm_ua2RVuRu6Fdi1Jnbw,Offense %,5.88%,588,0,,Speed,5,50000,1,569760,Health %,0.99%,99,1,998,Potency %,1.57%,157,1,1578,Defense %,1.32%,132,1,1320,E,4,4,0,100.0,62.0,83.3,62.0,0,0.0,slice,0,0,0,0,16.2,0.0,25.0,0.0,JARJARBINKS,CANDIDATE,SLICE,wartość moda lub dopasowanie do postaci uzasadnia kolejny roll,0.0,,,,,,,,,,,,,,,,,,,,,,,
yq_KeV4PTMWZLELNoXEGcg,251,Offense,5,Square,2,15,False,0,True,POSTAĆ: CANDEROUSORDO,CK2vVab5R1GJRABcltFIig,Offense %,5.88%,588,0,,Speed,5,50000,1,561300,Critical Chance %,1.3%,130,1,1305,Potency %,2.22%,222,1,2229,Defense,14,140000,2,622398|862204,D,5,5,0,100.0,45.4,83.3,45.4,0,0.0,slice,0,0,0,0,21.1,0.0,32.5,0.0,JARJARBINKS,CANDIDATE,KEEP,wartość secondary zbyt niska,0.0,,,,,,,,,,,,,,,,,,,,,,,
4g3GqMbERJay_CwW7oYxaQ,251,Offense,5,Square,2,9,False,0,True,POSTAĆ: DARKTROOPER,0cUSi_XpTM6gWuZVXoK4dg,Offense %,3.63%,363,0,,Critical Chance %,1.48%,148,1,1485,Tenacity %,1.46%,146,1,1467,Speed,5,50000,1,508230,Protection %,1.96%,196,1,1963,D,4,5,1,100.0,56.2,83.3,65.0,8.8,0.0,upgrade,0,0,0,0,22.0,0.0,33.8,0.0,JARJARBINKS,CANDIDATE,UPGRADE,nieujawnione wszystkie secondary,0.0,,,,,,,,,,,,,,,,,,,,,,,
86GNIJG6SUOVxsm-WowHgQ,251,Offense,5,Square,2,9,False,0,True,POSTAĆ: NIGHTSISTERINITIATE,Sbag_OWRT_G6iN-SMQBxCw,Offense %,3.63%,363,0,,Health,294,2940000,1,29476965,Potency %,1.2%,120,1,1202,Speed,5,50000,1,545340,Defense %,0.87%,87,1,879,D,4,5,1,100.0,56.0,83.3,64.8,8.8,0.0,upgrade,0,0,0,0,21.5,0.0,33.0,0.0,JARJARBINKS,CANDIDATE,UPGRADE,nieujawnione wszystkie secondary,0.0,,,,,,,,,,,,,,,,,,,,,,,
P_nqJXmLSYuC4_Ql7POIfw,251,Offense,5,Square,2,9,False,0,True,POSTAĆ: NIGHTSISTERSPIRIT,GcY6vIpnS8W6GE0IWWNSMg,Offense %,3.63%,363,0,,Health,265,2650000,1,26592487,Potency %,2.2%,220,1,2204,Speed,5,50000,1,585300,Protection,506,5060000,1,50620917,D,4,5,1,100.0,57.5,83.3,66.0,8.5,0.0,upgrade,0,0,0,0,27.5,0.0,42.4,0.0,JARJARBINKS,CANDIDATE,UPGRADE,nieujawnione wszystkie secondary,0.0,,,,,,,,,,,,,,,,,,,,,,,
Bf2ZYySESKWZa8yPrGDtCg,251,Offense,5,Square,3,6,False,0,True,POSTAĆ: FULCRUMAHSOKA,gL8t8tzST0GDS7w4bToSxg,Offense %,2.5%,250,0,,Critical Chance %,2.02%,202,1,2025,Defense %,1.35%,135,1,1354,Speed,3,30000,1,346200,Protection,549,5490000,1,54948343,C,4,6,2,100.0,53.8,50.0,69.2,15.4,0.0,upgrade,0,0,0,0,22.3,0.0,34.3,0.0,JARJARBINKS,CANDIDATE,UPGRADE,nieujawnione wszystkie secondary,0.0,,,,,,,,,,,,,,,,,,,,,,,
a7nrNpTxQOWcp79KALXSgA,251,Offense,5,Square,3,6,False,0,True,POSTAĆ: BRUTUS,0GJlV2uVRWq0o-qgUIyXwA,Offense %,2.5%,250,0,,Protection %,1.26%,126,1,1261,Defense %,1.39%,139,1,1398,Speed,5,50000,1,588270,Defense,7,70000,1,782138,C,4,6,2,100.0,61.5,83.3,74.3,12.8,0.0,upgrade,0,0,0,0,27.1,0.0,41.6,0.0,JARJARBINKS,CANDIDATE,UPGRADE,nieujawnione wszystkie secondary,0.0,,,,,,,,,,,,,,,,,,,,,,,
8YlE3xjKSi6MfvmBpgcjTg,251,Offense,5,Square,2,1,False,0,True,POSTAĆ: NIGHTTROOPER,jeM4ja3PSAO-gl1knvsBYQ,Offense %,0.63%,63,0,,Speed,5,50000,1,599370,,,,0,,,,,0,,,,,0,,D,1,5,4,100.0,100.0,83.3,100.0,0,0.0,upgrade,0,0,0,0,65.0,0.0,100.0,0.0,JARJARBINKS,CANDIDATE,UPGRADE,nieujawnione wszystkie secondary,0.0,,,,,,,,,,,,,,,,,,,,,,,
cHvJCdJnRi-FxB6Za9loYQ,251,Offense,5,Square,4,1,False,0,True,POSTAĆ: ITHANO,I6lWT32LQ66nfZ8QDQgnQg,Offense %,0.63%,63,0,,Protection %,1.32%,132,1,1327,Speed,4,40000,1,430080,Health,333,3330000,1,33379368,,,,0,,B,3,7,4,100.0,72.7,66.7,88.3,15.6,0.0,upgrade,0,0,0,0,36.2,0.0,55.8,0.0,JARJARBINKS,CANDIDATE,UPGRADE,nieujawnione wszystkie secondary,0.0,,,,,,,,,,,,,,,,,,,,,,,
me0unlIdSamY3dRKNDuzJQ,251,Offense,5,Square,5,1,False,0,True,POSTAĆ: JEDIKNIGHTCAL,QIF5yMuQQKq3dp-_Ka3c2w,Offense %,0.63%,63,0,,Offense,46,460000,1,4518048,Health %,0.57%,57,1,570,Speed,5,50000,1,517350,Protection %,2.08%,208,1,2089,A,4,8,4,100.0,81.0,83.3,90.5,9.5,63.2,upgrade,0,0,0,0,27.6,0.0,42.5,0.0,JARJARBINKS,CANDIDATE,UPGRADE,nieujawnione wszystkie secondary,0.0,,,,,,,,,,,,,,,,,,,,,,,
ydXOUzmZRrKONPZzYcceTg,251,Offense,5,Square,4,1,False,0,True,POSTAĆ: PADAWANOBIWAN,fdUHER1QQFeX1Pqx02Ko5Q,Offense %,0.63%,63,0,,Speed,4,40000,1,437520,Defense %,1.13%,113,1,1139,Tenacity %,1.38%,138,1,1387,,,,0,,B,3,7,4,100.0,57.3,66.7,81.7,24.4,0.0,upgrade,0,0,0,0,21.7,0.0,33.3,0.0,JARJARBINKS,CANDIDATE,UPGRADE,nieujawnione wszystkie secondary,0.0,,,,,,,,,,,,,,,,,,,,,,,
-Wsup_iJSNm76QqaW10L8w,254,Offense,5,Triangle,1,15,False,0,True,POSTAĆ: MAGMATROOPER,ciIhlDp8RO6GCFQyqEjvRw,Defense %,11.75%,1175,0,,Health %,1.06%,106,1,1064,Critical Chance %,1.61%,161,1,1619,Potency %,1.2%,120,1,1205,Speed,5,50000,1,519510,E,4,4,0,100.0,57.8,83.3,57.8,0,0.0,slice,0,0,0,0,16.2,0.0,25.0,0.0,JARJARBINKS,CANDIDATE,KEEP,obserwuj przed wydaniem materiałów,0.0,,,,,,,,,,,,,,,,,,,,,,,
51ovItIeQt-_WU67bsi2mg,254,Offense,5,Triangle,1,15,False,0,True,POSTAĆ: FENNECSHAND,YJiDwPOARoyYpavX7g0gfw,Health %,5.88%,588,0,,Offense %,0.46%,46,1,467,Speed,5,50000,1,537600,Protection %,1.37%,137,1,1373,Defense %,1.45%,145,1,1452,E,4,4,0,100.0,76.0,83.3,76.0,0,0.0,slice,0,0,0,0,22.0,0.0,33.8,0.0,JARJARBINKS,CANDIDATE,SLICE,wartość moda lub dopasowanie do postaci uzasadnia kolejny roll,0.0,,,,,,,,,,,,,,,,,,,,,,,
8-6QaXgvRD2vA1DAGY51Bg,254,Offense,5,Triangle,1,15,False,0,True,POSTAĆ: CAPTAINDROGAN,x_FQnn0_ShSNmm4-HLV34g,Critical Damage %,36%,3600,0,,Offense,38,380000,1,3761088,Speed,4,40000,1,448350,Protection,716,7160000,1,71697392,Offense %,0.41%,41,1,419,E,4,4,0,100.0,80.5,66.7,80.5,0,0.0,slice,0,0,0,0,28.0,0.0,43.0,0.0,JARJARBINKS,CANDIDATE,SLICE,wartość moda lub dopasowanie do postaci uzasadnia kolejny roll,0.0,,,,,,,,,,,,,,,,,,,,,,,
KnAlYeykTpG3URN5EYbHbQ,254,Offense,5,Triangle,3,15,False,0,True,POSTAĆ: DARTHTALON,7vBYi6d4QVm5KxO4eYBHZQ,Offense %,5.88%,588,0,,Speed,5,50000,1,565890,Protection,767,7670000,1,76730828,Defense %,2.51%,251,2,1165|1354,Tenacity %,3.09%,309,2,1295|1801,C,6,6,0,100.0,48.7,83.3,48.7,0,0.0,slice,0,0,0,0,14.9,0.0,22.9,0.0,JARJARBINKS,CANDIDATE,KEEP,wartość secondary zbyt niska,0.0,,,,,,,,,,,,,,,,,,,,,,,
RE0DLLATTguWzG6JDhLEuQ,254,Offense,5,Triangle,1,15,False,0,True,POSTAĆ: PADAWANSABINE,9ssuNwf-QcmcfINQPjIqEA,Protection %,23.5%,2350,0,,Tenacity %,1.26%,126,1,1261,Speed,5,50000,1,596670,Potency %,1.98%,198,1,1987,Critical Chance %,1.35%,135,1,1356,E,4,4,0,100.0,47.2,83.3,47.2,0,0.0,slice,0,0,0,0,16.2,0.0,25.0,0.0,JARJARBINKS,CANDIDATE,KEEP,wartość secondary zbyt niska,0.0,,,,,,,,,,,,,,,,,,,,,,,
Soe1TT9ZTQmyxvU71kXh8A,254,Offense,5,Triangle,1,15,False,0,True,POSTAĆ: RANGETROOPER,Nrp4ifwXSi2gJHQA5JtVRg,Protection %,23.5%,2350,0,,Tenacity %,1.17%,117,1,1172,Potency %,1.86%,186,1,1861,Critical Chance %,1.39%,139,1,1393,Speed,3,30000,1,318180,E,4,4,0,100.0,47.2,50.0,47.2,0,0.0,slice,0,0,0,0,16.2,0.0,25.0,0.0,JARJARBINKS,CANDIDATE,KEEP,wartość secondary zbyt niska,0.0,,,,,,,,,,,,,,,,,,,,,,,
U2eQ9XDjS6qcADgJKd8z1Q,254,Offense,5,Triangle,3,15,False,0,True,POSTAĆ: THEMANDALORIANBESKARARMOR,I4qYFU2aTeK4MpCuYsV6KA,Offense %,5.88%,588,0,,Critical Chance %,1.83%,183,1,1837,Speed,5,50000,1,572880,Potency %,4.02%,402,2,1812|2212,Health %,1.67%,167,2,774|899,C,6,6,0,100.0,56.2,83.3,56.2,0,0.0,slice,0,0,0,0,10.8,0.0,16.7,0.0,JARJARBINKS,CANDIDATE,KEEP,obserwuj przed wydaniem materiałów,0.0,,,,,,,,,,,,,,,,,,,,,,,
XpNeLSoGTGOv5CoR5awqdw,254,Offense,5,Triangle,1,15,False,0,True,POSTAĆ: NIGHTTROOPER,jeM4ja3PSAO-gl1knvsBYQ,Health %,5.88%,588,0,,Protection %,1.68%,168,1,1680,Speed,5,50000,1,550260,Offense,45,450000,1,4486584,Health,369,3690000,1,36998895,E,4,4,0,100.0,75.0,83.3,75.0,0,0.0,slice,0,0,0,0,32.8,0.0,50.5,0.0,JARJARBINKS,CANDIDATE,SLICE,wartość moda lub dopasowanie do postaci uzasadnia kolejny roll,0.0,,,,,,,,,,,,,,,,,,,,,,,
Yb1DmpcJTMaHsDWe32IfxA,254,Offense,5,Triangle,1,15,False,0,True,POSTAĆ: NIGHTSISTERSPIRIT,GcY6vIpnS8W6GE0IWWNSMg,Protection %,23.5%,2350,0,,Offense %,0.46%,46,1,460,Defense,5,50000,1,561246,Protection,588,5880000,1,58843857,Speed,4,40000,1,472230,E,4,4,0,100.0,68.5,66.7,68.5,0,0.0,slice,0,0,0,0,27.4,0.0,42.2,0.0,JARJARBINKS,CANDIDATE,SLICE,wartość moda lub dopasowanie do postaci uzasadnia kolejny roll,0.0,,,,,,,,,,,,,,,,,,,,,,,
eG7087ObRnKtuagko-VM6Q,254,Offense,5,Triangle,3,15,False,0,True,POSTAĆ: CANDEROUSORDO,CK2vVab5R1GJRABcltFIig,Critical Chance %,12%,1200,0,,Health %,1.06%,106,1,1060,Speed,10,100000,2,512790|507180,Protection,959,9590000,2,51509659|44449559,Defense,5,50000,1,598633,C,6,6,0,100.0,67.0,83.3,67.0,0,0.0,slice,0,0,0,0,33.2,0.0,51.0,0.0,JARJARBINKS,CANDIDATE,SLICE,wartość moda lub dopasowanie do postaci uzasadnia kolejny roll,0.0,,,,,,,,,,,,,,,,,,,,,,,
fFstPfcdRtmoOu4YJGWiwQ,254,Offense,5,Triangle,1,15,False,0,True,POSTAĆ: YOUNGHAN,1sX1NWmXQjazGjpr_R39Eg,Critical Damage %,36%,3600,0,,Health %,0.57%,57,1,576,Potency %,2.19%,219,1,2190,Protection %,1.55%,155,1,1556,Offense,26,260000,1,2545392,E,4,4,0,100.0,64.5,0.0,64.5,0,0.0,slice,0,0,0,0,11.4,0.0,17.5,0.0,JARJARBINKS,CANDIDATE,SLICE,wartość moda lub dopasowanie do postaci uzasadnia kolejny roll,0.0,,,,,,,,,,,,,,,,,,,,,,,
i_Xo4rSmSFCJqusESMR_PA,254,Offense,5,Triangle,1,15,False,0,True,POSTAĆ: JEDIKNIGHTCAL,QIF5yMuQQKq3dp-_Ka3c2w,Critical Damage %,36%,3600,0,,Offense %,0.55%,55,1,553,Speed,5,50000,1,539850,Protection %,1.68%,168,1,1684,Health %,0.96%,96,1,966,E,4,4,0,100.0,83.5,83.3,83.5,0,0.0,slice,0,0,0,0,22.0,0.0,33.8,0.0,JARJARBINKS,CANDIDATE,SLICE,wartość moda lub dopasowanie do postaci uzasadnia kolejny roll,0.0,,,,,,,,,,,,,,,,,,,,,,,
n0aLswGTS1mdI8qGfSacuA,254,Offense,5,Triangle,5,15,False,0,True,POSTAĆ: EPIXPOE,ftvNe6HXQwSotp8ykhi1eA,Critical Damage %,36%,3600,0,,Protection %,3.36%,336,2,2006|1362,Tenacity %,1.25%,125,1,1250,Potency %,3.05%,305,2,1510|1541,Defense %,3.58%,358,3,1128|1393|1063,A,8,8,0,100.0,45.5,0.0,45.5,0,37.8,6-dot,0,0,0,0,5.7,0.0,8.8,0.0,JARJARBINKS,CANDIDATE,SLICE_6E,5A ma wystarczającą wartość lub dopasowanie do postaci,0.0,,,,,,,,,,,,,,,,,,,,,,,
pZOvUboeT8SKHxt2MfAgzg,254,Offense,5,Triangle,5,15,False,0,True,POSTAĆ: BT1,BM8YfesNREey0Pt2Ax4JzA,Protection %,23.5%,2350,0,,Speed,23,230000,5,575130|556500|473400|359310|420450,Potency %,1.73%,173,1,1735,Offense %,0.33%,33,1,337,Health,267,2670000,1,26736068,A,8,8,0,100.0,84.2,76.7,84.2,0,45.3,6-dot,0,0,0,0,43.2,0.0,66.5,0.0,JARJARBINKS,CANDIDATE,SLICE_6E,5A ma wystarczającą wartość lub dopasowanie do postaci,0.0,,,,,,,,,,,,,,,,,,,,,,,
e-OwrDV6SDOLLoX67D7mQQ,254,Offense,5,Triangle,2,9,False,0,True,POSTAĆ: HUYANG,DRi0qZeRRkKUKuIu-ZZ2yA,Health %,3.63%,363,0,,Potency %,1.96%,196,1,1960,Offense %,0.41%,41,1,414,Speed,5,50000,1,582120,Protection %,1.65%,165,1,1659,D,4,5,1,100.0,74.0,83.3,79.2,5.2,0.0,upgrade,0,0,0,0,22.0,0.0,33.8,0.0,JARJARBINKS,CANDIDATE,UPGRADE,nieujawnione wszystkie secondary,0.0,,,,,,,,,,,,,,,,,,,,,,,
kKb_0GqyRo-PbrqVxjSMNQ,254,Offense,5,Triangle,2,9,False,0,True,POSTAĆ: MOTHERTALZIN,-6RSWKS_Qt-i4AoohGXimA,Offense %,3.63%,363,0,,Defense,8,80000,1,874013,Protection,793,7930000,1,79355524,Protection %,1.7%,170,1,1704,Potency %,1.91%,191,1,1916,D,4,5,1,100.0,46.5,0.0,51.2,4.7,0.0,upgrade,0,0,0,0,16.9,0.0,26.0,0.0,JARJARBINKS,CANDIDATE,UPGRADE,nieujawnione wszystkie secondary,0.0,,,,,,,,,,,,,,,,,,,,,,,
tKRlFSfWTtGNDigPIeZyww,254,Offense,5,Triangle,2,9,False,0,True,POSTAĆ: R2D2_LEGENDARY,8CyyNLINQ8mH0Al7cEHkcg,Health %,3.63%,363,0,,Protection %,1.13%,113,1,1131,Speed,3,30000,1,361260,Protection,573,5730000,1,57386154,Health,385,3850000,1,38528997,D,4,5,1,100.0,66.5,50.0,73.2,6.7,0.0,upgrade,0,0,0,0,33.3,0.0,51.2,0.0,JARJARBINKS,CANDIDATE,UPGRADE,nieujawnione wszystkie secondary,0.0,,,,,,,,,,,,,,,,,,,,,,,
JqXVIahnSP-r6Mh9hguQmg,254,Offense,5,Triangle,4,3,False,0,True,POSTAĆ: ITHANO,I6lWT32LQ66nfZ8QDQgnQg,Critical Damage %,9%,900,0,,Critical Chance %,2.18%,218,1,2189,Offense,23,230000,1,2288892,Health,341,3410000,1,34133704,Speed,4,40000,1,433170,B,4,7,3,100.0,63.7,66.7,79.3,15.5,0.0,upgrade,0,0,0,0,27.1,0.0,41.7,0.0,JARJARBINKS,CANDIDATE,UPGRADE,nieujawnione wszystkie secondary,0.0,,,,,,,,,,,,,,,,,,,,,,,
dev6sHdvSPayiYH9IveQfQ,254,Offense,5,Triangle,4,3,False,0,True,POSTAĆ: ARCTROOPER501ST,hk_G0czZQSmDS9yhDrJRyA,Offense %,1.38%,138,0,,Health,384,3840000,1,38406846,Tenacity %,1.43%,143,1,1436,Defense %,1.19%,119,1,1194,Protection %,2.21%,221,1,2216,B,4,7,3,100.0,47.5,0.0,57.1,9.6,0.0,upgrade,0,0,0,0,10.9,0.0,16.8,0.0,JARJARBINKS,CANDIDATE,UPGRADE,nieujawnione wszystkie secondary,0.0,,,,,,,,,,,,,,,,,,,,,,,
2XqCDf4GThKOaoMoJDMLSQ,254,Offense,5,Triangle,4,1,False,0,True,POSTAĆ: NIGHTSISTERINITIATE,Sbag_OWRT_G6iN-SMQBxCw,Critical Chance %,1.5%,150,0,,Speed,5,50000,1,517890,Protection,779,7790000,1,77985034,Potency %,1.32%,132,1,1324,,,,0,,B,3,7,4,100.0,60.7,83.3,83.1,22.5,0.0,upgrade,0,0,0,0,29.8,0.0,45.8,0.0,JARJARBINKS,CANDIDATE,UPGRADE,nieujawnione wszystkie secondary,0.0,,,,,,,,,,,,,,,,,,,,,,,
AjAAR2MRSaarJD6wh9gT5A,254,Offense,5,Triangle,2,1,False,0,True,POSTAĆ: DARKTROOPER,0cUSi_XpTM6gWuZVXoK4dg,Offense %,0.63%,63,0,,Speed,5,50000,1,543630,,,,0,,,,,0,,,,,0,,D,1,5,4,100.0,100.0,83.3,100.0,0,0.0,upgrade,0,0,0,0,65.0,0.0,100.0,0.0,JARJARBINKS,CANDIDATE,UPGRADE,nieujawnione wszystkie secondary,0.0,,,,,,,,,,,,,,,,,,,,,,,
KllLOLZeTaaA5u3CLhq5fQ,254,Offense,5,Triangle,4,1,False,0,True,POSTAĆ: IMPERIALSUPERCOMMANDO,glyFbUVxTVOa7YXvUXfgsQ,Protection %,2.5%,250,0,,Speed,5,50000,1,552480,Critical Chance %,1.61%,161,1,1616,Offense %,0.28%,28,1,287,,,,0,,B,3,7,4,100.0,72.3,83.3,88.1,15.8,0.0,upgrade,0,0,0,0,21.7,0.0,33.3,0.0,JARJARBINKS,CANDIDATE,UPGRADE,nieujawnione wszystkie secondary,0.0,,,,,,,,,,,,,,,,,,,,,,,
dbOVy2LAQX2ioeKt-NCoyw,254,Offense,5,Triangle,4,1,False,0,True,POSTAĆ: TUSKENRAIDER,sHy99kMeT9O3EUIEUPMkHQ,Defense %,1.25%,125,0,,Potency %,2.08%,208,1,2084,Speed,4,40000,1,477690,Offense %,0.4%,40,1,403,,,,0,,B,3,7,4,100.0,75.3,66.7,89.4,14.1,0.0,upgrade,0,0,0,0,21.7,0.0,33.3,0.0,JARJARBINKS,CANDIDATE,UPGRADE,nieujawnione wszystkie secondary,0.0,,,,,,,,,,,,,,,,,,,,,,,
28gCCrQKRfufvBLbhzd7Kg,262,Offense,6,Arrow,3,15,False,0,True,POSTAĆ: BENSOLO,DX_lPsDmT8ui5n9qLexVhQ,Speed,32,320000,0,,Offense %,3.08%,308,3,1012|1047|1021,Protection,1318,13180000,2,52081200|79791600,Protection %,3.97%,397,2,2219|1760,Potency %,7.62%,762,3,2162|2889|2577,C,10,10,0,100.0,61.4,0.0,61.4,0,0.0,slice,3,0,3,15,28.5,95.1,14.5,0.0,JARJARBINKS,CANDIDATE,KEEP,brak wystarczającej wartości do kolejnego slice,0.0,,,,,,,,,,,,,,,,,,,,,,,
6oLXFefnQJ-tw43KcVTVOA,262,Offense,6,Arrow,2,15,False,0,True,POSTAĆ: SECONDSISTER,Mv_cN3LOSiSmzBPPnpWsrA,Speed,32,320000,0,,Offense,31,310000,1,3091250,Offense %,1.64%,164,1,1649,Potency %,5.93%,593,3,1797|2166|1968,Health,1800,18000000,4,50838300|39906000|37910700|51397200,D,9,9,0,100.0,52.0,0.0,52.0,0,0.0,slice,2,0,2,15,30.8,95.1,18.1,0.0,JARJARBINKS,CANDIDATE,KEEP,brak wystarczającej wartości do kolejnego slice,0.0,,,,,,,,,,,,,,,,,,,,,,,
DLR5YG-JRz6nLtwcZSXlfA,262,Offense,6,Arrow,1,15,False,0,True,POSTAĆ: DEPABILLABA,ytWp8MF_Sgmq5dAEEOjNoA,Speed,32,320000,0,,Tenacity %,2.38%,238,1,2383,Defense,25,250000,2,1069360|1453440,Protection %,2.92%,292,1,2922,Health,1769,17690000,4,52525800|29257200|47684700|47514600,E,8,8,0,100.0,45.0,0.0,45.0,0,0.0,slice,1,0,1,15,37.4,95.1,28.3,0.0,JARJARBINKS,CANDIDATE,KEEP,brak wystarczającej wartości do kolejnego slice,0.0,,,,,,,,,,,,,,,,,,,,,,,
TPPLSX7zTDOyGAwPI63ICg,262,Offense,6,Arrow,5,15,False,4,True,POSTAĆ: GLREY,k3GClg4UTpuZsJDm2wjTDA,Offense %,8.5%,850,0,,Speed,14,140000,3,493410|399630|458790,Defense %,8.89%,889,3,3374|3484|2041,Health,1516,15160000,4,31176900|46826100|40211100|33399000,Protection,1576,15760000,2,69128800|88494800,A,12,12,0,100.0,59.5,77.8,59.5,0,0.0,calibration,6,4,2,100,27.2,0.0,41.9,0.0,JARJARBINKS,CANDIDATE,CALIBRATE,6A ma wartość lub dopasowanie uzasadniające calibration,0.0,,,,,,,,,,,,,,,,,,,,,,,
m8-vRQwoSeaK9Ephx5HkNQ,262,Offense,6,Arrow,1,15,False,0,True,POSTAĆ: AHSOKATANO,oY5lDG6jTc-UT3wXKa0YPA,Speed,32,320000,0,,Protection,1690,16900000,3,64726600|55016000|49307400,Offense,90,900000,2,4411750|4568500,Defense %,2.7%,270,1,2701,Health %,2.46%,246,2,1092|1377,E,8,8,0,100.0,61.7,0.0,61.7,0,0.0,slice,1,0,1,15,33.8,95.1,22.7,0.0,JARJARBINKS,CANDIDATE,KEEP,brak wystarczającej wartości do kolejnego slice,0.0,,,,,,,,,,,,,,,,,,,,,,,
nfHSwGSRTBOa08KpklYCAw,262,Offense,6,Arrow,5,15,False,0,True,POSTAĆ: EPIXPOE,ftvNe6HXQwSotp8ykhi1eA,Speed,32,320000,0,,Protection,2356,23560000,3,73199800|80145800|82340000,Protection %,7.71%,771,4,2510|1762|1588|1851,Tenacity %,5.81%,581,3,2345|1566|1904,Critical Chance %,3.66%,366,2,1834|1832,A,12,12,0,100.0,47.0,0.0,47.0,0,0.0,calibration,6,0,6,15,32.7,95.1,21.1,0.0,JARJARBINKS,CANDIDATE,KEEP,6A nie wymaga obecnie inwestycji,0.0,,,,,,,,,,,,,,,,,,,,,,,
qe0MpUWSTsuvJgzRjjha2w,262,Offense,6,Arrow,3,15,False,0,False,MAGAZYN,,Health %,16%,1600,0,,Offense,117,1170000,3,4204500|4448000|3016000,Critical Chance %,5.16%,516,3,1680|2043|1445,Offense %,1.4%,140,1,1402,Speed,16,160000,3,529590|422640|557850,C,10,10,0,100.0,71.3,88.9,71.3,0,0.0,slice,3,0,3,15,26.3,0.0,40.4,0.0,JARJARBINKS,CANDIDATE,SLICE,6-dot ma dobry profil do kolejnego rolla,0.0,,,,,,,,,,,,,,,,,,,,,,,
r_7PQ8kRTKeQDHzRsfAF8A,262,Offense,6,Arrow,2,15,False,0,True,POSTAĆ: DROIDEKA,Xx9Ul2lHTH-LstKZjbmpBQ,Offense %,8.5%,850,0,,Potency %,7.13%,713,3,2404|1791|2941,Tenacity %,7.11%,711,3,2009|2833|2274,Critical Chance %,3.58%,358,2,1884|1703,Speed,6,60000,1,540840,D,9,9,0,100.0,38.0,100.0,38.0,0,0.0,slice,2,0,2,15,7.2,0.0,11.1,0.0,JARJARBINKS,CANDIDATE,KEEP,brak wystarczającej wartości do kolejnego slice,0.0,,,,,,,,,,,,,,,,,,,,,,,
4HsXPBEATIKrlSyPAIMzXQ,265,Offense,6,Circle,5,15,False,0,True,POSTAĆ: COMMANDERLUKESKYWALKER,27cb4nt6QFGCCRFBpdPWxA,Protection %,24%,2400,0,,Health,1100,11000000,3,27680400|32157000|50184900,Offense %,2.65%,265,2,1330|1330,Defense %,6%,600,2,2444|3563,Speed,24,240000,5,539880|375720|466020|435180|513720,A,12,12,0,100.0,76.0,80.0,76.0,0,0.0,calibration,6,0,6,15,32.3,0.0,49.7,0.0,JARJARBINKS,CANDIDATE,CALIBRATE,6A ma wartość lub dopasowanie uzasadniające calibration,0.0,,,,,,,,,,,,,,,,,,,,,,,
fSyBUzI0TxqGcr3khcR9cQ,265,Offense,6,Circle,1,15,False,2,True,POSTAĆ: AHSOKATANO,oY5lDG6jTc-UT3wXKa0YPA,Health %,16%,1600,0,,Critical Chance %,2.93%,293,2,1204|1731,Offense %,4.2%,420,3,1646|1224|1331,Offense,58,580000,2,3150250|2596250,Speed,5,50000,1,401910,E,8,8,0,100.0,73.8,83.3,73.8,0,0.0,slice,1,2,0,0,13.8,0.0,21.2,0.0,JARJARBINKS,CANDIDATE,SLICE,6-dot ma dobry profil do kolejnego rolla,0.0,,,,,,,,,,,,,,,,,,,,,,,
W8Y5C82qTfS0tNLkTXH8FQ,266,Offense,6,Cross,5,15,False,0,True,POSTAĆ: COMMANDERLUKESKYWALKER,27cb4nt6QFGCCRFBpdPWxA,Offense %,8.5%,850,0,,Speed,10,100000,2,570180|362310,Health,845,8450000,2,43343100|41193900,Potency %,7.21%,721,3,1693|2811|2705,Critical Chance %,10.17%,1017,5,2261|2051|1479|2246|2141,A,12,12,0,100.0,43.6,83.3,43.6,0,0.0,calibration,6,0,6,15,14.3,0.0,22.0,0.0,JARJARBINKS,CANDIDATE,KEEP,6A nie wymaga obecnie inwestycji,0.0,,,,,,,,,,,,,,,,,,,,,,,
5IILJh7KQ-WCyM8bVD6Q7w,263,Offense,6,Diamond,5,15,False,0,True,POSTAĆ: COMMANDERLUKESKYWALKER,27cb4nt6QFGCCRFBpdPWxA,Defense %,20%,2000,0,,Speed,21,210000,4,534150|534000|548790|398070,Offense %,5.76%,576,5,936|1181|1153|1319|1181,Defense,22,220000,2,1128960|1124000,Critical Chance %,2.08%,208,1,2087,A,12,12,0,100.0,79.4,87.5,79.4,0,0.0,calibration,6,0,6,15,25.1,0.0,38.6,0.0,JARJARBINKS,CANDIDATE,CALIBRATE,6A ma wartość lub dopasowanie uzasadniające calibration,0.0,,,,,,,,,,,,,,,,,,,,,,,
Q-6HySyJR_u-P0fwByW0Ug,263,Offense,6,Diamond,3,15,False,0,True,POSTAĆ: SECONDSISTER,Mv_cN3LOSiSmzBPPnpWsrA,Defense %,20%,2000,0,,Protection %,6.88%,688,3,1827|2745|2309,Speed,6,60000,1,569070,Offense %,3.92%,392,3,891|1647|1391,Potency %,7.27%,727,3,2092|2678|2508,C,10,10,0,100.0,68.8,100.0,68.8,0,0.0,slice,3,0,3,15,13.4,0.0,20.6,0.0,JARJARBINKS,CANDIDATE,SLICE,6-dot ma dobry profil do kolejnego rolla,0.0,,,,,,,,,,,,,,,,,,,,,,,
Z5EMaTYeRm6jr4ftasuviA,263,Offense,6,Diamond,5,15,False,0,True,POSTAĆ: GLREY,k3GClg4UTpuZsJDm2wjTDA,Defense %,20%,2000,0,,Offense,98,980000,3,2955000|3084750|3737250,Health,591,5910000,2,29232900|29878200,Speed,28,280000,5,557730|531600|572310|531480|556140,Critical Chance %,2.87%,287,2,1559|1318,A,12,12,0,100.0,74.3,93.3,74.3,0,0.0,calibration,6,0,6,15,36.2,0.0,55.7,0.0,JARJARBINKS,CANDIDATE,CALIBRATE,6A ma wartość lub dopasowanie uzasadniające calibration,0.0,,,,,,,,,,,,,,,,,,,,,,,
glWCrNfKTgOR1ufbNzIoyA,263,Offense,6,Diamond,2,15,False,0,True,POSTAĆ: AHSOKATANO,oY5lDG6jTc-UT3wXKa0YPA,Defense %,20%,2000,0,,Tenacity %,4.77%,477,2,2976|1796,Protection %,10.95%,1095,4,2979|2969|2855|2149,Potency %,1.89%,189,1,1896,Speed,11,110000,2,565440|524610,D,9,9,0,100.0,63.8,91.7,63.8,0,0.0,slice,2,0,2,15,24.6,0.0,37.9,0.0,JARJARBINKS,CANDIDATE,KEEP,brak wystarczającej wartości do kolejnego slice,0.0,,,,,,,,,,,,,,,,,,,,,,,
c6ERSGMtThy-LYtneg91HA,261,Offense,6,Square,2,15,False,0,True,POSTAĆ: SECONDSISTER,Mv_cN3LOSiSmzBPPnpWsrA,Offense %,8.5%,850,0,,Protection %,6.97%,697,3,1634|2738|2603,Speed,10,100000,2,540690|407010,Health,1291,12910000,3,44876700|52323300|31946400,Potency %,2.97%,297,1,2975,D,9,9,0,100.0,65.3,83.3,65.3,0,0.0,slice,2,0,2,15,29.0,0.0,44.7,0.0,JARJARBINKS,CANDIDATE,SLICE,6-dot ma dobry profil do kolejnego rolla,0.0,,,,,,,,,,,,,,,,,,,,,,,
dcDo-zEBTtiAiNSyFHNiRg,261,Offense,6,Square,5,15,False,0,True,POSTAĆ: COMMANDERLUKESKYWALKER,27cb4nt6QFGCCRFBpdPWxA,Offense %,8.5%,850,0,,Tenacity %,7.59%,759,3,2626|2832|2133,Speed,20,200000,4,512250|462810|427980|589680,Protection,1881,18810000,3,60301400|60503800|67344000,Critical Chance %,3.53%,353,2,1524|2005,A,12,12,0,100.0,57.0,83.3,57.0,0,0.0,calibration,6,0,6,15,27.7,0.0,42.7,0.0,JARJARBINKS,CANDIDATE,CALIBRATE,6A ma wartość lub dopasowanie uzasadniające calibration,0.0,,,,,,,,,,,,,,,,,,,,,,,
hGqL5bLTS86uChJvBE0t0w,261,Offense,6,Square,1,15,False,1,True,POSTAĆ: BENSOLO,DX_lPsDmT8ui5n9qLexVhQ,Offense %,8.5%,850,0,,Protection,462,4620000,1,46257600,Speed,6,60000,1,523890,Offense,155,1550000,4,4124250|3266000|4350750|3757750,Defense,21,210000,2,1268240|888000,E,8,8,0,100.0,68.0,100.0,68.0,0,0.0,slice,1,1,0,0,27.5,0.0,42.4,0.0,JARJARBINKS,CANDIDATE,SLICE,6-dot ma dobry profil do kolejnego rolla,0.0,,,,,,,,,,,,,,,,,,,,,,,
kuGK2A1KQduKYUvgYNt8Pg,261,Offense,6,Square,2,15,False,0,True,POSTAĆ: DEPABILLABA,ytWp8MF_Sgmq5dAEEOjNoA,Offense %,8.5%,850,0,,Speed,14,140000,3,453900|400230|540720,Potency %,6.52%,652,3,2081|2604|1838,Protection,1521,15210000,2,88789200|63388000,Health %,1.91%,191,1,1918,D,9,9,0,100.0,63.3,77.8,63.3,0,0.0,slice,2,0,2,15,27.1,0.0,41.6,0.0,JARJARBINKS,CANDIDATE,SLICE,6-dot ma dobry profil do kolejnego rolla,0.0,,,,,,,,,,,,,,,,,,,,,,,
lZbiD0koRyquT42gmNME4Q,261,Offense,6,Square,5,15,False,3,True,POSTAĆ: EPIXPOE,ftvNe6HXQwSotp8ykhi1eA,Offense %,8.5%,850,0,,Defense,39,390000,4,850000|917280|1076640|1134560,Speed,12,120000,2,512970|594540,Offense,26,260000,1,2524500,Health %,8.12%,812,5,1829|1781|1639|1837|1044,A,12,12,0,100.0,64.8,100.0,64.8,0,0.0,calibration,6,3,3,75,19.5,0.0,30.0,0.0,JARJARBINKS,CANDIDATE,CALIBRATE,6A ma wartość lub dopasowanie uzasadniające calibration,0.0,,,,,,,,,,,,,,,,,,,,,,,
y1lyxHvsR_OJckw0LtAgpg,261,Offense,6,Square,5,15,False,4,True,POSTAĆ: GLREY,k3GClg4UTpuZsJDm2wjTDA,Offense %,8.5%,850,0,,Protection,488,4880000,1,48884200,Speed,24,240000,5,553890|454050|495450|397770|462450,Offense,96,960000,3,2714250|3455000|3423500,Defense %,8.17%,817,3,2259|2309|3604,A,12,12,0,100.0,76.7,80.0,76.7,0,0.0,calibration,6,4,2,100,34.8,0.0,53.5,0.0,JARJARBINKS,CANDIDATE,CALIBRATE,6A ma wartość lub dopasowanie uzasadniające calibration,0.0,,,,,,,,,,,,,,,,,,,,,,,
CH7fdpiiRo2EEoB2x5kEgw,264,Offense,6,Triangle,5,15,False,3,True,POSTAĆ: GLREY,k3GClg4UTpuZsJDm2wjTDA,Offense %,8.5%,850,0,,Offense,139,1390000,4,3104500|3786750|2924750|4029250,Speed,15,150000,3,479430|537090|436470,Tenacity %,3.65%,365,2,2094|1560,Defense,34,340000,3,1379840|815280|1303680,A,12,12,0,100.0,65.8,83.3,65.8,0,0.0,calibration,6,3,3,75,28.9,0.0,44.4,0.0,JARJARBINKS,CANDIDATE,CALIBRATE,6A ma wartość lub dopasowanie uzasadniające calibration,0.0,,,,,,,,,,,,,,,,,,,,,,,
GaUnhN8JSRqEBbDl70wkUw,264,Offense,6,Triangle,1,15,False,0,True,POSTAĆ: DEPABILLABA,ytWp8MF_Sgmq5dAEEOjNoA,Critical Chance %,20%,2000,0,,Protection %,3.34%,334,2,1559|1787,Offense,48,480000,1,4761000,Potency %,2.69%,269,1,2690,Speed,18,180000,4,506250|501480|423750|323250,E,8,8,0,100.0,82.0,75.0,82.0,0,0.0,slice,1,0,1,15,41.0,0.0,63.1,0.0,JARJARBINKS,CANDIDATE,SLICE,6-dot ma dobry profil do kolejnego rolla,0.0,,,,,,,,,,,,,,,,,,,,,,,
cE7ee9xmTaiDhKNn2sfKlA,264,Offense,6,Triangle,2,15,False,0,True,POSTAĆ: SECONDSISTER,Mv_cN3LOSiSmzBPPnpWsrA,Critical Damage %,42%,4200,0,,Speed,16,160000,3,541830|569100|391500,Defense %,6.02%,602,2,2191|3830,Offense %,3.22%,322,2,1563|1661,Tenacity %,3.33%,333,2,1782|1548,D,9,9,0,100.0,69.8,88.9,69.8,0,0.0,slice,2,0,2,15,21.7,0.0,33.3,0.0,JARJARBINKS,CANDIDATE,SLICE,6-dot ma dobry profil do kolejnego rolla,0.0,,,,,,,,,,,,,,,,,,,,,,,
4drrFCenSyaHEfEk3gJD1Q,752,Potency,5,Arrow,1,15,False,0,False,MAGAZYN,,Health %,5.88%,588,0,,Health,333,3330000,1,33379368,Tenacity %,1.42%,142,1,1422,Potency %,1.76%,176,1,1766,Speed,5,50000,1,503070,E,4,4,0,100.0,53.0,83.3,53.0,0,0.0,slice,0,0,0,0,34.7,0.0,33.0,88.2,JARJARBINKS,CANDIDATE,KEEP,obserwuj przed wydaniem materiałów,0.0,,,,,,,,,,,,,,,,,,,,,,,
KJZqcEEoQ5uLrqppMaIrpQ,752,Potency,5,Arrow,4,15,False,0,True,POSTAĆ: C3POLEGENDARY,pM9oOUHqQReNsQRXGGZYuQ,Speed,30,300000,0,,Health %,2.46%,246,3,572|957|934,Defense,6,60000,1,639450,Tenacity %,2.2%,220,1,2205,Critical Chance %,3.45%,345,2,2203|1250,B,7,7,0,100.0,47.1,0.0,47.1,0,0.0,slice,0,0,0,0,35.2,95.1,4.5,88.2,JARJARBINKS,CANDIDATE,KEEP,wartość secondary zbyt niska,0.0,,,,,,,,,,,,,,,,,,,,,,,
O20953XqQtCGFl6Nod1Jog,752,Potency,5,Arrow,2,15,False,0,True,POSTAĆ: BISTAN,FVzu8XndQMWZzCUIC0DyKA,Speed,30,300000,0,,Defense,9,90000,1,910861,Offense,81,810000,2,4349328|3672852,Potency %,1.61%,161,1,1617,Health %,0.86%,86,1,866,D,5,5,0,100.0,60.8,0.0,60.8,0,0.0,slice,0,0,0,0,45.4,95.1,20.2,88.2,JARJARBINKS,CANDIDATE,SLICE,wartość moda lub dopasowanie do postaci uzasadnia kolejny roll,0.0,,,,,,,,,,,,,,,,,,,,,,,
OWNxIPApQjKEI-9cHr1Uhw,752,Potency,5,Arrow,2,15,False,0,True,POSTAĆ: NUTEGUNRAY,PFR4VQ6bQe2yWvcte7x62w,Speed,30,300000,0,,Health %,0.89%,89,1,894,Potency %,1.71%,171,1,1713,Offense,69,690000,2,2464908|4421376,Offense %,0.42%,42,1,420,D,5,5,0,100.0,72.4,0.0,72.4,0,0.0,slice,0,0,0,0,41.3,95.1,13.9,88.2,JARJARBINKS,CANDIDATE,SLICE,wartość moda lub dopasowanie do postaci uzasadnia kolejny roll,0.0,,,,,,,,,,,,,,,,,,,,,,,
_7tCfXyGQcStpPJuXOQzgw,752,Potency,5,Arrow,1,15,False,0,True,POSTAĆ: TUSKENSHAMAN,1m0dzfmrT_K8tP3jnyE1JA,Speed,30,300000,0,,Health,291,2910000,1,29170516,Critical Chance %,1.92%,192,1,1926,Defense %,1.43%,143,1,1431,Offense,32,320000,1,3113340,E,4,4,0,100.0,49.2,0.0,49.2,0,0.0,slice,0,0,0,0,43.1,95.1,16.7,88.2,JARJARBINKS,CANDIDATE,KEEP,wartość secondary zbyt niska,0.0,,,,,,,,,,,,,,,,,,,,,,,
cO9WGQ_aSvGGSgZxkfW4NQ,752,Potency,5,Arrow,1,15,False,0,False,MAGAZYN,,Health %,5.88%,588,0,,Protection,551,5510000,1,55172605,Tenacity %,1.57%,157,1,1577,Speed,5,50000,1,580710,Defense %,1%,100,1,1004,E,4,4,0,100.0,55.0,83.3,55.0,0,0.0,slice,0,0,0,0,35.6,0.0,34.3,88.2,JARJARBINKS,CANDIDATE,KEEP,obserwuj przed wydaniem materiałów,0.0,,,,,,,,,,,,,,,,,,,,,,,
e-d7KUoVTECIh_kP6ZQLMQ,752,Potency,5,Arrow,2,15,False,0,True,POSTAĆ: DARTHSIDIOUS,GmfB36zGSFiJfT9Uc_4R7g,Speed,30,300000,0,,Defense,14,140000,2,910420|561981,Offense,44,440000,1,4370076,Health %,0.74%,74,1,743,Defense %,0.94%,94,1,945,D,5,5,0,100.0,52.8,0.0,52.8,0,0.0,slice,0,0,0,0,44.9,95.1,19.5,88.2,JARJARBINKS,CANDIDATE,KEEP,obserwuj przed wydaniem materiałów,0.0,,,,,,,,,,,,,,,,,,,,,,,
ksEMMbm4TLSSnpSzW-L6_g,752,Potency,5,Arrow,3,15,False,0,True,POSTAĆ: B2SUPERBATTLEDROID,GH4NR0ZxSSC_msZ_Rteadg,Critical Avoidance %,24%,2400,0,,Offense %,0.88%,88,2,436|449,Critical Chance %,1.34%,134,1,1345,Defense %,2.53%,253,2,1631|905,Speed,5,50000,1,523260,C,6,6,0,100.0,65.5,83.3,65.5,0,0.0,slice,0,0,0,0,24.1,0.0,16.7,88.2,JARJARBINKS,CANDIDATE,SLICE,wartość moda lub dopasowanie do postaci uzasadnia kolejny roll,0.0,,,,,,,,,,,,,,,,,,,,,,,
n89exxmkSCGHuTeBVVGRmQ,752,Potency,5,Arrow,1,15,False,0,True,POSTAĆ: FIRSTORDEROFFICERMALE,ogMbke6zQ4yH_trrtMP3tw,Speed,30,300000,0,,Defense %,0.9%,90,1,903,Offense,37,370000,1,3649140,Offense %,0.45%,45,1,459,Health %,0.64%,64,1,649,E,4,4,0,100.0,72.0,0.0,72.0,0,0.0,slice,0,0,0,0,37.9,95.1,8.7,88.2,JARJARBINKS,CANDIDATE,SLICE,wartość moda lub dopasowanie do postaci uzasadnia kolejny roll,0.0,,,,,,,,,,,,,,,,,,,,,,,
nWwHTIPNR6WTX7NVaOG6JA,752,Potency,5,Arrow,1,15,False,0,False,MAGAZYN,,Health %,5.88%,588,0,,Offense,26,260000,1,2540376,Speed,5,50000,1,569820,Protection,710,7100000,1,71086901,Protection %,2.09%,209,1,2097,E,4,4,0,100.0,75.0,83.3,75.0,0,0.0,slice,0,0,0,0,46.9,0.0,51.8,88.2,JARJARBINKS,CANDIDATE,SLICE,wartość moda lub dopasowanie do postaci uzasadnia kolejny roll,0.0,,,,,,,,,,,,,,,,,,,,,,,
y1Ng9NwnQte08jJttvERSg,752,Potency,5,Arrow,3,15,False,0,True,POSTAĆ: T3_M4,JjJ2-au6STuNxPqAaXFFTg,Speed,30,300000,0,,Offense %,0.88%,88,2,343|540,Critical Chance %,3.88%,388,2,1762|2123,Protection %,1.53%,153,1,1536,Defense,7,70000,1,764155,C,6,6,0,100.0,56.3,0.0,56.3,0,0.0,slice,0,0,0,0,39.5,95.1,11.1,88.2,JARJARBINKS,CANDIDATE,KEEP,obserwuj przed wydaniem materiałów,0.0,,,,,,,,,,,,,,,,,,,,,,,
zFuOG8xdQgW4vnSHOV2F0g,752,Potency,5,Arrow,1,15,False,0,True,POSTAĆ: GARSAXON,QZn6SLwUQ9iwlQD3Kn-yHA,Speed,30,300000,0,,Defense %,1.55%,155,1,1550,Critical Chance %,2.17%,217,1,2170,Health %,1.11%,111,1,1116,Offense %,0.47%,47,1,470,E,4,4,0,100.0,57.8,0.0,57.8,0,0.0,slice,0,0,0,0,32.3,95.1,0.0,88.2,JARJARBINKS,CANDIDATE,KEEP,obserwuj przed wydaniem materiałów,0.0,,,,,,,,,,,,,,,,,,,,,,,
YiJr4tpISH633zgLakeDFw,752,Potency,5,Arrow,2,9,False,0,False,MAGAZYN,,Health %,3.63%,363,0,,Offense,40,400000,1,3993876,Defense,4,40000,1,492891,Tenacity %,2.03%,203,1,2038,Speed,5,50000,1,500700,D,4,5,1,100.0,61.5,83.3,69.2,7.7,0.0,upgrade,0,0,0,0,40.2,0.0,41.5,88.2,JARJARBINKS,CANDIDATE,UPGRADE,nieujawnione wszystkie secondary,0.0,,,,,,,,,,,,,,,,,,,,,,,
1mwRwTVbR3qYbi--7-RDKA,752,Potency,5,Arrow,4,1,True,0,True,POSTAĆ: TEEBO,7pB0l96bRK-HaMexDVMrTg,Speed,4,40000,0,,Health,256,2560000,1,25683855,Protection,698,6980000,1,69890837,Defense,6,60000,1,610246,,,,0,,B,3,7,4,100.0,43.3,0.0,46.0,2.7,0.0,upgrade,0,0,0,0,54.1,95.1,33.6,88.2,JARJARBINKS,CANDIDATE,UPGRADE,nieujawnione wszystkie secondary,0.0,,,,,,,,,,,,,,,,,,,,,,,
5sdeUHeKSd6-hXX9CwLSFg,752,Potency,5,Arrow,3,1,False,0,False,MAGAZYN,,Critical Avoidance %,3%,300,0,,Critical Chance %,1.89%,189,1,1898,Speed,5,50000,1,545550,,,,0,,,,,0,,C,2,6,4,100.0,62.5,83.3,87.5,25.0,0.0,upgrade,0,0,0,0,45.7,0.0,50.0,88.2,JARJARBINKS,CANDIDATE,UPGRADE,nieujawnione wszystkie secondary,0.0,,,,,,,,,,,,,,,,,,,,,,,
A5peSMm5Q32mjohdpXkimQ,752,Potency,5,Arrow,4,1,False,0,False,MAGAZYN,,Offense %,0.63%,63,0,,Defense,8,80000,1,862498,Protection,650,6500000,1,65085816,Speed,5,50000,1,541770,,,,0,,B,3,7,4,100.0,60.7,83.3,83.1,22.5,0.0,upgrade,0,0,0,0,49.8,0.0,56.2,88.2,JARJARBINKS,CANDIDATE,UPGRADE,nieujawnione wszystkie secondary,0.0,,,,,,,,,,,,,,,,,,,,,,,
CmVIBXgzREGuhDj_3Nb6oA,752,Potency,5,Arrow,1,1,False,0,False,MAGAZYN,,Speed,4,40000,0,,,,,0,,,,,0,,,,,0,,,,,0,,E,0,4,4,0.0,0.0,0.0,0.0,0,0.0,upgrade,0,0,0,0,32.3,95.1,0.0,88.2,JARJARBINKS,CANDIDATE,UPGRADE,nieujawnione wszystkie secondary,0.0,,,,,,,,,,,,,,,,,,,,,,,
EkwRlQK3SyGWuUcef7Bw4g,752,Potency,5,Arrow,2,1,False,0,False,MAGAZYN,,Health %,0.63%,63,0,,Speed,5,50000,1,533370,,,,0,,,,,0,,,,,0,,D,1,5,4,100.0,100.0,83.3,100.0,0,0.0,upgrade,0,0,0,0,78.2,0.0,100.0,88.2,JARJARBINKS,CANDIDATE,UPGRADE,nieujawnione wszystkie secondary,0.0,,,,,,,,,,,,,,,,,,,,,,,
EwmalbGCRCmKN1-9oCl2CA,752,Potency,5,Arrow,5,1,False,0,False,MAGAZYN,,Offense %,0.63%,63,0,,Speed,5,50000,1,598560,Critical Chance %,1.28%,128,1,1285,Tenacity %,1.25%,125,1,1251,Defense %,1%,100,1,1005,A,4,8,4,100.0,49.2,83.3,74.6,25.4,27.3,upgrade,0,0,0,0,29.5,0.0,25.0,88.2,JARJARBINKS,CANDIDATE,UPGRADE,nieujawnione wszystkie secondary,0.0,,,,,,,,,,,,,,,,,,,,,,,
FGSGbw0cTvilKzpYmYVxjQ,752,Potency,5,Arrow,5,1,False,0,False,MAGAZYN,,Health %,0.63%,63,0,,Critical Chance %,1.28%,128,1,1284,Speed,5,50000,1,516480,Defense %,1.54%,154,1,1540,Defense,7,70000,1,764351,A,4,8,4,100.0,50.2,83.3,75.1,24.9,51.1,upgrade,0,0,0,0,34.6,0.0,32.8,88.2,JARJARBINKS,CANDIDATE,UPGRADE,nieujawnione wszystkie secondary,0.0,,,,,,,,,,,,,,,,,,,,,,,
IDd0KvTMRnihaaM3-yzJFg,752,Potency,5,Arrow,4,1,False,0,False,MAGAZYN,,Protection %,2.5%,250,0,,Critical Chance %,2.2%,220,1,2203,Speed,5,50000,1,501570,Protection,532,5320000,1,53295449,,,,0,,B,3,7,4,100.0,57.7,83.3,81.9,24.2,0.0,upgrade,0,0,0,0,43.0,0.0,45.8,88.2,JARJARBINKS,CANDIDATE,UPGRADE,nieujawnione wszystkie secondary,0.0,,,,,,,,,,,,,,,,,,,,,,,
OVWB4FD_SGqDnSgjgpAxUw,752,Potency,5,Arrow,2,1,False,0,True,POSTAĆ: POE,UUEWhpzxRHSHN7A30aRySg,Speed,4,40000,0,,Tenacity %,1.7%,170,1,1703,,,,0,,,,,0,,,,,0,,D,1,5,4,100.0,30.0,0.0,30.0,0,0.0,upgrade,0,0,0,0,32.3,95.1,0.0,88.2,JARJARBINKS,CANDIDATE,UPGRADE,nieujawnione wszystkie secondary,0.0,,,,,,,,,,,,,,,,,,,,,,,
RfY6fPxxRom1KKj4Vq8w-A,752,Potency,5,Arrow,1,1,False,0,True,POSTAĆ: NIGHTSISTERSPIRIT,GcY6vIpnS8W6GE0IWWNSMg,Speed,4,40000,0,,,,,0,,,,,0,,,,,0,,,,,0,,E,0,4,4,0.0,0.0,0.0,0.0,0,0.0,upgrade,0,0,0,0,32.3,95.1,0.0,88.2,JARJARBINKS,CANDIDATE,UPGRADE,nieujawnione wszystkie secondary,0.0,,,,,,,,,,,,,,,,,,,,,,,
bSSKGUuBQ0aZPnrkEu_8SA,752,Potency,5,Arrow,4,1,False,0,True,POSTAĆ: OLDBENKENOBI,MoOuSI5CQjSQr9fw_QqA2A,Speed,4,40000,0,,Protection %,1.63%,163,1,1637,Potency %,2.15%,215,1,2157,Health %,0.89%,89,1,899,,,,0,,B,3,7,4,100.0,58.7,0.0,66.3,7.6,0.0,upgrade,0,0,0,0,39.9,95.1,11.7,88.2,JARJARBINKS,CANDIDATE,UPGRADE,nieujawnione wszystkie secondary,0.0,,,,,,,,,,,,,,,,,,,,,,,
dEiON4RMSB-KKdT0Xq7-9Q,752,Potency,5,Arrow,1,1,False,0,False,MAGAZYN,,Speed,4,40000,0,,,,,0,,,,,0,,,,,0,,,,,0,,E,0,4,4,0.0,0.0,0.0,0.0,0,0.0,upgrade,0,0,0,0,32.3,95.1,0.0,88.2,JARJARBINKS,CANDIDATE,UPGRADE,nieujawnione wszystkie secondary,0.0,,,,,,,,,,,,,,,,,,,,,,,
defyqImiRSetve6bj9hXUw,752,Potency,5,Arrow,5,1,False,0,False,MAGAZYN,,Speed,4,40000,0,,Health,363,3630000,1,36330279,Potency %,2.03%,203,1,2039,Defense %,1.38%,138,1,1386,Health %,1.1%,110,1,1101,A,4,8,4,100.0,49.0,0.0,60.5,11.5,76.9,upgrade,0,0,0,0,37.5,95.1,8.0,88.2,JARJARBINKS,CANDIDATE,UPGRADE,nieujawnione wszystkie secondary,0.0,,,,,,,,,,,,,,,,,,,,,,,
hkEzw2ogT-WFq1xIAfXkTA,752,Potency,5,Arrow,1,1,False,0,False,MAGAZYN,,Speed,4,40000,0,,,,,0,,,,,0,,,,,0,,,,,0,,E,0,4,4,0.0,0.0,0.0,0.0,0,0.0,upgrade,0,0,0,0,32.3,95.1,0.0,88.2,JARJARBINKS,CANDIDATE,UPGRADE,nieujawnione wszystkie secondary,0.0,,,,,,,,,,,,,,,,,,,,,,,
hnLTCMOJR0-IlyePWyCQKQ,752,Potency,5,Arrow,5,1,False,0,False,MAGAZYN,,Health %,0.63%,63,0,,Offense %,0.28%,28,1,282,Speed,5,50000,1,536460,Offense,38,380000,1,3724608,Potency %,2%,200,1,2002,A,4,8,4,100.0,77.0,83.3,88.5,11.5,52.8,upgrade,0,0,0,0,35.1,0.0,33.7,88.2,JARJARBINKS,CANDIDATE,UPGRADE,nieujawnione wszystkie secondary,0.0,,,,,,,,,,,,,,,,,,,,,,,
hpzBkgAGRMyiaVeLeP6sXA,752,Potency,5,Arrow,5,1,False,0,False,MAGAZYN,,Speed,4,40000,0,,Protection %,1.77%,177,1,1774,Defense,6,60000,1,668899,Offense,33,330000,1,3254472,Tenacity %,1.34%,134,1,1340,A,4,8,4,100.0,54.0,0.0,68.0,14.0,35.9,upgrade,0,0,0,0,48.7,95.1,25.3,88.2,JARJARBINKS,CANDIDATE,UPGRADE,nieujawnione wszystkie secondary,0.0,,,,,,,,,,,,,,,,,,,,,,,
icie9L48Q22QHQcChry8QA,752,Potency,5,Arrow,1,1,False,0,False,MAGAZYN,,Speed,4,40000,0,,,,,0,,,,,0,,,,,0,,,,,0,,E,0,4,4,0.0,0.0,0.0,0.0,0,0.0,upgrade,0,0,0,0,32.3,95.1,0.0,88.2,JARJARBINKS,CANDIDATE,UPGRADE,nieujawnione wszystkie secondary,0.0,,,,,,,,,,,,,,,,,,,,,,,
lhzQQYCiTNyiT1OOcK6weA,752,Potency,5,Arrow,1,1,False,0,True,POSTAĆ: BOUSHH,BjneizhDSs6Mt1ltvIoDiw,Speed,4,40000,0,,,,,0,,,,,0,,,,,0,,,,,0,,E,0,4,4,0.0,0.0,0.0,0.0,0,0.0,upgrade,0,0,0,0,32.3,95.1,0.0,88.2,JARJARBINKS,CANDIDATE,UPGRADE,nieujawnione wszystkie secondary,0.0,,,,,,,,,,,,,,,,,,,,,,,
nCXhJU_HQjm46ENBza_qOQ,752,Potency,5,Arrow,5,1,False,0,False,MAGAZYN,,Speed,4,40000,0,,Protection,419,4190000,1,41920382,Potency %,1.35%,135,1,1359,Critical Chance %,1.82%,182,1,1828,Health %,0.99%,99,1,990,A,4,8,4,100.0,44.8,0.0,58.4,13.6,39.7,upgrade,0,0,0,0,38.3,95.1,9.3,88.2,JARJARBINKS,CANDIDATE,UPGRADE,nieujawnione wszystkie secondary,0.0,,,,,,,,,,,,,,,,,,,,,,,
uAwKOqz7RsKG1YHktLMa7A,752,Potency,5,Arrow,3,1,False,0,True,POSTAĆ: IMPERIALPROBEDROID,UYmgTdouSrS8VboRIomrtw,Speed,4,40000,0,,Defense %,1.13%,113,1,1139,Tenacity %,1.51%,151,1,1511,,,,0,,,,,0,,C,2,6,4,100.0,36.0,0.0,40.0,4.0,0.0,upgrade,0,0,0,0,32.3,95.1,0.0,88.2,JARJARBINKS,CANDIDATE,UPGRADE,nieujawnione wszystkie secondary,0.0,,,,,,,,,,,,,,,,,,,,,,,
wgJn6NmHRgqoVKGdmITnhg,752,Potency,5,Arrow,5,1,False,0,True,POSTAĆ: MOTHERTALZIN,-6RSWKS_Qt-i4AoohGXimA,Speed,4,40000,0,,Health,321,3210000,1,32117141,Defense %,0.9%,90,1,903,Tenacity %,1.17%,117,1,1178,Offense %,0.49%,49,1,491,A,4,8,4,100.0,53.0,0.0,72.5,19.5,33.4,upgrade,0,0,0,0,37.5,95.1,8.0,88.2,JARJARBINKS,CANDIDATE,UPGRADE,nieujawnione wszystkie secondary,0.0,,,,,,,,,,,,,,,,,,,,,,,
y4VzE3CSRZKgaLd2lkuoRA,752,Potency,5,Arrow,1,1,False,0,True,POSTAĆ: RESISTANCEPILOT,Z6ZsQzmNQsy8cyZcSNKuTQ,Speed,4,40000,0,,,,,0,,,,,0,,,,,0,,,,,0,,E,0,4,4,0.0,0.0,0.0,0.0,0,0.0,upgrade,0,0,0,0,32.3,95.1,0.0,88.2,JARJARBINKS,CANDIDATE,UPGRADE,nieujawnione wszystkie secondary,0.0,,,,,,,,,,,,,,,,,,,,,,,
yDxHOQweRjyTPNfXSZCgBQ,752,Potency,5,Arrow,4,1,False,0,True,POSTAĆ: DISGUISEDCLONETROOPER,a0jCiVupS9u2cch-0qWa1w,Speed,4,40000,0,,Defense %,1%,100,1,1004,Critical Chance %,1.29%,129,1,1297,Tenacity %,1.54%,154,1,1548,,,,0,,B,3,7,4,100.0,32.3,0.0,37.9,5.5,0.0,upgrade,0,0,0,0,32.3,95.1,0.0,88.2,JARJARBINKS,CANDIDATE,UPGRADE,nieujawnione wszystkie secondary,0.0,,,,,,,,,,,,,,,,,,,,,,,
yhUCoqkuSnGoINih91zcFg,752,Potency,5,Arrow,1,1,False,0,True,POSTAĆ: IMPERIALSUPERCOMMANDO,glyFbUVxTVOa7YXvUXfgsQ,Speed,4,40000,0,,,,,0,,,,,0,,,,,0,,,,,0,,E,0,4,4,0.0,0.0,0.0,0.0,0,0.0,upgrade,0,0,0,0,32.3,95.1,0.0,88.2,JARJARBINKS,CANDIDATE,UPGRADE,nieujawnione wszystkie secondary,0.0,,,,,,,,,,,,,,,,,,,,,,,
1A0LqZWGT4WExuQhAk9g1g,755,Potency,5,Circle,1,15,True,0,True,POSTAĆ: TEEBO,7pB0l96bRK-HaMexDVMrTg,Protection %,23.5%,2350,0,,Speed,5,50000,1,587550,Tenacity %,1.7%,170,1,1703,Offense,26,260000,1,2549268,Potency %,1.37%,137,1,1376,E,4,4,0,100.0,61.5,83.3,61.5,0,0.0,slice,0,0,0,0,35.1,0.0,33.7,88.2,JARJARBINKS,CANDIDATE,SLICE,wartość moda lub dopasowanie do postaci uzasadnia kolejny roll,0.0,,,,,,,,,,,,,,,,,,,,,,,
E3oecnaURVq1ZIB-mlezKQ,755,Potency,5,Circle,1,15,False,0,False,MAGAZYN,,Health %,5.88%,588,0,,Speed,5,50000,1,566520,Offense %,0.31%,31,1,311,Protection,681,6810000,1,68134118,Health,252,2520000,1,25283114,E,4,4,0,100.0,72.0,83.3,72.0,0,0.0,slice,0,0,0,0,40.8,0.0,42.4,88.2,JARJARBINKS,CANDIDATE,SLICE,wartość moda lub dopasowanie do postaci uzasadnia kolejny roll,0.0,,,,,,,,,,,,,,,,,,,,,,,
McZV18ldTq61jwx1-FAaEw,755,Potency,5,Circle,5,15,False,0,True,POSTAĆ: EPIXPOE,ftvNe6HXQwSotp8ykhi1eA,Health %,5.88%,588,0,,Offense %,1.25%,125,3,329|369|555,Protection,2109,21090000,3,45952945|82582405|82461968,Protection %,1.62%,162,1,1625,Speed,5,50000,1,513390,A,8,8,0,100.0,73.8,83.3,73.8,0,57.8,6-dot,0,0,0,0,33.3,0.0,30.9,88.2,JARJARBINKS,CANDIDATE,SLICE_6E,5A ma wystarczającą wartość lub dopasowanie do postaci,0.0,,,,,,,,,,,,,,,,,,,,,,,
_TxuPm4zQlyNo02qvTYQ4w,755,Potency,5,Circle,1,15,False,0,True,POSTAĆ: ZAMWESELL,Nbq45D5tRcWX3Sq3C2ALRQ,Protection %,23.5%,2350,0,,Defense %,0.85%,85,1,858,Speed,5,50000,1,505380,Offense %,0.48%,48,1,486,Offense,30,300000,1,2989536,E,4,4,0,100.0,79.0,83.3,79.0,0,0.0,slice,0,0,0,0,35.1,0.0,33.7,88.2,JARJARBINKS,CANDIDATE,SLICE,wartość moda lub dopasowanie do postaci uzasadnia kolejny roll,0.0,,,,,,,,,,,,,,,,,,,,,,,
hPGzjctdTjG8azVwO0NoYw,755,Potency,5,Circle,3,15,False,0,True,POSTAĆ: B2SUPERBATTLEDROID,GH4NR0ZxSSC_msZ_Rteadg,Protection %,23.5%,2350,0,,Tenacity %,1.5%,150,1,1506,Health %,1.89%,189,2,1121|769,Speed,11,110000,2,589500|544680,Protection,731,7310000,1,73117718,C,6,6,0,100.0,70.3,91.7,70.3,0,0.0,slice,0,0,0,0,38.9,0.0,39.6,88.2,JARJARBINKS,CANDIDATE,SLICE,wartość moda lub dopasowanie do postaci uzasadnia kolejny roll,0.0,,,,,,,,,,,,,,,,,,,,,,,
rjc6GFMgQhObwy96iD42QQ,755,Potency,5,Circle,1,15,False,0,True,POSTAĆ: CORUSCANTUNDERWORLDPOLICE,l4W95yMkRci4SwS5eE2Fqw,Health %,5.88%,588,0,,Speed,5,50000,1,562020,Protection %,1.99%,199,1,1991,Health,358,3580000,1,35858819,Defense %,1.05%,105,1,1053,E,4,4,0,100.0,65.0,83.3,65.0,0,0.0,slice,0,0,0,0,40.4,0.0,41.8,88.2,JARJARBINKS,CANDIDATE,SLICE,wartość moda lub dopasowanie do postaci uzasadnia kolejny roll,0.0,,,,,,,,,,,,,,,,,,,,,,,
sDidG1lDSM6KmzBeeKwKng,755,Potency,5,Circle,1,15,False,0,True,POSTAĆ: SCOUTTROOPER_V3,EwvhlHGbS_a4Gk-O1KIWgg,Protection %,23.5%,2350,0,,Tenacity %,1.89%,189,1,1899,Speed,5,50000,1,500640,Offense %,0.47%,47,1,470,Defense %,0.92%,92,1,921,E,4,4,0,100.0,66.0,83.3,66.0,0,0.0,slice,0,0,0,0,29.5,0.0,25.0,88.2,JARJARBINKS,CANDIDATE,SLICE,wartość moda lub dopasowanie do postaci uzasadnia kolejny roll,0.0,,,,,,,,,,,,,,,,,,,,,,,
tER44FKRRtq2ZwPhtrH6JA,755,Potency,5,Circle,1,15,False,0,False,MAGAZYN,,Health %,5.88%,588,0,,Health,360,3600000,1,36036688,Speed,5,50000,1,580560,Protection,766,7660000,1,76676839,Tenacity %,1.61%,161,1,1611,E,4,4,0,100.0,56.5,83.3,56.5,0,0.0,slice,0,0,0,0,40.8,0.0,42.4,88.2,JARJARBINKS,CANDIDATE,KEEP,obserwuj przed wydaniem materiałów,0.0,,,,,,,,,,,,,,,,,,,,,,,
v_DsWx_8QaOLRX9FrePfYQ,755,Potency,5,Circle,5,15,False,0,True,POSTAĆ: JARJARBINKS,xD7HYU-mSqOMqbg1Rllnug,Protection %,23.5%,2350,0,,Critical Chance %,1.16%,116,1,1162,Health %,0.78%,78,1,785,Potency %,3.12%,312,2,1714|1407,Speed,15,150000,4,306810|329160|497880|403530,A,8,8,0,100.0,70.6,62.5,70.6,0,27.4,6-dot,0,0,0,0,45.7,0.0,50.0,88.2,JARJARBINKS,TARGET,SLICE_6E,5A ma wystarczającą wartość lub dopasowanie do postaci,0.0,,,,,,,,,,,,,,,,,,,,,,,
y3itIHIrSQ66Nq1bKpFA_w,755,Potency,5,Circle,1,15,False,0,True,POSTAĆ: BADBATCHTECH,nNIk-ArfQOGjLeDwoFLmaA,Protection %,23.5%,2350,0,,Critical Chance %,1.67%,167,1,1671,Health,356,3560000,1,35618803,Protection,611,6110000,1,61194455,Speed,5,50000,1,566340,E,4,4,0,100.0,55.2,83.3,55.2,0,0.0,slice,0,0,0,0,40.8,0.0,42.4,88.2,JARJARBINKS,CANDIDATE,KEEP,obserwuj przed wydaniem materiałów,0.0,,,,,,,,,,,,,,,,,,,,,,,
ZkJucJjmSxyKEt4cahdI5g,755,Potency,5,Circle,2,9,False,0,True,POSTAĆ: BISTAN,FVzu8XndQMWZzCUIC0DyKA,Protection %,14.5%,1450,0,,Defense,5,50000,1,568694,Potency %,1.24%,124,1,1242,Health,286,2860000,1,28688341,Offense %,0.44%,44,1,441,D,4,5,1,100.0,52.0,0.0,60.0,8.0,0.0,upgrade,0,0,0,0,23.5,0.0,15.9,88.2,JARJARBINKS,CANDIDATE,UPGRADE,nieujawnione wszystkie secondary,0.0,,,,,,,,,,,,,,,,,,,,,,,
bhYmanbBTDKTUsWGi-nyGQ,755,Potency,5,Circle,3,6,False,0,True,POSTAĆ: COUNTDOOKU,3FSz0CMSTUerWQQH0wxk5A,Protection %,10%,1000,0,,Critical Chance %,2.1%,210,1,2100,Protection,458,4580000,1,45803437,Speed,5,50000,1,540630,Offense %,0.53%,53,1,534,C,4,6,2,100.0,66.2,83.3,77.5,11.3,0.0,upgrade,0,0,0,0,35.6,0.0,34.3,88.2,JARJARBINKS,CANDIDATE,UPGRADE,nieujawnione wszystkie secondary,0.0,,,,,,,,,,,,,,,,,,,,,,,
m9oO7nl8RTyIO5_2Ukpj1w,755,Potency,5,Circle,3,6,False,0,True,POSTAĆ: POE,UUEWhpzxRHSHN7A30aRySg,Protection %,10%,1000,0,,Critical Chance %,2.24%,224,1,2246,Potency %,1.81%,181,1,1813,Health,243,2430000,1,24368053,Speed,5,50000,1,519780,C,4,6,2,100.0,51.7,83.3,67.8,16.1,0.0,upgrade,0,0,0,0,34.7,0.0,33.0,88.2,JARJARBINKS,CANDIDATE,UPGRADE,nieujawnione wszystkie secondary,0.0,,,,,,,,,,,,,,,,,,,,,,,
qBUmCpRlTACndRdbGGfH6A,755,Potency,5,Circle,4,3,False,0,True,POSTAĆ: IDENVERSIOEMPIRE,sr_nh4YITPmLdZfkcE52Sg,Health %,1.38%,138,0,,Protection,693,6930000,1,69317723,Critical Chance %,1.23%,123,1,1236,Tenacity %,1.46%,146,1,1467,Speed,5,50000,1,580800,B,4,7,3,100.0,50.7,83.3,71.9,21.1,0.0,upgrade,0,0,0,0,35.6,0.0,34.3,88.2,JARJARBINKS,CANDIDATE,UPGRADE,nieujawnione wszystkie secondary,0.0,,,,,,,,,,,,,,,,,,,,,,,
Nq7ppoRZRx-RfQG8uObEaw,755,Potency,5,Circle,2,1,False,0,False,MAGAZYN,,Health %,0.63%,63,0,,Speed,5,50000,1,528090,,,,0,,,,,0,,,,,0,,D,1,5,4,100.0,100.0,83.3,100.0,0,0.0,upgrade,0,0,0,0,78.2,0.0,100.0,88.2,JARJARBINKS,CANDIDATE,UPGRADE,nieujawnione wszystkie secondary,0.0,,,,,,,,,,,,,,,,,,,,,,,
R_kAPcwjRPGlYRlPdVFFaA,755,Potency,5,Circle,4,1,False,0,True,POSTAĆ: MARROK,DC1h1YfjTMWLihdoiSJ0nw,Health %,0.63%,63,0,,Protection %,2.03%,203,1,2032,Health,256,2560000,1,25647424,Speed,5,50000,1,520590,,,,0,,B,3,7,4,100.0,72.7,83.3,88.3,15.6,0.0,upgrade,0,0,0,0,49.5,0.0,55.8,88.2,JARJARBINKS,CANDIDATE,UPGRADE,nieujawnione wszystkie secondary,0.0,,,,,,,,,,,,,,,,,,,,,,,
VusymyikRv2dmFDEVZLByg,755,Potency,5,Circle,4,1,False,0,False,MAGAZYN,,Health %,0.63%,63,0,,Speed,5,50000,1,596370,Protection %,1.23%,123,1,1239,Defense %,0.96%,96,1,965,,,,0,,B,3,7,4,100.0,70.7,83.3,87.4,16.8,0.0,upgrade,0,0,0,0,42.5,0.0,45.1,88.2,JARJARBINKS,CANDIDATE,UPGRADE,nieujawnione wszystkie secondary,0.0,,,,,,,,,,,,,,,,,,,,,,,
_WRSeqqnRTOh_GC5Oc_GwA,755,Potency,5,Circle,2,1,False,0,False,MAGAZYN,,Health %,0.63%,63,0,,Speed,5,50000,1,520170,,,,0,,,,,0,,,,,0,,D,1,5,4,100.0,100.0,83.3,100.0,0,0.0,upgrade,0,0,0,0,78.2,0.0,100.0,88.2,JARJARBINKS,CANDIDATE,UPGRADE,nieujawnione wszystkie secondary,0.0,,,,,,,,,,,,,,,,,,,,,,,
qq3aHRT_R32fC4gNJiF8ig,755,Potency,5,Circle,5,1,False,0,False,MAGAZYN,,Health %,0.63%,63,0,,Offense %,0.3%,30,1,301,Protection %,1.88%,188,1,1885,Speed,5,50000,1,530340,Protection,438,4380000,1,43809997,A,4,8,4,100.0,77.5,83.3,88.8,11.2,36.5,upgrade,0,0,0,0,41.3,0.0,43.1,88.2,JARJARBINKS,CANDIDATE,UPGRADE,nieujawnione wszystkie secondary,0.0,,,,,,,,,,,,,,,,,,,,,,,
rRGaxmcHS0i0hFqpEUCC1w,755,Potency,5,Circle,2,1,False,0,False,MAGAZYN,,Health %,0.63%,63,0,,Speed,5,50000,1,573540,,,,0,,,,,0,,,,,0,,D,1,5,4,100.0,100.0,83.3,100.0,0,0.0,upgrade,0,0,0,0,78.2,0.0,100.0,88.2,JARJARBINKS,CANDIDATE,UPGRADE,nieujawnione wszystkie secondary,0.0,,,,,,,,,,,,,,,,,,,,,,,
zxPmv7qCSNmhodr5uSnaHg,755,Potency,5,Circle,5,1,False,0,False,MAGAZYN,,Health %,0.63%,63,0,,Offense %,0.36%,36,1,363,Speed,5,50000,1,503400,Protection %,2.05%,205,1,2057,Defense %,1.19%,119,1,1199,A,4,8,4,100.0,76.0,83.3,88.0,12.0,54.2,upgrade,0,0,0,0,35.2,0.0,33.8,88.2,JARJARBINKS,CANDIDATE,UPGRADE,nieujawnione wszystkie secondary,0.0,,,,,,,,,,,,,,,,,,,,,,,
6Iq5iArcRSiRXlSVFviI-w,756,Potency,5,Cross,1,15,False,0,False,MAGAZYN,,Tenacity %,24%,2400,0,,Speed,5,50000,1,521700,Health,368,3680000,1,36881030,Potency %,1.95%,195,1,1950,Health %,0.89%,89,1,897,E,4,4,0,100.0,63.5,83.3,63.5,0,0.0,slice,0,0,0,0,34.7,0.0,33.0,88.2,JARJARBINKS,CANDIDATE,SLICE,wartość moda lub dopasowanie do postaci uzasadnia kolejny roll,0.0,,,,,,,,,,,,,,,,,,,,,,,
8FuA-Xv7S32aURc8Z-KFcw,756,Potency,5,Cross,1,15,False,0,False,MAGAZYN,,Tenacity %,24%,2400,0,,Critical Chance %,1.93%,193,1,1932,Potency %,2.19%,219,1,2196,Speed,5,50000,1,532950,Defense,8,80000,1,850738,E,4,4,0,100.0,48.3,83.3,48.3,0,0.0,slice,0,0,0,0,34.6,0.0,32.8,88.2,JARJARBINKS,CANDIDATE,KEEP,wartość secondary zbyt niska,0.0,,,,,,,,,,,,,,,,,,,,,,,
9gnNslYvTPeuiQjtA1a3xg,756,Potency,5,Cross,1,15,False,0,False,MAGAZYN,,Health %,5.88%,588,0,,Speed,5,50000,1,504300,Offense %,0.32%,32,1,326,Offense,32,320000,1,3133404,Health,223,2230000,1,22300058,E,4,4,0,100.0,80.5,83.3,80.5,0,0.0,slice,0,0,0,0,40.3,0.0,41.7,88.2,JARJARBINKS,CANDIDATE,PATCH,PATCH AAYLASECURA; zachowanie setu Potency,7.6,HwXF5YR4QKatx2787JKZvQ,SAFE,RS9O5t5dSA2YiqfvgQojGw,AAYLASECURA,Cross,JARJARBINKS:Cross,1,2,MOD: AAYLASECURA -> JARJARBINKS; PATCH: MAGAZYN -> AAYLASECURA,7.6,,,,,,,,,,,,,
ExpIeLXKQJeY2TG1Nhoc6A,756,Potency,5,Cross,1,15,False,0,False,MAGAZYN,,Health %,5.88%,588,0,,Defense %,1.49%,149,1,1492,Speed,5,50000,1,564570,Health,244,2440000,1,24481632,Critical Chance %,1.45%,145,1,1459,E,4,4,0,100.0,53.8,83.3,53.8,0,0.0,slice,0,0,0,0,34.7,0.0,33.0,88.2,JARJARBINKS,CANDIDATE,KEEP,obserwuj przed wydaniem materiałów,0.0,,,,,,,,,,,,,,,,,,,,,,,
Fi31hmSBQ3mEz4NOiSK9WA,756,Potency,5,Cross,1,15,False,0,False,MAGAZYN,,Health %,5.88%,588,0,,Speed,5,50000,1,526770,Offense,35,350000,1,3446448,Protection,816,8160000,1,81668745,Protection %,1.61%,161,1,1613,E,4,4,0,100.0,75.0,83.3,75.0,0,0.0,slice,0,0,0,0,46.9,0.0,51.8,88.2,JARJARBINKS,CANDIDATE,SLICE,wartość moda lub dopasowanie do postaci uzasadnia kolejny roll,0.0,,,,,,,,,,,,,,,,,,,,,,,
HwXF5YR4QKatx2787JKZvQ,756,Potency,5,Cross,5,15,False,0,True,POSTAĆ: AAYLASECURA,RS9O5t5dSA2YiqfvgQojGw,Potency %,24%,2400,0,,Protection %,4.87%,487,3,1617|1484|1769,Critical Chance %,1.24%,124,1,1245,Health,235,2350000,1,23506567,Speed,15,150000,3,568560|470460|535080,A,8,8,0,100.0,72.9,83.3,72.9,0,44.1,6-dot,0,0,0,0,48.8,0.0,54.7,88.2,JARJARBINKS,CANDIDATE,REPLACE,"BEZPIECZNY ŁAŃCUCH; najpierw MOD bezpośrednio do celu, potem PATCH-y w kolejności zależności",0.0,,SAFE,,,,JARJARBINKS:Cross,,2,MOD: AAYLASECURA -> JARJARBINKS; PATCH: MAGAZYN -> AAYLASECURA,,JARJARBINKS,48.8,357.8,320.2,37.64,197.4,160.4,POSTAĆ: AAYLASECURA,True,48.8,160.4,37.64,7.6
KLzSPk7mRuu5RkrOAsQYDg,756,Potency,5,Cross,2,15,False,0,True,POSTAĆ: BISTAN,FVzu8XndQMWZzCUIC0DyKA,Potency %,24%,2400,0,,Speed,5,50000,1,514860,Tenacity %,1.7%,170,1,1702,Health %,1.11%,111,1,1118,Protection %,3.81%,381,2,1847|1969,D,5,5,0,100.0,68.4,83.3,68.4,0,0.0,slice,0,0,0,0,35.4,0.0,34.1,88.2,JARJARBINKS,CANDIDATE,SLICE,wartość moda lub dopasowanie do postaci uzasadnia kolejny roll,0.0,,,,,,,,,,,,,,,,,,,,,,,
Mf_JdZKNRyi96DG_0xfARQ,756,Potency,5,Cross,2,15,False,0,True,POSTAĆ: LOGRAY,GuFNgN4vTyCd6RkM9gKvUQ,Potency %,24%,2400,0,,Offense,33,330000,1,3253560,Health %,0.87%,87,1,879,Defense,16,160000,2,818888|867594,Speed,5,50000,1,550530,D,5,5,0,100.0,64.4,83.3,64.4,0,0.0,slice,0,0,0,0,38.9,0.0,39.5,88.2,JARJARBINKS,CANDIDATE,SLICE,wartość moda lub dopasowanie do postaci uzasadnia kolejny roll,0.0,,,,,,,,,,,,,,,,,,,,,,,
PhoJsuXeQm-_hTX5qcCAiQ,756,Potency,5,Cross,1,15,False,0,False,MAGAZYN,,Tenacity %,24%,2400,0,,Speed,5,50000,1,594480,Offense,37,370000,1,3681972,Health,404,4040000,1,40489842,Offense %,0.32%,32,1,323,E,4,4,0,100.0,80.5,83.3,80.5,0,0.0,slice,0,0,0,0,40.3,0.0,41.7,88.2,JARJARBINKS,CANDIDATE,SLICE,wartość moda lub dopasowanie do postaci uzasadnia kolejny roll,0.0,,,,,,,,,,,,,,,,,,,,,,,
PkjCXp3JRlqWPUr2sNpKFg,756,Potency,5,Cross,5,15,False,0,True,POSTAĆ: JARJARBINKS,xD7HYU-mSqOMqbg1Rllnug,Potency %,24%,2400,0,,Protection,622,6220000,1,62295000,Offense %,0.42%,42,1,422,Health %,2.53%,253,3,844|844|844,Speed,15,150000,3,500010|500010|500010,A,8,8,0,100.0,82.0,83.3,82.0,0,56.1,6-dot,0,0,0,0,40.6,0.0,42.2,88.2,JARJARBINKS,TARGET,SLICE_6E,5A ma wystarczającą wartość lub dopasowanie do postaci,0.0,,,,,,,,,,,,,,,,,,,,,,,
aViLUbClRCyQVSDj5gLjUQ,756,Potency,5,Cross,1,15,False,0,True,POSTAĆ: NIGHTSISTERSPIRIT,GcY6vIpnS8W6GE0IWWNSMg,Offense %,5.88%,588,0,,Health,358,3580000,1,35850247,Defense,9,90000,1,966133,Protection %,1.41%,141,1,1417,Speed,5,50000,1,582180,E,4,4,0,100.0,63.0,83.3,63.0,0,0.0,slice,0,0,0,0,45.5,0.0,49.7,88.2,JARJARBINKS,CANDIDATE,SLICE,wartość moda lub dopasowanie do postaci uzasadnia kolejny roll,0.0,,,,,,,,,,,,,,,,,,,,,,,
fwO4u_lcQV6wKhmxU7D3gQ,756,Potency,5,Cross,1,15,False,0,False,MAGAZYN,,Defense %,11.75%,1175,0,,Offense,40,400000,1,3981336,Speed,5,50000,1,545520,Potency %,2.04%,204,1,2046,Tenacity %,1.98%,198,1,1988,E,4,4,0,100.0,61.5,83.3,61.5,0,0.0,slice,0,0,0,0,35.1,0.0,33.7,88.2,JARJARBINKS,CANDIDATE,SLICE,wartość moda lub dopasowanie do postaci uzasadnia kolejny roll,0.0,,,,,,,,,,,,,,,,,,,,,,,
spXle4PpSN6n1Bav67HGNA,756,Potency,5,Cross,1,15,False,0,True,POSTAĆ: STORMTROOPERHAN,bVOyKrAwSLyX6DBQPD25pA,Protection %,23.5%,2350,0,,Offense %,0.54%,54,1,541,Potency %,1.99%,199,1,1998,Speed,5,50000,1,503880,Offense,26,260000,1,2540376,E,4,4,0,100.0,77.0,83.3,77.0,0,0.0,slice,0,0,0,0,35.1,0.0,33.7,88.2,JARJARBINKS,CANDIDATE,SLICE,wartość moda lub dopasowanie do postaci uzasadnia kolejny roll,0.0,,,,,,,,,,,,,,,,,,,,,,,
xUO7OQEDTh6qsNkNxkTjGQ,756,Potency,5,Cross,1,15,False,0,True,POSTAĆ: UGNAUGHT,ZGlt-12-SZqEZEn-4Jp8Xw,Tenacity %,24%,2400,0,,Defense,6,60000,1,609658,Critical Chance %,1.95%,195,1,1957,Health %,0.92%,92,1,923,Speed,5,50000,1,545160,E,4,4,0,100.0,57.8,83.3,57.8,0,0.0,slice,0,0,0,0,34.6,0.0,32.8,88.2,JARJARBINKS,CANDIDATE,KEEP,obserwuj przed wydaniem materiałów,0.0,,,,,,,,,,,,,,,,,,,,,,,
O6F80aCnQ9OiO6gELI0knw,756,Potency,5,Cross,2,9,False,0,False,MAGAZYN,,Defense %,7.25%,725,0,,Health,256,2560000,1,25645281,Speed,5,50000,1,530640,Offense,42,420000,1,4151880,Offense %,0.35%,35,1,355,D,4,5,1,100.0,80.5,83.3,84.4,3.9,0.0,upgrade,0,0,0,0,40.3,0.0,41.7,88.2,JARJARBINKS,CANDIDATE,UPGRADE,nieujawnione wszystkie secondary,0.0,,,,,,,,,,,,,,,,,,,,,,,
eYOosJhESzCF4sdD4dx9EA,756,Potency,5,Cross,2,9,False,0,False,MAGAZYN,,Health %,3.63%,363,0,,Protection %,1.87%,187,1,1870,Speed,5,50000,1,597210,Offense %,0.46%,46,1,460,Health,348,3480000,1,34838751,D,4,5,1,100.0,77.5,83.3,82.0,4.5,0.0,upgrade,0,0,0,0,40.4,0.0,41.8,88.2,JARJARBINKS,CANDIDATE,UPGRADE,nieujawnione wszystkie secondary,0.0,,,,,,,,,,,,,,,,,,,,,,,
sryhDFqFRh-cIyahQ15K0A,756,Potency,5,Cross,3,6,False,0,False,MAGAZYN,,Protection %,10%,1000,0,,Critical Chance %,2.24%,224,1,2245,Protection,697,6970000,1,69728870,Defense %,1.42%,142,1,1427,Speed,5,50000,1,531540,C,4,6,2,100.0,53.8,83.3,69.2,15.4,0.0,upgrade,0,0,0,0,35.6,0.0,34.3,88.2,JARJARBINKS,CANDIDATE,UPGRADE,nieujawnione wszystkie secondary,0.0,,,,,,,,,,,,,,,,,,,,,,,
EkU6vAtKTlSiEwEqPc-cLw,756,Potency,5,Cross,4,3,False,0,True,POSTAĆ: B2SUPERBATTLEDROID,GH4NR0ZxSSC_msZ_Rteadg,Tenacity %,6%,600,0,,Critical Chance %,1.64%,164,1,1645,Defense,5,50000,1,576730,Health,215,2150000,1,21580010,Speed,5,50000,1,583530,B,4,7,3,100.0,51.7,83.3,72.4,20.7,0.0,upgrade,0,0,0,0,39.8,0.0,40.9,88.2,JARJARBINKS,CANDIDATE,UPGRADE,nieujawnione wszystkie secondary,0.0,,,,,,,,,,,,,,,,,,,,,,,
6AlP6_L4S32HKspAz4WTkw,756,Potency,5,Cross,4,1,False,0,False,MAGAZYN,,Offense %,0.63%,63,0,,Speed,5,50000,1,565770,Offense,44,440000,1,4309656,Protection,630,6300000,1,63096529,,,,0,,B,3,7,4,100.0,76.7,83.3,90.0,13.3,0.0,upgrade,0,0,0,0,50.5,0.0,57.4,88.2,JARJARBINKS,CANDIDATE,UPGRADE,nieujawnione wszystkie secondary,0.0,,,,,,,,,,,,,,,,,,,,,,,
XgUq9_dWQuOBmRW0cbXxwA,756,Potency,5,Cross,5,1,False,0,True,POSTAĆ: DISGUISEDCLONETROOPER,a0jCiVupS9u2cch-0qWa1w,Protection %,2.5%,250,0,,Health,346,3460000,1,34645881,Defense %,1.48%,148,1,1487,Critical Chance %,1.71%,171,1,1718,Speed,5,50000,1,547650,A,4,8,4,100.0,53.8,83.3,76.9,23.1,63.6,upgrade,0,0,0,0,34.7,0.0,33.0,88.2,JARJARBINKS,CANDIDATE,UPGRADE,nieujawnione wszystkie secondary,0.0,,,,,,,,,,,,,,,,,,,,,,,
kOO5py2xSveku5th_xLgPQ,756,Potency,5,Cross,3,1,False,0,True,POSTAĆ: TEEBO,7pB0l96bRK-HaMexDVMrTg,Health %,0.63%,63,0,,Defense %,1.51%,151,1,1512,Speed,5,50000,1,574140,,,,0,,,,,0,,C,2,6,4,100.0,71.0,83.3,90.3,19.3,0.0,upgrade,0,0,0,0,45.7,0.0,50.0,88.2,JARJARBINKS,CANDIDATE,UPGRADE,nieujawnione wszystkie secondary,0.0,,,,,,,,,,,,,,,,,,,,,,,
-RqayzobTJapUUMTf4it3w,753,Potency,5,Diamond,1,15,False,0,True,POSTAĆ: CORUSCANTUNDERWORLDPOLICE,l4W95yMkRci4SwS5eE2Fqw,Defense %,11.75%,1175,0,,Offense,42,420000,1,4192236,Protection,642,6420000,1,64238604,Defense,8,80000,1,801444,Speed,5,50000,1,580920,E,4,4,0,100.0,66.0,83.3,66.0,0,0.0,slice,0,0,0,0,46.3,0.0,50.9,88.2,JARJARBINKS,CANDIDATE,SLICE,wartość moda lub dopasowanie do postaci uzasadnia kolejny roll,0.0,,,,,,,,,,,,,,,,,,,,,,,
5kX7LCduTKu9bxgYK7nQTw,753,Potency,5,Diamond,1,15,False,0,True,POSTAĆ: COUNTDOOKU,3FSz0CMSTUerWQQH0wxk5A,Defense %,11.75%,1175,0,,Defense,5,50000,1,537236,Protection %,1.41%,141,1,1410,Tenacity %,1.36%,136,1,1364,Speed,5,50000,1,539310,E,4,4,0,100.0,58.5,83.3,58.5,0,0.0,slice,0,0,0,0,40.3,0.0,41.6,88.2,JARJARBINKS,CANDIDATE,SLICE,wartość moda lub dopasowanie do postaci uzasadnia kolejny roll,0.0,,,,,,,,,,,,,,,,,,,,,,,
9NcR4lF_QNieErdAv6Ia1Q,753,Potency,5,Diamond,1,15,False,0,True,POSTAĆ: TEEBO,7pB0l96bRK-HaMexDVMrTg,Defense %,11.75%,1175,0,,Protection,567,5670000,1,56709215,Tenacity %,1.92%,192,1,1925,Offense %,0.32%,32,1,329,Health %,0.6%,60,1,608,E,4,4,0,100.0,60.5,0.0,60.5,0,0.0,slice,0,0,0,0,19.3,0.0,9.3,88.2,JARJARBINKS,CANDIDATE,SLICE,wartość moda lub dopasowanie do postaci uzasadnia kolejny roll,0.0,,,,,,,,,,,,,,,,,,,,,,,
BYqpwa7ETQSXynLqkcWykw,753,Potency,5,Diamond,1,15,False,0,True,POSTAĆ: CASSIANANDOR,S94VJOjBT-S1LJ-eDzR-Vg,Defense %,11.75%,1175,0,,Health,396,3960000,1,39606926,Tenacity %,1.95%,195,1,1955,Speed,5,50000,1,596160,Defense,5,50000,1,546105,E,4,4,0,100.0,53.0,83.3,53.0,0,0.0,slice,0,0,0,0,39.8,0.0,40.9,88.2,JARJARBINKS,CANDIDATE,KEEP,obserwuj przed wydaniem materiałów,0.0,,,,,,,,,,,,,,,,,,,,,,,
IljeMbRcQu2649HVdwCqGg,753,Potency,5,Diamond,2,15,False,0,True,POSTAĆ: MERRIN,1S5-8PpPQBmMogCeTUjdjg,Defense %,11.75%,1175,0,,Speed,5,50000,1,599190,Critical Chance %,1.43%,143,1,1439,Protection,1457,14570000,2,63665490|82092351,Offense,28,280000,1,2779320,D,5,5,0,100.0,60.6,83.3,60.6,0,0.0,slice,0,0,0,0,40.5,0.0,41.9,88.2,JARJARBINKS,CANDIDATE,SLICE,wartość moda lub dopasowanie do postaci uzasadnia kolejny roll,0.0,,,,,,,,,,,,,,,,,,,,,,,
SJIbkybeQq6ngpdnyzgxkw,753,Potency,5,Diamond,1,15,False,0,False,MAGAZYN,,Defense %,11.75%,1175,0,,Defense,8,80000,1,821338,Speed,5,50000,1,581400,Health %,1.12%,112,1,1120,Offense %,0.44%,44,1,445,E,4,4,0,100.0,74.5,83.3,74.5,0,0.0,slice,0,0,0,0,34.6,0.0,32.8,88.2,JARJARBINKS,CANDIDATE,PATCH,PATCH EPIXPOE; zachowanie setu Potency,2.3,WOnQWH88RwOFQH2g1HZhtg,SAFE,ftvNe6HXQwSotp8ykhi1eA,EPIXPOE,Diamond,JARJARBINKS:Diamond,1,2,MOD: EPIXPOE -> JARJARBINKS; PATCH: MAGAZYN -> EPIXPOE,2.3,,,,,,,,,,,,,
SPCait6xScmlJ1Zj9mO-RA,753,Potency,5,Diamond,3,15,False,0,True,POSTAĆ: VANGUARDTEMPLEGUARD,MAOBTufcR42eSPIIexcWCw,Defense %,11.75%,1175,0,,Offense %,0.95%,95,2,485|468,Offense,40,400000,1,3995700,Speed,9,90000,2,553560|369570,Health,378,3780000,1,37834665,C,6,6,0,100.0,85.7,75.0,85.7,0,0.0,slice,0,0,0,0,42.1,0.0,44.5,88.2,JARJARBINKS,CANDIDATE,SLICE,wartość moda lub dopasowanie do postaci uzasadnia kolejny roll,0.0,,,,,,,,,,,,,,,,,,,,,,,
XYHmMuzOQ4-fvlcrOIhymQ,753,Potency,5,Diamond,1,15,False,0,True,POSTAĆ: BADBATCHTECH,nNIk-ArfQOGjLeDwoFLmaA,Defense %,11.75%,1175,0,,Health %,0.88%,88,1,886,Defense,7,70000,1,796446,Speed,5,50000,1,529470,Offense,31,310000,1,3058164,E,4,4,0,100.0,72.0,83.3,72.0,0,0.0,slice,0,0,0,0,40.2,0.0,41.5,88.2,JARJARBINKS,CANDIDATE,SLICE,wartość moda lub dopasowanie do postaci uzasadnia kolejny roll,0.0,,,,,,,,,,,,,,,,,,,,,,,
cRLW1fRpQYyjq8nkSmsvcw,753,Potency,5,Diamond,1,15,False,0,True,POSTAĆ: FIRSTORDEROFFICERMALE,ogMbke6zQ4yH_trrtMP3tw,Defense %,11.75%,1175,0,,Health,271,2710000,1,27166811,Protection %,1.71%,171,1,1714,Speed,5,50000,1,590460,Potency %,2%,200,1,2005,E,4,4,0,100.0,63.0,83.3,63.0,0,0.0,slice,0,0,0,0,40.4,0.0,41.8,88.2,JARJARBINKS,CANDIDATE,SLICE,wartość moda lub dopasowanie do postaci uzasadnia kolejny roll,0.0,,,,,,,,,,,,,,,,,,,,,,,
ehAc8sigQUGZUbfLT4h66A,753,Potency,5,Diamond,1,15,False,0,True,POSTAĆ: DARTHSIDIOUS,GmfB36zGSFiJfT9Uc_4R7g,Defense %,11.75%,1175,0,,Protection,722,7220000,1,72299577,Health,308,3080000,1,30837770,Tenacity %,1.33%,133,1,1331,Speed,5,50000,1,500610,E,4,4,0,100.0,56.5,83.3,56.5,0,0.0,slice,0,0,0,0,40.8,0.0,42.4,88.2,JARJARBINKS,CANDIDATE,KEEP,obserwuj przed wydaniem materiałów,0.0,,,,,,,,,,,,,,,,,,,,,,,
elN-NjC2RgChl8YR8SEdVg,753,Potency,5,Diamond,3,15,False,0,True,POSTAĆ: BISTAN,FVzu8XndQMWZzCUIC0DyKA,Defense %,11.75%,1175,0,,Offense,74,740000,2,3262224|4119732,Speed,5,50000,1,590400,Health,779,7790000,2,35509510|42399255,Potency %,1.82%,182,1,1824,C,6,6,0,100.0,65.7,83.3,65.7,0,0.0,slice,0,0,0,0,38.5,0.0,38.9,88.2,JARJARBINKS,CANDIDATE,SLICE,wartość moda lub dopasowanie do postaci uzasadnia kolejny roll,0.0,,,,,,,,,,,,,,,,,,,,,,,
l3t4iWXkTgCcDtxgVnkhjQ,753,Potency,5,Diamond,3,15,False,0,True,POSTAĆ: B1BATTLEDROIDV2,9SndrAqBTzqisiBz5g4QLw,Defense %,11.75%,1175,0,,Speed,5,50000,1,571680,Offense %,1.47%,147,3,493|551|432,Defense,4,40000,1,493038,Health %,0.57%,57,1,578,C,6,6,0,100.0,80.3,83.3,80.3,0,0.0,slice,0,0,0,0,27.5,0.0,21.9,88.2,JARJARBINKS,CANDIDATE,SLICE,wartość moda lub dopasowanie do postaci uzasadnia kolejny roll,0.0,,,,,,,,,,,,,,,,,,,,,,,
ltGWhfmyRNeIdLGcdw_WdA,753,Potency,5,Diamond,2,9,False,0,True,POSTAĆ: STORMTROOPERHAN,bVOyKrAwSLyX6DBQPD25pA,Defense %,7.25%,725,0,,Defense,7,70000,1,737352,Speed,5,50000,1,570900,Offense %,0.51%,51,1,519,Protection %,1.31%,131,1,1317,D,4,5,1,100.0,74.0,83.3,79.2,5.2,0.0,upgrade,0,0,0,0,40.3,0.0,41.6,88.2,JARJARBINKS,CANDIDATE,UPGRADE,nieujawnione wszystkie secondary,0.0,,,,,,,,,,,,,,,,,,,,,,,
0SlxtSXsSkCdkaLXffJCzA,753,Potency,5,Diamond,4,1,False,0,True,POSTAĆ: TUSKENSHAMAN,1m0dzfmrT_K8tP3jnyE1JA,Defense %,1.25%,125,0,,Health %,0.9%,90,1,907,Protection %,1.46%,146,1,1468,Speed,5,50000,1,513240,,,,0,,B,3,7,4,100.0,80.7,83.3,91.7,11.0,0.0,upgrade,0,0,0,0,42.5,0.0,45.1,88.2,JARJARBINKS,CANDIDATE,UPGRADE,nieujawnione wszystkie secondary,0.0,,,,,,,,,,,,,,,,,,,,,,,
42n0uF-KTSe8T7PeQuq6Ng,753,Potency,5,Diamond,3,1,False,0,True,POSTAĆ: MOTHERTALZIN,-6RSWKS_Qt-i4AoohGXimA,Defense %,1.25%,125,0,,Protection,739,7390000,1,73989848,Speed,5,50000,1,529440,,,,0,,,,,0,,C,2,6,4,100.0,74.0,83.3,91.3,17.3,0.0,upgrade,0,0,0,0,57.9,0.0,68.7,88.2,JARJARBINKS,CANDIDATE,UPGRADE,nieujawnione wszystkie secondary,0.0,,,,,,,,,,,,,,,,,,,,,,,
9c6OjW3WQ26JWJao_SgaCQ,753,Potency,5,Diamond,4,1,False,0,False,MAGAZYN,,Defense %,1.25%,125,0,,Speed,5,50000,1,594930,Protection %,1.27%,127,1,1277,Protection,703,7030000,1,70318596,,,,0,,B,3,7,4,100.0,72.7,83.3,88.3,15.6,0.0,upgrade,0,0,0,0,50.6,0.0,57.5,88.2,JARJARBINKS,CANDIDATE,UPGRADE,nieujawnione wszystkie secondary,0.0,,,,,,,,,,,,,,,,,,,,,,,
Iv9nTSA6QgmU3KFnIdVKow,753,Potency,5,Diamond,5,1,False,0,False,MAGAZYN,,Defense %,1.25%,125,0,,Speed,5,50000,1,518910,Critical Chance %,2.23%,223,1,2234,Tenacity %,2.08%,208,1,2080,Offense %,0.31%,31,1,316,A,4,8,4,100.0,61.8,83.3,80.9,19.1,65.0,upgrade,0,0,0,0,29.5,0.0,25.0,88.2,JARJARBINKS,CANDIDATE,UPGRADE,nieujawnione wszystkie secondary,0.0,,,,,,,,,,,,,,,,,,,,,,,
LbT5tNAjT6S7pu-BZwUEpA,753,Potency,5,Diamond,5,1,False,0,True,POSTAĆ: HUNTERS3,fOvmK1oPT9GBBqelVUGiwQ,Defense %,1.25%,125,0,,Speed,5,50000,1,585000,Protection,452,4520000,1,45238629,Defense,5,50000,1,538510,Health,281,2810000,1,28191165,A,4,8,4,100.0,57.5,83.3,78.8,21.3,27.2,upgrade,0,0,0,0,45.9,0.0,50.2,88.2,JARJARBINKS,CANDIDATE,UPGRADE,nieujawnione wszystkie secondary,0.0,,,,,,,,,,,,,,,,,,,,,,,
iyPWiRQySpuce4SaiL-6eQ,753,Potency,5,Diamond,4,1,False,0,False,MAGAZYN,,Defense %,1.25%,125,0,,Protection,657,6570000,1,65725378,Offense %,0.51%,51,1,518,Speed,5,50000,1,574170,,,,0,,B,3,7,4,100.0,80.0,83.3,91.4,11.4,0.0,upgrade,0,0,0,0,43.0,0.0,45.8,88.2,JARJARBINKS,CANDIDATE,UPGRADE,nieujawnione wszystkie secondary,0.0,,,,,,,,,,,,,,,,,,,,,,,
0I3PyG3_RYmvtG3iUUdqOg,751,Potency,5,Square,2,15,False,0,True,POSTAĆ: AAYLASECURA,RS9O5t5dSA2YiqfvgQojGw,Offense %,5.88%,588,0,,Potency %,1.57%,157,1,1576,Speed,5,50000,1,558330,Defense,6,60000,1,611618,Health %,1.92%,192,2,1032|895,D,5,5,0,100.0,62.4,83.3,62.4,0,0.0,slice,0,0,0,0,30.3,0.0,26.3,88.2,JARJARBINKS,CANDIDATE,SLICE,wartość moda lub dopasowanie do postaci uzasadnia kolejny roll,0.0,,,,,,,,,,,,,,,,,,,,,,,
66gh7c7tQACmzGhfFHOfTg,751,Potency,5,Square,3,15,False,0,True,POSTAĆ: BISTAN,FVzu8XndQMWZzCUIC0DyKA,Offense %,5.88%,588,0,,Offense,55,550000,2,3040608|2457840,Tenacity %,1.65%,165,1,1659,Protection %,2.04%,204,1,2047,Speed,8,80000,2,553380|318510,C,6,6,0,100.0,77.3,66.7,77.3,0,0.0,slice,0,0,0,0,46.2,0.0,50.8,88.2,JARJARBINKS,CANDIDATE,SLICE,wartość moda lub dopasowanie do postaci uzasadnia kolejny roll,0.0,,,,,,,,,,,,,,,,,,,,,,,
6ZBvJeIRQY6qpJpi9ci0fQ,751,Potency,5,Square,1,15,False,0,True,POSTAĆ: BADBATCHECHO,FwIhKIbkQpmDehO-x4X4Bw,Offense %,5.88%,588,0,,Health,376,3760000,1,37688941,Critical Chance %,1.73%,173,1,1736,Defense %,1.45%,145,1,1457,Speed,5,50000,1,575700,E,4,4,0,100.0,53.8,83.3,53.8,0,0.0,slice,0,0,0,0,34.7,0.0,33.0,88.2,JARJARBINKS,CANDIDATE,KEEP,obserwuj przed wydaniem materiałów,0.0,,,,,,,,,,,,,,,,,,,,,,,
7FbwRzoJR-mcikM4Sd9cmQ,751,Potency,5,Square,1,15,False,0,True,POSTAĆ: RESISTANCEPILOT,Z6ZsQzmNQsy8cyZcSNKuTQ,Offense %,5.88%,588,0,,Health,396,3960000,1,39649786,Protection,714,7140000,1,71498048,Critical Chance %,2.12%,212,1,2128,Speed,5,50000,1,551490,E,4,4,0,100.0,55.2,83.3,55.2,0,0.0,slice,0,0,0,0,40.8,0.0,42.4,88.2,JARJARBINKS,CANDIDATE,KEEP,obserwuj przed wydaniem materiałów,0.0,,,,,,,,,,,,,,,,,,,,,,,
9o55Ih8HTR-bG95TZMyvFw,751,Potency,5,Square,1,15,False,0,True,POSTAĆ: IMPERIALSUPERCOMMANDO,glyFbUVxTVOa7YXvUXfgsQ,Offense %,5.88%,588,0,,Critical Chance %,2.1%,210,1,2105,Speed,5,50000,1,533760,Health,298,2980000,1,29871277,Defense,6,60000,1,660814,E,4,4,0,100.0,51.7,83.3,51.7,0,0.0,slice,0,0,0,0,39.8,0.0,40.9,88.2,JARJARBINKS,CANDIDATE,KEEP,wartość secondary zbyt niska,0.0,,,,,,,,,,,,,,,,,,,,,,,
EyWJb1lWRuuRiX-a8YHGHg,751,Potency,5,Square,2,15,False,0,True,POSTAĆ: DARTHSIDIOUS,GmfB36zGSFiJfT9Uc_4R7g,Offense %,5.88%,588,0,,Defense %,1.25%,125,1,1252,Speed,5,50000,1,583020,Protection,755,7550000,1,75538917,Health %,1.24%,124,2,634|614,D,5,5,0,100.0,66.8,83.3,66.8,0,0.0,slice,0,0,0,0,31.1,0.0,27.5,88.2,JARJARBINKS,CANDIDATE,SLICE,wartość moda lub dopasowanie do postaci uzasadnia kolejny roll,0.0,,,,,,,,,,,,,,,,,,,,,,,
F377dNmFRO2UnQfmvLEldQ,751,Potency,5,Square,4,15,False,0,True,POSTAĆ: C3POLEGENDARY,pM9oOUHqQReNsQRXGGZYuQ,Offense %,5.88%,588,0,,Defense,13,130000,2,731668|667380,Speed,5,50000,1,517590,Critical Chance %,3.11%,311,2,1412|1698,Protection,1277,12770000,2,73275532|54470748,B,7,7,0,100.0,44.9,83.3,44.9,0,0.0,slice,0,0,0,0,35.3,0.0,33.9,88.2,JARJARBINKS,CANDIDATE,KEEP,wartość secondary zbyt niska,0.0,,,,,,,,,,,,,,,,,,,,,,,
HgJ4_m52QZOumXGJnuJWEQ,751,Potency,5,Square,1,15,False,0,False,MAGAZYN,,Offense %,5.88%,588,0,,Protection,430,4300000,1,43062457,Defense,8,80000,1,851179,Speed,5,50000,1,598500,Potency %,1.24%,124,1,1242,E,4,4,0,100.0,54.0,83.3,54.0,0,0.0,slice,0,0,0,0,40.6,0.0,42.2,88.2,JARJARBINKS,CANDIDATE,KEEP,obserwuj przed wydaniem materiałów,0.0,,,,,,,,,,,,,,,,,,,,,,,
KaQxuNGDSe-j6Tp9BUMfiQ,751,Potency,5,Square,1,15,False,0,True,POSTAĆ: SCOUTTROOPER_V3,EwvhlHGbS_a4Gk-O1KIWgg,Offense %,5.88%,588,0,,Speed,5,50000,1,509760,Critical Chance %,2.16%,216,1,2161,Defense %,1.57%,157,1,1575,Offense,27,270000,1,2653008,E,4,4,0,100.0,62.2,83.3,62.2,0,0.0,slice,0,0,0,0,35.1,0.0,33.7,88.2,JARJARBINKS,CANDIDATE,SLICE,wartość moda lub dopasowanie do postaci uzasadnia kolejny roll,0.0,,,,,,,,,,,,,,,,,,,,,,,
RbzyoxHrQ86bEDkpPsPLGA,751,Potency,5,Square,1,15,False,0,True,POSTAĆ: ZAMWESELL,Nbq45D5tRcWX3Sq3C2ALRQ,Offense %,5.88%,588,0,,Offense,46,460000,1,4523748,Defense,8,80000,1,890624,Critical Chance %,2.12%,212,1,2124,Speed,5,50000,1,559530,E,4,4,0,100.0,60.2,83.3,60.2,0,0.0,slice,0,0,0,0,40.2,0.0,41.5,88.2,JARJARBINKS,CANDIDATE,SLICE,wartość moda lub dopasowanie do postaci uzasadnia kolejny roll,0.0,,,,,,,,,,,,,,,,,,,,,,,
V4l3HPCITGik05m4fqWmFg,751,Potency,5,Square,1,15,False,0,True,POSTAĆ: BODHIROOK,quKF5BsKRcyAFpp2bC6f0A,Offense %,5.88%,588,0,,Defense %,1.09%,109,1,1091,Speed,5,50000,1,540390,Tenacity %,1.6%,160,1,1600,Critical Chance %,1.68%,168,1,1688,E,4,4,0,100.0,49.2,83.3,49.2,0,0.0,slice,0,0,0,0,29.5,0.0,25.0,88.2,JARJARBINKS,CANDIDATE,KEEP,wartość secondary zbyt niska,0.0,,,,,,,,,,,,,,,,,,,,,,,
VbrvwfJ6T8yukkEZ8W-hfw,751,Potency,5,Square,1,15,False,0,True,POSTAĆ: LOGRAY,GuFNgN4vTyCd6RkM9gKvUQ,Offense %,5.88%,588,0,,Health,274,2740000,1,27481832,Protection %,1.5%,150,1,1500,Protection,757,7570000,1,75767332,Speed,5,50000,1,590790,E,4,4,0,100.0,66.5,83.3,66.5,0,0.0,slice,0,0,0,0,46.5,0.0,51.2,88.2,JARJARBINKS,CANDIDATE,SLICE,wartość moda lub dopasowanie do postaci uzasadnia kolejny roll,0.0,,,,,,,,,,,,,,,,,,,,,,,
ZILX0KG4RdqFnbAt-KKQ7g,751,Potency,5,Square,1,15,False,0,True,POSTAĆ: TEEBO,7pB0l96bRK-HaMexDVMrTg,Offense %,5.88%,588,0,,Speed,5,50000,1,502470,Potency %,1.13%,113,1,1133,Health %,0.95%,95,1,952,Tenacity %,1.53%,153,1,1530,E,4,4,0,100.0,59.0,83.3,59.0,0,0.0,slice,0,0,0,0,29.5,0.0,25.0,88.2,JARJARBINKS,CANDIDATE,SLICE,wartość moda lub dopasowanie do postaci uzasadnia kolejny roll,0.0,,,,,,,,,,,,,,,,,,,,,,,
rVsAGN7qRlWzIh-eyAlaSQ,751,Potency,5,Square,4,15,False,0,True,POSTAĆ: B1BATTLEDROIDV2,9SndrAqBTzqisiBz5g4QLw,Offense %,5.88%,588,0,,Tenacity %,1.53%,153,1,1538,Health,775,7750000,2,38205404|39296191,Health %,0.78%,78,1,783,Speed,12,120000,3,527160|341040|403170,B,7,7,0,100.0,71.1,66.7,71.1,0,0.0,slice,0,0,0,0,47.0,0.0,52.0,88.2,JARJARBINKS,CANDIDATE,SLICE,wartość moda lub dopasowanie do postaci uzasadnia kolejny roll,0.0,,,,,,,,,,,,,,,,,,,,,,,
sUpeHOtaR3uyJenjUOsvKw,751,Potency,5,Square,5,15,False,0,True,POSTAĆ: TRIPLEZERO,1ljjdZ07RbiZI3P80CgyEQ,Offense %,5.88%,588,0,,Critical Chance %,1.27%,127,1,1272,Protection,1863,18630000,3,46588354|57589651|82167105,Tenacity %,2.75%,275,2,1602|1156,Speed,10,100000,2,503790|532950,A,8,8,0,100.0,53.6,83.3,53.6,0,42.4,6-dot,0,0,0,0,38.6,0.0,39.0,88.2,JARJARBINKS,CANDIDATE,SLICE_6E,5A ma wystarczającą wartość lub dopasowanie do postaci,0.0,,,,,,,,,,,,,,,,,,,,,,,
x2E952EnQ_W8m5Byfx-tQw,751,Potency,5,Square,1,15,False,0,True,POSTAĆ: HUMANTHUG,N23ZfbdsQ6auQsqDhoBggQ,Offense %,5.88%,588,0,,Defense,5,50000,1,510237,Protection,705,7050000,1,70530399,Speed,5,50000,1,567900,Health,399,3990000,1,39951949,E,4,4,0,100.0,57.5,83.3,57.5,0,0.0,slice,0,0,0,0,45.9,0.0,50.2,88.2,JARJARBINKS,CANDIDATE,KEEP,obserwuj przed wydaniem materiałów,0.0,,,,,,,,,,,,,,,,,,,,,,,
zwhQzjSGSr-4qCSyMoaN2g,751,Potency,5,Square,3,15,False,0,True,POSTAĆ: B2SUPERBATTLEDROID,GH4NR0ZxSSC_msZ_Rteadg,Offense %,5.88%,588,0,,Speed,10,100000,2,574020|521760,Health %,1.01%,101,1,1019,Defense,16,160000,2,774543|838292,Critical Chance %,1.17%,117,1,1175,C,6,6,0,100.0,60.8,83.3,60.8,0.0,0.0,slice,0,0,0,0,41.7,0.0,43.8,88.2,JARJARBINKS,CANDIDATE,SLICE,wartość moda lub dopasowanie do postaci uzasadnia kolejny roll,0.0,,,,,,,,,,,,,,,,,,,,,,,
zzFMtjR9QJeh7KDnE3SVUg,751,Potency,5,Square,2,15,False,0,True,POSTAĆ: CARTHONASI,7MQUg-MyRx2R9oLzcUtByg,Offense %,5.88%,588,0,,Tenacity %,1.9%,190,1,1903,Defense %,1.52%,152,1,1529,Critical Chance %,2.94%,294,2,1578|1367,Speed,5,50000,1,583290,D,5,5,0,100.0,44.4,83.3,44.4,0,0.0,slice,0,0,0,0,26.2,0.0,20.0,88.2,JARJARBINKS,CANDIDATE,KEEP,wartość secondary zbyt niska,0.0,,,,,,,,,,,,,,,,,,,,,,,
YKPULmcIT2i1VXNPG0N5Ig,751,Potency,5,Square,3,6,False,0,False,MAGAZYN,,Offense %,2.5%,250,0,,Health,397,3970000,1,39714076,Potency %,1.44%,144,1,1448,Speed,5,50000,1,548970,Tenacity %,1.61%,161,1,1613,C,4,6,2,100.0,53.0,83.3,68.7,15.7,0.0,upgrade,0,0,0,0,34.7,0.0,33.0,88.2,JARJARBINKS,CANDIDATE,UPGRADE,nieujawnione wszystkie secondary,0.0,,,,,,,,,,,,,,,,,,,,,,,
re-qhuOZQQCRW5CVechkXA,751,Potency,5,Square,3,6,False,0,False,MAGAZYN,,Offense %,2.5%,250,0,,Protection %,1.42%,142,1,1420,Defense,9,90000,1,972062,Speed,5,50000,1,553080,Health %,1.04%,104,1,1040,C,4,6,2,100.0,69.0,83.3,79.3,10.3,0.0,upgrade,0,0,0,0,40.3,0.0,41.6,88.2,JARJARBINKS,CANDIDATE,UPGRADE,nieujawnione wszystkie secondary,0.0,,,,,,,,,,,,,,,,,,,,,,,
Mfzp9UphQ1CrJggHZHmzfg,751,Potency,5,Square,3,1,False,0,False,MAGAZYN,,Offense %,0.63%,63,0,,Speed,5,50000,1,598800,Health %,0.57%,57,1,571,,,,0,,,,,0,,C,2,6,4,100.0,86.0,83.3,95.3,9.3,0.0,upgrade,0,0,0,0,45.7,0.0,50.0,88.2,JARJARBINKS,CANDIDATE,UPGRADE,nieujawnione wszystkie secondary,0.0,,,,,,,,,,,,,,,,,,,,,,,
W3cuWzjCSr6tgF5ilb6SOg,751,Potency,5,Square,5,1,False,0,False,MAGAZYN,,Offense %,0.63%,63,0,,Health,315,3150000,1,31553532,Speed,5,50000,1,511110,Tenacity %,1.22%,122,1,1229,Health %,0.77%,77,1,775,A,4,8,4,100.0,62.5,83.3,81.2,18.8,39.7,upgrade,0,0,0,0,34.7,0.0,33.0,88.2,JARJARBINKS,CANDIDATE,UPGRADE,nieujawnione wszystkie secondary,0.0,,,,,,,,,,,,,,,,,,,,,,,
bxNvMxUERs6RFv2IUUYcYQ,751,Potency,5,Square,3,1,False,0,True,POSTAĆ: OLDBENKENOBI,MoOuSI5CQjSQr9fw_QqA2A,Offense %,0.63%,63,0,,Critical Chance %,1.34%,134,1,1342,Speed,5,50000,1,563100,,,,0,,,,,0,,C,2,6,4,100.0,62.5,83.3,87.5,25.0,0.0,upgrade,0,0,0,0,45.7,0.0,50.0,88.2,JARJARBINKS,CANDIDATE,UPGRADE,nieujawnione wszystkie secondary,0.0,,,,,,,,,,,,,,,,,,,,,,,
2QBURyAwSyKf-IUY2dL0Jg,754,Potency,5,Triangle,1,15,False,0,True,POSTAĆ: MARROK,DC1h1YfjTMWLihdoiSJ0nw,Health %,5.88%,588,0,,Defense %,1.34%,134,1,1349,Potency %,1.81%,181,1,1811,Speed,5,50000,1,571440,Defense,6,60000,1,668115,E,4,4,0,100.0,52.5,83.3,52.5,0,0.0,slice,0,0,0,0,34.6,0.0,32.8,88.2,JARJARBINKS,CANDIDATE,KEEP,obserwuj przed wydaniem materiałów,0.0,,,,,,,,,,,,,,,,,,,,,,,
2XdnDwLeTninuQU7ENiEuQ,754,Potency,5,Triangle,2,15,False,0,True,POSTAĆ: MERRIN,1S5-8PpPQBmMogCeTUjdjg,Health %,5.88%,588,0,,Speed,5,50000,1,578220,Defense,6,60000,1,612843,Tenacity %,1.55%,155,1,1554,Offense,65,650000,2,3303264|3156204,D,5,5,0,100.0,65.6,83.3,65.6,0,0.0,slice,0,0,0,0,39.3,0.0,40.2,88.2,JARJARBINKS,CANDIDATE,SLICE,wartość moda lub dopasowanie do postaci uzasadnia kolejny roll,0.0,,,,,,,,,,,,,,,,,,,,,,,
3siOG6RrR3KC-5vHqVIcsw,754,Potency,5,Triangle,3,15,False,0,True,POSTAĆ: B2SUPERBATTLEDROID,GH4NR0ZxSSC_msZ_Rteadg,Protection %,23.5%,2350,0,,Offense %,0.47%,47,1,479,Speed,14,140000,3,580290|529950|335820,Health %,0.87%,87,1,873,Offense,27,270000,1,2680824,C,6,6,0,100.0,91.0,77.8,91.0,0,0.0,slice,0,0,0,0,49.5,0.0,55.8,88.2,JARJARBINKS,CANDIDATE,SLICE,wartość moda lub dopasowanie do postaci uzasadnia kolejny roll,0.0,,,,,,,,,,,,,,,,,,,,,,,
58kQMyx7SjKY4bTzBxMdPQ,754,Potency,5,Triangle,5,15,False,0,True,POSTAĆ: BOSSNASS,WLOqSLLFQCC54p0TxtvuGw,Protection %,23.5%,2350,0,,Speed,10,100000,2,512820|569730,Protection,1442,14420000,3,46845840|46060923|51360151,Offense,64,640000,2,2705448|3690864,Defense %,1.46%,146,1,1464,A,8,8,0,100.0,68.8,83.3,68.8,0,41.6,6-dot,0,0,0,0,44.2,0.0,47.7,88.2,JARJARBINKS,CANDIDATE,SLICE_6E,5A ma wystarczającą wartość lub dopasowanie do postaci,0.0,,,,,,,,,,,,,,,,,,,,,,,
8L4LOa76TPGDcKf-RQkfmg,754,Potency,5,Triangle,3,15,False,0,True,POSTAĆ: T3_M4,JjJ2-au6STuNxPqAaXFFTg,Protection %,23.5%,2350,0,,Offense,105,1050000,3,2452596|4431408|3614484,Offense %,0.36%,36,1,361,Potency %,1.4%,140,1,1406,Critical Chance %,1.9%,190,1,1903,C,6,6,0,100.0,66.2,0.0,66.2,0,0.0,slice,0,0,0,0,24.5,0.0,17.4,88.2,JARJARBINKS,CANDIDATE,SLICE,wartość moda lub dopasowanie do postaci uzasadnia kolejny roll,0.0,,,,,,,,,,,,,,,,,,,,,,,
DnDdk5UIT96ZYOK2nBqsAg,754,Potency,5,Triangle,1,15,False,0,True,POSTAĆ: DARTHSIDIOUS,GmfB36zGSFiJfT9Uc_4R7g,Critical Chance %,12%,1200,0,,Speed,5,50000,1,544500,Health %,0.67%,67,1,671,Defense %,0.95%,95,1,958,Potency %,1.67%,167,1,1671,E,4,4,0,100.0,62.0,83.3,62.0,0,0.0,slice,0,0,0,0,29.5,0.0,25.0,88.2,JARJARBINKS,CANDIDATE,SLICE,wartość moda lub dopasowanie do postaci uzasadnia kolejny roll,0.0,,,,,,,,,,,,,,,,,,,,,,,
FXznnY7VRsmGTwDc29nq1Q,754,Potency,5,Triangle,1,15,False,0,True,POSTAĆ: GARSAXON,QZn6SLwUQ9iwlQD3Kn-yHA,Offense %,5.88%,588,0,,Health %,0.82%,82,1,827,Defense,6,60000,1,689626,Speed,5,50000,1,524040,Protection %,1.19%,119,1,1193,E,4,4,0,100.0,69.0,83.3,69.0,0,0.0,slice,0,0,0,0,40.3,0.0,41.6,88.2,JARJARBINKS,CANDIDATE,SLICE,wartość moda lub dopasowanie do postaci uzasadnia kolejny roll,0.0,,,,,,,,,,,,,,,,,,,,,,,
PlZf0VFqRA-d0t5yaIeUeQ,754,Potency,5,Triangle,1,15,False,0,True,POSTAĆ: IDENVERSIOEMPIRE,sr_nh4YITPmLdZfkcE52Sg,Critical Damage %,36%,3600,0,,Offense %,0.48%,48,1,485,Potency %,1.36%,136,1,1368,Health,314,3140000,1,31474241,Speed,5,50000,1,584430,E,4,4,0,100.0,68.5,83.3,68.5,0,0.0,slice,0,0,0,0,34.7,0.0,33.0,88.2,JARJARBINKS,CANDIDATE,SLICE,wartość moda lub dopasowanie do postaci uzasadnia kolejny roll,0.0,,,,,,,,,,,,,,,,,,,,,,,
SO4BieiFRSi6DJAXyLtQiQ,754,Potency,5,Triangle,2,15,False,0,True,POSTAĆ: B1BATTLEDROIDV2,9SndrAqBTzqisiBz5g4QLw,Offense %,5.88%,588,0,,Critical Chance %,1.65%,165,1,1650,Speed,11,110000,2,556050|589740,Health,245,2450000,1,24554494,Protection,626,6260000,1,62664617,D,5,5,0,100.0,64.2,91.7,64.2,0,0.0,slice,0,0,0,0,48.3,0.0,53.9,88.2,JARJARBINKS,CANDIDATE,SLICE,wartość moda lub dopasowanie do postaci uzasadnia kolejny roll,0.0,,,,,,,,,,,,,,,,,,,,,,,
T_pW-N0yQey8FrN0Pn4Lmg,754,Potency,5,Triangle,1,15,True,0,True,POSTAĆ: TEEBO,7pB0l96bRK-HaMexDVMrTg,Protection %,23.5%,2350,0,,Health %,1.06%,106,1,1061,Critical Chance %,1.14%,114,1,1145,Speed,5,50000,1,587520,Offense,27,270000,1,2685612,E,4,4,0,100.0,69.8,83.3,69.8,0,0.0,slice,0,0,0,0,35.1,0.0,33.7,88.2,JARJARBINKS,CANDIDATE,SLICE,wartość moda lub dopasowanie do postaci uzasadnia kolejny roll,0.0,,,,,,,,,,,,,,,,,,,,,,,
VX2NnNCvQjGtNPcsqcrSOA,754,Potency,5,Triangle,1,15,False,0,True,POSTAĆ: CASSIANANDOR,S94VJOjBT-S1LJ-eDzR-Vg,Critical Chance %,12%,1200,0,,Offense,37,370000,1,3651420,Protection %,1.77%,177,1,1776,Defense %,1.31%,131,1,1310,Speed,5,50000,1,549630,E,4,4,0,100.0,73.5,83.3,73.5,0,0.0,slice,0,0,0,0,40.8,0.0,42.5,88.2,JARJARBINKS,CANDIDATE,SLICE,wartość moda lub dopasowanie do postaci uzasadnia kolejny roll,0.0,,,,,,,,,,,,,,,,,,,,,,,
ihqWF2D0T7uNpZ8gNCoB1w,754,Potency,5,Triangle,1,15,False,0,True,POSTAĆ: HUMANTHUG,N23ZfbdsQ6auQsqDhoBggQ,Critical Chance %,12%,1200,0,,Defense %,0.96%,96,1,963,Offense %,0.31%,31,1,314,Health,414,4140000,1,41437048,Speed,5,50000,1,520770,E,4,4,0,100.0,70.5,83.3,70.5,0,0.0,slice,0,0,0,0,34.7,0.0,33.0,88.2,JARJARBINKS,CANDIDATE,SLICE,wartość moda lub dopasowanie do postaci uzasadnia kolejny roll,0.0,,,,,,,,,,,,,,,,,,,,,,,
kA5ceWI1TF6f1a4hzVnVTg,754,Potency,5,Triangle,1,15,False,0,True,POSTAĆ: BODHIROOK,quKF5BsKRcyAFpp2bC6f0A,Critical Chance %,12%,1200,0,,Protection %,1.36%,136,1,1363,Health %,0.9%,90,1,903,Offense %,0.29%,29,1,297,Speed,5,50000,1,545040,E,4,4,0,100.0,83.5,83.3,83.5,0,0.0,slice,0,0,0,0,35.2,0.0,33.8,88.2,JARJARBINKS,CANDIDATE,SLICE,wartość moda lub dopasowanie do postaci uzasadnia kolejny roll,0.0,,,,,,,,,,,,,,,,,,,,,,,
vJxet22nTCG816X1v7C1KQ,754,Potency,5,Triangle,1,15,False,0,True,POSTAĆ: BOUSHH,BjneizhDSs6Mt1ltvIoDiw,Defense %,11.75%,1175,0,,Critical Chance %,1.89%,189,1,1897,Offense %,0.42%,42,1,426,Offense,40,400000,1,3974952,Speed,5,50000,1,529470,E,4,4,0,100.0,74.8,83.3,74.8,0,0.0,slice,0,0,0,0,35.1,0.0,33.7,88.2,JARJARBINKS,CANDIDATE,SLICE,wartość moda lub dopasowanie do postaci uzasadnia kolejny roll,0.0,,,,,,,,,,,,,,,,,,,,,,,
xNXTfc4hSJeK56HEKF58Ag,754,Potency,5,Triangle,1,15,False,0,True,POSTAĆ: UGNAUGHT,ZGlt-12-SZqEZEn-4Jp8Xw,Critical Chance %,12%,1200,0,,Speed,5,50000,1,575520,Defense,6,60000,1,672966,Health,347,3470000,1,34723029,Protection %,2.09%,209,1,2098,E,4,4,0,100.0,63.0,83.3,63.0,0,0.0,slice,0,0,0,0,45.5,0.0,49.7,88.2,JARJARBINKS,CANDIDATE,SLICE,wartość moda lub dopasowanie do postaci uzasadnia kolejny roll,0.0,,,,,,,,,,,,,,,,,,,,,,,
ajpSo3crTJuCLp0kRxQe7Q,754,Potency,5,Triangle,2,9,False,0,False,MAGAZYN,,Protection %,14.5%,1450,0,,Health,391,3910000,1,39199756,Critical Chance %,1.52%,152,1,1525,Speed,5,50000,1,594540,Protection,595,5950000,1,59549867,D,4,5,1,100.0,55.2,83.3,64.2,9.0,0.0,upgrade,0,0,0,0,40.8,0.0,42.4,88.2,JARJARBINKS,CANDIDATE,UPGRADE,nieujawnione wszystkie secondary,0.0,,,,,,,,,,,,,,,,,,,,,,,
IY1NAUClRkmCdaFc_ybQ4A,754,Potency,5,Triangle,3,6,False,0,True,POSTAĆ: HUNTERS3,fOvmK1oPT9GBBqelVUGiwQ,Offense %,2.5%,250,0,,Health,218,2180000,1,21856457,Offense,42,420000,1,4193376,Speed,3,30000,1,343200,Critical Chance %,1.21%,121,1,1212,C,4,6,2,100.0,63.7,50.0,75.8,12.1,0.0,upgrade,0,0,0,0,40.3,0.0,41.7,88.2,JARJARBINKS,CANDIDATE,UPGRADE,nieujawnione wszystkie secondary,0.0,,,,,,,,,,,,,,,,,,,,,,,
iRyPV_-NSMWtuRM1QzKNmQ,754,Potency,5,Triangle,3,6,False,0,True,POSTAĆ: NUTEGUNRAY,PFR4VQ6bQe2yWvcte7x62w,Protection %,10%,1000,0,,Tenacity %,1.66%,166,1,1666,Offense %,0.49%,49,1,495,Offense,25,250000,1,2406312,Health %,0.65%,65,1,650,C,4,6,2,100.0,69.0,0.0,76.7,7.7,0.0,upgrade,0,0,0,0,18.9,0.0,8.7,88.2,JARJARBINKS,CANDIDATE,UPGRADE,nieujawnione wszystkie secondary,0.0,,,,,,,,,,,,,,,,,,,,,,,
nJ6VPWh8TtWcWYSgloKq1A,754,Potency,5,Triangle,3,6,False,0,False,MAGAZYN,,Critical Chance %,5.25%,525,0,,Defense,8,80000,1,856373,Protection,736,7360000,1,73653455,Defense %,1.16%,116,1,1169,Speed,5,50000,1,591600,C,4,6,2,100.0,56.0,83.3,70.7,14.7,0.0,upgrade,0,0,0,0,40.6,0.0,42.2,88.2,JARJARBINKS,CANDIDATE,UPGRADE,nieujawnione wszystkie secondary,0.0,,,,,,,,,,,,,,,,,,,,,,,
Dw1mltDiTyitB4R0iTChOA,754,Potency,5,Triangle,4,3,False,0,True,POSTAĆ: IMPERIALPROBEDROID,UYmgTdouSrS8VboRIomrtw,Protection %,5.5%,550,0,,Offense %,0.31%,31,1,310,Critical Chance %,1.51%,151,1,1518,Tenacity %,1.51%,151,1,1512,Speed,5,50000,1,505770,B,4,7,3,100.0,61.8,83.3,78.1,16.4,0.0,upgrade,0,0,0,0,29.5,0.0,25.0,88.2,JARJARBINKS,CANDIDATE,UPGRADE,nieujawnione wszystkie secondary,0.0,,,,,,,,,,,,,,,,,,,,,,,
2Wd9uEUvT1uFOSTJ-MKGIQ,754,Potency,5,Triangle,3,1,False,0,True,POSTAĆ: BISTAN,FVzu8XndQMWZzCUIC0DyKA,Critical Damage %,4.5%,450,0,,Speed,3,30000,1,390840,Protection,553,5530000,1,55351184,,,,0,,,,,0,,C,2,6,4,100.0,74.0,50.0,91.3,17.3,0.0,upgrade,0,0,0,0,57.9,0.0,68.7,88.2,JARJARBINKS,CANDIDATE,UPGRADE,nieujawnione wszystkie secondary,0.0,,,,,,,,,,,,,,,,,,,,,,,
IuefNC39TPuO86IOEmHT3w,754,Potency,5,Triangle,3,1,False,0,False,MAGAZYN,,Health %,0.63%,63,0,,Tenacity %,1.37%,137,1,1372,Speed,5,50000,1,504090,,,,0,,,,,0,,C,2,6,4,100.0,65.0,83.3,88.3,23.3,0.0,upgrade,0,0,0,0,45.7,0.0,50.0,88.2,JARJARBINKS,CANDIDATE,UPGRADE,nieujawnione wszystkie secondary,0.0,,,,,,,,,,,,,,,,,,,,,,,
X5ut8toJSOSyFTVRcUhIAQ,754,Potency,5,Triangle,2,1,False,0,True,POSTAĆ: BADBATCHECHO,FwIhKIbkQpmDehO-x4X4Bw,Health %,0.63%,63,0,,Speed,5,50000,1,589200,,,,0,,,,,0,,,,,0,,D,1,5,4,100.0,100.0,83.3,100.0,0,0.0,upgrade,0,0,0,0,78.2,0.0,100.0,88.2,JARJARBINKS,CANDIDATE,UPGRADE,nieujawnione wszystkie secondary,0.0,,,,,,,,,,,,,,,,,,,,,,,
ZtBnzbuYRhuvfC6KZwkMPA,754,Potency,5,Triangle,3,1,False,0,True,POSTAĆ: CARTHONASI,7MQUg-MyRx2R9oLzcUtByg,Offense %,0.63%,63,0,,Speed,5,50000,1,509970,Protection,556,5560000,1,55666812,,,,0,,,,,0,,C,2,6,4,100.0,74.0,83.3,91.3,17.3,0.0,upgrade,0,0,0,0,57.9,0.0,68.7,88.2,JARJARBINKS,CANDIDATE,UPGRADE,nieujawnione wszystkie secondary,0.0,,,,,,,,,,,,,,,,,,,,,,,
ys9wUI0-TFup3n5n8c2YGw,762,Potency,6,Arrow,5,15,False,0,True,POSTAĆ: MARAJADE,uuuVPVVHTbSZyG-sI08oWw,Speed,32,320000,0,,Protection %,4.2%,420,2,2632|1573,Defense %,11.27%,1127,4,2265|2768|3856|2386,Health %,3.18%,318,2,1360|1824,Potency %,8.61%,861,4,2721|1708|2440|1748,A,12,12,0,100.0,49.0,0.0,49.0,0,0.0,calibration,6,0,6,15,36.1,95.1,5.9,88.2,JARJARBINKS,CANDIDATE,KEEP,6A nie wymaga obecnie inwestycji,0.0,,,,,,,,,,,,,,,,,,,,,,,
FzXCH59kSV-8iR7RAGvUsQ,765,Potency,6,Circle,1,15,False,0,True,POSTAĆ: TRIPLEZERO,1ljjdZ07RbiZI3P80CgyEQ,Protection %,24%,2400,0,,Tenacity %,4.25%,425,2,1691|2566,Protection,1501,15010000,2,67946600|82206600,Speed,9,90000,2,505140|378570,Potency %,4.24%,424,2,1599|2650,E,8,8,0,100.0,53.0,75.0,53.0,0,0.0,slice,1,0,1,15,35.6,0.0,34.3,88.2,JARJARBINKS,CANDIDATE,KEEP,brak wystarczającej wartości do kolejnego slice,0.0,,,,,,,,,,,,,,,,,,,,,,,
dT3UaynpT0aAsVG4nup1GQ,765,Potency,6,Circle,5,15,False,0,True,POSTAĆ: GRANDMOFFTARKIN,MJi85yxFQUeaznaA7mkRPA,Protection %,24%,2400,0,,Health %,7.15%,715,5,1710|1253|1887|1215|1093,Health,1317,13170000,3,42789600|45665100|43264800,Speed,9,90000,2,501810|330990,Potency %,5.13%,513,2,2194|2944,A,12,12,0,100.0,64.3,75.0,64.3,0,0.0,calibration,6,0,6,15,29.3,0.0,24.7,88.2,JARJARBINKS,CANDIDATE,CALIBRATE,6A ma wartość lub dopasowanie uzasadniające calibration,0.0,,,,,,,,,,,,,,,,,,,,,,,
gcGtgkkLQvaCisKwrmBHgw,765,Potency,6,Circle,5,15,False,0,True,POSTAĆ: EMPERORPALPATINE,xsF4e7dXTnKfT3PSKXMPNA,Protection %,24%,2400,0,,Health,298,2980000,1,29826900,Speed,17,170000,4,412770|391710|526440|358170,Tenacity %,8.64%,864,4,1729|2520|2734|1661,Health %,5.09%,509,3,1500|1770|1827,A,12,12,0,100.0,65.3,70.8,65.3,0,0.0,calibration,6,0,6,15,36.6,0.0,36.0,88.2,JARJARBINKS,CANDIDATE,CALIBRATE,6A ma wartość lub dopasowanie uzasadniające calibration,0.0,,,,,,,,,,,,,,,,,,,,,,,
uJGRV4yJQv69xPOaJGwkdA,765,Potency,6,Circle,1,15,False,0,True,POSTAĆ: DARTHSIDIOUS,GmfB36zGSFiJfT9Uc_4R7g,Health %,16%,1600,0,,Speed,13,130000,3,535320|399420|321900,Offense %,1.23%,123,1,1233,Protection,2224,22240000,3,55296600|88352200|78765800,Tenacity %,1.93%,193,1,1936,E,8,8,0,100.0,70.8,72.2,70.8,0,0.0,slice,1,0,1,15,46.7,0.0,51.5,88.2,JARJARBINKS,CANDIDATE,SLICE,6-dot ma dobry profil do kolejnego rolla,0.0,,,,,,,,,,,,,,,,,,,,,,,
AOue8YQFSc2RkMYmXEcxzg,766,Potency,6,Cross,1,15,False,0,True,POSTAĆ: DARTHSIDIOUS,GmfB36zGSFiJfT9Uc_4R7g,Defense %,20%,2000,0,,Defense,17,170000,2,886160|841360,Offense %,2.29%,229,2,1408|883,Offense,41,410000,1,4097250,Speed,16,160000,3,572610|399210|533850,E,8,8,0,100.0,79.2,88.9,79.2,0,0.0,slice,1,0,1,15,45.5,0.0,49.7,88.2,JARJARBINKS,CANDIDATE,SLICE,6-dot ma dobry profil do kolejnego rolla,0.0,,,,,,,,,,,,,,,,,,,,,,,
uCGxMeUPTqy8qmYgvtbgTw,766,Potency,6,Cross,2,15,False,0,True,POSTAĆ: VANGUARDTEMPLEGUARD,MAOBTufcR42eSPIIexcWCw,Potency %,30%,3000,0,,Protection,1743,17430000,3,57789800|57661000|58903000,Speed,10,100000,2,313050|589530,Health %,5.31%,531,3,1660|1716|1938,Offense,40,400000,1,3929250,D,9,9,0,100.0,71.3,83.3,71.3,0,0.0,slice,2,0,2,15,38.3,0.0,38.5,88.2,JARJARBINKS,CANDIDATE,SLICE,6-dot ma dobry profil do kolejnego rolla,0.0,,,,,,,,,,,,,,,,,,,,,,,
WOnQWH88RwOFQH2g1HZhtg,763,Potency,6,Diamond,2,15,False,0,True,POSTAĆ: EPIXPOE,ftvNe6HXQwSotp8ykhi1eA,Defense %,20%,2000,0,,Speed,14,140000,3,584550|450780|315240,Defense,24,240000,2,1458720|952640,Health %,1.72%,172,1,1727,Protection %,6.04%,604,3,2374|2108|1567,D,9,9,0,100.0,72.2,77.8,72.2,0,0.0,slice,2,0,2,15,47.1,0.0,52.0,88.2,JARJARBINKS,CANDIDATE,REPLACE,"BEZPIECZNY ŁAŃCUCH; najpierw MOD bezpośrednio do celu, potem PATCH-y w kolejności zależności",0.0,,SAFE,,,,JARJARBINKS:Diamond,,2,MOD: EPIXPOE -> JARJARBINKS; PATCH: MAGAZYN -> EPIXPOE,,JARJARBINKS,47.1,357.8,320.2,37.64,197.4,160.4,POSTAĆ: EPIXPOE,True,47.1,160.4,37.64,2.3
3BTkCRPpQdmYLgBYTombfQ,761,Potency,6,Square,5,15,False,2,True,POSTAĆ: EMPERORPALPATINE,xsF4e7dXTnKfT3PSKXMPNA,Offense %,8.5%,850,0,,Health,1376,13760000,3,44987400|43337700|49356000,Health %,2.89%,289,2,1397|1500,Speed,16,160000,3,556890|490110|500820,Potency %,9.57%,957,4,2439|2481|2355|2296,A,12,12,0,100.0,60.3,88.9,60.3,0,0.0,calibration,6,2,4,40,34.7,0.0,33.0,88.2,JARJARBINKS,CANDIDATE,CALIBRATE,6A ma wartość lub dopasowanie uzasadniające calibration,0.0,,,,,,,,,,,,,,,,,,,,,,,
aqsLlJf2R4qYwugy7ne8fg,761,Potency,6,Square,5,15,False,0,True,POSTAĆ: GRANDMOFFTARKIN,MJi85yxFQUeaznaA7mkRPA,Offense %,8.5%,850,0,,Critical Chance %,7.27%,727,5,1777|1275|1261|1283|1677,Protection,531,5310000,1,53107000,Speed,14,140000,3,504420|475860|403770,Health,1276,12760000,3,32297400|44919900|50452200,A,12,12,0,100.0,51.4,77.8,51.4,0,0.0,calibration,6,0,6,15,36.7,0.0,36.1,88.2,JARJARBINKS,CANDIDATE,CALIBRATE,6A ma wartość lub dopasowanie uzasadniające calibration,0.0,,,,,,,,,,,,,,,,,,,,,,,
vRzQLXJmRcGCio4CcGPCvg,761,Potency,6,Square,5,15,False,0,True,POSTAĆ: BOSSNASS,WLOqSLLFQCC54p0TxtvuGw,Offense %,8.5%,850,0,,Speed,19,190000,4,511350|400380|572610|375150,Critical Chance %,6.97%,697,4,1622|2237|1790|1323,Health %,1.54%,154,1,1540,Protection %,8.92%,892,3,2960|2968|2998,A,12,12,0,100.0,65.2,79.2,65.2,0,0.0,calibration,6,0,6,15,40.6,0.0,42.1,88.2,JARJARBINKS,CANDIDATE,CALIBRATE,6A ma wartość lub dopasowanie uzasadniające calibration,0.0,,,,,,,,,,,,,,,,,,,,,,,
ZIzCA2awRQmMJruxN-WUNQ,764,Potency,6,Triangle,5,15,False,0,True,POSTAĆ: MARAJADE,uuuVPVVHTbSZyG-sI08oWw,Critical Damage %,42%,4200,0,,Health %,5.16%,516,3,1631|1636|1901,Tenacity %,4.33%,433,2,2565|1766,Offense,67,670000,2,4094500|2514750,Speed,21,210000,5,538590|331230|302700|534270|389310,A,12,12,0,100.0,78.3,70.0,78.3,0,0.0,calibration,6,0,6,15,44.1,0.0,47.5,88.2,JARJARBINKS,CANDIDATE,CALIBRATE,6A ma wartość lub dopasowanie uzasadniające calibration,0.0,,,,,,,,,,,,,,,,,,,,,,,
h5CUIHYXS_mnz0yKwx5p6w,764,Potency,6,Triangle,5,15,False,0,False,MAGAZYN,,Health %,16%,1600,0,,Protection %,8.29%,829,4,1965|2303|1539|2488,Protection,1368,13680000,2,82565400|54280000,Speed,17,170000,3,597180|555930|480720,Critical Chance %,5.58%,558,3,1266|1978|2343,A,12,12,0,100.0,62.6,94.4,62.6,0,0.0,calibration,6,0,6,15,41.2,0.0,43.0,88.2,JARJARBINKS,CANDIDATE,CALIBRATE,6A ma wartość lub dopasowanie uzasadniające calibration,0.0,,,,,,,,,,,,,,,,,,,,,,,
03Q6jZy_QLW4A3IliZMgCw,452,Speed,5,Arrow,2,15,False,0,True,POSTAĆ: TIEFIGHTERPILOT,EGIGnBBeQKypl69_NjyZMQ,Speed,30,300000,0,,Defense %,1.54%,154,1,1545,Offense %,0.34%,34,1,347,Health %,0.58%,58,1,589,Critical Chance %,2.78%,278,2,1519|1269,D,5,5,0,100.0,51.2,0.0,51.2,0,0.0,slice,0,0,0,0,34.0,95.1,0.0,100.0,JARJARBINKS,CANDIDATE,KEEP,wartość secondary zbyt niska,0.0,,,,,,,,,,,,,,,,,,,,,,,
0Wz3wQMPTbmUCpz-wZLQYg,452,Speed,5,Arrow,1,15,False,0,True,POSTAĆ: BADBATCHECHO,FwIhKIbkQpmDehO-x4X4Bw,Speed,30,300000,0,,Critical Chance %,1.17%,117,1,1177,Offense,25,250000,1,2443476,Tenacity %,1.24%,124,1,1249,Potency %,1.88%,188,1,1889,E,4,4,0,100.0,42.8,0.0,42.8,0,0.0,slice,0,0,0,0,39.7,95.1,8.7,100.0,JARJARBINKS,CANDIDATE,KEEP,wartość secondary zbyt niska,0.0,,,,,,,,,,,,,,,,,,,,,,,
2Uk8J7wTRDSxkUCkbbYqfQ,452,Speed,5,Arrow,1,15,False,0,False,MAGAZYN,,Health %,5.88%,588,0,,Protection,498,4980000,1,49889989,Speed,5,50000,1,591780,Potency %,1.24%,124,1,1243,Defense %,1.47%,147,1,1473,E,4,4,0,100.0,56.0,83.3,56.0,0,0.0,slice,0,0,0,0,37.3,0.0,34.3,100.0,JARJARBINKS,CANDIDATE,KEEP,obserwuj przed wydaniem materiałów,0.0,,,,,,,,,,,,,,,,,,,,,,,
2dbgcRpfSIe8JLxdwbh8wg,452,Speed,5,Arrow,5,15,False,0,True,POSTAĆ: ADMIRALPIETT,Mz0_xu-vQt23Vd1Prv1rHw,Speed,30,300000,0,,Offense %,1.02%,102,2,493|534,Tenacity %,1.66%,166,1,1660,Offense,107,1070000,3,2697696|3633180|4269756,Critical Chance %,3.6%,360,2,1421|2180,A,8,8,0,100.0,63.7,0.0,63.7,0,62.4,6-dot,0,0,0,0,42.5,95.1,13.0,100.0,JARJARBINKS,CANDIDATE,SLICE_6E,5A ma wystarczającą wartość lub dopasowanie do postaci,0.0,,,,,,,,,,,,,,,,,,,,,,,
4YCDFbQLRV2E-w2R7jSzfw,452,Speed,5,Arrow,1,15,False,0,True,POSTAĆ: GREATMOTHERS,_9o2eZpKS1qVCYr7VBoyEQ,Speed,30,300000,0,,Health %,0.7%,70,1,700,Protection %,1.94%,194,1,1941,Critical Chance %,1.92%,192,1,1928,Offense,39,390000,1,3832452,E,4,4,0,100.0,62.2,0.0,62.2,0,0.0,slice,0,0,0,0,45.4,95.1,17.5,100.0,JARJARBINKS,CANDIDATE,SLICE,wartość moda lub dopasowanie do postaci uzasadnia kolejny roll,0.0,,,,,,,,,,,,,,,,,,,,,,,
4aBVu-eKTF-YMUxyz3XcaQ,452,Speed,5,Arrow,1,15,False,0,False,MAGAZYN,,Offense %,5.88%,588,0,,Health,353,3530000,1,35338070,Offense,27,270000,1,2644800,Speed,5,50000,1,557550,Protection %,1.59%,159,1,1599,E,4,4,0,100.0,75.0,83.3,75.0,0,0.0,slice,0,0,0,0,47.8,0.0,50.5,100.0,JARJARBINKS,CANDIDATE,SLICE,wartość moda lub dopasowanie do postaci uzasadnia kolejny roll,0.0,,,,,,,,,,,,,,,,,,,,,,,
60cOwYE3Tq6XGGxXKKF2Ng,452,Speed,5,Arrow,4,15,False,0,True,POSTAĆ: SHAAKTI,503OVxX6T8KodfMAlrKGlw,Speed,30,300000,0,,Critical Chance %,3.18%,318,2,1203|1985,Tenacity %,1.68%,168,1,1685,Offense %,0.34%,34,1,342,Offense,75,750000,3,2513928|2365272|2591448,B,7,7,0,100.0,59.7,0.0,59.7,0.0,0.0,slice,0,0,0,0,43.7,95.1,14.9,100.0,JARJARBINKS,CANDIDATE,SLICE,wartość moda lub dopasowanie do postaci uzasadnia kolejny roll,0.0,,,,,,,,,,,,,,,,,,,,,,,
6Exoc0N3RzGRfdSazxUdzA,452,Speed,5,Arrow,3,15,False,0,True,POSTAĆ: HUNTERS3,fOvmK1oPT9GBBqelVUGiwQ,Speed,30,300000,0,,Health %,2%,200,2,1051|951,Defense %,2.3%,230,2,1066|1239,Tenacity %,2.07%,207,1,2072,Offense %,0.48%,48,1,485,C,6,6,0,100.0,58.3,0.0,58.3,0,0.0,slice,0,0,0,0,34.0,95.1,0.0,100.0,JARJARBINKS,CANDIDATE,SLICE,wartość moda lub dopasowanie do postaci uzasadnia kolejny roll,0.0,,,,,,,,,,,,,,,,,,,,,,,
6ryIiR98RMextyYbNY0mww,452,Speed,5,Arrow,5,15,False,0,True,POSTAĆ: CAPTAINREX,3gaeLq9BQs-Hg-ZQfRFU7Q,Speed,30,300000,0,,Defense %,2.68%,268,2,1545|1139,Defense,6,60000,1,600495,Health %,2.86%,286,3,980|959|929,Offense,60,600000,2,2849772|3077544,A,8,8,0,100.0,62.3,0.0,62.3,0,51.2,6-dot,0,0,0,0,42.2,95.1,12.6,100.0,JARJARBINKS,CANDIDATE,SLICE_6E,5A ma wystarczającą wartość lub dopasowanie do postaci,0.0,,,,,,,,,,,,,,,,,,,,,,,
9uIqvWQqSzmKx5w25MZfdQ,452,Speed,5,Arrow,5,15,False,0,True,POSTAĆ: BOOMADIER,I-M6qZctR4y_eyiDi7CTRA,Speed,30,300000,0,,Protection %,4.2%,420,3,1159|1828|1213,Health %,0.67%,67,1,676,Offense,55,550000,2,2658480|2781144,Health,702,7020000,2,27586839|42697132,A,8,8,0,100.0,67.8,0.0,67.8,0,32.7,6-dot,0,0,0,0,53.5,95.1,29.9,100.0,JARJARBINKS,CANDIDATE,SLICE_6E,5A ma wystarczającą wartość lub dopasowanie do postaci,0.0,,,,,,,,,,,,,,,,,,,,,,,
AXn6t_1HT56Owm90vlS7Fw,452,Speed,5,Arrow,1,15,False,0,False,MAGAZYN,,Protection %,23.5%,2350,0,,Offense %,0.52%,52,1,527,Health,229,2290000,1,22921528,Health %,0.57%,57,1,570,Speed,5,50000,1,586050,E,4,4,0,100.0,78.0,83.3,78.0,0,0.0,slice,0,0,0,0,36.5,0.0,33.0,100.0,JARJARBINKS,CANDIDATE,PATCH,PATCH 4LOM; zachowanie setu Speed,23.2,g8dLMiERRyuej_Q0kScoKQ,SAFE,umm1Guh0QlC-Mx4RUkOImg,4LOM,Arrow,JARJARBINKS:Arrow,1,2,MOD: 4LOM -> JARJARBINKS; PATCH: MAGAZYN -> 4LOM,23.2,,,,,,,,,,,,,
Ai1HhC_DSCiKn6S_IpObaw,452,Speed,5,Arrow,1,15,False,0,False,MAGAZYN,,Protection %,23.5%,2350,0,,Speed,5,50000,1,532170,Health %,0.65%,65,1,654,Health,312,3120000,1,31225653,Defense %,0.97%,97,1,971,E,4,4,0,100.0,65.5,83.3,65.5,0,0.0,slice,0,0,0,0,36.5,0.0,33.0,100.0,JARJARBINKS,CANDIDATE,SLICE,wartość moda lub dopasowanie do postaci uzasadnia kolejny roll,0.0,,,,,,,,,,,,,,,,,,,,,,,
Bi4zDd7MT8uc53nar7D56A,452,Speed,5,Arrow,1,15,False,0,True,POSTAĆ: CORUSCANTUNDERWORLDPOLICE,l4W95yMkRci4SwS5eE2Fqw,Speed,30,300000,0,,Defense %,1.61%,161,1,1617,Potency %,1.95%,195,1,1952,Health,290,2900000,1,29031221,Offense %,0.53%,53,1,532,E,4,4,0,100.0,54.0,0.0,54.0,0,0.0,slice,0,0,0,0,39.2,95.1,8.0,100.0,JARJARBINKS,CANDIDATE,KEEP,obserwuj przed wydaniem materiałów,0.0,,,,,,,,,,,,,,,,,,,,,,,
D8u9GtesSBW9u2JG4lL_TQ,452,Speed,5,Arrow,1,15,False,0,True,POSTAĆ: CT7567,JLM-m7ixRCOVuvT1dBCzSQ,Speed,30,300000,0,,Defense,7,70000,1,777434,Defense %,1.15%,115,1,1156,Potency %,1.19%,119,1,1190,Tenacity %,2.03%,203,1,2034,E,4,4,0,100.0,35.0,0.0,35.0,0,0.0,slice,0,0,0,0,39.1,95.1,7.8,100.0,JARJARBINKS,CANDIDATE,KEEP,wartość secondary zbyt niska,0.0,,,,,,,,,,,,,,,,,,,,,,,
EYX611goQuiT8hT_qYF0Ug,452,Speed,5,Arrow,1,15,False,0,True,POSTAĆ: COLONELSTARCK,8ckDli7mTvaKsfLl2IuUSQ,Speed,30,300000,0,,Protection,738,7380000,1,73869411,Health,423,4230000,1,42373539,Protection %,1.29%,129,1,1292,Potency %,1.41%,141,1,1417,E,4,4,0,100.0,50.0,0.0,50.0,0,0.0,slice,0,0,0,0,51.0,95.1,26.2,100.0,JARJARBINKS,CANDIDATE,KEEP,wartość secondary zbyt niska,0.0,,,,,,,,,,,,,,,,,,,,,,,
Ft01yprESBS-ug8WZpj4ug,452,Speed,5,Arrow,1,15,False,0,False,MAGAZYN,,Offense %,5.88%,588,0,,Defense,9,90000,1,954030,Protection,507,5070000,1,50762119,Defense %,1.08%,108,1,1086,Speed,5,50000,1,551040,E,4,4,0,100.0,56.0,83.3,56.0,0,0.0,slice,0,0,0,0,42.4,0.0,42.2,100.0,JARJARBINKS,CANDIDATE,KEEP,obserwuj przed wydaniem materiałów,0.0,,,,,,,,,,,,,,,,,,,,,,,
HZtvfY0yQauQfRV3_ajbRg,452,Speed,5,Arrow,1,15,False,0,False,MAGAZYN,,Protection %,23.5%,2350,0,,Offense,45,450000,1,4469256,Speed,5,50000,1,553380,Offense %,0.55%,55,1,553,Defense,9,90000,1,914879,E,4,4,0,100.0,77.0,83.3,77.0,0,0.0,slice,0,0,0,0,42.0,0.0,41.5,100.0,JARJARBINKS,CANDIDATE,SLICE,wartość moda lub dopasowanie do postaci uzasadnia kolejny roll,0.0,,,,,,,,,,,,,,,,,,,,,,,
JJFeTF35Qy68cVDESkeO_w,452,Speed,5,Arrow,2,15,False,0,True,POSTAĆ: BOSSK,HHG46px_TKifMzyZeOHdbg,Speed,30,300000,0,,Potency %,1.58%,158,1,1581,Health,330,3300000,1,33021487,Protection,654,6540000,1,65472045,Offense,60,600000,2,3171936|2749452,D,5,5,0,100.0,58.8,0.0,58.8,0,0.0,slice,0,0,0,0,52.1,95.1,27.8,100.0,JARJARBINKS,CANDIDATE,SLICE,wartość moda lub dopasowanie do postaci uzasadnia kolejny roll,0.0,,,,,,,,,,,,,,,,,,,,,,,
LLvavvNsSAC8Tqs3OkHyfw,452,Speed,5,Arrow,3,15,False,0,True,POSTAĆ: KYLEKATARN,NUyH0Un-QQ-qVlZICatTug,Speed,30,300000,0,,Protection %,3.83%,383,2,1793|2036,Health,317,3170000,1,31701399,Potency %,1.34%,134,1,1349,Tenacity %,4.1%,410,2,1992|2107,C,6,6,0,100.0,47.0,0.0,47.0,0,0.0,slice,0,0,0,0,45.1,95.1,17.1,100.0,JARJARBINKS,CANDIDATE,KEEP,wartość secondary zbyt niska,0.0,,,,,,,,,,,,,,,,,,,,,,,
O1ARApWERSSypin2naHcHQ,452,Speed,5,Arrow,1,15,False,0,False,MAGAZYN,,Protection %,23.5%,2350,0,,Speed,5,50000,1,535980,Defense,5,50000,1,534296,Health %,0.74%,74,1,741,Protection,702,7020000,1,70256301,E,4,4,0,100.0,63.5,83.3,63.5,0,0.0,slice,0,0,0,0,42.4,0.0,42.2,100.0,JARJARBINKS,CANDIDATE,SLICE,wartość moda lub dopasowanie do postaci uzasadnia kolejny roll,0.0,,,,,,,,,,,,,,,,,,,,,,,
Oa3jJIyTRR6oYt6HRsteaA,452,Speed,5,Arrow,2,15,False,0,True,POSTAĆ: QUIGONJINN,4GDXlgfpST-ncBlJC4MD5Q,Speed,30,300000,0,,Protection %,3.17%,317,2,1881|1292,Tenacity %,1.38%,138,1,1386,Potency %,2.15%,215,1,2157,Defense %,1.62%,162,1,1629,D,5,5,0,100.0,49.2,0.0,49.2,0,0.0,slice,0,0,0,0,43.2,95.1,14.1,100.0,JARJARBINKS,CANDIDATE,KEEP,wartość secondary zbyt niska,0.0,,,,,,,,,,,,,,,,,,,,,,,
OvjIN2kBSMOVghd2QCUQ_A,452,Speed,5,Arrow,1,15,False,0,True,POSTAĆ: LOGRAY,GuFNgN4vTyCd6RkM9gKvUQ,Speed,30,300000,0,,Offense,27,270000,1,2643888,Offense %,0.5%,50,1,502,Health,360,3600000,1,36075262,Protection %,2.07%,207,1,2073,E,4,4,0,100.0,73.0,0.0,73.0,0,0.0,slice,0,0,0,0,50.6,95.1,25.5,100.0,JARJARBINKS,CANDIDATE,SLICE,wartość moda lub dopasowanie do postaci uzasadnia kolejny roll,0.0,,,,,,,,,,,,,,,,,,,,,,,
QOfLQzofTqmdTXEPHyVCfA,452,Speed,5,Arrow,5,15,False,0,True,POSTAĆ: CAPTAINSILVO,GfeI_j1jQaGE0PV27rwMGg,Speed,30,300000,0,,Critical Chance %,5.4%,540,3,1853|2070|1484,Offense %,0.92%,92,2,370|554,Health,635,6350000,2,35102340|28416180,Defense %,1.53%,153,1,1530,A,8,8,0,100.0,49.6,0.0,49.6,0,60.4,6-dot,0,0,0,0,39.2,95.1,8.0,100.0,JARJARBINKS,CANDIDATE,SLICE_6E,5A ma wystarczającą wartość lub dopasowanie do postaci,0.0,,,,,,,,,,,,,,,,,,,,,,,
S_wONSrfS2qCoVoBBELL-A,452,Speed,5,Arrow,5,15,False,0,True,POSTAĆ: TRIPLEZERO,1ljjdZ07RbiZI3P80CgyEQ,Speed,30,300000,0,,Critical Chance %,4.95%,495,3,2017|1417|1524,Offense %,0.5%,50,1,507,Offense,101,1010000,3,2998200|4505508|2526240,Tenacity %,2.23%,223,1,2234,A,8,8,0,100.0,55.4,0.0,55.4,0,57.4,6-dot,0,0,0,0,42.5,95.1,13.0,100.0,JARJARBINKS,CANDIDATE,SLICE_6E,5A ma wystarczającą wartość lub dopasowanie do postaci,0.0,,,,,,,,,,,,,,,,,,,,,,,
awjBoMPWT6eMZoKycTPsEw,452,Speed,5,Arrow,1,15,False,0,True,POSTAĆ: DARTHTRAYA,T752Q156S962IXPWTPb_pQ,Speed,30,300000,0,,Critical Chance %,1.54%,154,1,1540,Offense %,0.56%,56,1,560,Protection %,2.01%,201,1,2014,Potency %,1.55%,155,1,1559,E,4,4,0,100.0,55.2,0.0,55.2,0,0.0,slice,0,0,0,0,39.7,95.1,8.8,100.0,JARJARBINKS,CANDIDATE,KEEP,obserwuj przed wydaniem materiałów,0.0,,,,,,,,,,,,,,,,,,,,,,,
e7g674S_TiGMPqyEvZQuIQ,452,Speed,5,Arrow,1,15,False,0,True,POSTAĆ: DIRECTORKRENNIC,ZFn8QPPBSn6_na9yfjMQ2Q,Speed,30,300000,0,,Health,403,4030000,1,40393407,Defense,4,40000,1,497301,Protection %,1.42%,142,1,1421,Offense %,0.32%,32,1,327,E,4,4,0,100.0,61.0,0.0,61.0,0,0.0,slice,0,0,0,0,50.1,95.1,24.7,100.0,JARJARBINKS,CANDIDATE,SLICE,wartość moda lub dopasowanie do postaci uzasadnia kolejny roll,0.0,,,,,,,,,,,,,,,,,,,,,,,
g7aRXTgwSlaoe6Osjk_kmA,452,Speed,5,Arrow,1,15,False,0,False,MAGAZYN,,Offense %,5.88%,588,0,,Speed,5,50000,1,512880,Potency %,1.22%,122,1,1220,Defense,7,70000,1,765037,Protection,827,8270000,1,82748525,E,4,4,0,100.0,54.0,83.3,54.0,0,0.0,slice,0,0,0,0,42.4,0.0,42.2,100.0,JARJARBINKS,CANDIDATE,KEEP,obserwuj przed wydaniem materiałów,0.0,,,,,,,,,,,,,,,,,,,,,,,
g8dLMiERRyuej_Q0kScoKQ,452,Speed,5,Arrow,5,15,False,0,True,POSTAĆ: 4LOM,umm1Guh0QlC-Mx4RUkOImg,Speed,30,300000,0,,Protection,1703,17030000,3,61223526|51044523|58100470,Potency %,2.1%,210,1,2106,Health,723,7230000,2,40161963|32226434,Offense,54,540000,2,2792088|2582328,A,8,8,0,100.0,54.8,0.0,54.8,0,46.4,6-dot,0,0,0,0,54.0,95.1,30.7,100.0,JARJARBINKS,CANDIDATE,REPLACE,"BEZPIECZNY ŁAŃCUCH; najpierw MOD bezpośrednio do celu, potem PATCH-y w kolejności zależności",0.0,,SAFE,,,,JARJARBINKS:Arrow,,2,MOD: 4LOM -> JARJARBINKS; PATCH: MAGAZYN -> 4LOM,,JARJARBINKS,54.0,357.8,320.2,37.64,197.4,160.4,POSTAĆ: 4LOM,True,54.0,160.4,37.64,23.2
kWSoU8P9QTeKWwSMr2OXoQ,452,Speed,5,Arrow,2,15,False,0,True,POSTAĆ: BASTILASHANDARK,PW1L-e75QHah_i5rLIk8KA,Speed,30,300000,0,,Critical Chance %,4.11%,411,2,1946|2165,Offense %,0.38%,38,1,387,Health,376,3760000,1,37663225,Health %,0.73%,73,1,736,D,5,5,0,100.0,52.4,0.0,52.4,0,0.0,slice,0,0,0,0,38.2,95.1,6.4,100.0,JARJARBINKS,CANDIDATE,KEEP,obserwuj przed wydaniem materiałów,0.0,,,,,,,,,,,,,,,,,,,,,,,
lZMxKkZiRnSVp4R113g-Bg,452,Speed,5,Arrow,1,15,False,0,True,POSTAĆ: HERASYNDULLAS3,WwA_vE8UQ9SCiyY3ETfxew,Speed,30,300000,0,,Protection,728,7280000,1,72876844,Protection %,1.92%,192,1,1925,Offense %,0.56%,56,1,562,Tenacity %,1.93%,193,1,1939,E,4,4,0,100.0,60.0,0.0,60.0,0,0.0,slice,0,0,0,0,45.8,95.1,18.1,100.0,JARJARBINKS,CANDIDATE,SLICE,wartość moda lub dopasowanie do postaci uzasadnia kolejny roll,0.0,,,,,,,,,,,,,,,,,,,,,,,
omxmrP8vTeK3rrDVLhQV9A,452,Speed,5,Arrow,2,15,False,0,True,POSTAĆ: URORRURRR,Og41VwyAS3Wj_pSqozBePw,Speed,30,300000,0,,Offense %,0.45%,45,1,454,Offense,27,270000,1,2631804,Health %,1.9%,190,2,1006|900,Protection %,1.66%,166,1,1668,D,5,5,0,100.0,77.6,0.0,77.6,0,0.0,slice,0,0,0,0,43.1,95.1,14.0,100.0,JARJARBINKS,CANDIDATE,SLICE,wartość moda lub dopasowanie do postaci uzasadnia kolejny roll,0.0,,,,,,,,,,,,,,,,,,,,,,,
piHDpwIHTOq3f_yT0YrRnQ,452,Speed,5,Arrow,1,15,False,0,True,POSTAĆ: EWOKELDER,z3sHtcymTXefNPlDiehKqQ,Speed,30,300000,0,,Protection,527,5270000,1,52792936,Health,376,3760000,1,37611793,Potency %,1.53%,153,1,1535,Protection %,1.14%,114,1,1148,E,4,4,0,100.0,50.0,0.0,50.0,0,0.0,slice,0,0,0,0,51.0,95.1,26.2,100.0,JARJARBINKS,CANDIDATE,KEEP,wartość secondary zbyt niska,0.0,,,,,,,,,,,,,,,,,,,,,,,
qf7LAlyUQo2Z2NQR8gegpQ,452,Speed,5,Arrow,2,15,False,0,True,POSTAĆ: SAWGERRERA,a87HTT1XQhSqzh1l2STnjA,Speed,30,300000,0,,Offense,53,530000,2,2293908|2932308,Defense,8,80000,1,822906,Critical Chance %,2.24%,224,1,2243,Health %,0.91%,91,1,910,D,5,5,0,100.0,59.0,0.0,59.0,0,0.0,slice,0,0,0,0,47.1,95.1,20.2,100.0,JARJARBINKS,CANDIDATE,SLICE,wartość moda lub dopasowanie do postaci uzasadnia kolejny roll,0.0,,,,,,,,,,,,,,,,,,,,,,,
rq7VpGe5TXm_soKgelNxeA,452,Speed,5,Arrow,2,15,False,0,True,POSTAĆ: DASHRENDAR,UvX9PUsvQNWgySnOmxD5Lw,Speed,30,300000,0,,Defense %,0.98%,98,1,984,Protection %,1.18%,118,1,1185,Health %,2.09%,209,2,984|1111,Tenacity %,1.57%,157,1,1579,D,5,5,0,100.0,57.2,0.0,57.2,0.0,0.0,slice,0,0,0,0,38.6,95.1,7.0,100.0,JARJARBINKS,CANDIDATE,KEEP,obserwuj przed wydaniem materiałów,0.0,,,,,,,,,,,,,,,,,,,,,,,
sPD-vDucTLqNn5NJRdMEHg,452,Speed,5,Arrow,1,15,False,0,True,POSTAĆ: STORMTROOPERHAN,bVOyKrAwSLyX6DBQPD25pA,Protection %,23.5%,2350,0,,Speed,5,50000,1,507360,Potency %,1.51%,151,1,1510,Health,264,2640000,1,26457478,Health %,1.03%,103,1,1030,E,4,4,0,100.0,63.5,83.3,63.5,0,0.0,slice,0,0,0,0,36.5,0.0,33.0,100.0,JARJARBINKS,CANDIDATE,SLICE,wartość moda lub dopasowanie do postaci uzasadnia kolejny roll,0.0,,,,,,,,,,,,,,,,,,,,,,,
zXAByuqHSFig6Dk9SN2ArQ,452,Speed,5,Arrow,3,15,False,0,True,POSTAĆ: DARTHREVAN,fLqeKdDzSRW4dMgHZirtpQ,Speed,30,300000,0,,Offense,76,760000,2,3257892|4286400,Tenacity %,1.17%,117,1,1177,Protection %,3%,300,2,1881|1127,Defense,9,90000,1,926884,C,6,6,0,100.0,61.3,0.0,61.3,0.0,0.0,slice,0,0,0,0,52.6,95.1,28.5,100.0,JARJARBINKS,CANDIDATE,SLICE,wartość moda lub dopasowanie do postaci uzasadnia kolejny roll,0.0,,,,,,,,,,,,,,,,,,,,,,,
8NMbCyLYSr-pnBsTpTACQw,452,Speed,5,Arrow,2,9,False,0,False,MAGAZYN,,Health %,3.63%,363,0,,Tenacity %,1.2%,120,1,1207,Speed,5,50000,1,558450,Health,291,2910000,1,29164087,Defense %,1.57%,157,1,1576,D,4,5,1,100.0,55.0,83.3,64.0,9.0,0.0,upgrade,0,0,0,0,36.5,0.0,33.0,100.0,JARJARBINKS,CANDIDATE,UPGRADE,nieujawnione wszystkie secondary,0.0,,,,,,,,,,,,,,,,,,,,,,,
GmVc0zHhSay82b0Ru7dyng,452,Speed,5,Arrow,2,9,False,0,False,MAGAZYN,,Offense %,3.63%,363,0,,Potency %,1.49%,149,1,1496,Critical Chance %,2.14%,214,1,2145,Speed,5,50000,1,594600,Tenacity %,1.43%,143,1,1439,D,4,5,1,100.0,47.2,83.3,57.8,10.5,0.0,upgrade,0,0,0,0,31.2,0.0,25.0,100.0,JARJARBINKS,CANDIDATE,UPGRADE,nieujawnione wszystkie secondary,0.0,,,,,,,,,,,,,,,,,,,,,,,
lyuHx8MWT6uYFUUCbdoz_w,452,Speed,5,Arrow,2,9,False,0,False,MAGAZYN,,Health %,3.63%,363,0,,Defense,5,50000,1,556836,Protection,627,6270000,1,62710300,Offense,45,450000,1,4458768,Speed,5,50000,1,584010,D,4,5,1,100.0,66.0,83.3,72.8,6.8,0.0,upgrade,0,0,0,0,48.1,0.0,50.9,100.0,JARJARBINKS,CANDIDATE,UPGRADE,nieujawnione wszystkie secondary,0.0,,,,,,,,,,,,,,,,,,,,,,,
nKPeXvGJRS2bcrGG4FmNgQ,452,Speed,5,Arrow,2,9,False,0,True,POSTAĆ: ZUCKUSS,2Hnd3xTKQx2mjOfWoquviQ,Protection %,14.5%,1450,0,,Health,379,3790000,1,37997533,Health %,0.75%,75,1,756,Speed,5,50000,1,573150,Defense %,0.94%,94,1,942,D,4,5,1,100.0,65.5,83.3,72.4,6.9,0.0,upgrade,0,0,0,0,36.5,0.0,33.0,100.0,JARJARBINKS,CANDIDATE,UPGRADE,nieujawnione wszystkie secondary,0.0,,,,,,,,,,,,,,,,,,,,,,,
2LyBQeWyTl-8PZEIj7LCug,452,Speed,5,Arrow,3,6,False,0,False,MAGAZYN,,Offense %,2.5%,250,0,,Potency %,1.14%,114,1,1149,Protection,563,5630000,1,56306374,Defense,5,50000,1,530082,Speed,5,50000,1,555480,C,4,6,2,100.0,54.0,83.3,69.3,15.3,0.0,upgrade,0,0,0,0,42.4,0.0,42.2,100.0,JARJARBINKS,CANDIDATE,UPGRADE,nieujawnione wszystkie secondary,0.0,,,,,,,,,,,,,,,,,,,,,,,
EA91AXxwS6epIpRPlFk7lQ,452,Speed,5,Arrow,3,6,False,0,False,MAGAZYN,,Health %,2.5%,250,0,,Health,306,3060000,1,30672759,Protection %,1.26%,126,1,1267,Speed,5,50000,1,502590,Defense %,1%,100,1,1009,C,4,6,2,100.0,65.0,83.3,76.7,11.7,0.0,upgrade,0,0,0,0,42.2,0.0,41.8,100.0,JARJARBINKS,CANDIDATE,UPGRADE,nieujawnione wszystkie secondary,0.0,,,,,,,,,,,,,,,,,,,,,,,
-XpiOvsgQcuxfLdr5mQqXQ,452,Speed,5,Arrow,3,1,False,0,True,POSTAĆ: BADBATCHTECH,nNIk-ArfQOGjLeDwoFLmaA,Speed,4,40000,0,,Tenacity %,2.21%,221,1,2214,Defense %,1%,100,1,1002,,,,0,,,,,0,,C,2,6,4,100.0,36.0,0.0,40.0,4.0,0.0,upgrade,0,0,0,0,34.0,95.1,0.0,100.0,JARJARBINKS,CANDIDATE,UPGRADE,nieujawnione wszystkie secondary,0.0,,,,,,,,,,,,,,,,,,,,,,,
1fdKxdcFQ9GcDBJz3MD4ZA,452,Speed,5,Arrow,1,1,False,0,True,POSTAĆ: BODHIROOK,quKF5BsKRcyAFpp2bC6f0A,Speed,4,40000,0,,,,,0,,,,,0,,,,,0,,,,,0,,E,0,4,4,0.0,0.0,0.0,0.0,0,0.0,upgrade,0,0,0,0,34.0,95.1,0.0,100.0,JARJARBINKS,CANDIDATE,UPGRADE,nieujawnione wszystkie secondary,0.0,,,,,,,,,,,,,,,,,,,,,,,
2t1qlMp4QW2efDvCL2j9RQ,452,Speed,5,Arrow,1,1,False,0,True,POSTAĆ: GENERALHUX,4xJRxbo2QFa9YMtrQdsX6Q,Speed,4,40000,0,,,,,0,,,,,0,,,,,0,,,,,0,,E,0,4,4,0.0,0.0,0.0,0.0,0,0.0,upgrade,0,0,0,0,34.0,95.1,0.0,100.0,JARJARBINKS,CANDIDATE,UPGRADE,nieujawnione wszystkie secondary,0.0,,,,,,,,,,,,,,,,,,,,,,,
8pZuxanSQkaZ0zh8gE5GUg,452,Speed,5,Arrow,2,1,False,0,True,POSTAĆ: YODACHEWBACCA,aocllDwYT-a94UxrTjxOdQ,Speed,4,40000,0,,Health,352,3520000,1,35222348,,,,0,,,,,0,,,,,0,,D,1,5,4,100.0,48.0,0.0,48.0,0,0.0,upgrade,0,0,0,0,54.9,95.1,32.1,100.0,JARJARBINKS,CANDIDATE,UPGRADE,nieujawnione wszystkie secondary,0.0,,,,,,,,,,,,,,,,,,,,,,,
IgjxGsQPSdKng1jrb_6EwQ,452,Speed,5,Arrow,5,1,False,0,True,POSTAĆ: CAPTAINENOCH,MYo2BupuSfCihon9rUfSwg,Speed,4,40000,0,,Tenacity %,1.97%,197,1,1974,Health,377,3770000,1,37742516,Health %,0.97%,97,1,970,Critical Chance %,1.74%,174,1,1741,A,4,8,4,100.0,43.8,0.0,57.9,14.1,69.5,upgrade,0,0,0,0,39.2,95.1,8.0,100.0,JARJARBINKS,CANDIDATE,UPGRADE,nieujawnione wszystkie secondary,0.0,,,,,,,,,,,,,,,,,,,,,,,
KibOifhgSKCOhLSbRkDYPQ,452,Speed,5,Arrow,4,1,False,0,True,POSTAĆ: COUNTDOOKU,3FSz0CMSTUerWQQH0wxk5A,Speed,4,40000,0,,Protection,671,6710000,1,67133245,Offense %,0.49%,49,1,491,Offense,30,300000,1,2932992,,,,0,,B,3,7,4,100.0,74.0,0.0,84.3,10.3,0.0,upgrade,0,0,0,0,49.6,95.1,24.0,100.0,JARJARBINKS,CANDIDATE,UPGRADE,nieujawnione wszystkie secondary,0.0,,,,,,,,,,,,,,,,,,,,,,,
MS5IxmveTTuOOVr0jyY4bA,452,Speed,5,Arrow,1,1,False,0,True,POSTAĆ: MONMOTHMA,NZxmA6jjT9mgRzvaiQYUbw,Speed,4,40000,0,,,,,0,,,,,0,,,,,0,,,,,0,,E,0,4,4,0.0,0.0,0.0,0.0,0,0.0,upgrade,0,0,0,0,34.0,95.1,0.0,100.0,JARJARBINKS,CANDIDATE,UPGRADE,nieujawnione wszystkie secondary,0.0,,,,,,,,,,,,,,,,,,,,,,,
QNV0v44NSq2bZcYnHPeQ3A,452,Speed,5,Arrow,3,1,False,0,True,POSTAĆ: SCOUTTROOPER_V3,EwvhlHGbS_a4Gk-O1KIWgg,Speed,4,40000,0,,Tenacity %,2.07%,207,1,2079,Protection %,1.14%,114,1,1142,,,,0,,,,,0,,C,2,6,4,100.0,50.0,0.0,63.3,13.3,0.0,upgrade,0,0,0,0,45.5,95.1,17.6,100.0,JARJARBINKS,CANDIDATE,UPGRADE,nieujawnione wszystkie secondary,0.0,,,,,,,,,,,,,,,,,,,,,,,
REaP1K5fTIW-JUAyUM3ZSA,452,Speed,5,Arrow,2,1,False,0,True,POSTAĆ: SITHASSASSIN,aexHsZUqQDGsVA2Qiivx6g,Speed,4,40000,0,,Protection %,1.14%,114,1,1144,,,,0,,,,,0,,,,,0,,D,1,5,4,100.0,70.0,0.0,70.0,0,0.0,upgrade,0,0,0,0,56.9,95.1,35.2,100.0,JARJARBINKS,CANDIDATE,UPGRADE,nieujawnione wszystkie secondary,0.0,,,,,,,,,,,,,,,,,,,,,,,
Spfa4LiaR42ss7pDOvawMw,452,Speed,5,Arrow,4,1,False,0,True,POSTAĆ: PHASMA,SkKOwLVQRPWgmAAswUhqVg,Speed,4,40000,0,,Tenacity %,1.8%,180,1,1805,Health %,0.73%,73,1,737,Critical Chance %,1.76%,176,1,1764,,,,0,,B,3,7,4,100.0,42.3,0.0,59.3,17.0,0.0,upgrade,0,0,0,0,34.0,95.1,0.0,100.0,JARJARBINKS,CANDIDATE,UPGRADE,nieujawnione wszystkie secondary,0.0,,,,,,,,,,,,,,,,,,,,,,,
Ue7pS2J8TdC-S6Gs7lxZ_g,452,Speed,5,Arrow,4,1,False,0,False,MAGAZYN,,Offense %,0.63%,63,0,,Critical Chance %,1.43%,143,1,1437,Speed,5,50000,1,574950,Protection %,1.56%,156,1,1566,,,,0,,B,3,7,4,100.0,65.0,83.3,85.0,20.0,0.0,upgrade,0,0,0,0,44.3,0.0,45.1,100.0,JARJARBINKS,CANDIDATE,UPGRADE,nieujawnione wszystkie secondary,0.0,,,,,,,,,,,,,,,,,,,,,,,
ZYFE8wUfSomxcT08-T8SXw,452,Speed,5,Arrow,4,1,False,0,True,POSTAĆ: SANASTARROS,EdpU_ZugR4Ga4PFhc0l-HA,Health %,0.63%,63,0,,Speed,5,50000,1,559050,Defense %,0.87%,87,1,870,Protection,417,4170000,1,41779180,,,,0,,B,3,7,4,100.0,63.3,83.3,84.3,21.0,0.0,upgrade,0,0,0,0,44.8,0.0,45.8,100.0,JARJARBINKS,CANDIDATE,UPGRADE,nieujawnione wszystkie secondary,0.0,,,,,,,,,,,,,,,,,,,,,,,
_63Iq5AmTf6YOrG_NTgrzQ,452,Speed,5,Arrow,1,1,False,0,True,POSTAĆ: CC2224,m_J2fZDlR1qleanuhPmZRg,Speed,4,40000,0,,,,,0,,,,,0,,,,,0,,,,,0,,E,0,4,4,0.0,0.0,0.0,0.0,0,0.0,upgrade,0,0,0,0,34.0,95.1,0.0,100.0,JARJARBINKS,CANDIDATE,UPGRADE,nieujawnione wszystkie secondary,0.0,,,,,,,,,,,,,,,,,,,,,,,
b3IstGXdSeOrpsKNtMNYXA,452,Speed,5,Arrow,5,1,False,0,True,POSTAĆ: INQUISITORBARRISS,52-GUkO5T1aatTDKmGdtNQ,Offense %,0.63%,63,0,,Critical Chance %,1.17%,117,1,1174,Speed,5,50000,1,512100,Health %,1.03%,103,1,1038,Protection %,2%,200,1,2009,A,4,8,4,100.0,66.8,83.3,83.4,16.6,57.9,upgrade,0,0,0,0,37.0,0.0,33.8,100.0,JARJARBINKS,CANDIDATE,UPGRADE,nieujawnione wszystkie secondary,0.0,,,,,,,,,,,,,,,,,,,,,,,
b3ShqR-6T-yWkPhgH3Xxfw,452,Speed,5,Arrow,3,1,False,0,True,POSTAĆ: UGNAUGHT,ZGlt-12-SZqEZEn-4Jp8Xw,Speed,4,40000,0,,Protection,816,8160000,1,81681204,Critical Chance %,1.48%,148,1,1482,,,,0,,,,,0,,C,2,6,4,100.0,36.5,0.0,44.2,7.7,0.0,upgrade,0,0,0,0,46.2,95.1,18.7,100.0,JARJARBINKS,CANDIDATE,UPGRADE,nieujawnione wszystkie secondary,0.0,,,,,,,,,,,,,,,,,,,,,,,
bKcOTluNRcqePLgEImksYg,452,Speed,5,Arrow,2,1,False,0,True,POSTAĆ: HUMANTHUG,N23ZfbdsQ6auQsqDhoBggQ,Speed,4,40000,0,,Defense,7,70000,1,737107,,,,0,,,,,0,,,,,0,,D,1,5,4,100.0,34.0,0.0,34.0,0.0,0.0,upgrade,0,0,0,0,54.4,95.1,31.3,100.0,JARJARBINKS,CANDIDATE,UPGRADE,nieujawnione wszystkie secondary,0.0,,,,,,,,,,,,,,,,,,,,,,,
dB9mzQcLSFyaTdZQbIJZ5A,452,Speed,5,Arrow,2,1,False,0,True,POSTAĆ: LOBOT,QDPo8AzSQ6iPC9yIs76NMw,Speed,4,40000,0,,Potency %,1.84%,184,1,1847,,,,0,,,,,0,,,,,0,,D,1,5,4,100.0,34.0,0.0,34.0,0.0,0.0,upgrade,0,0,0,0,34.0,95.1,0.0,100.0,JARJARBINKS,CANDIDATE,UPGRADE,nieujawnione wszystkie secondary,0.0,,,,,,,,,,,,,,,,,,,,,,,
dcQnaS4NSrS-wkWFYJTr0A,452,Speed,5,Arrow,4,1,False,0,False,MAGAZYN,,Health %,0.63%,63,0,,Speed,5,50000,1,533280,Protection %,1.65%,165,1,1658,Protection,540,5400000,1,54026377,,,,0,,B,3,7,4,100.0,72.7,83.3,88.3,15.6,0.0,upgrade,0,0,0,0,52.4,0.0,57.5,100.0,JARJARBINKS,CANDIDATE,UPGRADE,nieujawnione wszystkie secondary,0.0,,,,,,,,,,,,,,,,,,,,,,,
hK_Dw_LKQgGpmCeQqKzezg,452,Speed,5,Arrow,3,1,False,0,True,POSTAĆ: ZORIIBLISS_V2,OsO2zGm1RNijVuR2GT96iQ,Speed,4,40000,0,,Defense,8,80000,1,877443,Protection,435,4350000,1,43589888,,,,0,,,,,0,,C,2,6,4,100.0,41.0,0.0,45.7,4.7,0.0,upgrade,0,0,0,0,56.4,95.1,34.4,100.0,JARJARBINKS,CANDIDATE,UPGRADE,nieujawnione wszystkie secondary,0.0,,,,,,,,,,,,,,,,,,,,,,,
jOyHHQugSLeQuJMF5XKS2A,452,Speed,5,Arrow,1,1,False,0,True,POSTAĆ: CHIRRUTIMWE,TJZj8X93S32n6tnD78nPNA,Speed,4,40000,0,,,,,0,,,,,0,,,,,0,,,,,0,,E,0,4,4,0.0,0.0,0.0,0.0,0,0.0,upgrade,0,0,0,0,34.0,95.1,0.0,100.0,JARJARBINKS,CANDIDATE,UPGRADE,nieujawnione wszystkie secondary,0.0,,,,,,,,,,,,,,,,,,,,,,,
kcFDjh_iTSerM2KkwPvn0w,452,Speed,5,Arrow,3,1,False,0,True,POSTAĆ: OMEGAS3,gPUgOExdRM-SnfTDvmJyJA,Speed,4,40000,0,,Health %,0.76%,76,1,767,Protection,650,6500000,1,65031827,,,,0,,,,,0,,C,2,6,4,100.0,60.0,0.0,68.0,8.0,0.0,upgrade,0,0,0,0,46.2,95.1,18.7,100.0,JARJARBINKS,CANDIDATE,UPGRADE,nieujawnione wszystkie secondary,0.0,,,,,,,,,,,,,,,,,,,,,,,
oxh3GO4vTMel8nOpDcOTYA,452,Speed,5,Arrow,1,1,False,0,True,POSTAĆ: KUIIL,dmUHCShASp6QkYkaZ_yX1A,Speed,4,40000,0,,,,,0,,,,,0,,,,,0,,,,,0,,E,0,4,4,0.0,0.0,0.0,0.0,0,0.0,upgrade,0,0,0,0,34.0,95.1,0.0,100.0,JARJARBINKS,CANDIDATE,UPGRADE,nieujawnione wszystkie secondary,0.0,,,,,,,,,,,,,,,,,,,,,,,
p3V21U33RCCVzfOErBHhaA,452,Speed,5,Arrow,4,1,False,0,False,MAGAZYN,,Health %,0.63%,63,0,,Speed,5,50000,1,551850,Protection,704,7040000,1,70493022,Critical Chance %,1.25%,125,1,1253,,,,0,,B,3,7,4,100.0,57.7,83.3,81.9,24.2,0.0,upgrade,0,0,0,0,44.8,0.0,45.8,100.0,JARJARBINKS,CANDIDATE,UPGRADE,nieujawnione wszystkie secondary,0.0,,,,,,,,,,,,,,,,,,,,,,,
p8xUwe8mQHeFyK2AbuH26g,452,Speed,5,Arrow,1,1,False,0,True,POSTAĆ: CHOPPERS3,Bru_NLjRRlitn1bvKpD5zA,Speed,4,40000,0,,,,,0,,,,,0,,,,,0,,,,,0,,E,0,4,4,0.0,0.0,0.0,0.0,0,0.0,upgrade,0,0,0,0,34.0,95.1,0.0,100.0,JARJARBINKS,CANDIDATE,UPGRADE,nieujawnione wszystkie secondary,0.0,,,,,,,,,,,,,,,,,,,,,,,
pGbzSgesQ065dITasxkkSw,452,Speed,5,Arrow,1,1,False,0,True,POSTAĆ: DARTHSION,OP5-B8qmQuKc8DFcXDEBsg,Speed,4,40000,0,,,,,0,,,,,0,,,,,0,,,,,0,,E,0,4,4,0.0,0.0,0.0,0.0,0,0.0,upgrade,0,0,0,0,34.0,95.1,0.0,100.0,JARJARBINKS,CANDIDATE,UPGRADE,nieujawnione wszystkie secondary,0.0,,,,,,,,,,,,,,,,,,,,,,,
pK0F53jWS3CWst7JFTKNQw,452,Speed,5,Arrow,2,1,False,0,True,POSTAĆ: ZAMWESELL,Nbq45D5tRcWX3Sq3C2ALRQ,Speed,4,40000,0,,Offense,44,440000,1,4334508,,,,0,,,,,0,,,,,0,,D,1,5,4,100.0,82.0,0.0,82.0,0,0.0,upgrade,0,0,0,0,56.6,95.1,34.7,100.0,JARJARBINKS,CANDIDATE,UPGRADE,nieujawnione wszystkie secondary,0.0,,,,,,,,,,,,,,,,,,,,,,,
tjS6PTOjRTKmHh8WnKJVqw,452,Speed,5,Arrow,5,1,False,0,True,POSTAĆ: JARJARBINKS,xD7HYU-mSqOMqbg1Rllnug,Speed,4,40000,0,,Offense %,0.47%,47,1,471,Tenacity %,1.14%,114,1,1144,Health,322,3220000,1,32280009,Protection,697,6970000,1,69728870,A,4,8,4,100.0,54.5,0.0,73.2,18.7,46.6,upgrade,0,0,0,0,45.3,95.1,17.4,100.0,JARJARBINKS,TARGET,UPGRADE,nieujawnione wszystkie secondary,0.0,,,,,,,,,,,,,,,,,,,,,,,
wWkxOtULQ3uhMXAE03ti6g,452,Speed,5,Arrow,5,1,False,0,True,POSTAĆ: TUSKENCHIEFTAIN,ifcf_6BgSlmkUESd4F1mww,Critical Avoidance %,3%,300,0,,Defense,9,90000,1,964026,Protection,506,5060000,1,50699824,Speed,5,50000,1,547140,Offense,28,280000,1,2785932,A,4,8,4,100.0,66.0,83.3,83.0,17.0,48.7,upgrade,0,0,0,0,48.1,0.0,50.9,100.0,JARJARBINKS,CANDIDATE,UPGRADE,nieujawnione wszystkie secondary,0.0,,,,,,,,,,,,,,,,,,,,,,,
-BLhi0ZWQzKoSZsirbLhJg,455,Speed,5,Circle,1,15,False,0,True,POSTAĆ: CC2224,m_J2fZDlR1qleanuhPmZRg,Protection %,23.5%,2350,0,,Offense %,0.41%,41,1,416,Offense,37,370000,1,3658488,Critical Chance %,1.23%,123,1,1238,Health %,0.99%,99,1,990,E,4,4,0,100.0,67.8,0.0,67.8,0,0.0,slice,0,0,0,0,20.6,0.0,8.7,100.0,JARJARBINKS,CANDIDATE,SLICE,wartość moda lub dopasowanie do postaci uzasadnia kolejny roll,0.0,,,,,,,,,,,,,,,,,,,,,,,
-CRQz6W-QcCUlmeqTHbnCw,455,Speed,5,Circle,2,15,False,0,True,POSTAĆ: 50RT,513pynD8T6a2FqFSDdtzAA,Health %,5.88%,588,0,,Speed,5,50000,1,588870,Critical Chance %,1.51%,151,1,1512,Health,682,6820000,2,41561342|26643919,Protection,823,8230000,1,82387214,D,5,5,0,100.0,53.8,83.3,53.8,0,0.0,slice,0,0,0,0,41.2,0.0,40.3,100.0,JARJARBINKS,CANDIDATE,KEEP,obserwuj przed wydaniem materiałów,0.0,,,,,,,,,,,,,,,,,,,,,,,
2s3OIrzpRgyvErP7U4GLow,455,Speed,5,Circle,2,15,False,0,True,POSTAĆ: SHAAKTI,503OVxX6T8KodfMAlrKGlw,Health %,5.88%,588,0,,Defense,7,70000,1,787479,Protection %,1.75%,175,1,1751,Critical Chance %,1.23%,123,1,1233,Speed,9,90000,2,585000|342870,D,5,5,0,100.0,65.8,75.0,65.8,0,0.0,slice,0,0,0,0,49.7,0.0,53.3,100.0,JARJARBINKS,CANDIDATE,SLICE,wartość moda lub dopasowanie do postaci uzasadnia kolejny roll,0.0,,,,,,,,,,,,,,,,,,,,,,,
308iI-P8SlSPcQPFBOqPPg,455,Speed,5,Circle,1,15,False,0,True,POSTAĆ: DARTHSION,OP5-B8qmQuKc8DFcXDEBsg,Protection %,23.5%,2350,0,,Defense,6,60000,1,641018,Speed,5,50000,1,563700,Health %,0.64%,64,1,647,Offense,34,340000,1,3380784,E,4,4,0,100.0,72.0,83.3,72.0,0,0.0,slice,0,0,0,0,42.0,0.0,41.5,100.0,JARJARBINKS,CANDIDATE,SLICE,wartość moda lub dopasowanie do postaci uzasadnia kolejny roll,0.0,,,,,,,,,,,,,,,,,,,,,,,
3e1ymXZlSoOqiwFVRrgzjg,455,Speed,5,Circle,2,15,False,0,True,POSTAĆ: GRANDMASTERYODA,_504VNHbT56dseACw4X_hQ,Health %,5.88%,588,0,,Speed,5,50000,1,510930,Tenacity %,1.66%,166,1,1666,Protection,1092,10920000,2,57240799|51983101,Health,425,4250000,1,42540693,D,5,5,0,100.0,54.8,83.3,54.8,0,0.0,slice,0,0,0,0,41.9,0.0,41.4,100.0,JARJARBINKS,CANDIDATE,KEEP,obserwuj przed wydaniem materiałów,0.0,,,,,,,,,,,,,,,,,,,,,,,
6FSEHq_fREKaJBEBjwPm_w,455,Speed,5,Circle,5,15,False,0,True,POSTAĆ: BOSSK,HHG46px_TKifMzyZeOHdbg,Protection %,23.5%,2350,0,,Speed,14,140000,3,559170|328380|562380,Critical Chance %,4.69%,469,3,1437|1199|2062,Offense %,0.47%,47,1,476,Defense,6,60000,1,638519,A,8,8,0,100.0,62.6,77.8,62.6,0,46.6,6-dot,0,0,0,0,41.9,0.0,41.4,100.0,JARJARBINKS,CANDIDATE,SLICE_6E,5A ma wystarczającą wartość lub dopasowanie do postaci,0.0,,,,,,,,,,,,,,,,,,,,,,,
7VA10Mp1TUOmgyipxAIHOg,455,Speed,5,Circle,1,15,False,0,True,POSTAĆ: OLDBENKENOBI,MoOuSI5CQjSQr9fw_QqA2A,Protection %,23.5%,2350,0,,Speed,5,50000,1,593880,Defense,9,90000,1,900914,Protection,771,7710000,1,77166893,Potency %,1.89%,189,1,1897,E,4,4,0,100.0,54.0,83.3,54.0,0,0.0,slice,0,0,0,0,42.4,0.0,42.2,100.0,JARJARBINKS,CANDIDATE,KEEP,obserwuj przed wydaniem materiałów,0.0,,,,,,,,,,,,,,,,,,,,,,,
8T0GtUqNSgmP1CnPe5AQvg,455,Speed,5,Circle,3,15,False,0,True,POSTAĆ: T3_M4,JjJ2-au6STuNxPqAaXFFTg,Protection %,23.5%,2350,0,,Health,240,2400000,1,24098035,Defense,8,80000,1,858235,Defense %,3.8%,380,3,863|1562|1375,Speed,4,40000,1,413880,C,6,6,0,100.0,51.3,66.7,51.3,0,0.0,slice,0,0,0,0,32.7,0.0,27.2,100.0,JARJARBINKS,CANDIDATE,KEEP,wartość secondary zbyt niska,0.0,,,,,,,,,,,,,,,,,,,,,,,
FWrtQkP9RMCWShGkgwtqXg,455,Speed,5,Circle,2,15,False,0,True,POSTAĆ: BASTILASHANDARK,PW1L-e75QHah_i5rLIk8KA,Health %,5.88%,588,0,,Tenacity %,3.43%,343,2,1680|1754,Speed,5,50000,1,518220,Defense,6,60000,1,608090,Offense,45,450000,1,4444176,D,5,5,0,100.0,55.2,83.3,55.2,0,0.0,slice,0,0,0,0,36.6,0.0,33.2,100.0,JARJARBINKS,CANDIDATE,KEEP,obserwuj przed wydaniem materiałów,0.0,,,,,,,,,,,,,,,,,,,,,,,
Ga3Ax2UvR2aHIFwWaF1CWw,455,Speed,5,Circle,5,15,False,0,True,POSTAĆ: C3POLEGENDARY,pM9oOUHqQReNsQRXGGZYuQ,Health %,5.88%,588,0,,Protection %,1.96%,196,1,1962,Critical Chance %,3.48%,348,2,1642|1842,Speed,5,50000,1,534570,Defense %,5.09%,509,4,1350|1082|1273|1387,A,8,8,0,100.0,48.5,83.3,48.5,0,56.1,6-dot,0,0,0,0,26.0,0.0,16.9,100.0,JARJARBINKS,CANDIDATE,SLICE_6E,5A ma wystarczającą wartość lub dopasowanie do postaci,0.0,,,,,,,,,,,,,,,,,,,,,,,
Hchpso3uRkeeW3-kCOEXCA,455,Speed,5,Circle,3,15,False,0,True,POSTAĆ: GREATMOTHERS,_9o2eZpKS1qVCYr7VBoyEQ,Health %,5.88%,588,0,,Offense,66,660000,2,3107868|3398340,Health,280,2800000,1,28015439,Speed,11,110000,2,568590|589020,Defense,8,80000,1,820456,C,6,6,0,100.0,74.3,91.7,74.3,0,0.0,slice,0,0,0,0,51.1,0.0,55.5,100.0,JARJARBINKS,CANDIDATE,SLICE,wartość moda lub dopasowanie do postaci uzasadnia kolejny roll,0.0,,,,,,,,,,,,,,,,,,,,,,,
I5POOhoGSL27rN6gq5izgQ,455,Speed,5,Circle,1,15,False,0,True,POSTAĆ: IMPERIALPROBEDROID,UYmgTdouSrS8VboRIomrtw,Protection %,23.5%,2350,0,,Defense %,1%,100,1,1009,Critical Chance %,1.5%,150,1,1505,Speed,5,50000,1,597210,Offense %,0.47%,47,1,474,E,4,4,0,100.0,64.8,83.3,64.8,0,0.0,slice,0,0,0,0,31.2,0.0,25.0,100.0,JARJARBINKS,CANDIDATE,SLICE,wartość moda lub dopasowanie do postaci uzasadnia kolejny roll,0.0,,,,,,,,,,,,,,,,,,,,,,,
MXkwBoSKQq-7MwQ3jZhjDA,455,Speed,5,Circle,2,15,False,0,True,POSTAĆ: CHIEFCHIRPA,Dn4ab3A5QZWWDCv8qxRDfw,Health %,5.88%,588,0,,Protection %,1.45%,145,1,1451,Potency %,1.52%,152,1,1522,Tenacity %,3.67%,367,2,1616|2055,Speed,5,50000,1,523440,D,5,5,0,100.0,52.8,83.3,52.8,0,0.0,slice,0,0,0,0,32.6,0.0,27.0,100.0,JARJARBINKS,CANDIDATE,KEEP,obserwuj przed wydaniem materiałów,0.0,,,,,,,,,,,,,,,,,,,,,,,
NpXjcZLqQ4yAPKisiW6sZQ,455,Speed,5,Circle,1,15,False,0,True,POSTAĆ: LOBOT,QDPo8AzSQ6iPC9yIs76NMw,Protection %,23.5%,2350,0,,Offense,46,460000,1,4550652,Speed,5,50000,1,572160,Protection,609,6090000,1,60945275,Defense %,1.22%,122,1,1220,E,4,4,0,100.0,68.0,83.3,68.0,0,0.0,slice,0,0,0,0,43.0,0.0,43.0,100.0,JARJARBINKS,CANDIDATE,SLICE,wartość moda lub dopasowanie do postaci uzasadnia kolejny roll,0.0,,,,,,,,,,,,,,,,,,,,,,,
Pc2ASNFxRPe7z3hhYX_xQg,455,Speed,5,Circle,1,15,False,0,True,POSTAĆ: BADBATCHECHO,FwIhKIbkQpmDehO-x4X4Bw,Protection %,23.5%,2350,0,,Critical Chance %,1.91%,191,1,1918,Speed,5,50000,1,563070,Defense %,1.06%,106,1,1064,Health,303,3030000,1,30310592,E,4,4,0,100.0,53.8,83.3,53.8,0,0.0,slice,0,0,0,0,36.5,0.0,33.0,100.0,JARJARBINKS,CANDIDATE,KEEP,obserwuj przed wydaniem materiałów,0.0,,,,,,,,,,,,,,,,,,,,,,,
SBe3MyoyR1a4zSBSpdCrpA,455,Speed,5,Circle,2,15,False,0,True,POSTAĆ: POGGLETHELESSER,svKQSHAyRUmW1dqnxfD2Kw,Protection %,23.5%,2350,0,,Health,235,2350000,1,23562285,Speed,5,50000,1,571770,Tenacity %,2.2%,220,1,2203,Offense,59,590000,2,2800980|3001848,D,5,5,0,100.0,68.4,83.3,68.4,0,0.0,slice,0,0,0,0,41.2,0.0,40.3,100.0,JARJARBINKS,CANDIDATE,SLICE,wartość moda lub dopasowanie do postaci uzasadnia kolejny roll,0.0,,,,,,,,,,,,,,,,,,,,,,,
U40xw1E5So25Bi6-COPYqg,455,Speed,5,Circle,1,15,False,0,True,POSTAĆ: JYNERSO,J5J6kyqwQjuErnn0IY4xFw,Protection %,23.5%,2350,0,,Speed,3,30000,1,358500,Defense,6,60000,1,609609,Potency %,1.81%,181,1,1814,Offense,43,430000,1,4215720,E,4,4,0,100.0,62.5,50.0,62.5,0,0.0,slice,0,0,0,0,42.0,0.0,41.5,100.0,JARJARBINKS,CANDIDATE,SLICE,wartość moda lub dopasowanie do postaci uzasadnia kolejny roll,0.0,,,,,,,,,,,,,,,,,,,,,,,
Ur_6y5xzRCq-FHeryzof_A,455,Speed,5,Circle,3,15,False,0,True,POSTAĆ: GEONOSIANBROODALPHA,EwaIJIQgRWGLZQCu-DgCiQ,Protection %,23.5%,2350,0,,Speed,5,50000,1,571920,Health,249,2490000,1,24985237,Protection,1219,12190000,2,46285185|75617824,Defense %,3.14%,314,2,1461|1685,C,6,6,0,100.0,54.7,83.3,54.7,0,0.0,slice,0,0,0,0,37.4,0.0,34.5,100.0,JARJARBINKS,CANDIDATE,KEEP,obserwuj przed wydaniem materiałów,0.0,,,,,,,,,,,,,,,,,,,,,,,
Uy2SBhyAQSa4tqAXo9Vn1Q,455,Speed,5,Circle,1,15,False,0,True,POSTAĆ: DARTHNIHILUS,zx4YAvQCQgW8iNmg1fKnLw,Health %,5.88%,588,0,,Potency %,1.52%,152,1,1527,Speed,5,50000,1,571530,Defense,9,90000,1,961282,Tenacity %,1.46%,146,1,1469,E,4,4,0,100.0,49.5,83.3,49.5,0,0.0,slice,0,0,0,0,36.3,0.0,32.8,100.0,JARJARBINKS,CANDIDATE,KEEP,wartość secondary zbyt niska,0.0,,,,,,,,,,,,,,,,,,,,,,,
Xm6ZfjdFQ8SD_XJzHAka-Q,455,Speed,5,Circle,1,15,False,0,True,POSTAĆ: VEERS,psU_fbWrRvmPvrnEGCuShA,Protection %,23.5%,2350,0,,Health,363,3630000,1,36368853,Protection,476,4760000,1,47647369,Offense,34,340000,1,3377592,Speed,5,50000,1,583710,E,4,4,0,100.0,69.5,83.3,69.5,0,0.0,slice,0,0,0,0,48.2,0.0,51.0,100.0,JARJARBINKS,CANDIDATE,SLICE,wartość moda lub dopasowanie do postaci uzasadnia kolejny roll,0.0,,,,,,,,,,,,,,,,,,,,,,,
_E1QhK5jQ-K3aP3qYuNzVQ,455,Speed,5,Circle,1,15,False,0,True,POSTAĆ: TUSKENCHIEFTAIN,ifcf_6BgSlmkUESd4F1mww,Protection %,23.5%,2350,0,,Health,308,3080000,1,30829198,Speed,5,50000,1,565800,Defense %,1.5%,150,1,1501,Critical Chance %,1.81%,181,1,1818,E,4,4,0,100.0,53.8,83.3,53.8,0,0.0,slice,0,0,0,0,36.5,0.0,33.0,100.0,JARJARBINKS,CANDIDATE,KEEP,obserwuj przed wydaniem materiałów,0.0,,,,,,,,,,,,,,,,,,,,,,,
bJaxXqgySIWi2Y3JscVO-w,455,Speed,5,Circle,4,15,False,0,True,POSTAĆ: KYLEKATARN,NUyH0Un-QQ-qVlZICatTug,Protection %,23.5%,2350,0,,Defense %,2.58%,258,2,1569|1016,Potency %,4.69%,469,3,1766|1592|1332,Health %,0.88%,88,1,880,Speed,5,50000,1,536220,B,7,7,0,100.0,51.1,83.3,51.1,0,0.0,slice,0,0,0,0,24.3,0.0,14.3,100.0,JARJARBINKS,CANDIDATE,KEEP,wartość secondary zbyt niska,0.0,,,,,,,,,,,,,,,,,,,,,,,
c1DuToULQrW9UmBKLvU7BA,455,Speed,5,Circle,1,15,False,0,True,POSTAĆ: HERASYNDULLAS3,WwA_vE8UQ9SCiyY3ETfxew,Protection %,23.5%,2350,0,,Health,311,3110000,1,31133504,Offense,32,320000,1,3178776,Speed,5,50000,1,527460,Health %,0.85%,85,1,851,E,4,4,0,100.0,75.5,83.3,75.5,0,0.0,slice,0,0,0,0,42.1,0.0,41.7,100.0,JARJARBINKS,CANDIDATE,SLICE,wartość moda lub dopasowanie do postaci uzasadnia kolejny roll,0.0,,,,,,,,,,,,,,,,,,,,,,,
e8iJYsacTQmWK1-E-ZDk9A,455,Speed,5,Circle,1,15,False,0,True,POSTAĆ: BATCHERS3,FoT8Jax1QlSDkoKEQLaNhA,Protection %,23.5%,2350,0,,Defense,5,50000,1,566783,Health %,0.71%,71,1,717,Protection,830,8300000,1,83039235,Speed,5,50000,1,536520,E,4,4,0,100.0,63.5,83.3,63.5,0,0.0,slice,0,0,0,0,42.4,0.0,42.2,100.0,JARJARBINKS,CANDIDATE,SLICE,wartość moda lub dopasowanie do postaci uzasadnia kolejny roll,0.0,,,,,,,,,,,,,,,,,,,,,,,
eBZ5UEJ6RkOMzfcsaj15NA,455,Speed,5,Circle,5,15,False,0,True,POSTAĆ: STAP,gdcV7h1eR-O4BYyNd_yAkA,Protection %,23.5%,2350,0,,Protection,683,6830000,1,68354227,Defense %,2.41%,241,2,963|1446,Speed,10,100000,2,515100|530130,Critical Chance %,5.15%,515,3,2056|1641|1460,A,8,8,0,100.0,50.9,83.3,50.9,0,54.9,6-dot,0,0,0,0,34.3,0.0,29.7,100.0,JARJARBINKS,CANDIDATE,SLICE_6E,5A ma wystarczającą wartość lub dopasowanie do postaci,0.0,,,,,,,,,,,,,,,,,,,,,,,
jyeahh9-TPW37ZNusBoANQ,455,Speed,5,Circle,2,15,False,0,True,POSTAĆ: HOTHHAN,X6drLk0WTp2kXFq3_B3_3w,Protection %,23.5%,2350,0,,Offense,42,420000,1,4153248,Health,270,2700000,1,27014658,Critical Chance %,2.96%,296,2,1287|1679,Defense,7,70000,1,703395,D,5,5,0,100.0,42.8,0.0,42.8,0,0.0,slice,0,0,0,0,27.8,0.0,19.6,100.0,JARJARBINKS,CANDIDATE,KEEP,wartość secondary zbyt niska,0.0,,,,,,,,,,,,,,,,,,,,,,,
kaqxN8W6S56oty5dFUYkjw,455,Speed,5,Circle,5,15,False,0,True,POSTAĆ: CAPTAINSILVO,GfeI_j1jQaGE0PV27rwMGg,Health %,5.88%,588,0,,Tenacity %,4.11%,411,3,1251|1655|1203,Offense %,0.45%,45,1,453,Speed,5,50000,1,528570,Potency %,5.89%,589,3,2066|1656|2171,A,8,8,0,100.0,48.0,83.3,48.0,0,51.9,6-dot,0,0,0,0,23.1,0.0,12.5,100.0,JARJARBINKS,CANDIDATE,SLICE_6E,5A ma wystarczającą wartość lub dopasowanie do postaci,0.0,,,,,,,,,,,,,,,,,,,,,,,
lMemI_N8R5WMFNHG9Wk-Tw,455,Speed,5,Circle,2,15,False,0,True,POSTAĆ: MASTERQUIGON,Zgk9W5B9S9if-enO2nf3ow,Health %,5.88%,588,0,,Speed,5,50000,1,527310,Critical Chance %,1.25%,125,1,1259,Tenacity %,1.21%,121,1,1212,Health,589,5890000,2,32442877|26506767,D,5,5,0,100.0,50.2,83.3,50.2,0,0.0,slice,0,0,0,0,36.3,0.0,32.8,100.0,JARJARBINKS,CANDIDATE,KEEP,wartość secondary zbyt niska,0.0,,,,,,,,,,,,,,,,,,,,,,,
qJirssrrRU-ACPYLREZHMA,455,Speed,5,Circle,3,15,False,0,True,POSTAĆ: TIEFIGHTERPILOT,EGIGnBBeQKypl69_NjyZMQ,Health %,5.88%,588,0,,Speed,9,90000,2,518400|419490,Tenacity %,1.39%,139,1,1397,Offense,77,770000,2,3859584|3833820,Health,424,4240000,1,42467831,C,6,6,0,100.0,73.7,75.0,73.7,0,0.0,slice,0,0,0,0,47.7,0.0,50.3,100.0,JARJARBINKS,CANDIDATE,SLICE,wartość moda lub dopasowanie do postaci uzasadnia kolejny roll,0.0,,,,,,,,,,,,,,,,,,,,,,,
qzM-qmEbQ-mS_g6VN2R02Q,455,Speed,5,Circle,2,15,False,0,True,POSTAĆ: KUIIL,dmUHCShASp6QkYkaZ_yX1A,Health %,5.88%,588,0,,Health,819,8190000,2,39864086|42047803,Critical Chance %,1.81%,181,1,1812,Defense,8,80000,1,864213,Speed,5,50000,1,522720,D,5,5,0,100.0,51.0,83.3,51.0,0,0.0,slice,0,0,0,0,40.4,0.0,39.1,100.0,JARJARBINKS,CANDIDATE,KEEP,wartość secondary zbyt niska,0.0,,,,,,,,,,,,,,,,,,,,,,,
r4wGzef6RqK61moUGGmj7g,455,Speed,5,Circle,2,15,False,0,True,POSTAĆ: LOGRAY,GuFNgN4vTyCd6RkM9gKvUQ,Health %,5.88%,588,0,,Defense %,0.9%,90,1,902,Speed,9,90000,2,553560|368490,Tenacity %,1.2%,120,1,1209,Health,281,2810000,1,28159020,D,5,5,0,100.0,64.0,75.0,64.0,0,0.0,slice,0,0,0,0,45.2,0.0,46.4,100.0,JARJARBINKS,CANDIDATE,SLICE,wartość moda lub dopasowanie do postaci uzasadnia kolejny roll,0.0,,,,,,,,,,,,,,,,,,,,,,,
t-xZGGbuRlyVesjyiCPRMQ,455,Speed,5,Circle,2,15,False,0,True,POSTAĆ: NUTEGUNRAY,PFR4VQ6bQe2yWvcte7x62w,Protection %,23.5%,2350,0,,Tenacity %,3.37%,337,2,1145|2231,Potency %,1.74%,174,1,1740,Offense %,0.53%,53,1,534,Speed,5,50000,1,597720,D,5,5,0,100.0,57.2,83.3,57.2,0.0,0.0,slice,0,0,0,0,28.0,0.0,20.0,100.0,JARJARBINKS,CANDIDATE,KEEP,obserwuj przed wydaniem materiałów,0.0,,,,,,,,,,,,,,,,,,,,,,,
xWcqG0JlSVKmESpCYcOiEg,455,Speed,5,Circle,5,15,False,0,True,POSTAĆ: COLONELSTARCK,8ckDli7mTvaKsfLl2IuUSQ,Protection %,23.5%,2350,0,,Health,225,2250000,1,22516501,Protection,1199,11990000,2,50076874|69919908,Speed,17,170000,4,586260|307740|437490|433260,Offense,30,300000,1,2931852,A,8,8,0,100.0,78.2,70.8,78.2,0,36.5,6-dot,0,0,0,0,59.0,0.0,67.7,100.0,JARJARBINKS,CANDIDATE,REPLACE,"BEZPIECZNY ŁAŃCUCH; najpierw MOD bezpośrednio do celu, potem PATCH-y w kolejności zależności",0.0,,SAFE,,,,JARJARBINKS:Circle,,3,MOD: COLONELSTARCK -> JARJARBINKS; PATCH: YODACHEWBACCA -> COLONELSTARCK; PATCH: MAGAZYN -> YODACHEWBACCA,,JARJARBINKS,59.0,357.8,320.2,37.64,197.4,160.4,POSTAĆ: COLONELSTARCK,True,59.0,160.4,37.64,4.0
xkGbHRq5Sbel2a1Ye7QmxA,455,Speed,5,Circle,1,15,False,0,True,POSTAĆ: TALIA,MGHSHYnwSkWTFZjOGEUreg,Health %,5.88%,588,0,,Defense,7,70000,1,771162,Speed,5,50000,1,505710,Critical Chance %,1.65%,165,1,1652,Protection %,1.4%,140,1,1402,E,4,4,0,100.0,57.2,83.3,57.2,0,0.0,slice,0,0,0,0,42.1,0.0,41.6,100.0,JARJARBINKS,CANDIDATE,KEEP,obserwuj przed wydaniem materiałów,0.0,,,,,,,,,,,,,,,,,,,,,,,
ylEbfLRLRv2JIbZ_5HM2rw,455,Speed,5,Circle,1,15,False,0,True,POSTAĆ: UGNAUGHT,ZGlt-12-SZqEZEn-4Jp8Xw,Health %,5.88%,588,0,,Defense %,1.13%,113,1,1136,Speed,5,50000,1,559740,Health,335,3350000,1,33559380,Offense %,0.42%,42,1,424,E,4,4,0,100.0,70.5,83.3,70.5,0,0.0,slice,0,0,0,0,36.5,0.0,33.0,100.0,JARJARBINKS,CANDIDATE,SLICE,wartość moda lub dopasowanie do postaci uzasadnia kolejny roll,0.0,,,,,,,,,,,,,,,,,,,,,,,
-TLaTjdkTZW0RynnGFkikw,455,Speed,5,Circle,2,9,False,0,True,POSTAĆ: GENERALSYNDULLA,cxKTANbrQ820-mbbO3NZug,Protection %,14.5%,1450,0,,Tenacity %,2.23%,223,1,2230,Critical Chance %,1.37%,137,1,1373,Speed,4,40000,1,473760,Health %,0.63%,63,1,639,D,4,5,1,100.0,56.8,66.7,65.4,8.7,0.0,upgrade,0,0,0,0,31.2,0.0,25.0,100.0,JARJARBINKS,CANDIDATE,UPGRADE,nieujawnione wszystkie secondary,0.0,,,,,,,,,,,,,,,,,,,,,,,
8iP0VlutR1iyzHG3Dyk4nA,455,Speed,5,Circle,2,9,False,0,True,POSTAĆ: TUSKENSHAMAN,1m0dzfmrT_K8tP3jnyE1JA,Protection %,14.5%,1450,0,,Health,322,3220000,1,32299296,Protection,814,8140000,1,81419565,Offense,43,430000,1,4250832,Speed,5,50000,1,579960,D,4,5,1,100.0,69.5,83.3,75.6,6.1,0.0,upgrade,0,0,0,0,48.2,0.0,51.0,100.0,JARJARBINKS,CANDIDATE,UPGRADE,nieujawnione wszystkie secondary,0.0,,,,,,,,,,,,,,,,,,,,,,,
HpqVS8EcTf2yMrqLuJu9Ew,455,Speed,5,Circle,2,9,False,0,True,POSTAĆ: STORMTROOPERHAN,bVOyKrAwSLyX6DBQPD25pA,Protection %,14.5%,1450,0,,Critical Chance %,1.47%,147,1,1479,Speed,5,50000,1,598980,Tenacity %,1.84%,184,1,1844,Defense %,1.52%,152,1,1528,D,4,5,1,100.0,49.2,83.3,59.4,10.1,0.0,upgrade,0,0,0,0,31.2,0.0,25.0,100.0,JARJARBINKS,CANDIDATE,UPGRADE,nieujawnione wszystkie secondary,0.0,,,,,,,,,,,,,,,,,,,,,,,
QHeolkMrQ7Gqo3zm32l2uQ,455,Speed,5,Circle,2,9,False,0,True,POSTAĆ: FIRSTORDEROFFICERMALE,ogMbke6zQ4yH_trrtMP3tw,Protection %,14.5%,1450,0,,Tenacity %,1.73%,173,1,1730,Offense %,0.46%,46,1,469,Defense %,1.11%,111,1,1116,Health,217,2170000,1,21727877,D,4,5,1,100.0,53.0,0.0,60.8,7.8,0.0,upgrade,0,0,0,0,20.2,0.0,8.0,100.0,JARJARBINKS,CANDIDATE,UPGRADE,nieujawnione wszystkie secondary,0.0,,,,,,,,,,,,,,,,,,,,,,,
QJi9vyAJS3-zzj9EUcKY3w,455,Speed,5,Circle,2,9,False,0,True,POSTAĆ: IG12,Ef5TBIi_RqG_1av0iPBqpA,Health %,3.63%,363,0,,Health,387,3870000,1,38734725,Defense %,0.95%,95,1,959,Speed,5,50000,1,596700,Potency %,1.68%,168,1,1684,D,4,5,1,100.0,56.0,83.3,64.8,8.8,0.0,upgrade,0,0,0,0,36.5,0.0,33.0,100.0,JARJARBINKS,CANDIDATE,UPGRADE,nieujawnione wszystkie secondary,0.0,,,,,,,,,,,,,,,,,,,,,,,
RB0o3sKzSJuib2fjDL85wQ,455,Speed,5,Circle,2,9,False,0,True,POSTAĆ: HUMANTHUG,N23ZfbdsQ6auQsqDhoBggQ,Protection %,14.5%,1450,0,,Defense,6,60000,1,660177,Potency %,1.96%,196,1,1969,Critical Chance %,1.5%,150,1,1502,Speed,5,50000,1,549990,D,4,5,1,100.0,48.3,83.3,58.6,10.4,0.0,upgrade,0,0,0,0,36.3,0.0,32.8,100.0,JARJARBINKS,CANDIDATE,UPGRADE,nieujawnione wszystkie secondary,0.0,,,,,,,,,,,,,,,,,,,,,,,
Y3Y6blZERYG1DnvnFi7DDQ,455,Speed,5,Circle,2,9,False,0,True,POSTAĆ: NIGHTSISTERZOMBIE,COvJQSPFT4Gfo8VngKHKTg,Health %,3.63%,363,0,,Critical Chance %,1.16%,116,1,1160,Health,329,3290000,1,32916480,Offense,41,410000,1,4010748,Speed,5,50000,1,516150,D,4,5,1,100.0,63.7,83.3,71.0,7.3,0.0,upgrade,0,0,0,0,42.1,0.0,41.7,100.0,JARJARBINKS,CANDIDATE,UPGRADE,nieujawnione wszystkie secondary,0.0,,,,,,,,,,,,,,,,,,,,,,,
dz40-5ATTj2dIPPUD70XQw,455,Speed,5,Circle,2,9,True,0,True,POSTAĆ: BOUSHH,BjneizhDSs6Mt1ltvIoDiw,Health %,3.63%,363,0,,Potency %,1.36%,136,1,1363,Offense %,0.29%,29,1,291,Speed,5,50000,1,592530,Offense,38,380000,1,3725064,D,4,5,1,100.0,77.0,83.3,81.6,4.6,0.0,upgrade,0,0,0,0,36.9,0.0,33.7,100.0,JARJARBINKS,CANDIDATE,UPGRADE,nieujawnione wszystkie secondary,0.0,,,,,,,,,,,,,,,,,,,,,,,
JFW9Yyw5Riu_rq1yorjgVg,455,Speed,5,Circle,3,6,False,0,True,POSTAĆ: URORRURRR,Og41VwyAS3Wj_pSqozBePw,Protection %,10%,1000,0,,Tenacity %,1.3%,130,1,1308,Defense,9,90000,1,953344,Speed,5,50000,1,597210,Offense,27,270000,1,2634768,C,4,6,2,100.0,61.5,83.3,74.3,12.8,0.0,upgrade,0,0,0,0,42.0,0.0,41.5,100.0,JARJARBINKS,CANDIDATE,UPGRADE,nieujawnione wszystkie secondary,0.0,,,,,,,,,,,,,,,,,,,,,,,
Z9BMO1waRJKonOFUoAHPRA,455,Speed,5,Circle,3,6,False,0,True,POSTAĆ: SITHASSASSIN,aexHsZUqQDGsVA2Qiivx6g,Protection %,10%,1000,0,,Health %,1.09%,109,1,1094,Offense %,0.39%,39,1,398,Speed,5,50000,1,561780,Protection,521,5210000,1,52161680,C,4,6,2,100.0,78.0,83.3,85.3,7.3,0.0,upgrade,0,0,0,0,37.3,0.0,34.3,100.0,JARJARBINKS,CANDIDATE,UPGRADE,nieujawnione wszystkie secondary,0.0,,,,,,,,,,,,,,,,,,,,,,,
dYnobrDsSMaRa3l6tBSZZA,455,Speed,5,Circle,3,6,False,0,True,POSTAĆ: DARTHTRAYA,T752Q156S962IXPWTPb_pQ,Health %,2.5%,250,0,,Defense,8,80000,1,863576,Protection,427,4270000,1,42701146,Potency %,1.12%,112,1,1126,Speed,5,50000,1,505860,C,4,6,2,100.0,54.0,83.3,69.3,15.3,0.0,upgrade,0,0,0,0,42.4,0.0,42.2,100.0,JARJARBINKS,CANDIDATE,UPGRADE,nieujawnione wszystkie secondary,0.0,,,,,,,,,,,,,,,,,,,,,,,
jsK0awhCS2asHL7fLwey6w,455,Speed,5,Circle,3,6,False,0,True,POSTAĆ: WATTAMBOR,IQh24H7aRX2calIUiNm7Qg,Health %,2.5%,250,0,,Offense %,0.5%,50,1,502,Potency %,2.16%,216,1,2168,Health,337,3370000,1,33752250,Protection,449,4490000,1,44972837,C,4,6,2,100.0,55.5,0.0,67.7,12.2,0.0,upgrade,0,0,0,0,26.3,0.0,17.4,100.0,JARJARBINKS,CANDIDATE,UPGRADE,nieujawnione wszystkie secondary,0.0,,,,,,,,,,,,,,,,,,,,,,,
ndAepy-LSdiA36INXlB4fA,455,Speed,5,Circle,4,3,False,0,True,POSTAĆ: ZORIIBLISS_V2,OsO2zGm1RNijVuR2GT96iQ,Protection %,5.5%,550,0,,Health %,0.78%,78,1,781,Defense %,1.39%,139,1,1399,Critical Chance %,1.3%,130,1,1301,Speed,5,50000,1,518460,B,4,7,3,100.0,59.8,83.3,77.0,17.2,0.0,upgrade,0,0,0,0,31.2,0.0,25.0,100.0,JARJARBINKS,CANDIDATE,UPGRADE,nieujawnione wszystkie secondary,0.0,,,,,,,,,,,,,,,,,,,,,,,
w3tS2EOwRricrBUVQa_eug,455,Speed,5,Circle,4,3,False,0,True,POSTAĆ: HUNTERS3,fOvmK1oPT9GBBqelVUGiwQ,Health %,1.38%,138,0,,Tenacity %,2.24%,224,1,2241,Health,245,2450000,1,24567352,Potency %,1.69%,169,1,1698,Speed,4,40000,1,426750,B,4,7,3,100.0,53.0,66.7,73.1,20.1,0.0,upgrade,0,0,0,0,36.5,0.0,33.0,100.0,JARJARBINKS,CANDIDATE,UPGRADE,nieujawnione wszystkie secondary,0.0,,,,,,,,,,,,,,,,,,,,,,,
1cu3Ry4hQYedU23rB96nGw,455,Speed,5,Circle,5,1,False,0,True,POSTAĆ: BODHIROOK,quKF5BsKRcyAFpp2bC6f0A,Health %,0.63%,63,0,,Critical Chance %,1.42%,142,1,1426,Defense %,1.24%,124,1,1248,Offense %,0.45%,45,1,453,Speed,5,50000,1,517770,A,4,8,4,100.0,64.8,83.3,82.4,17.6,49.7,upgrade,0,0,0,0,31.2,0.0,25.0,100.0,JARJARBINKS,CANDIDATE,UPGRADE,nieujawnione wszystkie secondary,0.0,,,,,,,,,,,,,,,,,,,,,,,
1h1Nm1nsS7CUgk7kNokIkw,455,Speed,5,Circle,4,1,False,0,True,POSTAĆ: CAPTAINENOCH,MYo2BupuSfCihon9rUfSwg,Health %,0.63%,63,0,,Potency %,1.66%,166,1,1666,Speed,5,50000,1,571950,Offense,30,300000,1,2945760,,,,0,,B,3,7,4,100.0,72.0,83.3,88.0,16.0,0.0,upgrade,0,0,0,0,44.2,0.0,44.9,100.0,JARJARBINKS,CANDIDATE,UPGRADE,nieujawnione wszystkie secondary,0.0,,,,,,,,,,,,,,,,,,,,,,,
3FOMfrWiQoyeOJ7vu8NhnA,455,Speed,5,Circle,2,1,False,0,True,POSTAĆ: DISGUISEDCLONETROOPER,a0jCiVupS9u2cch-0qWa1w,Protection %,2.5%,250,0,,Speed,4,40000,1,453270,,,,0,,,,,0,,,,,0,,D,1,5,4,100.0,100.0,66.7,100.0,0,0.0,upgrade,0,0,0,0,80.0,0.0,100.0,100.0,JARJARBINKS,CANDIDATE,UPGRADE,nieujawnione wszystkie secondary,0.0,,,,,,,,,,,,,,,,,,,,,,,
CVyknAHdRMC9fKtL7NHMAw,455,Speed,5,Circle,4,1,False,0,True,POSTAĆ: RESISTANCEPILOT,Z6ZsQzmNQsy8cyZcSNKuTQ,Protection %,2.5%,250,0,,Defense,6,60000,1,684677,Speed,5,50000,1,532350,Health %,0.58%,58,1,589,,,,0,,B,3,7,4,100.0,68.7,83.3,86.6,17.9,0.0,upgrade,0,0,0,0,43.5,0.0,43.8,100.0,JARJARBINKS,CANDIDATE,UPGRADE,nieujawnione wszystkie secondary,0.0,,,,,,,,,,,,,,,,,,,,,,,
GPqlnE-aTkqxKEpICklESw,455,Speed,5,Circle,5,1,False,0,True,POSTAĆ: SANASTARROS,EdpU_ZugR4Ga4PFhc0l-HA,Health %,0.63%,63,0,,Potency %,1.38%,138,1,1385,Speed,5,50000,1,532530,Defense %,1.47%,147,1,1479,Health,323,3230000,1,32322869,A,4,8,4,100.0,56.0,83.3,78.0,22.0,53.2,upgrade,0,0,0,0,36.5,0.0,33.0,100.0,JARJARBINKS,CANDIDATE,UPGRADE,nieujawnione wszystkie secondary,0.0,,,,,,,,,,,,,,,,,,,,,,,
SIh_AoRBSl2DYY1WsdsMow,455,Speed,5,Circle,2,1,False,0,True,POSTAĆ: OMEGAS3,gPUgOExdRM-SnfTDvmJyJA,Protection %,2.5%,250,0,,Speed,5,50000,1,503400,,,,0,,,,,0,,,,,0,,D,1,5,4,100.0,100.0,83.3,100.0,0,0.0,upgrade,0,0,0,0,80.0,0.0,100.0,100.0,JARJARBINKS,CANDIDATE,UPGRADE,nieujawnione wszystkie secondary,0.0,,,,,,,,,,,,,,,,,,,,,,,
apKhOePzR7usd7OatPC85Q,455,Speed,5,Circle,3,1,False,0,True,POSTAĆ: JAWAENGINEER,BY7zFKqQTSmh8ADdAer1Lw,Protection %,2.5%,250,0,,Potency %,1.61%,161,1,1611,Speed,5,50000,1,547830,,,,0,,,,,0,,C,2,6,4,100.0,67.0,83.3,89.0,22.0,0.0,upgrade,0,0,0,0,47.5,0.0,50.0,100.0,JARJARBINKS,CANDIDATE,UPGRADE,nieujawnione wszystkie secondary,0.0,,,,,,,,,,,,,,,,,,,,,,,
fM62KmW6SVOQ2sV12_ZHow,455,Speed,5,Circle,2,1,False,0,True,POSTAĆ: DIRECTORKRENNIC,ZFn8QPPBSn6_na9yfjMQ2Q,Protection %,2.5%,250,0,,Speed,4,40000,1,481470,,,,0,,,,,0,,,,,0,,D,1,5,4,100.0,100.0,66.7,100.0,0,0.0,upgrade,0,0,0,0,80.0,0.0,100.0,100.0,JARJARBINKS,CANDIDATE,UPGRADE,nieujawnione wszystkie secondary,0.0,,,,,,,,,,,,,,,,,,,,,,,
oF_05ANbTtqUp3Ee3ujLvg,455,Speed,5,Circle,5,1,False,0,True,POSTAĆ: YODACHEWBACCA,aocllDwYT-a94UxrTjxOdQ,Protection %,2.5%,250,0,,Defense %,1.32%,132,1,1327,Offense,24,240000,1,2380092,Protection,728,7280000,1,72897609,Speed,4,40000,1,475230,A,4,8,4,100.0,68.0,66.7,84.0,16.0,42.3,upgrade,0,0,0,0,43.0,0.0,43.0,100.0,JARJARBINKS,CANDIDATE,PATCH,PATCH COLONELSTARCK; zachowanie setu Speed,-10.2,xWcqG0JlSVKmESpCYcOiEg,SAFE,8ckDli7mTvaKsfLl2IuUSQ,COLONELSTARCK,Circle,JARJARBINKS:Circle,1,3,MOD: COLONELSTARCK -> JARJARBINKS; PATCH: YODACHEWBACCA -> COLONELSTARCK; PATCH: MAGAZYN -> YODACHEWBACCA,-10.2,,,,,,,,,,,,,
x1GhzdcPSHaY_6Tu78pohA,455,Speed,5,Circle,2,1,False,0,True,POSTAĆ: ADMIRALRADDUS,oPSOEm-jRP-cgGXfIXf7eg,Health %,0.63%,63,0,,Speed,5,50000,1,510210,,,,0,,,,,0,,,,,0,,D,1,5,4,100.0,100.0,83.3,100.0,0,0.0,upgrade,0,0,0,0,80.0,0.0,100.0,100.0,JARJARBINKS,CANDIDATE,UPGRADE,nieujawnione wszystkie secondary,0.0,,,,,,,,,,,,,,,,,,,,,,,
1JGtvD3OQ22Ss-8chKPW9w,456,Speed,5,Cross,1,15,False,0,True,POSTAĆ: TALIA,MGHSHYnwSkWTFZjOGEUreg,Health %,5.88%,588,0,,Protection %,1.81%,181,1,1813,Tenacity %,1.25%,125,1,1256,Protection,497,4970000,1,49703104,Speed,5,50000,1,593910,E,4,4,0,100.0,62.0,83.3,62.0,0,0.0,slice,0,0,0,0,43.0,0.0,43.1,100.0,JARJARBINKS,CANDIDATE,SLICE,wartość moda lub dopasowanie do postaci uzasadnia kolejny roll,0.0,,,,,,,,,,,,,,,,,,,,,,,
3DdRtJXFSPS_c6VSDjFdLg,456,Speed,5,Cross,1,15,False,0,True,POSTAĆ: SITHASSASSIN,aexHsZUqQDGsVA2Qiivx6g,Defense %,11.75%,1175,0,,Health %,0.57%,57,1,575,Offense %,0.3%,30,1,300,Speed,5,50000,1,591570,Health,297,2970000,1,29772699,E,4,4,0,100.0,78.0,83.3,78.0,0,0.0,slice,0,0,0,0,36.5,0.0,33.0,100.0,JARJARBINKS,CANDIDATE,SLICE,wartość moda lub dopasowanie do postaci uzasadnia kolejny roll,0.0,,,,,,,,,,,,,,,,,,,,,,,
3IFABCx0Q1ujNoSjCNeRQg,456,Speed,5,Cross,2,15,False,0,True,POSTAĆ: HOTHHAN,X6drLk0WTp2kXFq3_B3_3w,Defense %,11.75%,1175,0,,Defense,6,60000,1,668409,Critical Chance %,1.51%,151,1,1510,Offense,44,440000,1,4380108,Speed,8,80000,2,540300|323160,D,5,5,0,100.0,68.2,66.7,68.2,0,0.0,slice,0,0,0,0,49.6,0.0,53.2,100.0,JARJARBINKS,CANDIDATE,SLICE,wartość moda lub dopasowanie do postaci uzasadnia kolejny roll,0.0,,,,,,,,,,,,,,,,,,,,,,,
6a74FPXsSpGDDBnGTpLgqA,456,Speed,5,Cross,1,15,False,0,True,POSTAĆ: RESISTANCEPILOT,Z6ZsQzmNQsy8cyZcSNKuTQ,Defense %,11.75%,1175,0,,Tenacity %,1.14%,114,1,1140,Speed,5,50000,1,581340,Health %,1.03%,103,1,1035,Offense,33,330000,1,3212976,E,4,4,0,100.0,71.0,83.3,71.0,0,0.0,slice,0,0,0,0,36.9,0.0,33.7,100.0,JARJARBINKS,CANDIDATE,SLICE,wartość moda lub dopasowanie do postaci uzasadnia kolejny roll,0.0,,,,,,,,,,,,,,,,,,,,,,,
8rm3y08uTrO2iMv8z6kpTA,456,Speed,5,Cross,1,15,True,0,True,POSTAĆ: BOUSHH,BjneizhDSs6Mt1ltvIoDiw,Offense %,5.88%,588,0,,Defense,5,50000,1,513226,Critical Chance %,1.47%,147,1,1476,Speed,5,50000,1,543870,Health %,0.63%,63,1,635,E,4,4,0,100.0,57.8,83.3,57.8,0,0.0,slice,0,0,0,0,36.3,0.0,32.8,100.0,JARJARBINKS,CANDIDATE,KEEP,obserwuj przed wydaniem materiałów,0.0,,,,,,,,,,,,,,,,,,,,,,,
9kP5U3OtRf6kMDJUpQ7Lqw,456,Speed,5,Cross,3,15,False,0,True,POSTAĆ: T3_M4,JjJ2-au6STuNxPqAaXFFTg,Potency %,24%,2400,0,,Protection %,1.19%,119,1,1196,Speed,10,100000,2,589350|453960,Health %,1.83%,183,2,1030|808,Health,303,3030000,1,30364167,C,6,6,0,100.0,77.0,83.3,77.0,0,0.0,slice,0,0,0,0,44.0,0.0,44.5,100.0,JARJARBINKS,CANDIDATE,SLICE,wartość moda lub dopasowanie do postaci uzasadnia kolejny roll,0.0,,,,,,,,,,,,,,,,,,,,,,,
Av69C7qNRymhNyjgkdtOSw,456,Speed,5,Cross,1,15,False,0,True,POSTAĆ: POE,UUEWhpzxRHSHN7A30aRySg,Defense %,11.75%,1175,0,,Offense %,0.33%,33,1,339,Speed,5,50000,1,551220,Health,222,2220000,1,22291486,Protection,505,5050000,1,50554469,E,4,4,0,100.0,72.0,83.3,72.0,0,0.0,slice,0,0,0,0,42.5,0.0,42.4,100.0,JARJARBINKS,CANDIDATE,SLICE,wartość moda lub dopasowanie do postaci uzasadnia kolejny roll,0.0,,,,,,,,,,,,,,,,,,,,,,,
DnmRYydLQ1KH3EuU-n5gjQ,456,Speed,5,Cross,1,15,True,0,True,POSTAĆ: CORUSCANTUNDERWORLDPOLICE,l4W95yMkRci4SwS5eE2Fqw,Potency %,24%,2400,0,,Speed,5,50000,1,503160,Protection,614,6140000,1,61497624,Offense %,0.49%,49,1,490,Tenacity %,2.01%,201,1,2018,E,4,4,0,100.0,67.5,83.3,67.5,0,0.0,slice,0,0,0,0,37.3,0.0,34.3,100.0,JARJARBINKS,CANDIDATE,SLICE,wartość moda lub dopasowanie do postaci uzasadnia kolejny roll,0.0,,,,,,,,,,,,,,,,,,,,,,,
HY-6dINfTPO_5fKmLnfCxA,456,Speed,5,Cross,1,15,False,0,True,POSTAĆ: SCOUTTROOPER_V3,EwvhlHGbS_a4Gk-O1KIWgg,Protection %,23.5%,2350,0,,Potency %,1.42%,142,1,1425,Speed,5,50000,1,589020,Defense %,1.11%,111,1,1116,Protection,754,7540000,1,75493234,E,4,4,0,100.0,56.0,83.3,56.0,0,0.0,slice,0,0,0,0,37.3,0.0,34.3,100.0,JARJARBINKS,CANDIDATE,KEEP,obserwuj przed wydaniem materiałów,0.0,,,,,,,,,,,,,,,,,,,,,,,
Hs684l02T3S5Nu48yYvhmw,456,Speed,5,Cross,1,15,False,0,True,POSTAĆ: ARMORER,NSinPVNVS-uTPzn_RdGjdQ,Protection %,23.5%,2350,0,,Health %,0.76%,76,1,764,Offense,43,430000,1,4252200,Speed,5,50000,1,571680,Potency %,1.32%,132,1,1320,E,4,4,0,100.0,72.0,83.3,72.0,0,0.0,slice,0,0,0,0,36.9,0.0,33.7,100.0,JARJARBINKS,CANDIDATE,SLICE,wartość moda lub dopasowanie do postaci uzasadnia kolejny roll,0.0,,,,,,,,,,,,,,,,,,,,,,,
IfnQ9HuETemVQXdercVnyg,456,Speed,5,Cross,1,15,False,0,True,POSTAĆ: TUSKENSHAMAN,1m0dzfmrT_K8tP3jnyE1JA,Potency %,24%,2400,0,,Protection %,2.18%,218,1,2184,Defense,5,50000,1,502789,Tenacity %,1.22%,122,1,1222,Protection,686,6860000,1,68644937,E,4,4,0,100.0,45.5,0.0,45.5,0,0.0,slice,0,0,0,0,31.9,0.0,26.0,100.0,JARJARBINKS,CANDIDATE,KEEP,wartość secondary zbyt niska,0.0,,,,,,,,,,,,,,,,,,,,,,,
Jtu1KXGXRsCSBMCNbpRNvQ,456,Speed,5,Cross,1,15,False,0,True,POSTAĆ: EWOKELDER,z3sHtcymTXefNPlDiehKqQ,Tenacity %,24%,2400,0,,Health %,0.89%,89,1,897,Health,414,4140000,1,41445620,Defense,9,90000,1,912135,Speed,5,50000,1,531900,E,4,4,0,100.0,63.5,83.3,63.5,0,0.0,slice,0,0,0,0,41.6,0.0,40.9,100.0,JARJARBINKS,CANDIDATE,SLICE,wartość moda lub dopasowanie do postaci uzasadnia kolejny roll,0.0,,,,,,,,,,,,,,,,,,,,,,,
L679hy_ISOWyS-IiCHLr0A,456,Speed,5,Cross,1,15,False,0,True,POSTAĆ: HUMANTHUG,N23ZfbdsQ6auQsqDhoBggQ,Defense %,11.75%,1175,0,,Defense,6,60000,1,681933,Health,299,2990000,1,29986999,Speed,5,50000,1,538470,Offense %,0.4%,40,1,404,E,4,4,0,100.0,68.5,83.3,68.5,0,0.0,slice,0,0,0,0,41.6,0.0,40.9,100.0,JARJARBINKS,CANDIDATE,SLICE,wartość moda lub dopasowanie do postaci uzasadnia kolejny roll,0.0,,,,,,,,,,,,,,,,,,,,,,,
N_g8KJ6qQ0qoI36Xnq4JOA,456,Speed,5,Cross,5,15,False,0,True,POSTAĆ: C3POLEGENDARY,pM9oOUHqQReNsQRXGGZYuQ,Defense %,11.75%,1175,0,,Potency %,3.04%,304,2,1264|1777,Protection,1565,15650000,2,79583939|76938478,Offense,65,650000,2,2561124|3899028,Speed,10,100000,2,575130|492360,A,8,8,0,100.0,66.0,83.3,66.0,0,58.2,6-dot,0,0,0,0,43.0,0.0,43.0,100.0,JARJARBINKS,CANDIDATE,SLICE_6E,5A ma wystarczającą wartość lub dopasowanie do postaci,0.0,,,,,,,,,,,,,,,,,,,,,,,
NaIQwNykSS66XNFvEILnkQ,456,Speed,5,Cross,5,15,False,0,True,POSTAĆ: LUTHENRAEL,588MLOXGRKqGUSJCf2nggw,Protection %,23.5%,2350,0,,Speed,5,50000,1,591270,Critical Chance %,3.57%,357,2,1959|1611,Health,1219,12190000,4,23716581|31163506|35588801|31442096,Health %,0.97%,97,1,977,A,8,8,0,100.0,51.7,83.3,51.7,0,53.2,6-dot,0,0,0,0,33.6,0.0,28.5,100.0,JARJARBINKS,CANDIDATE,SLICE_6E,5A ma wystarczającą wartość lub dopasowanie do postaci,0.0,,,,,,,,,,,,,,,,,,,,,,,
OiDC-KAnQN6FrZjZMjQL0A,456,Speed,5,Cross,2,15,False,0,True,POSTAĆ: GRANDMASTERYODA,_504VNHbT56dseACw4X_hQ,Offense %,5.88%,588,0,,Health %,0.82%,82,1,829,Protection %,1.44%,144,1,1442,Protection,583,5830000,1,58366262,Critical Chance %,3.87%,387,2,1868|2007,D,5,5,0,100.0,48.0,0.0,48.0,0,0.0,slice,0,0,0,0,24.4,0.0,14.5,100.0,JARJARBINKS,CANDIDATE,KEEP,wartość secondary zbyt niska,0.0,,,,,,,,,,,,,,,,,,,,,,,
OwsdIG4ZQHifm9X-YLCCMA,456,Speed,5,Cross,1,15,False,0,True,POSTAĆ: ADMIRALRADDUS,oPSOEm-jRP-cgGXfIXf7eg,Protection %,23.5%,2350,0,,Health %,0.79%,79,1,791,Protection,474,4740000,1,47423107,Offense %,0.45%,45,1,455,Defense,6,60000,1,627102,E,4,4,0,100.0,61.5,0.0,61.5,0,0.0,slice,0,0,0,0,26.2,0.0,17.2,100.0,JARJARBINKS,CANDIDATE,SLICE,wartość moda lub dopasowanie do postaci uzasadnia kolejny roll,0.0,,,,,,,,,,,,,,,,,,,,,,,
POZoji2cTG2a8lQVgGXoJw,456,Speed,5,Cross,1,15,False,0,True,POSTAĆ: IMPERIALPROBEDROID,UYmgTdouSrS8VboRIomrtw,Potency %,24%,2400,0,,Health,222,2220000,1,22263627,Offense,36,360000,1,3505956,Speed,5,50000,1,513570,Tenacity %,1.5%,150,1,1505,E,4,4,0,100.0,65.0,83.3,65.0,0,0.0,slice,0,0,0,0,42.1,0.0,41.7,100.0,JARJARBINKS,CANDIDATE,SLICE,wartość moda lub dopasowanie do postaci uzasadnia kolejny roll,0.0,,,,,,,,,,,,,,,,,,,,,,,
Q9v8KVQzSw-vNo4h_dGsMA,456,Speed,5,Cross,5,15,False,0,True,POSTAĆ: TRIPLEZERO,1ljjdZ07RbiZI3P80CgyEQ,Potency %,24%,2400,0,,Critical Chance %,3.08%,308,2,1820|1269,Offense,74,740000,2,4143900|3171936,Tenacity %,3.8%,380,3,1137|1293|1373,Speed,5,50000,1,583860,A,8,8,0,100.0,50.5,83.3,50.5,0,37.8,6-dot,0,0,0,0,28.8,0.0,21.2,100.0,JARJARBINKS,CANDIDATE,SLICE_6E,5A ma wystarczającą wartość lub dopasowanie do postaci,0.0,,,,,,,,,,,,,,,,,,,,,,,
QL6H18WrSMGuoLd9YuHxYA,456,Speed,5,Cross,1,15,False,0,True,POSTAĆ: CAPTAINENOCH,MYo2BupuSfCihon9rUfSwg,Offense %,5.88%,588,0,,Offense,39,390000,1,3843624,Speed,5,50000,1,559500,Defense %,1.34%,134,1,1341,Potency %,1.55%,155,1,1554,E,4,4,0,100.0,64.5,83.3,64.5,0,0.0,slice,0,0,0,0,36.9,0.0,33.7,100.0,JARJARBINKS,CANDIDATE,SLICE,wartość moda lub dopasowanie do postaci uzasadnia kolejny roll,0.0,,,,,,,,,,,,,,,,,,,,,,,
UOWNUnSVSGamPsh0xkM1OA,456,Speed,5,Cross,1,15,False,0,True,POSTAĆ: NUTEGUNRAY,PFR4VQ6bQe2yWvcte7x62w,Potency %,24%,2400,0,,Health %,0.72%,72,1,729,Tenacity %,1.66%,166,1,1662,Health,247,2470000,1,24702361,Speed,5,50000,1,547770,E,4,4,0,100.0,62.5,83.3,62.5,0,0.0,slice,0,0,0,0,36.5,0.0,33.0,100.0,JARJARBINKS,CANDIDATE,SLICE,wartość moda lub dopasowanie do postaci uzasadnia kolejny roll,0.0,,,,,,,,,,,,,,,,,,,,,,,
V0BdCiHJT3mDPPWmpDUcng,456,Speed,5,Cross,1,15,False,0,True,POSTAĆ: BADBATCHTECH,nNIk-ArfQOGjLeDwoFLmaA,Potency %,24%,2400,0,,Speed,5,50000,1,539730,Protection %,2.12%,212,1,2125,Tenacity %,1.37%,137,1,1373,Offense %,0.44%,44,1,449,E,4,4,0,100.0,73.0,83.3,73.0,0,0.0,slice,0,0,0,0,37.0,0.0,33.8,100.0,JARJARBINKS,CANDIDATE,SLICE,wartość moda lub dopasowanie do postaci uzasadnia kolejny roll,0.0,,,,,,,,,,,,,,,,,,,,,,,
WU7Y1DM6SjaNB_h97UaC-A,456,Speed,5,Cross,5,15,False,0,True,POSTAĆ: MASTERQUIGON,Zgk9W5B9S9if-enO2nf3ow,Health %,5.88%,588,0,,Speed,5,50000,1,589530,Defense,6,60000,1,655424,Potency %,4.33%,433,2,2249|2089,Offense,129,1290000,4,3754020|2514384|4266792|2301204,A,8,8,0,100.0,66.2,83.3,66.2,0,55.0,6-dot,0,0,0,0,37.0,0.0,33.8,100.0,JARJARBINKS,CANDIDATE,SLICE_6E,5A ma wystarczającą wartość lub dopasowanie do postaci,0.0,,,,,,,,,,,,,,,,,,,,,,,
ZOLIQd1_RYSOIhs_BpvZjw,456,Speed,5,Cross,1,15,False,0,True,POSTAĆ: BATCHERS3,FoT8Jax1QlSDkoKEQLaNhA,Defense %,11.75%,1175,0,,Critical Chance %,1.27%,127,1,1278,Health,251,2510000,1,25107388,Offense,46,460000,1,4545180,Speed,4,40000,1,428700,E,4,4,0,100.0,63.7,66.7,63.7,0,0.0,slice,0,0,0,0,42.1,0.0,41.7,100.0,JARJARBINKS,CANDIDATE,SLICE,wartość moda lub dopasowanie do postaci uzasadnia kolejny roll,0.0,,,,,,,,,,,,,,,,,,,,,,,
ckT7J2TXTTyRS_FXdip1zA,456,Speed,5,Cross,1,15,False,0,True,POSTAĆ: URORRURRR,Og41VwyAS3Wj_pSqozBePw,Protection %,23.5%,2350,0,,Defense,9,90000,1,908754,Critical Chance %,1.87%,187,1,1870,Offense,26,260000,1,2508000,Protection,588,5880000,1,58872928,E,4,4,0,100.0,47.2,0.0,47.2,0,0.0,slice,0,0,0,0,31.8,0.0,25.9,100.0,JARJARBINKS,CANDIDATE,KEEP,wartość secondary zbyt niska,0.0,,,,,,,,,,,,,,,,,,,,,,,
gOV6dwu6RlWh0s9a9mAxHg,456,Speed,5,Cross,1,15,False,0,True,POSTAĆ: MONMOTHMA,NZxmA6jjT9mgRzvaiQYUbw,Tenacity %,24%,2400,0,,Critical Chance %,2.08%,208,1,2084,Protection %,2.19%,219,1,2190,Speed,5,50000,1,533400,Health,308,3080000,1,30829198,E,4,4,0,100.0,60.7,83.3,60.7,0,0.0,slice,0,0,0,0,42.2,0.0,41.8,100.0,JARJARBINKS,CANDIDATE,SLICE,wartość moda lub dopasowanie do postaci uzasadnia kolejny roll,0.0,,,,,,,,,,,,,,,,,,,,,,,
hiw_RYsVRM2QV56HnvFtlQ,456,Speed,5,Cross,1,15,False,0,True,POSTAĆ: HUNTERS3,fOvmK1oPT9GBBqelVUGiwQ,Defense %,11.75%,1175,0,,Critical Chance %,2.02%,202,1,2025,Tenacity %,1.81%,181,1,1811,Speed,4,40000,1,446430,Health %,1.1%,110,1,1108,E,4,4,0,100.0,56.8,66.7,56.8,0,0.0,slice,0,0,0,0,31.2,0.0,25.0,100.0,JARJARBINKS,CANDIDATE,KEEP,obserwuj przed wydaniem materiałów,0.0,,,,,,,,,,,,,,,,,,,,,,,
ks098q74Tfm6ddaXSC805A,456,Speed,5,Cross,1,15,False,0,True,POSTAĆ: OLDBENKENOBI,MoOuSI5CQjSQr9fw_QqA2A,Defense %,11.75%,1175,0,,Tenacity %,1.92%,192,1,1929,Protection,622,6220000,1,62224399,Critical Chance %,1.9%,190,1,1902,Speed,5,50000,1,520530,E,4,4,0,100.0,50.7,83.3,50.7,0,0.0,slice,0,0,0,0,37.3,0.0,34.3,100.0,JARJARBINKS,CANDIDATE,KEEP,wartość secondary zbyt niska,0.0,,,,,,,,,,,,,,,,,,,,,,,
lkskWc89RXq608H4Ivudfg,456,Speed,5,Cross,1,15,False,0,True,POSTAĆ: NIGHTSISTERZOMBIE,COvJQSPFT4Gfo8VngKHKTg,Health %,5.88%,588,0,,Critical Chance %,1.44%,144,1,1444,Speed,5,50000,1,562830,Health,244,2440000,1,24462345,Offense,40,400000,1,3920916,E,4,4,0,100.0,63.7,83.3,63.7,0,0.0,slice,0,0,0,0,42.1,0.0,41.7,100.0,JARJARBINKS,CANDIDATE,SLICE,wartość moda lub dopasowanie do postaci uzasadnia kolejny roll,0.0,,,,,,,,,,,,,,,,,,,,,,,
n9zFSy5MQZWjgmbvwNoFCw,456,Speed,5,Cross,1,15,False,0,True,POSTAĆ: BODHIROOK,quKF5BsKRcyAFpp2bC6f0A,Potency %,24%,2400,0,,Speed,5,50000,1,537030,Health %,1.08%,108,1,1082,Defense,7,70000,1,781501,Tenacity %,1.72%,172,1,1721,E,4,4,0,100.0,59.0,83.3,59.0,0,0.0,slice,0,0,0,0,36.3,0.0,32.8,100.0,JARJARBINKS,CANDIDATE,SLICE,wartość moda lub dopasowanie do postaci uzasadnia kolejny roll,0.0,,,,,,,,,,,,,,,,,,,,,,,
oKUCoQ-HSFq6tDFOKmfIIQ,456,Speed,5,Cross,2,15,False,0,True,POSTAĆ: 50RT,513pynD8T6a2FqFSDdtzAA,Health %,5.88%,588,0,,Offense,42,420000,1,4159404,Protection,1099,10990000,2,64329970|45599940,Speed,4,40000,1,451680,Defense %,0.95%,95,1,953,D,5,5,0,100.0,64.0,66.7,64.0,0,0.0,slice,0,0,0,0,42.2,0.0,41.9,100.0,JARJARBINKS,CANDIDATE,SLICE,wartość moda lub dopasowanie do postaci uzasadnia kolejny roll,0.0,,,,,,,,,,,,,,,,,,,,,,,
oYgDmglqRVW_EjdgLLUFGQ,456,Speed,5,Cross,1,15,False,0,True,POSTAĆ: COUNTDOOKU,3FSz0CMSTUerWQQH0wxk5A,Potency %,24%,2400,0,,Speed,5,50000,1,579630,Defense %,1.16%,116,1,1169,Offense %,0.32%,32,1,324,Defense,5,50000,1,559825,E,4,4,0,100.0,67.0,83.3,67.0,0,0.0,slice,0,0,0,0,36.3,0.0,32.8,100.0,JARJARBINKS,CANDIDATE,SLICE,wartość moda lub dopasowanie do postaci uzasadnia kolejny roll,0.0,,,,,,,,,,,,,,,,,,,,,,,
okk2-FJ8TCqq7uHG1Xgz3Q,456,Speed,5,Cross,1,15,False,0,True,POSTAĆ: ADMIRALACKBAR,jJIXKTM-Rr2zx9rbTm1RHg,Tenacity %,24%,2400,0,,Speed,5,50000,1,542490,Offense,33,330000,1,3296196,Protection,680,6800000,1,68001222,Potency %,1.92%,192,1,1926,E,4,4,0,100.0,66.0,83.3,66.0,0,0.0,slice,0,0,0,0,43.0,0.0,43.0,100.0,JARJARBINKS,CANDIDATE,SLICE,wartość moda lub dopasowanie do postaci uzasadnia kolejny roll,0.0,,,,,,,,,,,,,,,,,,,,,,,
q1A5YG6QQNSLi2aFVFbzdg,456,Speed,5,Cross,3,15,False,0,True,POSTAĆ: 4LOM,umm1Guh0QlC-Mx4RUkOImg,Health %,5.88%,588,0,,Tenacity %,3.03%,303,2,1530|1504,Offense,63,630000,2,2863452|3429804,Speed,5,50000,1,530220,Health,224,2240000,1,22405065,C,6,6,0,100.0,62.0,83.3,62.0,0,0.0,slice,0,0,0,0,36.8,0.0,33.6,100.0,JARJARBINKS,CANDIDATE,SLICE,wartość moda lub dopasowanie do postaci uzasadnia kolejny roll,0.0,,,,,,,,,,,,,,,,,,,,,,,
qPJGrl0CQG-nl1zb_DbVag,456,Speed,5,Cross,1,15,False,0,True,POSTAĆ: PHASMA,SkKOwLVQRPWgmAAswUhqVg,Potency %,24%,2400,0,,Speed,4,40000,1,465210,Offense,28,280000,1,2723916,Health %,0.73%,73,1,735,Critical Chance %,1.19%,119,1,1196,E,4,4,0,100.0,69.8,66.7,69.8,0,0.0,slice,0,0,0,0,36.9,0.0,33.7,100.0,JARJARBINKS,CANDIDATE,SLICE,wartość moda lub dopasowanie do postaci uzasadnia kolejny roll,0.0,,,,,,,,,,,,,,,,,,,,,,,
s2a_msq1TKGT1x1eQEH9eg,456,Speed,5,Cross,4,15,False,0,True,POSTAĆ: DARTHREVAN,fLqeKdDzSRW4dMgHZirtpQ,Potency %,24%,2400,0,,Critical Chance %,3.72%,372,2,1604|2124,Health %,1.88%,188,2,794|1089,Speed,5,50000,1,569940,Protection,1090,10900000,2,64599915|44453712,B,7,7,0,100.0,55.7,83.3,55.7,0.0,0.0,slice,0,0,0,0,31.2,0.0,25.0,100.0,JARJARBINKS,CANDIDATE,KEEP,obserwuj przed wydaniem materiałów,0.0,,,,,,,,,,,,,,,,,,,,,,,
sPCk4bVlSFuyljdLRfQWFg,456,Speed,5,Cross,2,15,False,0,True,POSTAĆ: DASHRENDAR,UvX9PUsvQNWgySnOmxD5Lw,Defense %,11.75%,1175,0,,Speed,5,50000,1,544440,Potency %,1.58%,158,1,1583,Critical Chance %,1.4%,140,1,1407,Defense,12,120000,2,507248|758471,D,5,5,0,100.0,45.4,83.3,45.4,0,0.0,slice,0,0,0,0,36.1,0.0,32.5,100.0,JARJARBINKS,CANDIDATE,KEEP,wartość secondary zbyt niska,0.0,,,,,,,,,,,,,,,,,,,,,,,
tQwPmJFHRFGpLmT_4CEz1w,456,Speed,5,Cross,3,15,False,0,True,POSTAĆ: TIEFIGHTERPILOT,EGIGnBBeQKypl69_NjyZMQ,Tenacity %,24%,2400,0,,Protection %,1.43%,143,1,1437,Protection,1996,19960000,3,75567988|67062644|57049761,Health,411,4110000,1,41130599,Speed,5,50000,1,545430,C,6,6,0,100.0,60.3,83.3,60.3,0,0.0,slice,0,0,0,0,45.3,0.0,46.6,100.0,JARJARBINKS,CANDIDATE,SLICE,wartość moda lub dopasowanie do postaci uzasadnia kolejny roll,0.0,,,,,,,,,,,,,,,,,,,,,,,
tWvY8OrbTC2Ioi06IAl2ZA,456,Speed,5,Cross,4,15,False,0,True,POSTAĆ: ADMIRALPIETT,Mz0_xu-vQt23Vd1Prv1rHw,Offense %,5.88%,588,0,,Protection,686,6860000,1,68632478,Speed,12,120000,3,423810|499080|317130,Potency %,1.62%,162,1,1626,Tenacity %,3.33%,333,2,1870|1462,B,7,7,0,100.0,63.1,66.7,63.1,0,0.0,slice,0,0,0,0,46.3,0.0,48.2,100.0,JARJARBINKS,CANDIDATE,SLICE,wartość moda lub dopasowanie do postaci uzasadnia kolejny roll,0.0,,,,,,,,,,,,,,,,,,,,,,,
v9ps4V_uRaWTh3ZEJvkdXw,456,Speed,5,Cross,1,15,False,0,True,POSTAĆ: CHIEFCHIRPA,Dn4ab3A5QZWWDCv8qxRDfw,Protection %,23.5%,2350,0,,Potency %,1.17%,117,1,1177,Protection,763,7630000,1,76394435,Offense,25,250000,1,2463084,Speed,5,50000,1,509880,E,4,4,0,100.0,66.0,83.3,66.0,0,0.0,slice,0,0,0,0,43.0,0.0,43.0,100.0,JARJARBINKS,CANDIDATE,SLICE,wartość moda lub dopasowanie do postaci uzasadnia kolejny roll,0.0,,,,,,,,,,,,,,,,,,,,,,,
wHMtMw6oTHydGi_a0XSGVw,456,Speed,5,Cross,1,15,False,0,True,POSTAĆ: CT7567,JLM-m7ixRCOVuvT1dBCzSQ,Health %,5.88%,588,0,,Defense,7,70000,1,755139,Offense,35,350000,1,3409284,Speed,5,50000,1,593820,Protection %,1.18%,118,1,1180,E,4,4,0,100.0,71.5,83.3,71.5,0,0.0,slice,0,0,0,0,47.7,0.0,50.3,100.0,JARJARBINKS,CANDIDATE,SLICE,wartość moda lub dopasowanie do postaci uzasadnia kolejny roll,0.0,,,,,,,,,,,,,,,,,,,,,,,
yBavVtFyRkeByXOuXmZa3A,456,Speed,5,Cross,5,15,False,0,True,POSTAĆ: STAP,gdcV7h1eR-O4BYyNd_yAkA,Defense %,11.75%,1175,0,,Health,876,8760000,3,36270275|28099016|23294410,Speed,11,110000,2,514740|586170,Protection %,2.02%,202,1,2021,Offense %,0.81%,81,2,433|383,A,8,8,0,100.0,74.8,91.7,74.8,0,55.3,6-dot,0,0,0,0,41.9,0.0,41.4,100.0,JARJARBINKS,CANDIDATE,SLICE_6E,5A ma wystarczającą wartość lub dopasowanie do postaci,0.0,,,,,,,,,,,,,,,,,,,,,,,
5oCEEMHkT_yaAaJhaPqEeA,456,Speed,5,Cross,2,9,False,0,True,POSTAĆ: MOFFGIDEONS1,HPnSQ9B5QYKlMeSpZV2uVg,Tenacity %,15%,1500,0,,Offense,31,310000,1,3095556,Health %,0.64%,64,1,643,Critical Chance %,1.85%,185,1,1855,Speed,5,50000,1,540990,D,4,5,1,100.0,69.8,83.3,75.8,6.0,0.0,upgrade,0,0,0,0,36.9,0.0,33.7,100.0,JARJARBINKS,CANDIDATE,UPGRADE,nieujawnione wszystkie secondary,0.0,,,,,,,,,,,,,,,,,,,,,,,
AOeUJEHTQ9a2KI7tumkjMw,456,Speed,5,Cross,2,9,False,0,True,POSTAĆ: JYNERSO,J5J6kyqwQjuErnn0IY4xFw,Defense %,7.25%,725,0,,Offense,25,250000,1,2466960,Speed,5,50000,1,543150,Offense %,0.33%,33,1,338,Health %,1.05%,105,1,1054,D,4,5,1,100.0,86.5,83.3,89.2,2.7,0.0,upgrade,0,0,0,0,36.9,0.0,33.7,100.0,JARJARBINKS,CANDIDATE,UPGRADE,nieujawnione wszystkie secondary,0.0,,,,,,,,,,,,,,,,,,,,,,,
_rRC6gPkRF6t0MS2zWhjrg,456,Speed,5,Cross,2,9,False,0,True,POSTAĆ: IG12,Ef5TBIi_RqG_1av0iPBqpA,Health %,3.63%,363,0,,Offense,30,300000,1,2967192,Protection %,2.04%,204,1,2042,Speed,5,50000,1,587760,Defense %,1.33%,133,1,1337,D,4,5,1,100.0,73.5,83.3,78.8,5.3,0.0,upgrade,0,0,0,0,42.6,0.0,42.5,100.0,JARJARBINKS,CANDIDATE,UPGRADE,nieujawnione wszystkie secondary,0.0,,,,,,,,,,,,,,,,,,,,,,,
fjg5cnccRP2P79wfp0GsZw,456,Speed,5,Cross,2,9,False,0,True,POSTAĆ: FIRSTORDEROFFICERMALE,ogMbke6zQ4yH_trrtMP3tw,Defense %,7.25%,725,0,,Offense,28,280000,1,2755152,Defense,4,40000,1,496076,Protection,685,6850000,1,68545265,Speed,5,50000,1,556590,D,4,5,1,100.0,66.0,83.3,72.8,6.8,0.0,upgrade,0,0,0,0,48.1,0.0,50.9,100.0,JARJARBINKS,CANDIDATE,UPGRADE,nieujawnione wszystkie secondary,0.0,,,,,,,,,,,,,,,,,,,,,,,
tCemzpqvRTG73Dqdd25Ipg,456,Speed,5,Cross,2,9,False,0,True,POSTAĆ: DARTHSION,OP5-B8qmQuKc8DFcXDEBsg,Protection %,14.5%,1450,0,,Offense %,0.42%,42,1,424,Protection,580,5800000,1,58025716,Critical Chance %,1.38%,138,1,1381,Defense %,1.57%,157,1,1577,D,4,5,1,100.0,51.7,0.0,59.8,8.1,0.0,upgrade,0,0,0,0,21.1,0.0,9.3,100.0,JARJARBINKS,CANDIDATE,UPGRADE,nieujawnione wszystkie secondary,0.0,,,,,,,,,,,,,,,,,,,,,,,
Fj_rp2zhT1SraTzsolF-Nw,456,Speed,5,Cross,3,6,False,0,True,POSTAĆ: BADBATCHECHO,FwIhKIbkQpmDehO-x4X4Bw,Potency %,10.5%,1050,0,,Defense,7,70000,1,760774,Health,414,4140000,1,41443477,Speed,5,50000,1,531030,Offense %,0.48%,48,1,486,C,4,6,2,100.0,68.5,83.3,79.0,10.5,0.0,upgrade,0,0,0,0,41.6,0.0,40.9,100.0,JARJARBINKS,CANDIDATE,UPGRADE,nieujawnione wszystkie secondary,0.0,,,,,,,,,,,,,,,,,,,,,,,
GaJbskakRSCmnFY3UVXAZA,456,Speed,5,Cross,3,6,False,0,True,POSTAĆ: COMMANDERAHSOKA,CTmaWdlpSUOGpCcKqGJM4Q,Offense %,2.5%,250,0,,Offense,43,430000,1,4257216,Defense,7,70000,1,777679,Speed,5,50000,1,569100,Health,247,2470000,1,24717362,C,4,6,2,100.0,66.0,83.3,77.3,11.3,0.0,upgrade,0,0,0,0,47.2,0.0,49.5,100.0,JARJARBINKS,CANDIDATE,UPGRADE,nieujawnione wszystkie secondary,0.0,,,,,,,,,,,,,,,,,,,,,,,
FnbMvd-LQtmhqEs-NB270w,456,Speed,5,Cross,4,3,False,0,True,POSTAĆ: ZUCKUSS,2Hnd3xTKQx2mjOfWoquviQ,Protection %,5.5%,550,0,,Protection,474,4740000,1,47423107,Offense,24,240000,1,2359344,Tenacity %,1.78%,178,1,1787,Speed,4,40000,1,496890,B,4,7,3,100.0,65.0,66.7,80.0,15.0,0.0,upgrade,0,0,0,0,43.0,0.0,43.0,100.0,JARJARBINKS,CANDIDATE,UPGRADE,nieujawnione wszystkie secondary,0.0,,,,,,,,,,,,,,,,,,,,,,,
6QKaivp3Q4GLs-n6GbzmmQ,456,Speed,5,Cross,2,1,False,0,True,POSTAĆ: JAWAENGINEER,BY7zFKqQTSmh8ADdAer1Lw,Defense %,1.25%,125,0,,Speed,5,50000,1,590820,,,,0,,,,,0,,,,,0,,D,1,5,4,100.0,100.0,83.3,100.0,0,0.0,upgrade,0,0,0,0,80.0,0.0,100.0,100.0,JARJARBINKS,CANDIDATE,UPGRADE,nieujawnione wszystkie secondary,0.0,,,,,,,,,,,,,,,,,,,,,,,
COq2qzfFSP2qyehPV5gRMg,456,Speed,5,Cross,2,1,False,0,True,POSTAĆ: CC2224,m_J2fZDlR1qleanuhPmZRg,Defense %,1.25%,125,0,,Speed,5,50000,1,545640,,,,0,,,,,0,,,,,0,,D,1,5,4,100.0,100.0,83.3,100.0,0,0.0,upgrade,0,0,0,0,80.0,0.0,100.0,100.0,JARJARBINKS,CANDIDATE,UPGRADE,nieujawnione wszystkie secondary,0.0,,,,,,,,,,,,,,,,,,,,,,,
JqNKMdkfQWG6PHYCRM7wUg,456,Speed,5,Cross,5,1,False,0,True,POSTAĆ: CHOPPERS3,Bru_NLjRRlitn1bvKpD5zA,Health %,0.63%,63,0,,Offense,32,320000,1,3191316,Speed,5,50000,1,504090,Defense,5,50000,1,520429,Critical Chance %,1.38%,138,1,1386,A,4,8,4,100.0,60.2,83.3,80.1,19.9,32.9,upgrade,0,0,0,0,42.0,0.0,41.5,100.0,JARJARBINKS,CANDIDATE,UPGRADE,nieujawnione wszystkie secondary,0.0,,,,,,,,,,,,,,,,,,,,,,,
VGl-rVqXQMm3RHq7FOtLuA,456,Speed,5,Cross,3,1,False,0,True,POSTAĆ: GREEFKARGA,glB8R2fVS3qp3gZo3f4x4Q,Protection %,2.5%,250,0,,Speed,5,50000,1,518130,Tenacity %,1.66%,166,1,1662,,,,0,,,,,0,,C,2,6,4,100.0,65.0,83.3,88.3,23.3,0.0,upgrade,0,0,0,0,47.5,0.0,50.0,100.0,JARJARBINKS,CANDIDATE,UPGRADE,nieujawnione wszystkie secondary,0.0,,,,,,,,,,,,,,,,,,,,,,,
jxoxCL7CSX65LDBF8zcr5g,456,Speed,5,Cross,5,1,False,0,True,POSTAĆ: ZAMWESELL,Nbq45D5tRcWX3Sq3C2ALRQ,Defense %,1.25%,125,0,,Speed,4,40000,1,433830,Offense,42,420000,1,4145952,Health %,0.81%,81,1,816,Critical Chance %,1.16%,116,1,1163,A,4,8,4,100.0,69.8,66.7,84.9,15.1,41.2,upgrade,0,0,0,0,36.9,0.0,33.7,100.0,JARJARBINKS,CANDIDATE,UPGRADE,nieujawnione wszystkie secondary,0.0,,,,,,,,,,,,,,,,,,,,,,,
lX5WSLqDSZeQT74rQaRwXA,456,Speed,5,Cross,3,1,False,0,True,POSTAĆ: GENERALHUX,4xJRxbo2QFa9YMtrQdsX6Q,Tenacity %,3%,300,0,,Protection %,1.25%,125,1,1256,Speed,5,50000,1,563910,,,,0,,,,,0,,C,2,6,4,100.0,85.0,83.3,95.0,10.0,0.0,upgrade,0,0,0,0,58.9,0.0,67.6,100.0,JARJARBINKS,CANDIDATE,UPGRADE,nieujawnione wszystkie secondary,0.0,,,,,,,,,,,,,,,,,,,,,,,
0D6MlvxtTj-h_JhLtYpF_w,453,Speed,5,Diamond,1,15,False,0,True,POSTAĆ: MOFFGIDEONS1,HPnSQ9B5QYKlMeSpZV2uVg,Defense %,11.75%,1175,0,,Speed,5,50000,1,515580,Offense %,0.51%,51,1,517,Defense,5,50000,1,512981,Health,360,3600000,1,36070976,E,4,4,0,100.0,68.5,83.3,68.5,0,0.0,slice,0,0,0,0,41.6,0.0,40.9,100.0,JARJARBINKS,CANDIDATE,SLICE,wartość moda lub dopasowanie do postaci uzasadnia kolejny roll,0.0,,,,,,,,,,,,,,,,,,,,,,,
0pHL4QP9ROWgRT8aej3ZMA,453,Speed,5,Diamond,1,15,False,0,True,POSTAĆ: LOGRAY,GuFNgN4vTyCd6RkM9gKvUQ,Defense %,11.75%,1175,0,,Speed,5,50000,1,575580,Protection %,1.45%,145,1,1451,Tenacity %,1.68%,168,1,1687,Defense,9,90000,1,934283,E,4,4,0,100.0,58.5,83.3,58.5,0,0.0,slice,0,0,0,0,42.1,0.0,41.6,100.0,JARJARBINKS,CANDIDATE,SLICE,wartość moda lub dopasowanie do postaci uzasadnia kolejny roll,0.0,,,,,,,,,,,,,,,,,,,,,,,
1_kCCiCgTz-N4t0aa-RnuA,453,Speed,5,Diamond,4,15,False,0,True,POSTAĆ: CAPTAINSILVO,GfeI_j1jQaGE0PV27rwMGg,Defense %,11.75%,1175,0,,Potency %,1.88%,188,1,1886,Health %,1.65%,165,2,791|859,Critical Chance %,3.62%,362,2,1386|2242,Speed,8,80000,2,593280|304710,B,7,7,0,100.0,61.1,66.7,61.1,0,0.0,slice,0,0,0,0,33.6,0.0,28.6,100.0,JARJARBINKS,CANDIDATE,SLICE,wartość moda lub dopasowanie do postaci uzasadnia kolejny roll,0.0,,,,,,,,,,,,,,,,,,,,,,,
2C0T1vAbRNiVfR34S4Rlwg,453,Speed,5,Diamond,1,15,False,0,True,POSTAĆ: HERASYNDULLAS3,WwA_vE8UQ9SCiyY3ETfxew,Defense %,11.75%,1175,0,,Speed,5,50000,1,503820,Protection,548,5480000,1,54861130,Defense,7,70000,1,760970,Health,367,3670000,1,36773880,E,4,4,0,100.0,57.5,83.3,57.5,0,0.0,slice,0,0,0,0,47.6,0.0,50.2,100.0,JARJARBINKS,CANDIDATE,KEEP,obserwuj przed wydaniem materiałów,0.0,,,,,,,,,,,,,,,,,,,,,,,
59kslETKRHiYlmFwnljVdw,453,Speed,5,Diamond,2,15,False,0,True,POSTAĆ: GREATMOTHERS,_9o2eZpKS1qVCYr7VBoyEQ,Defense %,11.75%,1175,0,,Potency %,2.03%,203,1,2036,Health,318,3180000,1,31834265,Health %,2.02%,202,2,1072|954,Speed,5,50000,1,521070,D,5,5,0,100.0,65.2,83.3,65.2,0,0.0,slice,0,0,0,0,32.2,0.0,26.4,100.0,JARJARBINKS,CANDIDATE,SLICE,wartość moda lub dopasowanie do postaci uzasadnia kolejny roll,0.0,,,,,,,,,,,,,,,,,,,,,,,
6ZQZzrwSQkqLSfgty-Z0lg,453,Speed,5,Diamond,5,15,False,0,True,POSTAĆ: C3POLEGENDARY,pM9oOUHqQReNsQRXGGZYuQ,Defense %,11.75%,1175,0,,Speed,10,100000,2,575130|454470,Defense,14,140000,2,670712|787920,Offense %,0.73%,73,2,428|310,Health %,1.79%,179,2,1121|670,A,8,8,0,100.0,74.5,83.3,74.5,0,49.6,6-dot,0,0,0,0,36.3,0.0,32.8,100.0,JARJARBINKS,CANDIDATE,SLICE_6E,5A ma wystarczającą wartość lub dopasowanie do postaci,0.0,,,,,,,,,,,,,,,,,,,,,,,
7YTTVQg-TFOsLM4E-919Dg,453,Speed,5,Diamond,3,15,False,0,True,POSTAĆ: HOTHHAN,X6drLk0WTp2kXFq3_B3_3w,Defense %,11.75%,1175,0,,Critical Chance %,1.19%,119,1,1191,Speed,5,50000,1,575730,Protection %,4.43%,443,3,1647|1369|1416,Potency %,2%,200,1,2007,C,6,6,0,100.0,61.5,83.3,61.5,0,0.0,slice,0,0,0,0,37.3,0.0,34.3,100.0,JARJARBINKS,CANDIDATE,SLICE,wartość moda lub dopasowanie do postaci uzasadnia kolejny roll,0.0,,,,,,,,,,,,,,,,,,,,,,,
7y0PQ-h2QH-6gjyxAJXceg,453,Speed,5,Diamond,1,15,False,0,True,POSTAĆ: CAPTAINREX,3gaeLq9BQs-Hg-ZQfRFU7Q,Defense %,11.75%,1175,0,,Speed,5,50000,1,511050,Health,216,2160000,1,21607869,Protection %,1.48%,148,1,1483,Critical Chance %,1.41%,141,1,1411,E,4,4,0,100.0,60.7,83.3,60.7,0,0.0,slice,0,0,0,0,42.2,0.0,41.8,100.0,JARJARBINKS,CANDIDATE,SLICE,wartość moda lub dopasowanie do postaci uzasadnia kolejny roll,0.0,,,,,,,,,,,,,,,,,,,,,,,
B3dyvQxlQtaQvJxjUXmQKQ,453,Speed,5,Diamond,1,15,False,0,True,POSTAĆ: ADMIRALACKBAR,jJIXKTM-Rr2zx9rbTm1RHg,Defense %,11.75%,1175,0,,Protection %,1.29%,129,1,1293,Health %,0.98%,98,1,984,Health,262,2620000,1,26236749,Speed,5,50000,1,506640,E,4,4,0,100.0,72.5,83.3,72.5,0,0.0,slice,0,0,0,0,42.2,0.0,41.8,100.0,JARJARBINKS,CANDIDATE,SLICE,wartość moda lub dopasowanie do postaci uzasadnia kolejny roll,0.0,,,,,,,,,,,,,,,,,,,,,,,
BvIzKk61RkiqnGVC9zodLg,453,Speed,5,Diamond,3,15,False,0,True,POSTAĆ: T3_M4,JjJ2-au6STuNxPqAaXFFTg,Defense %,11.75%,1175,0,,Speed,5,50000,1,546540,Critical Chance %,1.4%,140,1,1409,Offense,34,340000,1,3399480,Health,898,8980000,3,28086158|35895250|25868153,C,6,6,0,100.0,58.5,83.3,58.5,0,0.0,slice,0,0,0,0,40.0,0.0,38.5,100.0,JARJARBINKS,CANDIDATE,SLICE,wartość moda lub dopasowanie do postaci uzasadnia kolejny roll,0.0,,,,,,,,,,,,,,,,,,,,,,,
CrC7drQRQR6bwq-74hf7HA,453,Speed,5,Diamond,1,15,False,0,True,POSTAĆ: HUMANTHUG,N23ZfbdsQ6auQsqDhoBggQ,Defense %,11.75%,1175,0,,Speed,5,50000,1,573930,Defense,6,60000,1,605738,Critical Chance %,1.17%,117,1,1176,Health %,0.56%,56,1,568,E,4,4,0,100.0,57.8,83.3,57.8,0,0.0,slice,0,0,0,0,36.3,0.0,32.8,100.0,JARJARBINKS,CANDIDATE,KEEP,obserwuj przed wydaniem materiałów,0.0,,,,,,,,,,,,,,,,,,,,,,,
HtsThih6TG-HGbMepcgWgQ,453,Speed,5,Diamond,1,15,False,0,True,POSTAĆ: CHIRRUTIMWE,TJZj8X93S32n6tnD78nPNA,Defense %,11.75%,1175,0,,Tenacity %,1.67%,167,1,1678,Offense,33,330000,1,3261996,Protection %,2.24%,224,1,2240,Protection,624,6240000,1,62469426,E,4,4,0,100.0,57.5,0.0,57.5,0,0.0,slice,0,0,0,0,32.4,0.0,26.8,100.0,JARJARBINKS,CANDIDATE,KEEP,obserwuj przed wydaniem materiałów,0.0,,,,,,,,,,,,,,,,,,,,,,,
IIi3XyR3Qyy9bO_LfbbLKg,453,Speed,5,Diamond,5,15,False,0,True,POSTAĆ: TRIPLEZERO,1ljjdZ07RbiZI3P80CgyEQ,Defense %,11.75%,1175,0,,Health %,1.37%,137,2,621|757,Offense,81,810000,2,4109700|3904500,Defense,8,80000,1,885283,Speed,12,120000,3,548280|400260|340410,A,8,8,0,100.0,80.2,66.7,80.2,0,45.3,6-dot,0,0,0,0,47.6,0.0,50.1,100.0,JARJARBINKS,CANDIDATE,SLICE_6E,5A ma wystarczającą wartość lub dopasowanie do postaci,0.0,,,,,,,,,,,,,,,,,,,,,,,
K3uRnkAVQkeg9bMgnYiBgQ,453,Speed,5,Diamond,4,15,False,0,True,POSTAĆ: DARTHREVAN,fLqeKdDzSRW4dMgHZirtpQ,Defense %,11.75%,1175,0,,Potency %,4.99%,499,3,1339|1996|1658,Speed,5,50000,1,555600,Offense %,0.43%,43,1,438,Health,577,5770000,2,30372739|27374682,B,7,7,0,100.0,55.7,83.3,55.7,0.0,0.0,slice,0,0,0,0,30.2,0.0,23.5,100.0,JARJARBINKS,CANDIDATE,KEEP,obserwuj przed wydaniem materiałów,0.0,,,,,,,,,,,,,,,,,,,,,,,
K4cy0uZzS92rtdRyN97ZHw,453,Speed,5,Diamond,1,15,False,0,True,POSTAĆ: UGNAUGHT,ZGlt-12-SZqEZEn-4Jp8Xw,Defense %,11.75%,1175,0,,Defense,9,90000,1,961282,Protection,691,6910000,1,69118379,Health %,1.04%,104,1,1049,Speed,5,50000,1,534900,E,4,4,0,100.0,63.5,83.3,63.5,0,0.0,slice,0,0,0,0,42.4,0.0,42.2,100.0,JARJARBINKS,CANDIDATE,SLICE,wartość moda lub dopasowanie do postaci uzasadnia kolejny roll,0.0,,,,,,,,,,,,,,,,,,,,,,,
KPVhTEJZSueUo41X4HQNLw,453,Speed,5,Diamond,1,15,False,0,True,POSTAĆ: RESISTANCEPILOT,Z6ZsQzmNQsy8cyZcSNKuTQ,Defense %,11.75%,1175,0,,Defense,8,80000,1,839517,Protection %,1.94%,194,1,1948,Speed,5,50000,1,558840,Health %,0.58%,58,1,589,E,4,4,0,100.0,69.0,83.3,69.0,0,0.0,slice,0,0,0,0,42.1,0.0,41.6,100.0,JARJARBINKS,CANDIDATE,SLICE,wartość moda lub dopasowanie do postaci uzasadnia kolejny roll,0.0,,,,,,,,,,,,,,,,,,,,,,,
LF3-ScriThWvHA23UaVq5Q,453,Speed,5,Diamond,1,15,False,0,True,POSTAĆ: PHASMA,SkKOwLVQRPWgmAAswUhqVg,Defense %,11.75%,1175,0,,Offense %,0.55%,55,1,558,Speed,5,50000,1,548130,Offense,37,370000,1,3635460,Health,214,2140000,1,21468574,E,4,4,0,100.0,80.5,83.3,80.5,0,0.0,slice,0,0,0,0,42.1,0.0,41.7,100.0,JARJARBINKS,CANDIDATE,SLICE,wartość moda lub dopasowanie do postaci uzasadnia kolejny roll,0.0,,,,,,,,,,,,,,,,,,,,,,,
LFmselPZQyqo8p5A7QDwhQ,453,Speed,5,Diamond,5,15,False,0,True,POSTAĆ: STAP,gdcV7h1eR-O4BYyNd_yAkA,Defense %,11.75%,1175,0,,Offense %,1.06%,106,3,398|368|303,Tenacity %,4.25%,425,2,2150|2102,Potency %,1.99%,199,1,1999,Speed,10,100000,2,582210|474510,A,8,8,0,100.0,71.2,83.3,71.2,0,58.1,6-dot,0,0,0,0,31.2,0.0,25.0,100.0,JARJARBINKS,CANDIDATE,SLICE_6E,5A ma wystarczającą wartość lub dopasowanie do postaci,0.0,,,,,,,,,,,,,,,,,,,,,,,
NKW_cxihQBOXvATbIVG7Qw,453,Speed,5,Diamond,5,15,False,0,True,POSTAĆ: BASTILASHAN,dnE0ZmQURMC8x7WzoHVW6w,Defense %,11.75%,1175,0,,Offense,82,820000,2,4499808|3684708,Defense,10,100000,2,501074|517342,Speed,15,150000,3,579240|543900|386310,Potency %,1.49%,149,1,1490,A,8,8,0,100.0,70.8,83.3,70.8,0,49.5,6-dot,0,0,0,0,50.1,0.0,54.0,100.0,JARJARBINKS,CANDIDATE,SLICE_6E,5A ma wystarczającą wartość lub dopasowanie do postaci,0.0,,,,,,,,,,,,,,,,,,,,,,,
O0mMT7YuTey_aesnVShEAw,453,Speed,5,Diamond,2,15,False,0,True,POSTAĆ: POGGLETHELESSER,svKQSHAyRUmW1dqnxfD2Kw,Defense %,11.75%,1175,0,,Protection,788,7880000,1,78886235,Health %,0.73%,73,1,736,Offense %,0.93%,93,2,392|546,Speed,5,50000,1,525570,D,5,5,0,100.0,80.8,83.3,80.8,0,0.0,slice,0,0,0,0,32.9,0.0,27.5,100.0,JARJARBINKS,CANDIDATE,SLICE,wartość moda lub dopasowanie do postaci uzasadnia kolejny roll,0.0,,,,,,,,,,,,,,,,,,,,,,,
PBAjYRPqRPuqj8BCCUDybw,453,Speed,5,Diamond,4,15,False,0,True,POSTAĆ: KYLEKATARN,NUyH0Un-QQ-qVlZICatTug,Defense %,11.75%,1175,0,,Speed,5,50000,1,523530,Tenacity %,1.99%,199,1,1991,Offense,121,1210000,3,3352512|4393104|4296660,Defense,17,170000,2,893270|901453,B,7,7,0,100.0,63.4,83.3,63.4,0,0.0,slice,0,0,0,0,39.8,0.0,38.1,100.0,JARJARBINKS,CANDIDATE,SLICE,wartość moda lub dopasowanie do postaci uzasadnia kolejny roll,0.0,,,,,,,,,,,,,,,,,,,,,,,
SFmGW9aGSbaMO44HZPBA_w,453,Speed,5,Diamond,1,15,False,0,True,POSTAĆ: GENERALSYNDULLA,cxKTANbrQ820-mbbO3NZug,Defense %,11.75%,1175,0,,Protection,418,4180000,1,41824863,Health %,0.92%,92,1,921,Speed,4,40000,1,417750,Offense %,0.5%,50,1,507,E,4,4,0,100.0,78.0,66.7,78.0,0,0.0,slice,0,0,0,0,37.3,0.0,34.3,100.0,JARJARBINKS,CANDIDATE,SLICE,wartość moda lub dopasowanie do postaci uzasadnia kolejny roll,0.0,,,,,,,,,,,,,,,,,,,,,,,
WsSkLM8kTBqVRD7kepv69w,453,Speed,5,Diamond,1,15,False,0,True,POSTAĆ: SCOUTTROOPER_V3,EwvhlHGbS_a4Gk-O1KIWgg,Defense %,11.75%,1175,0,,Offense,24,240000,1,2343384,Critical Chance %,2.13%,213,1,2134,Offense %,0.36%,36,1,364,Speed,5,50000,1,550800,E,4,4,0,100.0,74.8,83.3,74.8,0,0.0,slice,0,0,0,0,36.9,0.0,33.7,100.0,JARJARBINKS,CANDIDATE,SLICE,wartość moda lub dopasowanie do postaci uzasadnia kolejny roll,0.0,,,,,,,,,,,,,,,,,,,,,,,
X6QBjmp5TxGWZSGkW9BU8g,453,Speed,5,Diamond,1,15,False,0,True,POSTAĆ: IG12,Ef5TBIi_RqG_1av0iPBqpA,Defense %,11.75%,1175,0,,Speed,5,50000,1,533010,Defense,6,60000,1,675661,Protection %,1.86%,186,1,1868,Potency %,2.15%,215,1,2159,E,4,4,0,100.0,59.5,83.3,59.5,0,0.0,slice,0,0,0,0,42.1,0.0,41.6,100.0,JARJARBINKS,CANDIDATE,SLICE,wartość moda lub dopasowanie do postaci uzasadnia kolejny roll,0.0,,,,,,,,,,,,,,,,,,,,,,,
_BZke8O0ToCkyUQOQkQRkQ,453,Speed,5,Diamond,2,15,False,0,True,POSTAĆ: 50RT,513pynD8T6a2FqFSDdtzAA,Defense %,11.75%,1175,0,,Critical Chance %,1.49%,149,1,1492,Potency %,2.11%,211,1,2117,Offense,70,700000,2,3403812|3556116,Speed,5,50000,1,599700,D,5,5,0,100.0,64.6,83.3,64.6,0,0.0,slice,0,0,0,0,37.0,0.0,33.9,100.0,JARJARBINKS,CANDIDATE,SLICE,wartość moda lub dopasowanie do postaci uzasadnia kolejny roll,0.0,,,,,,,,,,,,,,,,,,,,,,,
__oVLFc-TdWuDkWbiEZGVQ,453,Speed,5,Diamond,1,15,False,0,True,POSTAĆ: MONMOTHMA,NZxmA6jjT9mgRzvaiQYUbw,Defense %,11.75%,1175,0,,Health %,0.71%,71,1,715,Speed,4,40000,1,423600,Offense,32,320000,1,3123372,Protection %,1.72%,172,1,1721,E,4,4,0,100.0,81.0,66.7,81.0,0,0.0,slice,0,0,0,0,42.6,0.0,42.5,100.0,JARJARBINKS,CANDIDATE,SLICE,wartość moda lub dopasowanie do postaci uzasadnia kolejny roll,0.0,,,,,,,,,,,,,,,,,,,,,,,
asXgShM2QYuYubPs7_e9nw,453,Speed,5,Diamond,3,15,False,0,True,POSTAĆ: QUIGONJINN,4GDXlgfpST-ncBlJC4MD5Q,Defense %,11.75%,1175,0,,Critical Chance %,1.42%,142,1,1424,Health %,1.11%,111,1,1118,Defense,17,170000,2,845985|942858,Speed,8,80000,2,521490|306360,C,6,6,0,100.0,60.8,66.7,60.8,0.0,0.0,slice,0,0,0,0,43.5,0.0,43.8,100.0,JARJARBINKS,CANDIDATE,SLICE,wartość moda lub dopasowanie do postaci uzasadnia kolejny roll,0.0,,,,,,,,,,,,,,,,,,,,,,,
c_bR_GxwRsy3KlLe1OxHJQ,453,Speed,5,Diamond,1,15,False,0,True,POSTAĆ: CHIEFCHIRPA,Dn4ab3A5QZWWDCv8qxRDfw,Defense %,11.75%,1175,0,,Critical Chance %,2.09%,209,1,2095,Offense %,0.42%,42,1,425,Speed,5,50000,1,549240,Protection %,2.14%,214,1,2147,E,4,4,0,100.0,71.8,83.3,71.8,0,0.0,slice,0,0,0,0,37.0,0.0,33.8,100.0,JARJARBINKS,CANDIDATE,SLICE,wartość moda lub dopasowanie do postaci uzasadnia kolejny roll,0.0,,,,,,,,,,,,,,,,,,,,,,,
dDcKuQnPTR2hRutnr02wuA,453,Speed,5,Diamond,1,15,False,0,True,POSTAĆ: JAWAENGINEER,BY7zFKqQTSmh8ADdAer1Lw,Defense %,11.75%,1175,0,,Offense,26,260000,1,2565228,Health %,0.82%,82,1,822,Speed,5,50000,1,503370,Protection,564,5640000,1,56455882,E,4,4,0,100.0,75.5,83.3,75.5,0,0.0,slice,0,0,0,0,43.0,0.0,43.0,100.0,JARJARBINKS,CANDIDATE,SLICE,wartość moda lub dopasowanie do postaci uzasadnia kolejny roll,0.0,,,,,,,,,,,,,,,,,,,,,,,
dnXFo2dLTAqLHn6RMHM60w,453,Speed,5,Diamond,1,15,False,0,True,POSTAĆ: POE,UUEWhpzxRHSHN7A30aRySg,Defense %,11.75%,1175,0,,Health %,0.59%,59,1,596,Protection,716,7160000,1,71635097,Health,254,2540000,1,25456697,Speed,5,50000,1,592140,E,4,4,0,100.0,67.0,83.3,67.0,0,0.0,slice,0,0,0,0,42.5,0.0,42.4,100.0,JARJARBINKS,CANDIDATE,SLICE,wartość moda lub dopasowanie do postaci uzasadnia kolejny roll,0.0,,,,,,,,,,,,,,,,,,,,,,,
gCVJoLbQQRihxi9hleDeZw,453,Speed,5,Diamond,5,15,False,0,True,POSTAĆ: BOOMADIER,I-M6qZctR4y_eyiDi7CTRA,Defense %,11.75%,1175,0,,Tenacity %,4.87%,487,3,1403|2090|1378,Potency %,1.9%,190,1,1903,Offense,76,760000,2,4292556|3289128,Speed,10,100000,2,509760|518910,A,8,8,0,100.0,61.0,83.3,61.0,0,58.6,6-dot,0,0,0,0,36.9,0.0,33.7,100.0,JARJARBINKS,CANDIDATE,SLICE_6E,5A ma wystarczającą wartość lub dopasowanie do postaci,0.0,,,,,,,,,,,,,,,,,,,,,,,
hdUVJCd1QmOXklh2-kzyjg,453,Speed,5,Diamond,2,15,False,0,True,POSTAĆ: SHAAKTI,503OVxX6T8KodfMAlrKGlw,Defense %,11.75%,1175,0,,Potency %,2.94%,294,2,1396|1550,Critical Chance %,1.19%,119,1,1198,Tenacity %,1.43%,143,1,1437,Speed,5,50000,1,554580,D,5,5,0,100.0,44.6,83.3,44.6,0,0.0,slice,0,0,0,0,28.0,0.0,20.0,100.0,JARJARBINKS,CANDIDATE,KEEP,wartość secondary zbyt niska,0.0,,,,,,,,,,,,,,,,,,,,,,,
iIaTDvUJQHilh45Cq9UUsA,453,Speed,5,Diamond,1,15,False,0,True,POSTAĆ: ZAMWESELL,Nbq45D5tRcWX3Sq3C2ALRQ,Defense %,11.75%,1175,0,,Protection %,1.75%,175,1,1750,Health,276,2760000,1,27616841,Speed,5,50000,1,539460,Defense,7,70000,1,744261,E,4,4,0,100.0,63.0,83.3,63.0,0,0.0,slice,0,0,0,0,47.3,0.0,49.7,100.0,JARJARBINKS,CANDIDATE,SLICE,wartość moda lub dopasowanie do postaci uzasadnia kolejny roll,0.0,,,,,,,,,,,,,,,,,,,,,,,
mLYVl-g6T1mS-Ixrlr2Now,453,Speed,5,Diamond,1,15,False,0,True,POSTAĆ: ARMORER,NSinPVNVS-uTPzn_RdGjdQ,Defense %,11.75%,1175,0,,Offense %,0.37%,37,1,374,Critical Chance %,1.33%,133,1,1334,Health,419,4190000,1,41992085,Speed,5,50000,1,567750,E,4,4,0,100.0,66.2,83.3,66.2,0,0.0,slice,0,0,0,0,36.5,0.0,33.0,100.0,JARJARBINKS,CANDIDATE,SLICE,wartość moda lub dopasowanie do postaci uzasadnia kolejny roll,0.0,,,,,,,,,,,,,,,,,,,,,,,
mlW8nqDhSXCRaCqv2EWacw,453,Speed,5,Diamond,2,15,False,0,True,POSTAĆ: GRANDMASTERYODA,_504VNHbT56dseACw4X_hQ,Defense %,11.75%,1175,0,,Defense,8,80000,1,818006,Protection %,4.04%,404,2,1928|2111,Speed,5,50000,1,529950,Health,404,4040000,1,40440553,D,5,5,0,100.0,64.4,83.3,64.4,0,0.0,slice,0,0,0,0,45.4,0.0,46.8,100.0,JARJARBINKS,CANDIDATE,SLICE,wartość moda lub dopasowanie do postaci uzasadnia kolejny roll,0.0,,,,,,,,,,,,,,,,,,,,,,,
n7ZmC_bHRXSUmQJIZxj-7Q,453,Speed,5,Diamond,1,15,False,0,True,POSTAĆ: WATTAMBOR,IQh24H7aRX2calIUiNm7Qg,Defense %,11.75%,1175,0,,Tenacity %,1.23%,123,1,1230,Speed,4,40000,1,488850,Protection,795,7950000,1,79542409,Offense %,0.41%,41,1,410,E,4,4,0,100.0,67.5,66.7,67.5,0,0.0,slice,0,0,0,0,37.3,0.0,34.3,100.0,JARJARBINKS,CANDIDATE,SLICE,wartość moda lub dopasowanie do postaci uzasadnia kolejny roll,0.0,,,,,,,,,,,,,,,,,,,,,,,
pgAW6Z1iQjeyAN6FLakYkA,453,Speed,5,Diamond,1,15,False,0,True,POSTAĆ: VEERS,psU_fbWrRvmPvrnEGCuShA,Defense %,11.75%,1175,0,,Offense,34,340000,1,3331080,Tenacity %,1.56%,156,1,1563,Potency %,1.28%,128,1,1289,Health %,0.86%,86,1,861,E,4,4,0,100.0,54.5,0.0,54.5,0,0.0,slice,0,0,0,0,20.6,0.0,8.7,100.0,JARJARBINKS,CANDIDATE,KEEP,obserwuj przed wydaniem materiałów,0.0,,,,,,,,,,,,,,,,,,,,,,,
qA94VuCBT1iblkAaAvu-lA,453,Speed,5,Diamond,1,15,False,0,True,POSTAĆ: GREEDO,EEBBIPwYRfGGcNIsO_1wwQ,Defense %,11.75%,1175,0,,Protection %,1.72%,172,1,1729,Speed,5,50000,1,591810,Health %,0.69%,69,1,698,Offense %,0.36%,36,1,363,E,4,4,0,100.0,83.5,83.3,83.5,0,0.0,slice,0,0,0,0,37.0,0.0,33.8,100.0,JARJARBINKS,CANDIDATE,SLICE,wartość moda lub dopasowanie do postaci uzasadnia kolejny roll,0.0,,,,,,,,,,,,,,,,,,,,,,,
qCIpADZFRXmw6fU1v1mOcw,453,Speed,5,Diamond,1,15,False,0,True,POSTAĆ: BOUSHH,BjneizhDSs6Mt1ltvIoDiw,Defense %,11.75%,1175,0,,Health,345,3450000,1,34577305,Health %,0.67%,67,1,678,Speed,5,50000,1,565890,Offense %,0.55%,55,1,556,E,4,4,0,100.0,78.0,83.3,78.0,0,0.0,slice,0,0,0,0,36.5,0.0,33.0,100.0,JARJARBINKS,CANDIDATE,SLICE,wartość moda lub dopasowanie do postaci uzasadnia kolejny roll,0.0,,,,,,,,,,,,,,,,,,,,,,,
qgXV9DeWTfSa0uY6XWK6Xw,453,Speed,5,Diamond,4,15,False,0,True,POSTAĆ: CAPTAINTARPALS,ID6hA34wT-ehem_mRgkBFw,Defense %,11.75%,1175,0,,Potency %,2.96%,296,2,1489|1472,Offense,40,400000,1,3907236,Speed,5,50000,1,508890,Critical Chance %,5.05%,505,3,1790|1903|1358,B,7,7,0,100.0,46.4,83.3,46.4,0,0.0,slice,0,0,0,0,27.5,0.0,19.2,100.0,JARJARBINKS,CANDIDATE,KEEP,wartość secondary zbyt niska,0.0,,,,,,,,,,,,,,,,,,,,,,,
sPx3zjUbRsmvICHZIMif9Q,453,Speed,5,Diamond,1,15,False,0,True,POSTAĆ: BODHIROOK,quKF5BsKRcyAFpp2bC6f0A,Defense %,11.75%,1175,0,,Tenacity %,2.21%,221,1,2210,Speed,5,50000,1,509910,Critical Chance %,1.78%,178,1,1782,Health %,0.86%,86,1,868,E,4,4,0,100.0,56.8,83.3,56.8,0,0.0,slice,0,0,0,0,31.2,0.0,25.0,100.0,JARJARBINKS,CANDIDATE,KEEP,obserwuj przed wydaniem materiałów,0.0,,,,,,,,,,,,,,,,,,,,,,,
t5HBg5BNTzSaPQtz2C7-Eg,453,Speed,5,Diamond,1,15,False,0,True,POSTAĆ: IMPERIALPROBEDROID,UYmgTdouSrS8VboRIomrtw,Defense %,11.75%,1175,0,,Defense,9,90000,1,923307,Speed,5,50000,1,534900,Potency %,1.25%,125,1,1253,Critical Chance %,2.05%,205,1,2058,E,4,4,0,100.0,48.3,83.3,48.3,0,0.0,slice,0,0,0,0,36.3,0.0,32.8,100.0,JARJARBINKS,CANDIDATE,KEEP,wartość secondary zbyt niska,0.0,,,,,,,,,,,,,,,,,,,,,,,
vwXxpy1vSI66u7RvqdqSeg,453,Speed,5,Diamond,1,15,False,0,True,POSTAĆ: BATCHERS3,FoT8Jax1QlSDkoKEQLaNhA,Defense %,11.75%,1175,0,,Potency %,1.57%,157,1,1579,Tenacity %,1.95%,195,1,1951,Speed,4,40000,1,470730,Protection %,1.46%,146,1,1461,E,4,4,0,100.0,58.5,66.7,58.5,0,0.0,slice,0,0,0,0,37.0,0.0,33.8,100.0,JARJARBINKS,CANDIDATE,SLICE,wartość moda lub dopasowanie do postaci uzasadnia kolejny roll,0.0,,,,,,,,,,,,,,,,,,,,,,,
w8WEp_MeQP2g0BRdyHsnUA,453,Speed,5,Diamond,5,15,False,0,True,POSTAĆ: MASTERQUIGON,Zgk9W5B9S9if-enO2nf3ow,Defense %,11.75%,1175,0,,Tenacity %,3.89%,389,2,2104|1787,Speed,11,110000,2,597900|579150,Defense,19,190000,2,950110|973483,Health %,1.5%,150,2,612|889,A,8,8,0,100.0,59.0,91.7,59.0,0,70.9,6-dot,0,0,0,0,36.3,0.0,32.8,100.0,JARJARBINKS,CANDIDATE,SLICE_6E,5A ma wystarczającą wartość lub dopasowanie do postaci,0.0,,,,,,,,,,,,,,,,,,,,,,,
wsBKAoqDSK6FOoWBBcfX-w,453,Speed,5,Diamond,2,15,False,0,True,POSTAĆ: BASTILASHANDARK,PW1L-e75QHah_i5rLIk8KA,Defense %,11.75%,1175,0,,Speed,5,50000,1,503730,Defense,11,110000,2,578151|529053,Protection %,1.38%,138,1,1387,Offense,37,370000,1,3698844,D,5,5,0,100.0,64.0,83.3,64.0,0,0.0,slice,0,0,0,0,45.2,0.0,46.5,100.0,JARJARBINKS,CANDIDATE,SLICE,wartość moda lub dopasowanie do postaci uzasadnia kolejny roll,0.0,,,,,,,,,,,,,,,,,,,,,,,
yQ3saPd6TlmX2WDkxUdXag,453,Speed,5,Diamond,1,15,False,0,True,POSTAĆ: YODACHEWBACCA,aocllDwYT-a94UxrTjxOdQ,Defense %,11.75%,1175,0,,Speed,5,50000,1,516150,Health,361,3610000,1,36143838,Offense,28,280000,1,2707500,Protection,821,8210000,1,82158799,E,4,4,0,100.0,69.5,83.3,69.5,0,0.0,slice,0,0,0,0,48.2,0.0,51.0,100.0,JARJARBINKS,CANDIDATE,SLICE,wartość moda lub dopasowanie do postaci uzasadnia kolejny roll,0.0,,,,,,,,,,,,,,,,,,,,,,,
zLUEOtxpQtCvu9bBeCcmXQ,453,Speed,5,Diamond,3,15,False,0,False,MAGAZYN,,Defense %,11.75%,1175,0,,Speed,5,50000,1,558090,Health %,1.53%,153,2,687|847,Potency %,4.01%,401,2,2154|1858,Protection,757,7570000,1,75788097,C,6,6,0,100.0,60.0,83.3,60.0,0,0.0,slice,0,0,0,0,29.9,0.0,22.9,100.0,JARJARBINKS,CANDIDATE,SLICE,wartość moda lub dopasowanie do postaci uzasadnia kolejny roll,0.0,,,,,,,,,,,,,,,,,,,,,,,
9CF-FEhPQSmwm0KhY2RR4g,453,Speed,5,Diamond,2,9,False,0,True,POSTAĆ: INQUISITORBARRISS,52-GUkO5T1aatTDKmGdtNQ,Defense %,7.25%,725,0,,Health %,0.98%,98,1,989,Critical Chance %,1.84%,184,1,1841,Speed,5,50000,1,545100,Health,242,2420000,1,24218043,D,4,5,1,100.0,61.3,83.3,69.0,7.7,0.0,upgrade,0,0,0,0,36.5,0.0,33.0,100.0,JARJARBINKS,CANDIDATE,UPGRADE,nieujawnione wszystkie secondary,0.0,,,,,,,,,,,,,,,,,,,,,,,
B0Uzl1LXQUy04d5AcI03Rw,453,Speed,5,Diamond,2,9,False,0,True,POSTAĆ: ADMIRALRADDUS,oPSOEm-jRP-cgGXfIXf7eg,Defense %,7.25%,725,0,,Potency %,1.15%,115,1,1158,Health,424,4240000,1,42474260,Speed,5,50000,1,564450,Offense,26,260000,1,2569104,D,4,5,1,100.0,66.0,83.3,72.8,6.8,0.0,upgrade,0,0,0,0,42.1,0.0,41.7,100.0,JARJARBINKS,CANDIDATE,UPGRADE,nieujawnione wszystkie secondary,0.0,,,,,,,,,,,,,,,,,,,,,,,
GSj3UG0xS_KCi6Q-ME0Vpg,453,Speed,5,Diamond,2,9,False,0,True,POSTAĆ: GREEFKARGA,glB8R2fVS3qp3gZo3f4x4Q,Defense %,7.25%,725,0,,Potency %,2.07%,207,1,2078,Speed,5,50000,1,531150,Defense,6,60000,1,686441,Offense %,0.55%,55,1,555,D,4,5,1,100.0,65.0,83.3,72.0,7.0,0.0,upgrade,0,0,0,0,36.3,0.0,32.8,100.0,JARJARBINKS,CANDIDATE,UPGRADE,nieujawnione wszystkie secondary,0.0,,,,,,,,,,,,,,,,,,,,,,,
MHaBVvhAScWNAC7DiX2tQg,453,Speed,5,Diamond,2,9,False,0,True,POSTAĆ: CHOPPERS3,Bru_NLjRRlitn1bvKpD5zA,Defense %,7.25%,725,0,,Tenacity %,1.24%,124,1,1249,Critical Chance %,1.83%,183,1,1830,Offense %,0.43%,43,1,430,Speed,5,50000,1,520170,D,4,5,1,100.0,61.8,83.3,69.4,7.6,0.0,upgrade,0,0,0,0,31.2,0.0,25.0,100.0,JARJARBINKS,CANDIDATE,UPGRADE,nieujawnione wszystkie secondary,0.0,,,,,,,,,,,,,,,,,,,,,,,
Mtrow4i5S26CT-5BoqOdVQ,453,Speed,5,Diamond,2,9,False,0,True,POSTAĆ: NUTEGUNRAY,PFR4VQ6bQe2yWvcte7x62w,Defense %,7.25%,725,0,,Tenacity %,1.41%,141,1,1416,Health,412,4120000,1,41231320,Protection %,1.75%,175,1,1757,Critical Chance %,1.79%,179,1,1796,D,4,5,1,100.0,43.2,0.0,48.6,5.3,0.0,upgrade,0,0,0,0,25.9,0.0,16.8,100.0,JARJARBINKS,CANDIDATE,UPGRADE,nieujawnione wszystkie secondary,0.0,,,,,,,,,,,,,,,,,,,,,,,
NVSAOKzpQIGGtIkOzPwNlg,453,Speed,5,Diamond,2,9,False,0,True,POSTAĆ: JYNERSO,J5J6kyqwQjuErnn0IY4xFw,Defense %,7.25%,725,0,,Health,419,4190000,1,41902079,Tenacity %,1.46%,146,1,1467,Speed,5,50000,1,566760,Protection %,1.98%,198,1,1987,D,4,5,1,100.0,62.0,83.3,69.6,7.6,0.0,upgrade,0,0,0,0,42.2,0.0,41.8,100.0,JARJARBINKS,CANDIDATE,UPGRADE,nieujawnione wszystkie secondary,0.0,,,,,,,,,,,,,,,,,,,,,,,
SvbBg5ACSoyP8qZXbXbfpg,453,Speed,5,Diamond,2,9,False,0,True,POSTAĆ: DARTHNIHILUS,zx4YAvQCQgW8iNmg1fKnLw,Defense %,7.25%,725,0,,Defense,7,70000,1,702464,Offense,25,250000,1,2486568,Speed,5,50000,1,551730,Tenacity %,1.28%,128,1,1288,D,4,5,1,100.0,61.5,83.3,69.2,7.7,0.0,upgrade,0,0,0,0,42.0,0.0,41.5,100.0,JARJARBINKS,CANDIDATE,UPGRADE,nieujawnione wszystkie secondary,0.0,,,,,,,,,,,,,,,,,,,,,,,
9veLDopySued0y4fbsT8CA,453,Speed,5,Diamond,3,6,False,0,True,POSTAĆ: DASHRENDAR,UvX9PUsvQNWgySnOmxD5Lw,Defense %,5%,500,0,,Offense,34,340000,1,3316260,Protection,483,4830000,1,48340920,Critical Chance %,1.27%,127,1,1274,Health %,0.99%,99,1,994,C,4,6,2,100.0,56.8,0.0,65.2,8.4,0.0,upgrade,0,0,0,0,26.7,0.0,18.0,100.0,JARJARBINKS,CANDIDATE,UPGRADE,nieujawnione wszystkie secondary,0.0,,,,,,,,,,,,,,,,,,,,,,,
FoHdhKHrSvWFurxHQ5bf3w,453,Speed,5,Diamond,3,6,False,0,True,POSTAĆ: COLONELSTARCK,8ckDli7mTvaKsfLl2IuUSQ,Defense %,5%,500,0,,Potency %,1.48%,148,1,1488,Offense,46,460000,1,4506420,Tenacity %,1.87%,187,1,1878,Offense %,0.54%,54,1,540,C,4,6,2,100.0,59.5,0.0,70.3,10.8,0.0,upgrade,0,0,0,0,20.6,0.0,8.7,100.0,JARJARBINKS,CANDIDATE,UPGRADE,nieujawnione wszystkie secondary,0.0,,,,,,,,,,,,,,,,,,,,,,,
fUJq4hLiSaCkLPw7dqNYtg,453,Speed,5,Diamond,3,6,False,0,True,POSTAĆ: TALIA,MGHSHYnwSkWTFZjOGEUreg,Defense %,5%,500,0,,Tenacity %,1.47%,147,1,1474,Health %,0.67%,67,1,671,Offense %,0.5%,50,1,506,Speed,5,50000,1,506610,C,4,6,2,100.0,73.5,83.3,82.3,8.8,0.0,upgrade,0,0,0,0,31.2,0.0,25.0,100.0,JARJARBINKS,CANDIDATE,UPGRADE,nieujawnione wszystkie secondary,0.0,,,,,,,,,,,,,,,,,,,,,,,
nrOkOmSHQGKTXqenPRbRJg,453,Speed,5,Diamond,3,6,False,0,True,POSTAĆ: OLDBENKENOBI,MoOuSI5CQjSQr9fw_QqA2A,Defense %,5%,500,0,,Defense,9,90000,1,955990,Potency %,1.88%,188,1,1888,Speed,5,50000,1,548790,Offense %,0.5%,50,1,503,C,4,6,2,100.0,65.0,83.3,76.7,11.7,0.0,upgrade,0,0,0,0,36.3,0.0,32.8,100.0,JARJARBINKS,CANDIDATE,UPGRADE,nieujawnione wszystkie secondary,0.0,,,,,,,,,,,,,,,,,,,,,,,
pzw5kI4KTAW-r55eIyMPlg,453,Speed,5,Diamond,3,6,False,0,True,POSTAĆ: DARTHTRAYA,T752Q156S962IXPWTPb_pQ,Defense %,5%,500,0,,Defense,8,80000,1,824425,Tenacity %,2%,200,1,2001,Health %,1.03%,103,1,1031,Offense,26,260000,1,2508912,C,4,6,2,100.0,54.5,0.0,63.7,9.2,0.0,upgrade,0,0,0,0,25.7,0.0,16.5,100.0,JARJARBINKS,CANDIDATE,UPGRADE,nieujawnione wszystkie secondary,0.0,,,,,,,,,,,,,,,,,,,,,,,
zOXESUw0Q8eABtjW7dQf_g,453,Speed,5,Diamond,3,6,False,0,True,POSTAĆ: DIRECTORKRENNIC,ZFn8QPPBSn6_na9yfjMQ2Q,Defense %,5%,500,0,,Critical Chance %,1.26%,126,1,1260,Health %,1.04%,104,1,1047,Protection %,1.76%,176,1,1762,Tenacity %,1.71%,171,1,1718,C,4,6,2,100.0,49.2,0.0,56.8,7.6,0.0,upgrade,0,0,0,0,20.7,0.0,8.8,100.0,JARJARBINKS,CANDIDATE,UPGRADE,nieujawnione wszystkie secondary,0.0,,,,,,,,,,,,,,,,,,,,,,,
J6YP_i5OTBGVikCFe9sbLQ,453,Speed,5,Diamond,4,3,False,0,True,POSTAĆ: OMEGAS3,gPUgOExdRM-SnfTDvmJyJA,Defense %,2.75%,275,0,,Offense,33,330000,1,3222096,Protection,492,4920000,1,49254580,Potency %,2.24%,224,1,2243,Speed,4,40000,1,449550,B,4,7,3,100.0,66.0,66.7,80.6,14.6,0.0,upgrade,0,0,0,0,43.0,0.0,43.0,100.0,JARJARBINKS,CANDIDATE,UPGRADE,nieujawnione wszystkie secondary,0.0,,,,,,,,,,,,,,,,,,,,,,,
-BpZpFOAQG6AXN-2Kvh_5Q,453,Speed,5,Diamond,2,1,False,0,True,POSTAĆ: LOBOT,QDPo8AzSQ6iPC9yIs76NMw,Defense %,1.25%,125,0,,Speed,5,50000,1,508740,,,,0,,,,,0,,,,,0,,D,1,5,4,100.0,100.0,83.3,100.0,0,0.0,upgrade,0,0,0,0,80.0,0.0,100.0,100.0,JARJARBINKS,CANDIDATE,UPGRADE,nieujawnione wszystkie secondary,0.0,,,,,,,,,,,,,,,,,,,,,,,
0r0ZBWuFQpiwVXUaoYkl4Q,453,Speed,5,Diamond,5,1,False,0,True,POSTAĆ: SITHASSASSIN,aexHsZUqQDGsVA2Qiivx6g,Defense %,1.25%,125,0,,Potency %,2.22%,222,1,2220,Critical Chance %,1.89%,189,1,1898,Protection %,1.97%,197,1,1975,Speed,5,50000,1,518400,A,4,8,4,100.0,57.2,83.3,78.6,21.4,76.8,upgrade,0,0,0,0,37.0,0.0,33.8,100.0,JARJARBINKS,CANDIDATE,UPGRADE,nieujawnione wszystkie secondary,0.0,,,,,,,,,,,,,,,,,,,,,,,
4BkCqKViSW64Wk3vIzrcmg,453,Speed,5,Diamond,4,1,False,0,True,POSTAĆ: ZORIIBLISS_V2,OsO2zGm1RNijVuR2GT96iQ,Defense %,1.25%,125,0,,Health %,1.02%,102,1,1026,Protection %,2.09%,209,1,2098,Speed,5,50000,1,530430,,,,0,,B,3,7,4,100.0,80.7,83.3,91.7,11.0,0.0,upgrade,0,0,0,0,44.3,0.0,45.1,100.0,JARJARBINKS,CANDIDATE,UPGRADE,nieujawnione wszystkie secondary,0.0,,,,,,,,,,,,,,,,,,,,,,,
8el83rMtRp2wxJmJiPQKMw,453,Speed,5,Diamond,4,1,False,0,True,POSTAĆ: DISGUISEDCLONETROOPER,a0jCiVupS9u2cch-0qWa1w,Defense %,1.25%,125,0,,Potency %,1.35%,135,1,1353,Speed,5,50000,1,562980,Offense %,0.38%,38,1,384,,,,0,,B,3,7,4,100.0,75.3,83.3,89.4,14.1,0.0,upgrade,0,0,0,0,36.7,0.0,33.3,100.0,JARJARBINKS,CANDIDATE,UPGRADE,nieujawnione wszystkie secondary,0.0,,,,,,,,,,,,,,,,,,,,,,,
Qiyxb5sOSp-MsH1BChjaSQ,453,Speed,5,Diamond,3,1,False,0,True,POSTAĆ: SANASTARROS,EdpU_ZugR4Ga4PFhc0l-HA,Defense %,1.25%,125,0,,Potency %,1.54%,154,1,1546,Speed,5,50000,1,519870,,,,0,,,,,0,,C,2,6,4,100.0,67.0,83.3,89.0,22.0,0.0,upgrade,0,0,0,0,47.5,0.0,50.0,100.0,JARJARBINKS,CANDIDATE,UPGRADE,nieujawnione wszystkie secondary,0.0,,,,,,,,,,,,,,,,,,,,,,,
VAHJG81NTKiZN1gQ_ooG7Q,453,Speed,5,Diamond,5,1,False,0,True,POSTAĆ: COMMANDERAHSOKA,CTmaWdlpSUOGpCcKqGJM4Q,Defense %,1.25%,125,0,,Speed,5,50000,1,530340,Protection %,1.27%,127,1,1278,Potency %,1.42%,142,1,1421,Offense,37,370000,1,3653928,A,4,8,4,100.0,71.5,83.3,85.8,14.2,42.0,upgrade,0,0,0,0,42.6,0.0,42.5,100.0,JARJARBINKS,CANDIDATE,UPGRADE,nieujawnione wszystkie secondary,0.0,,,,,,,,,,,,,,,,,,,,,,,
cTIWf9fxQKif6xVIu3Ph4A,453,Speed,5,Diamond,3,1,False,0,True,POSTAĆ: GENERALHUX,4xJRxbo2QFa9YMtrQdsX6Q,Defense %,1.25%,125,0,,Speed,5,50000,1,588090,Health,397,3970000,1,39726934,,,,0,,,,,0,,C,2,6,4,100.0,74.0,83.3,91.3,17.3,0.0,upgrade,0,0,0,0,57.9,0.0,66.0,100.0,JARJARBINKS,CANDIDATE,UPGRADE,nieujawnione wszystkie secondary,0.0,,,,,,,,,,,,,,,,,,,,,,,
uKkeMNd-Rr-_w6Vb4iVjnQ,453,Speed,5,Diamond,4,1,False,0,True,POSTAĆ: BADBATCHECHO,FwIhKIbkQpmDehO-x4X4Bw,Defense %,1.25%,125,0,,Health,290,2900000,1,29059080,Health %,0.65%,65,1,658,Speed,5,50000,1,535650,,,,0,,B,3,7,4,100.0,73.3,83.3,88.6,15.2,0.0,upgrade,0,0,0,0,43.6,0.0,44.0,100.0,JARJARBINKS,CANDIDATE,UPGRADE,nieujawnione wszystkie secondary,0.0,,,,,,,,,,,,,,,,,,,,,,,
-3USVK8GTDGnHKHD4kpmNg,451,Speed,5,Square,1,15,False,0,True,POSTAĆ: CHOPPERS3,Bru_NLjRRlitn1bvKpD5zA,Offense %,5.88%,588,0,,Speed,5,50000,1,500310,Health,233,2330000,1,23350128,Health %,0.83%,83,1,830,Critical Chance %,1.36%,136,1,1364,E,4,4,0,100.0,61.3,83.3,61.3,0,0.0,slice,0,0,0,0,36.5,0.0,33.0,100.0,JARJARBINKS,CANDIDATE,SLICE,wartość moda lub dopasowanie do postaci uzasadnia kolejny roll,0.0,,,,,,,,,,,,,,,,,,,,,,,
1aw4wTHuSbi7e2XNpVWsIA,451,Speed,5,Square,1,15,False,0,True,POSTAĆ: HERASYNDULLAS3,WwA_vE8UQ9SCiyY3ETfxew,Offense %,5.88%,588,0,,Health,283,2830000,1,28336889,Speed,5,50000,1,512190,Critical Chance %,2.05%,205,1,2053,Protection,514,5140000,1,51493047,E,4,4,0,100.0,55.2,83.3,55.2,0,0.0,slice,0,0,0,0,42.5,0.0,42.4,100.0,JARJARBINKS,CANDIDATE,KEEP,obserwuj przed wydaniem materiałów,0.0,,,,,,,,,,,,,,,,,,,,,,,
1d941hgOQs-pWcc-O19A6Q,451,Speed,5,Square,3,15,False,0,True,POSTAĆ: DARTHREVAN,fLqeKdDzSRW4dMgHZirtpQ,Offense %,5.88%,588,0,,Critical Chance %,5.29%,529,3,1975|2114|1208,Speed,5,50000,1,537570,Health %,0.99%,99,1,995,Health,389,3890000,1,38927595,C,6,6,0,100.0,49.2,83.3,49.2,0,0.0,slice,0,0,0,0,29.3,0.0,22.0,100.0,JARJARBINKS,CANDIDATE,KEEP,wartość secondary zbyt niska,0.0,,,,,,,,,,,,,,,,,,,,,,,
38TiBWzaTtKHjuNJmD1QGQ,451,Speed,5,Square,5,15,False,0,True,POSTAĆ: STAP,gdcV7h1eR-O4BYyNd_yAkA,Offense %,5.88%,588,0,,Speed,8,80000,2,521010|339720,Critical Chance %,3.31%,331,2,1801|1510,Health,852,8520000,3,28420466|35359500|21442858,Defense %,0.86%,86,1,863,A,8,8,0,100.0,54.5,66.7,54.5,0,32.5,6-dot,0,0,0,0,39.1,0.0,37.0,100.0,JARJARBINKS,CANDIDATE,SLICE_6E,5A ma wystarczającą wartość lub dopasowanie do postaci,0.0,,,,,,,,,,,,,,,,,,,,,,,
3TMSZ2raQzCDwOwU8VKd3w,451,Speed,5,Square,5,15,False,0,True,POSTAĆ: HERMITYODA,35DQc3uwTDaDVs0AyRnA5Q,Offense %,5.88%,588,0,,Health,670,6700000,2,34133704|32871477,Speed,12,120000,3,565230|335670|357900,Health %,0.84%,84,1,849,Potency %,3.73%,373,2,1806|1928,A,8,8,0,100.0,67.0,66.7,67.0,0,49.2,6-dot,0,0,0,0,44.6,0.0,45.5,100.0,JARJARBINKS,CANDIDATE,SLICE_6E,5A ma wystarczającą wartość lub dopasowanie do postaci,0.0,,,,,,,,,,,,,,,,,,,,,,,
7qputqZzSq6OufKtkQr9pQ,451,Speed,5,Square,1,15,False,0,True,POSTAĆ: ADMIRALACKBAR,jJIXKTM-Rr2zx9rbTm1RHg,Offense %,5.88%,588,0,,Speed,5,50000,1,589560,Health,249,2490000,1,24901660,Tenacity %,1.5%,150,1,1505,Defense,9,90000,1,952168,E,4,4,0,100.0,53.0,83.3,53.0,0,0.0,slice,0,0,0,0,41.6,0.0,40.9,100.0,JARJARBINKS,CANDIDATE,KEEP,obserwuj przed wydaniem materiałów,0.0,,,,,,,,,,,,,,,,,,,,,,,
8GBv9IWST-az7tJPClGcFQ,451,Speed,5,Square,2,15,False,0,True,POSTAĆ: 50RT,513pynD8T6a2FqFSDdtzAA,Offense %,5.88%,588,0,,Critical Chance %,3.21%,321,2,1970|1245,Health,364,3640000,1,36471717,Potency %,1.55%,155,1,1553,Speed,5,50000,1,553860,D,5,5,0,100.0,46.4,83.3,46.4,0,0.0,slice,0,0,0,0,32.2,0.0,26.4,100.0,JARJARBINKS,CANDIDATE,KEEP,wartość secondary zbyt niska,0.0,,,,,,,,,,,,,,,,,,,,,,,
9kEPghhTSV-NhjdgmQtJ9A,451,Speed,5,Square,4,15,False,0,True,POSTAĆ: 4LOM,umm1Guh0QlC-Mx4RUkOImg,Offense %,5.88%,588,0,,Health,613,6130000,2,23103683|38276123,Speed,8,80000,2,509700|324510,Potency %,1.73%,173,1,1734,Defense,12,120000,2,679777|549829,B,7,7,0,100.0,56.9,66.7,56.9,0,0.0,slice,0,0,0,0,45.3,0.0,46.7,100.0,JARJARBINKS,CANDIDATE,SLICE,wartość moda lub dopasowanie do postaci uzasadnia kolejny roll,0.0,,,,,,,,,,,,,,,,,,,,,,,
Adv4_yxITfiVh6XJnKEf0w,451,Speed,5,Square,1,15,False,0,True,POSTAĆ: NIGHTSISTERZOMBIE,COvJQSPFT4Gfo8VngKHKTg,Offense %,5.88%,588,0,,Health,386,3860000,1,38659720,Tenacity %,1.53%,153,1,1531,Potency %,1.46%,146,1,1469,Speed,5,50000,1,597030,E,4,4,0,100.0,53.0,83.3,53.0,0,0.0,slice,0,0,0,0,36.5,0.0,33.0,100.0,JARJARBINKS,CANDIDATE,KEEP,obserwuj przed wydaniem materiałów,0.0,,,,,,,,,,,,,,,,,,,,,,,
D-h7kxYXTlubEICrP_K4_w,451,Speed,5,Square,5,15,False,0,True,POSTAĆ: EPIXFINN,iEQuUOZJRwqSD8W1U0MFuw,Offense %,5.88%,588,0,,Offense,94,940000,3,3259944|2767464|3273168,Speed,5,50000,1,506460,Tenacity %,3.32%,332,2,1861|1459,Protection %,2.99%,299,2,1187|1806,A,8,8,0,100.0,68.2,83.3,68.2,0,42.5,6-dot,0,0,0,0,37.3,0.0,34.3,100.0,JARJARBINKS,CANDIDATE,SLICE_6E,5A ma wystarczającą wartość lub dopasowanie do postaci,0.0,,,,,,,,,,,,,,,,,,,,,,,
F-kJMOMhRzaJfOmMrzyfUA,451,Speed,5,Square,1,15,False,0,True,POSTAĆ: COLONELSTARCK,8ckDli7mTvaKsfLl2IuUSQ,Offense %,5.88%,588,0,,Speed,3,30000,1,384030,Health %,0.79%,79,1,796,Offense,44,440000,1,4385124,Protection,467,4670000,1,46700485,E,4,4,0,100.0,75.5,50.0,75.5,0,0.0,slice,0,0,0,0,43.0,0.0,43.0,100.0,JARJARBINKS,CANDIDATE,SLICE,wartość moda lub dopasowanie do postaci uzasadnia kolejny roll,0.0,,,,,,,,,,,,,,,,,,,,,,,
HQHNmpBbT-expxkSZHqViw,451,Speed,5,Square,3,15,False,0,True,POSTAĆ: T3_M4,JjJ2-au6STuNxPqAaXFFTg,Offense %,5.88%,588,0,,Protection,1701,17010000,3,57901126|62785054|49453924,Health %,0.82%,82,1,825,Defense %,1.67%,167,1,1671,Speed,5,50000,1,591930,C,6,6,0,100.0,59.7,83.3,59.7,0,0.0,slice,0,0,0,0,38.0,0.0,35.4,100.0,JARJARBINKS,CANDIDATE,SLICE,wartość moda lub dopasowanie do postaci uzasadnia kolejny roll,0.0,,,,,,,,,,,,,,,,,,,,,,,
JoSLYKEOTsS3Mu-X8L_Axw,451,Speed,5,Square,5,15,False,0,True,POSTAĆ: HUNTERS3,fOvmK1oPT9GBBqelVUGiwQ,Offense %,5.88%,588,0,,Speed,15,150000,3,535710|595620|448500,Protection %,4.91%,491,3,2215|1348|1347,Tenacity %,2.24%,224,1,2246,Offense,25,250000,1,2425008,A,8,8,0,100.0,77.8,83.3,77.8,0,55.7,6-dot,0,0,0,0,50.8,0.0,55.0,100.0,JARJARBINKS,CANDIDATE,SLICE_6E,5A ma wystarczającą wartość lub dopasowanie do postaci,0.0,,,,,,,,,,,,,,,,,,,,,,,
N85dOwgOSOyycn9dJ_aSyA,451,Speed,5,Square,1,15,False,0,True,POSTAĆ: PHASMA,SkKOwLVQRPWgmAAswUhqVg,Offense %,5.88%,588,0,,Speed,4,40000,1,411720,Potency %,2.23%,223,1,2234,Offense,43,430000,1,4277052,Protection %,1.73%,173,1,1738,E,4,4,0,100.0,71.5,66.7,71.5,0,0.0,slice,0,0,0,0,42.6,0.0,42.5,100.0,JARJARBINKS,CANDIDATE,SLICE,wartość moda lub dopasowanie do postaci uzasadnia kolejny roll,0.0,,,,,,,,,,,,,,,,,,,,,,,
OMbLk7bjQXiyk7cfOAia1g,451,Speed,5,Square,5,15,False,0,True,POSTAĆ: BASTILASHAN,dnE0ZmQURMC8x7WzoHVW6w,Offense %,5.88%,588,0,,Protection %,5.13%,513,3,1135|2054|1942,Defense %,2.2%,220,2,1291|915,Defense,5,50000,1,515333,Offense,68,680000,2,2854332|3911568,A,8,8,0,100.0,61.5,0.0,61.5,0,39.4,6-dot,0,0,0,0,31.8,0.0,25.8,100.0,JARJARBINKS,CANDIDATE,SLICE_6E,5A ma wystarczającą wartość lub dopasowanie do postaci,0.0,,,,,,,,,,,,,,,,,,,,,,,
On8kLCbyS6ivxd9M8lQLGQ,451,Speed,5,Square,1,15,False,0,True,POSTAĆ: WATTAMBOR,IQh24H7aRX2calIUiNm7Qg,Offense %,5.88%,588,0,,Health %,0.7%,70,1,701,Critical Chance %,1.52%,152,1,1521,Potency %,2.11%,211,1,2113,Speed,4,40000,1,433020,E,4,4,0,100.0,57.8,66.7,57.8,0,0.0,slice,0,0,0,0,31.2,0.0,25.0,100.0,JARJARBINKS,CANDIDATE,KEEP,obserwuj przed wydaniem materiałów,0.0,,,,,,,,,,,,,,,,,,,,,,,
QIAZ_IX7RA2YQX69ICsnDQ,451,Speed,5,Square,1,15,False,0,True,POSTAĆ: IMPERIALPROBEDROID,UYmgTdouSrS8VboRIomrtw,Offense %,5.88%,588,0,,Health %,0.98%,98,1,982,Speed,5,50000,1,562410,Defense %,1.36%,136,1,1363,Potency %,1.89%,189,1,1892,E,4,4,0,100.0,62.0,83.3,62.0,0,0.0,slice,0,0,0,0,31.2,0.0,25.0,100.0,JARJARBINKS,CANDIDATE,SLICE,wartość moda lub dopasowanie do postaci uzasadnia kolejny roll,0.0,,,,,,,,,,,,,,,,,,,,,,,
R-iH2sjUQEuQf-_jKy4gFw,451,Speed,5,Square,2,15,False,0,True,POSTAĆ: IG12,Ef5TBIi_RqG_1av0iPBqpA,Offense %,5.88%,588,0,,Potency %,1.24%,124,1,1244,Offense,63,630000,2,3296424|2912472,Speed,5,50000,1,511170,Protection %,1.42%,142,1,1428,D,5,5,0,100.0,73.6,83.3,73.6,0,0.0,slice,0,0,0,0,41.6,0.0,40.9,100.0,JARJARBINKS,CANDIDATE,SLICE,wartość moda lub dopasowanie do postaci uzasadnia kolejny roll,0.0,,,,,,,,,,,,,,,,,,,,,,,
TZO9wKFDRk60JUmY0UZOTA,451,Speed,5,Square,1,15,False,0,True,POSTAĆ: FIRSTORDEROFFICERMALE,ogMbke6zQ4yH_trrtMP3tw,Offense %,5.88%,588,0,,Defense %,1.5%,150,1,1503,Health %,0.93%,93,1,938,Tenacity %,1.78%,178,1,1786,Health,409,4090000,1,40984875,E,4,4,0,100.0,48.0,0.0,48.0,0,0.0,slice,0,0,0,0,20.2,0.0,8.0,100.0,JARJARBINKS,CANDIDATE,KEEP,wartość secondary zbyt niska,0.0,,,,,,,,,,,,,,,,,,,,,,,
TyVxS8e_SW2rWzgJBbMJFg,451,Speed,5,Square,2,15,False,0,True,POSTAĆ: SHAAKTI,503OVxX6T8KodfMAlrKGlw,Offense %,5.88%,588,0,,Defense %,1.56%,156,1,1563,Potency %,3.22%,322,2,1713|1516,Defense,7,70000,1,798553,Speed,5,50000,1,576330,D,5,5,0,100.0,48.8,83.3,48.8,0,0.0,slice,0,0,0,0,32.1,0.0,26.3,100.0,JARJARBINKS,CANDIDATE,KEEP,wartość secondary zbyt niska,0.0,,,,,,,,,,,,,,,,,,,,,,,
X-D5AdU4QTGgpdP9z6yEvQ,451,Speed,5,Square,1,15,False,0,True,POSTAĆ: DARTHTRAYA,T752Q156S962IXPWTPb_pQ,Offense %,5.88%,588,0,,Defense,9,90000,1,973924,Speed,3,30000,1,389280,Defense %,1.01%,101,1,1017,Protection %,1.61%,161,1,1615,E,4,4,0,100.0,61.5,50.0,61.5,0,0.0,slice,0,0,0,0,42.1,0.0,41.6,100.0,JARJARBINKS,CANDIDATE,SLICE,wartość moda lub dopasowanie do postaci uzasadnia kolejny roll,0.0,,,,,,,,,,,,,,,,,,,,,,,
Y5opi31JTHCSwIgZqLFATA,451,Speed,5,Square,2,15,False,0,True,POSTAĆ: GRANDMASTERYODA,_504VNHbT56dseACw4X_hQ,Offense %,5.88%,588,0,,Defense,5,50000,1,522242,Defense %,1.08%,108,1,1089,Critical Chance %,1.69%,169,1,1698,Speed,10,100000,2,564510|504300,D,5,5,0,100.0,60.2,83.3,60.2,0,0.0,slice,0,0,0,0,45.1,0.0,46.3,100.0,JARJARBINKS,CANDIDATE,SLICE,wartość moda lub dopasowanie do postaci uzasadnia kolejny roll,0.0,,,,,,,,,,,,,,,,,,,,,,,
c5RGMBqnRkC3_tC7mD2dNQ,451,Speed,5,Square,1,15,False,0,True,POSTAĆ: MOFFGIDEONS1,HPnSQ9B5QYKlMeSpZV2uVg,Offense %,5.88%,588,0,,Health %,0.93%,93,1,933,Speed,5,50000,1,516690,Offense,24,240000,1,2369832,Tenacity %,1.22%,122,1,1221,E,4,4,0,100.0,71.0,83.3,71.0,0,0.0,slice,0,0,0,0,36.9,0.0,33.7,100.0,JARJARBINKS,CANDIDATE,SLICE,wartość moda lub dopasowanie do postaci uzasadnia kolejny roll,0.0,,,,,,,,,,,,,,,,,,,,,,,
c9HEbzhTRGOHHz7fE7yiWw,451,Speed,5,Square,1,15,False,0,True,POSTAĆ: BADBATCHTECH,nNIk-ArfQOGjLeDwoFLmaA,Offense %,5.88%,588,0,,Protection,768,7680000,1,76822194,Speed,5,50000,1,579210,Potency %,1.86%,186,1,1861,Defense %,1.41%,141,1,1416,E,4,4,0,100.0,56.0,83.3,56.0,0,0.0,slice,0,0,0,0,37.3,0.0,34.3,100.0,JARJARBINKS,CANDIDATE,KEEP,obserwuj przed wydaniem materiałów,0.0,,,,,,,,,,,,,,,,,,,,,,,
cFhwAxpTRCaB7aJGcEIkyA,451,Speed,5,Square,2,15,False,0,True,POSTAĆ: GREATMOTHERS,_9o2eZpKS1qVCYr7VBoyEQ,Offense %,5.88%,588,0,,Speed,5,50000,1,560490,Critical Chance %,2.14%,214,1,2143,Defense,13,130000,2,571487|756462,Health %,0.75%,75,1,752,D,5,5,0,100.0,53.0,83.3,53.0,0.0,0.0,slice,0,0,0,0,36.1,0.0,32.5,100.0,JARJARBINKS,CANDIDATE,KEEP,obserwuj przed wydaniem materiałów,0.0,,,,,,,,,,,,,,,,,,,,,,,
d8aeT7SRTR2YWGzUiwWgnQ,451,Speed,5,Square,1,15,False,0,True,POSTAĆ: VEERS,psU_fbWrRvmPvrnEGCuShA,Offense %,5.88%,588,0,,Speed,5,50000,1,593610,Health %,0.91%,91,1,910,Defense %,1.65%,165,1,1654,Health,384,3840000,1,38415418,E,4,4,0,100.0,65.5,83.3,65.5,0,0.0,slice,0,0,0,0,36.5,0.0,33.0,100.0,JARJARBINKS,CANDIDATE,SLICE,wartość moda lub dopasowanie do postaci uzasadnia kolejny roll,0.0,,,,,,,,,,,,,,,,,,,,,,,
eOvt-sR4Sv20rH1HCmzU_w,451,Speed,5,Square,3,15,False,0,True,POSTAĆ: BOSSK,HHG46px_TKifMzyZeOHdbg,Offense %,5.88%,588,0,,Speed,8,80000,2,516030|321450,Defense %,1.3%,130,1,1303,Potency %,3.17%,317,2,1897|1277,Defense,8,80000,1,876904,C,6,6,0,100.0,57.3,66.7,57.3,0.0,0.0,slice,0,0,0,0,40.1,0.0,38.6,100.0,JARJARBINKS,CANDIDATE,SLICE,wartość moda lub dopasowanie do postaci uzasadnia kolejny roll,0.0,,,,,,,,,,,,,,,,,,,,,,,
ed4nOr7pQt2FGOQJ7H__2Q,451,Speed,5,Square,2,15,False,0,True,POSTAĆ: NUTEGUNRAY,PFR4VQ6bQe2yWvcte7x62w,Offense %,5.88%,588,0,,Speed,9,90000,2,592170|309180,Tenacity %,2.14%,214,1,2148,Health %,0.84%,84,1,840,Defense %,1.4%,140,1,1406,D,5,5,0,100.0,68.8,75.0,68.8,0,0.0,slice,0,0,0,0,41.0,0.0,40.0,100.0,JARJARBINKS,CANDIDATE,SLICE,wartość moda lub dopasowanie do postaci uzasadnia kolejny roll,0.0,,,,,,,,,,,,,,,,,,,,,,,
iGlaXXxNRXWC-4m4JeLCbw,451,Speed,5,Square,4,15,False,0,True,POSTAĆ: QUIGONJINN,4GDXlgfpST-ncBlJC4MD5Q,Offense %,5.88%,588,0,,Speed,5,50000,1,595890,Health %,0.64%,64,1,641,Critical Chance %,3.16%,316,2,1236|1932,Potency %,4.95%,495,3,1181|1982|1788,B,7,7,0,100.0,46.3,83.3,46.3,0,0.0,slice,0,0,0,0,24.3,0.0,14.3,100.0,JARJARBINKS,CANDIDATE,KEEP,wartość secondary zbyt niska,0.0,,,,,,,,,,,,,,,,,,,,,,,
iagWqv--RESsZgbUuQ1pDw,451,Speed,5,Square,4,15,False,0,True,POSTAĆ: CAPTAINTARPALS,ID6hA34wT-ehem_mRgkBFw,Offense %,5.88%,588,0,,Potency %,4.2%,420,2,2065|2142,Offense,77,770000,2,3319452|4283892,Speed,5,50000,1,505980,Health %,1.45%,145,2,575|880,B,7,7,0,100.0,68.0,83.3,68.0,0.0,0.0,slice,0,0,0,0,30.7,0.0,24.2,100.0,JARJARBINKS,CANDIDATE,SLICE,wartość moda lub dopasowanie do postaci uzasadnia kolejny roll,0.0,,,,,,,,,,,,,,,,,,,,,,,
maYuQTYvTIGW_W4Jc2tIHg,451,Speed,5,Square,1,15,False,0,True,POSTAĆ: POE,UUEWhpzxRHSHN7A30aRySg,Offense %,5.88%,588,0,,Defense %,0.89%,89,1,894,Speed,5,50000,1,549240,Potency %,1.43%,143,1,1430,Tenacity %,1.51%,151,1,1515,E,4,4,0,100.0,51.5,83.3,51.5,0,0.0,slice,0,0,0,0,31.2,0.0,25.0,100.0,JARJARBINKS,CANDIDATE,KEEP,wartość secondary zbyt niska,0.0,,,,,,,,,,,,,,,,,,,,,,,
mvq43pG9SS6RkgTVxyBtVg,451,Speed,5,Square,1,15,False,0,True,POSTAĆ: STORMTROOPERHAN,bVOyKrAwSLyX6DBQPD25pA,Offense %,5.88%,588,0,,Protection %,1.69%,169,1,1695,Offense,26,260000,1,2517348,Critical Chance %,1.83%,183,1,1834,Speed,5,50000,1,504600,E,4,4,0,100.0,69.2,83.3,69.2,0,0.0,slice,0,0,0,0,42.6,0.0,42.5,100.0,JARJARBINKS,CANDIDATE,SLICE,wartość moda lub dopasowanie do postaci uzasadnia kolejny roll,0.0,,,,,,,,,,,,,,,,,,,,,,,
oJaprM3uQnq4hGCpEoU8CQ,451,Speed,5,Square,1,15,False,0,True,POSTAĆ: UGNAUGHT,ZGlt-12-SZqEZEn-4Jp8Xw,Offense %,5.88%,588,0,,Protection %,1.34%,134,1,1346,Speed,5,50000,1,547410,Protection,502,5020000,1,50222229,Defense,6,60000,1,624603,E,4,4,0,100.0,63.0,83.3,63.0,0,0.0,slice,0,0,0,0,48.1,0.0,51.0,100.0,JARJARBINKS,CANDIDATE,SLICE,wartość moda lub dopasowanie do postaci uzasadnia kolejny roll,0.0,,,,,,,,,,,,,,,,,,,,,,,
p1BDuHx8RDCCC_z90R7-tA,451,Speed,5,Square,1,15,False,0,True,POSTAĆ: ARMORER,NSinPVNVS-uTPzn_RdGjdQ,Offense %,5.88%,588,0,,Offense,33,330000,1,3257892,Speed,5,50000,1,507120,Health,350,3500000,1,35042336,Health %,1.01%,101,1,1017,E,4,4,0,100.0,75.5,83.3,75.5,0,0.0,slice,0,0,0,0,42.1,0.0,41.7,100.0,JARJARBINKS,CANDIDATE,PATCH,PATCH ADMIRALPIETT; zachowanie setu Speed,12.0,uQbjV3YQR0SJV7o3_tbCJw,SAFE,Mz0_xu-vQt23Vd1Prv1rHw,ADMIRALPIETT,Square,JARJARBINKS:Square,1,3,MOD: ADMIRALPIETT -> JARJARBINKS; PATCH: ARMORER -> ADMIRALPIETT; PATCH: MAGAZYN -> ARMORER,12.0,,,,,,,,,,,,,
rG5FSNDmQbmyE66tNQt8GA,451,Speed,5,Square,5,15,False,0,True,POSTAĆ: SANASTARROS,EdpU_ZugR4Ga4PFhc0l-HA,Offense %,5.88%,588,0,,Protection %,3.95%,395,2,1964|1991,Health %,0.57%,57,1,574,Tenacity %,5.59%,559,3,2066|1923|1609,Speed,8,80000,2,504120|355980,A,8,8,0,100.0,62.7,66.7,62.7,0,52.0,6-dot,0,0,0,0,37.0,0.0,33.8,100.0,JARJARBINKS,CANDIDATE,SLICE_6E,5A ma wystarczającą wartość lub dopasowanie do postaci,0.0,,,,,,,,,,,,,,,,,,,,,,,
shOyYqGwSdmjeL178zLl3w,451,Speed,5,Square,2,15,False,0,True,POSTAĆ: EWOKELDER,z3sHtcymTXefNPlDiehKqQ,Offense %,5.88%,588,0,,Tenacity %,4.03%,403,2,1863|2176,Speed,5,50000,1,565290,Potency %,1.48%,148,1,1486,Protection %,1.8%,180,1,1804,D,5,5,0,100.0,52.8,83.3,52.8,0,0.0,slice,0,0,0,0,32.6,0.0,27.0,100.0,JARJARBINKS,CANDIDATE,KEEP,obserwuj przed wydaniem materiałów,0.0,,,,,,,,,,,,,,,,,,,,,,,
w8m2BkmrSzGkTGZWRK2-9w,451,Speed,5,Square,5,15,False,0,True,POSTAĆ: DISGUISEDCLONETROOPER,a0jCiVupS9u2cch-0qWa1w,Offense %,5.88%,588,0,,Health %,0.58%,58,1,584,Health,592,5920000,2,29316240|29901279,Defense,17,170000,2,919240|858284,Speed,12,120000,3,495450|317850|484440,A,8,8,0,100.0,67.0,66.7,67.0,0,40.8,6-dot,0,0,0,0,49.7,0.0,53.4,100.0,JARJARBINKS,CANDIDATE,SLICE_6E,5A ma wystarczającą wartość lub dopasowanie do postaci,0.0,,,,,,,,,,,,,,,,,,,,,,,
xQ76kbsySm-cBt9uhFgXbw,451,Speed,5,Square,1,15,False,0,True,POSTAĆ: DARTHNIHILUS,zx4YAvQCQgW8iNmg1fKnLw,Offense %,5.88%,588,0,,Health,334,3340000,1,33432943,Health %,0.92%,92,1,929,Protection,533,5330000,1,53361897,Speed,4,40000,1,435630,E,4,4,0,100.0,67.0,66.7,67.0,0,0.0,slice,0,0,0,0,42.5,0.0,42.4,100.0,JARJARBINKS,CANDIDATE,SLICE,wartość moda lub dopasowanie do postaci uzasadnia kolejny roll,0.0,,,,,,,,,,,,,,,,,,,,,,,
zbwzMyJQTKesDcl3-XdCPg,451,Speed,5,Square,1,15,False,0,True,POSTAĆ: COUNTDOOKU,3FSz0CMSTUerWQQH0wxk5A,Offense %,5.88%,588,0,,Protection %,1.96%,196,1,1966,Offense,38,380000,1,3780924,Defense %,1.13%,113,1,1137,Speed,5,50000,1,566010,E,4,4,0,100.0,73.5,83.3,73.5,0,0.0,slice,0,0,0,0,42.6,0.0,42.5,100.0,JARJARBINKS,CANDIDATE,SLICE,wartość moda lub dopasowanie do postaci uzasadnia kolejny roll,0.0,,,,,,,,,,,,,,,,,,,,,,,
2zTvl2kbSpyHMBY24xaEeA,451,Speed,5,Square,2,9,False,0,True,POSTAĆ: LOBOT,QDPo8AzSQ6iPC9yIs76NMw,Offense %,3.63%,363,0,,Defense %,1.31%,131,1,1313,Speed,5,50000,1,522360,Health %,0.8%,80,1,800,Tenacity %,1.62%,162,1,1622,D,4,5,1,100.0,61.0,83.3,68.8,7.8,0.0,upgrade,0,0,0,0,31.2,0.0,25.0,100.0,JARJARBINKS,CANDIDATE,UPGRADE,nieujawnione wszystkie secondary,0.0,,,,,,,,,,,,,,,,,,,,,,,
5ytDIRkKRoeRoAV4SIe0Hg,451,Speed,5,Square,2,9,False,0,True,POSTAĆ: INQUISITORBARRISS,52-GUkO5T1aatTDKmGdtNQ,Offense %,3.63%,363,0,,Defense %,1.62%,162,1,1623,Offense,28,280000,1,2739876,Critical Chance %,1.16%,116,1,1169,Speed,5,50000,1,503970,D,4,5,1,100.0,62.2,83.3,69.8,7.6,0.0,upgrade,0,0,0,0,36.9,0.0,33.7,100.0,JARJARBINKS,CANDIDATE,UPGRADE,nieujawnione wszystkie secondary,0.0,,,,,,,,,,,,,,,,,,,,,,,
9-lAwRBlTdyldDOeZ2TxnA,451,Speed,5,Square,2,9,False,0,True,POSTAĆ: OMEGAS3,gPUgOExdRM-SnfTDvmJyJA,Offense %,3.63%,363,0,,Offense,41,410000,1,4009836,Protection %,1.75%,175,1,1756,Speed,4,40000,1,461910,Critical Chance %,1.61%,161,1,1614,D,4,5,1,100.0,69.2,66.7,75.4,6.2,0.0,upgrade,0,0,0,0,42.6,0.0,42.5,100.0,JARJARBINKS,CANDIDATE,UPGRADE,nieujawnione wszystkie secondary,0.0,,,,,,,,,,,,,,,,,,,,,,,
9dCR1H2dT-yV6XoNPB0dOg,451,Speed,5,Square,2,9,False,0,True,POSTAĆ: TALIA,MGHSHYnwSkWTFZjOGEUreg,Offense %,3.63%,363,0,,Protection,644,6440000,1,64479478,Defense,9,90000,1,948983,Offense,40,400000,1,3999348,Speed,5,50000,1,509940,D,4,5,1,100.0,66.0,83.3,72.8,6.8,0.0,upgrade,0,0,0,0,48.1,0.0,50.9,100.0,JARJARBINKS,CANDIDATE,UPGRADE,nieujawnione wszystkie secondary,0.0,,,,,,,,,,,,,,,,,,,,,,,
CfjB1-0_QzW5HkyI2hZCDQ,451,Speed,5,Square,2,9,False,0,True,POSTAĆ: DASHRENDAR,UvX9PUsvQNWgySnOmxD5Lw,Offense %,3.63%,363,0,,Defense %,1.31%,131,1,1314,Speed,5,50000,1,590700,Protection %,1.38%,138,1,1386,Offense,42,420000,1,4175136,D,4,5,1,100.0,73.5,83.3,78.8,5.3,0.0,upgrade,0,0,0,0,42.6,0.0,42.5,100.0,JARJARBINKS,CANDIDATE,UPGRADE,nieujawnione wszystkie secondary,0.0,,,,,,,,,,,,,,,,,,,,,,,
WcQJA-uKRxmd95WPXTd9sw,451,Speed,5,Square,2,9,False,0,True,POSTAĆ: GREEFKARGA,glB8R2fVS3qp3gZo3f4x4Q,Offense %,3.63%,363,0,,Health,268,2680000,1,26851790,Health %,0.8%,80,1,808,Critical Chance %,1.36%,136,1,1369,Speed,5,50000,1,587580,D,4,5,1,100.0,61.3,83.3,69.0,7.7,0.0,upgrade,0,0,0,0,36.5,0.0,33.0,100.0,JARJARBINKS,CANDIDATE,UPGRADE,nieujawnione wszystkie secondary,0.0,,,,,,,,,,,,,,,,,,,,,,,
kiDxELgdRC2dmemL_Nyl-Q,451,Speed,5,Square,2,9,False,0,True,POSTAĆ: ZUCKUSS,2Hnd3xTKQx2mjOfWoquviQ,Offense %,3.63%,363,0,,Protection,448,4480000,1,44819176,Critical Chance %,1.38%,138,1,1389,Tenacity %,1.25%,125,1,1255,Speed,4,40000,1,414660,D,4,5,1,100.0,50.7,66.7,60.6,9.9,0.0,upgrade,0,0,0,0,37.3,0.0,34.3,100.0,JARJARBINKS,CANDIDATE,UPGRADE,nieujawnione wszystkie secondary,0.0,,,,,,,,,,,,,,,,,,,,,,,
n91un1ekQ36Hc2zB4LbN_Q,451,Speed,5,Square,2,9,False,0,True,POSTAĆ: MONMOTHMA,NZxmA6jjT9mgRzvaiQYUbw,Offense %,3.63%,363,0,,Potency %,1.22%,122,1,1222,Protection %,1.93%,193,1,1934,Tenacity %,1.78%,178,1,1786,Defense %,1.55%,155,1,1559,D,4,5,1,100.0,44.0,0.0,49.2,5.2,0.0,upgrade,0,0,0,0,20.7,0.0,8.8,100.0,JARJARBINKS,CANDIDATE,UPGRADE,nieujawnione wszystkie secondary,0.0,,,,,,,,,,,,,,,,,,,,,,,
p3QtZekrSw-KOjEnqBsQ3A,451,Speed,5,Square,2,9,False,0,True,POSTAĆ: CHIRRUTIMWE,TJZj8X93S32n6tnD78nPNA,Offense %,3.63%,363,0,,Protection,681,6810000,1,68138271,Potency %,1.38%,138,1,1386,Speed,5,50000,1,588360,Defense %,1.68%,168,1,1689,D,4,5,1,100.0,56.0,83.3,64.8,8.8,0.0,upgrade,0,0,0,0,37.3,0.0,34.3,100.0,JARJARBINKS,CANDIDATE,UPGRADE,nieujawnione wszystkie secondary,0.0,,,,,,,,,,,,,,,,,,,,,,,
uCfKxfXQRK6d_Emzig5U7g,451,Speed,5,Square,2,9,False,0,True,POSTAĆ: CORUSCANTUNDERWORLDPOLICE,l4W95yMkRci4SwS5eE2Fqw,Offense %,3.63%,363,0,,Health %,0.74%,74,1,744,Protection %,1.29%,129,1,1295,Offense,32,320000,1,3139332,Tenacity %,2.02%,202,1,2026,D,4,5,1,100.0,63.5,0.0,67.2,3.7,0.0,upgrade,0,0,0,0,26.4,0.0,17.5,100.0,JARJARBINKS,CANDIDATE,UPGRADE,nieujawnione wszystkie secondary,0.0,,,,,,,,,,,,,,,,,,,,,,,
CwxgBdQWRhG8PglzsrK6zA,451,Speed,5,Square,3,6,False,0,True,POSTAĆ: BOUSHH,BjneizhDSs6Mt1ltvIoDiw,Offense %,2.5%,250,0,,Health %,0.66%,66,1,662,Critical Chance %,1.5%,150,1,1500,Speed,4,40000,1,404850,Protection %,1.41%,141,1,1419,C,4,6,2,100.0,66.8,66.7,77.8,11.1,0.0,upgrade,0,0,0,0,37.0,0.0,33.8,100.0,JARJARBINKS,CANDIDATE,UPGRADE,nieujawnione wszystkie secondary,0.0,,,,,,,,,,,,,,,,,,,,,,,
lhj2t6IzRZ6eUdik-RrFbw,451,Speed,5,Square,4,3,False,0,True,POSTAĆ: GENERALSYNDULLA,cxKTANbrQ820-mbbO3NZug,Offense %,1.38%,138,0,,Defense,6,60000,1,668458,Protection %,2%,200,1,2005,Defense %,1.51%,151,1,1514,Protection,548,5480000,1,54856977,B,4,7,3,100.0,48.5,0.0,57.7,9.2,0.0,upgrade,0,0,0,0,31.9,0.0,26.0,100.0,JARJARBINKS,CANDIDATE,UPGRADE,nieujawnione wszystkie secondary,0.0,,,,,,,,,,,,,,,,,,,,,,,
7jWSx0SHQkeQ7kMzoWUIjQ,451,Speed,5,Square,4,1,False,0,True,POSTAĆ: COMMANDERAHSOKA,CTmaWdlpSUOGpCcKqGJM4Q,Offense %,0.63%,63,0,,Defense,5,50000,1,544733,Offense,39,390000,1,3860724,Speed,5,50000,1,521940,,,,0,,B,3,7,4,100.0,72.0,83.3,88.0,16.0,0.0,upgrade,0,0,0,0,51.0,0.0,55.4,100.0,JARJARBINKS,CANDIDATE,UPGRADE,nieujawnione wszystkie secondary,0.0,,,,,,,,,,,,,,,,,,,,,,,
ZK8taL1FRVSvcF29mb9hYg,451,Speed,5,Square,5,1,False,0,True,POSTAĆ: TUSKENSHAMAN,1m0dzfmrT_K8tP3jnyE1JA,Offense %,0.63%,63,0,,Speed,5,50000,1,523590,Health %,0.58%,58,1,585,Defense %,1.07%,107,1,1078,Defense,6,60000,1,643419,A,4,8,4,100.0,62.0,83.3,81.0,19.0,29.5,upgrade,0,0,0,0,36.3,0.0,32.8,100.0,JARJARBINKS,CANDIDATE,UPGRADE,nieujawnione wszystkie secondary,0.0,,,,,,,,,,,,,,,,,,,,,,,
a1Urnj4tQ5SiDScqq9I9Kw,451,Speed,5,Square,5,1,False,0,True,POSTAĆ: CAPTAINREX,3gaeLq9BQs-Hg-ZQfRFU7Q,Offense %,0.63%,63,0,,Tenacity %,2.05%,205,1,2055,Defense,5,50000,1,589421,Health,285,2850000,1,28521187,Speed,5,50000,1,596730,A,4,8,4,100.0,53.0,83.3,76.5,23.5,46.0,upgrade,0,0,0,0,41.6,0.0,40.9,100.0,JARJARBINKS,CANDIDATE,UPGRADE,nieujawnione wszystkie secondary,0.0,,,,,,,,,,,,,,,,,,,,,,,
eQZPGIfTTRuZlaRLKHOf0g,451,Speed,5,Square,4,1,False,0,True,POSTAĆ: TUSKENCHIEFTAIN,ifcf_6BgSlmkUESd4F1mww,Offense %,0.63%,63,0,,Speed,5,50000,1,543900,Defense,9,90000,1,941927,Health %,0.95%,95,1,952,,,,0,,B,3,7,4,100.0,68.7,83.3,86.6,17.9,0.0,upgrade,0,0,0,0,43.5,0.0,43.8,100.0,JARJARBINKS,CANDIDATE,UPGRADE,nieujawnione wszystkie secondary,0.0,,,,,,,,,,,,,,,,,,,,,,,
iKlStxgmTr2GIpN8MKgaXw,451,Speed,5,Square,4,1,False,0,True,POSTAĆ: BATCHERS3,FoT8Jax1QlSDkoKEQLaNhA,Offense %,0.63%,63,0,,Speed,4,40000,1,452910,Protection,734,7340000,1,73408428,Potency %,1.44%,144,1,1448,,,,0,,B,3,7,4,100.0,60.7,66.7,83.1,22.5,0.0,upgrade,0,0,0,0,44.8,0.0,45.8,100.0,JARJARBINKS,CANDIDATE,UPGRADE,nieujawnione wszystkie secondary,0.0,,,,,,,,,,,,,,,,,,,,,,,
wJbzJ6yfTY-3VElBtZSItQ,451,Speed,5,Square,2,1,False,0,True,POSTAĆ: ZORIIBLISS_V2,OsO2zGm1RNijVuR2GT96iQ,Offense %,0.63%,63,0,,Speed,5,50000,1,528090,,,,0,,,,,0,,,,,0,,D,1,5,4,100.0,100.0,83.3,100.0,0,0.0,upgrade,0,0,0,0,80.0,0.0,100.0,100.0,JARJARBINKS,CANDIDATE,UPGRADE,nieujawnione wszystkie secondary,0.0,,,,,,,,,,,,,,,,,,,,,,,
1Kqi7zB1TE29eSi4kYv5zw,454,Speed,5,Triangle,1,15,False,0,True,POSTAĆ: COUNTDOOKU,3FSz0CMSTUerWQQH0wxk5A,Critical Damage %,36%,3600,0,,Protection,440,4400000,1,44034259,Defense,6,60000,1,610589,Protection %,2.05%,205,1,2051,Defense %,1.5%,150,1,1500,E,4,4,0,100.0,48.5,0.0,48.5,0,0.0,slice,0,0,0,0,31.9,0.0,26.0,100.0,JARJARBINKS,CANDIDATE,KEEP,wartość secondary zbyt niska,0.0,,,,,,,,,,,,,,,,,,,,,,,
31c7_nRLQWCu2QGksZkoaw,454,Speed,5,Triangle,1,15,False,0,True,POSTAĆ: ADMIRALACKBAR,jJIXKTM-Rr2zx9rbTm1RHg,Defense %,11.75%,1175,0,,Health,256,2560000,1,25638852,Speed,5,50000,1,502860,Health %,0.87%,87,1,876,Tenacity %,1.89%,189,1,1894,E,4,4,0,100.0,62.5,83.3,62.5,0,0.0,slice,0,0,0,0,36.5,0.0,33.0,100.0,JARJARBINKS,CANDIDATE,SLICE,wartość moda lub dopasowanie do postaci uzasadnia kolejny roll,0.0,,,,,,,,,,,,,,,,,,,,,,,
4nzj_TIFTGyu-AcJakbCHQ,454,Speed,5,Triangle,1,15,False,0,True,POSTAĆ: EWOKELDER,z3sHtcymTXefNPlDiehKqQ,Defense %,11.75%,1175,0,,Offense %,0.4%,40,1,406,Offense,45,450000,1,4473360,Potency %,1.95%,195,1,1953,Speed,5,50000,1,507270,E,4,4,0,100.0,77.0,83.3,77.0,0,0.0,slice,0,0,0,0,36.9,0.0,33.7,100.0,JARJARBINKS,CANDIDATE,SLICE,wartość moda lub dopasowanie do postaci uzasadnia kolejny roll,0.0,,,,,,,,,,,,,,,,,,,,,,,
4usuu6ZZT4uCc72IUSIZ4w,454,Speed,5,Triangle,4,15,False,0,True,POSTAĆ: 4LOM,umm1Guh0QlC-Mx4RUkOImg,Critical Chance %,12%,1200,0,,Health,334,3340000,1,33462945,Protection %,1.14%,114,1,1149,Potency %,2.22%,222,1,2223,Speed,20,200000,4,454620|533700|438360|573330,B,7,7,0,100.0,78.9,83.3,78.9,0,0.0,slice,0,0,0,0,58.4,0.0,66.8,100.0,JARJARBINKS,CANDIDATE,REPLACE,"BEZPIECZNY ŁAŃCUCH; najpierw MOD bezpośrednio do celu, potem PATCH-y w kolejności zależności",0.0,,SAFE,,,,JARJARBINKS:Triangle,,3,MOD: 4LOM -> JARJARBINKS; PATCH: KUIIL -> 4LOM; PATCH: MAGAZYN -> KUIIL,,JARJARBINKS,58.4,357.8,320.2,37.64,197.4,160.4,POSTAĆ: 4LOM,True,58.4,160.4,37.64,-2.9
4uuoH5UuR8CQZUd3qFj9KQ,454,Speed,5,Triangle,2,15,False,0,True,POSTAĆ: BOSSK,HHG46px_TKifMzyZeOHdbg,Protection %,23.5%,2350,0,,Defense,14,140000,2,697711|702758,Speed,5,50000,1,515820,Critical Chance %,2.19%,219,1,2192,Health %,0.87%,87,1,878,D,5,5,0,100.0,53.0,83.3,53.0,0.0,0.0,slice,0,0,0,0,36.1,0.0,32.5,100.0,JARJARBINKS,CANDIDATE,KEEP,obserwuj przed wydaniem materiałów,0.0,,,,,,,,,,,,,,,,,,,,,,,
5LDIwwgYTOuxrCVryEEDzw,454,Speed,5,Triangle,1,15,False,0,True,POSTAĆ: FIRSTORDEROFFICERMALE,ogMbke6zQ4yH_trrtMP3tw,Critical Damage %,36%,3600,0,,Speed,4,40000,1,488310,Defense,9,90000,1,928893,Tenacity %,1.93%,193,1,1933,Offense,25,250000,1,2439828,E,4,4,0,100.0,61.5,66.7,61.5,0,0.0,slice,0,0,0,0,42.0,0.0,41.5,100.0,JARJARBINKS,CANDIDATE,SLICE,wartość moda lub dopasowanie do postaci uzasadnia kolejny roll,0.0,,,,,,,,,,,,,,,,,,,,,,,
5p8WIHZHTfujMeaGE_akRQ,454,Speed,5,Triangle,3,15,False,0,True,POSTAĆ: GEONOSIANBROODALPHA,EwaIJIQgRWGLZQCu-DgCiQ,Protection %,23.5%,2350,0,,Tenacity %,1.26%,126,1,1263,Health %,1.1%,110,1,1100,Offense,101,1010000,3,4158036|3323328|2614704,Defense,6,60000,1,654444,C,6,6,0,100.0,63.7,0.0,63.7,0,0.0,slice,0,0,0,0,29.7,0.0,22.6,100.0,JARJARBINKS,CANDIDATE,SLICE,wartość moda lub dopasowanie do postaci uzasadnia kolejny roll,0.0,,,,,,,,,,,,,,,,,,,,,,,
5tCZAy1WQlyUI4PPFb4p1A,454,Speed,5,Triangle,1,15,False,0,True,POSTAĆ: JYNERSO,J5J6kyqwQjuErnn0IY4xFw,Critical Damage %,36%,3600,0,,Defense %,1.24%,124,1,1240,Tenacity %,2.03%,203,1,2030,Offense,25,250000,1,2443248,Speed,5,50000,1,543330,E,4,4,0,100.0,63.5,83.3,63.5,0,0.0,slice,0,0,0,0,36.9,0.0,33.7,100.0,JARJARBINKS,CANDIDATE,SLICE,wartość moda lub dopasowanie do postaci uzasadnia kolejny roll,0.0,,,,,,,,,,,,,,,,,,,,,,,
7IB0yQ_9TWKToCrmneOyDA,454,Speed,5,Triangle,1,15,False,0,True,POSTAĆ: JAWAENGINEER,BY7zFKqQTSmh8ADdAer1Lw,Protection %,23.5%,2350,0,,Critical Chance %,1.96%,196,1,1967,Protection,765,7650000,1,76506566,Offense %,0.54%,54,1,540,Health %,0.78%,78,1,785,E,4,4,0,100.0,59.2,0.0,59.2,0,0.0,slice,0,0,0,0,21.1,0.0,9.3,100.0,JARJARBINKS,CANDIDATE,SLICE,wartość moda lub dopasowanie do postaci uzasadnia kolejny roll,0.0,,,,,,,,,,,,,,,,,,,,,,,
8pcTsapSTgmn0kSaIE-7vQ,454,Speed,5,Triangle,1,15,False,0,True,POSTAĆ: SCOUTTROOPER_V3,EwvhlHGbS_a4Gk-O1KIWgg,Critical Damage %,36%,3600,0,,Offense %,0.51%,51,1,513,Offense,44,440000,1,4383756,Speed,5,50000,1,528870,Tenacity %,1.51%,151,1,1518,E,4,4,0,100.0,76.0,83.3,76.0,0,0.0,slice,0,0,0,0,36.9,0.0,33.7,100.0,JARJARBINKS,CANDIDATE,SLICE,wartość moda lub dopasowanie do postaci uzasadnia kolejny roll,0.0,,,,,,,,,,,,,,,,,,,,,,,
8xQoffhIRMCywnT_Su04qw,454,Speed,5,Triangle,1,15,False,0,True,POSTAĆ: URORRURRR,Og41VwyAS3Wj_pSqozBePw,Protection %,23.5%,2350,0,,Offense,37,370000,1,3654384,Defense,9,90000,1,922229,Speed,4,40000,1,439710,Protection,781,7810000,1,78167766,E,4,4,0,100.0,66.0,66.7,66.0,0,0.0,slice,0,0,0,0,48.1,0.0,50.9,100.0,JARJARBINKS,CANDIDATE,SLICE,wartość moda lub dopasowanie do postaci uzasadnia kolejny roll,0.0,,,,,,,,,,,,,,,,,,,,,,,
92diyHNtSiKrjGSTXuVs-g,454,Speed,5,Triangle,1,15,False,0,True,POSTAĆ: GENERALHUX,4xJRxbo2QFa9YMtrQdsX6Q,Protection %,23.5%,2350,0,,Defense,5,50000,1,564529,Offense %,0.35%,35,1,358,Speed,5,50000,1,513030,Critical Chance %,2.14%,214,1,2148,E,4,4,0,100.0,62.8,83.3,62.8,0,0.0,slice,0,0,0,0,36.3,0.0,32.8,100.0,JARJARBINKS,CANDIDATE,SLICE,wartość moda lub dopasowanie do postaci uzasadnia kolejny roll,0.0,,,,,,,,,,,,,,,,,,,,,,,
A9GLVeFoTMWRp65_6j155g,454,Speed,5,Triangle,5,15,False,0,True,POSTAĆ: TRIPLEZERO,1ljjdZ07RbiZI3P80CgyEQ,Offense %,5.88%,588,0,,Health,662,6620000,2,37290343|28934786,Tenacity %,1.59%,159,1,1592,Speed,14,140000,3,534690|337320|550500,Protection %,3.11%,311,2,1218|1895,A,8,8,0,100.0,70.8,77.8,70.8,0,49.2,6-dot,0,0,0,0,50.3,0.0,54.3,100.0,JARJARBINKS,CANDIDATE,SLICE_6E,5A ma wystarczającą wartość lub dopasowanie do postaci,0.0,,,,,,,,,,,,,,,,,,,,,,,
BWW01sSYTBmAaS44aJq2ew,454,Speed,5,Triangle,1,15,False,0,True,POSTAĆ: CORUSCANTUNDERWORLDPOLICE,l4W95yMkRci4SwS5eE2Fqw,Offense %,5.88%,588,0,,Defense %,1.47%,147,1,1471,Speed,5,50000,1,555780,Defense,9,90000,1,968779,Protection,803,8030000,1,80310714,E,4,4,0,100.0,56.0,83.3,56.0,0,0.0,slice,0,0,0,0,42.4,0.0,42.2,100.0,JARJARBINKS,CANDIDATE,KEEP,obserwuj przed wydaniem materiałów,0.0,,,,,,,,,,,,,,,,,,,,,,,
FN6moBk_TkGpXG9_emvw-A,454,Speed,5,Triangle,1,15,False,0,True,POSTAĆ: ADMIRALRADDUS,oPSOEm-jRP-cgGXfIXf7eg,Health %,5.88%,588,0,,Protection %,1.3%,130,1,1303,Speed,5,50000,1,593640,Offense,25,250000,1,2460348,Defense,7,70000,1,794731,E,4,4,0,100.0,71.5,83.3,71.5,0,0.0,slice,0,0,0,0,47.7,0.0,50.3,100.0,JARJARBINKS,CANDIDATE,SLICE,wartość moda lub dopasowanie do postaci uzasadnia kolejny roll,0.0,,,,,,,,,,,,,,,,,,,,,,,
H2pmFAkNRtmNrjp7F6j0Tg,454,Speed,5,Triangle,1,15,False,0,True,POSTAĆ: CHIRRUTIMWE,TJZj8X93S32n6tnD78nPNA,Critical Damage %,36%,3600,0,,Defense %,1.61%,161,1,1613,Offense %,0.42%,42,1,428,Health,415,4150000,1,41546341,Protection %,1.65%,165,1,1659,E,4,4,0,100.0,63.0,0.0,63.0,0,0.0,slice,0,0,0,0,25.9,0.0,16.8,100.0,JARJARBINKS,CANDIDATE,SLICE,wartość moda lub dopasowanie do postaci uzasadnia kolejny roll,0.0,,,,,,,,,,,,,,,,,,,,,,,
I1S8BEZ6T_KTY_tf03iB9A,454,Speed,5,Triangle,1,15,False,0,True,POSTAĆ: BADBATCHTECH,nNIk-ArfQOGjLeDwoFLmaA,Offense %,5.88%,588,0,,Critical Chance %,1.97%,197,1,1975,Speed,5,50000,1,560460,Offense,26,260000,1,2549952,Tenacity %,1.67%,167,1,1671,E,4,4,0,100.0,59.2,83.3,59.2,0,0.0,slice,0,0,0,0,36.9,0.0,33.7,100.0,JARJARBINKS,CANDIDATE,SLICE,wartość moda lub dopasowanie do postaci uzasadnia kolejny roll,0.0,,,,,,,,,,,,,,,,,,,,,,,
LURPB3lVSxKkku2UGW8F5A,454,Speed,5,Triangle,1,15,False,0,True,POSTAĆ: NIGHTSISTERZOMBIE,COvJQSPFT4Gfo8VngKHKTg,Health %,5.88%,588,0,,Offense %,0.53%,53,1,536,Offense,37,370000,1,3681744,Potency %,1.69%,169,1,1696,Protection,586,5860000,1,58602983,E,4,4,0,100.0,64.0,0.0,64.0,0,0.0,slice,0,0,0,0,26.7,0.0,18.0,100.0,JARJARBINKS,CANDIDATE,SLICE,wartość moda lub dopasowanie do postaci uzasadnia kolejny roll,0.0,,,,,,,,,,,,,,,,,,,,,,,
PrKpodlHRo-LY5CPf5xCLg,454,Speed,5,Triangle,1,15,False,0,True,POSTAĆ: LOGRAY,GuFNgN4vTyCd6RkM9gKvUQ,Critical Chance %,12%,1200,0,,Protection %,1.95%,195,1,1951,Offense,35,350000,1,3492276,Potency %,1.91%,191,1,1914,Speed,5,50000,1,567210,E,4,4,0,100.0,71.5,83.3,71.5,0,0.0,slice,0,0,0,0,42.6,0.0,42.5,100.0,JARJARBINKS,CANDIDATE,SLICE,wartość moda lub dopasowanie do postaci uzasadnia kolejny roll,0.0,,,,,,,,,,,,,,,,,,,,,,,
QWT14toCRBWMxij9MW0c2g,454,Speed,5,Triangle,1,15,False,0,True,POSTAĆ: TUSKENCHIEFTAIN,ifcf_6BgSlmkUESd4F1mww,Protection %,23.5%,2350,0,,Defense %,1.03%,103,1,1032,Speed,5,50000,1,555960,Offense %,0.51%,51,1,512,Offense,46,460000,1,4530816,E,4,4,0,100.0,79.0,83.3,79.0,0,0.0,slice,0,0,0,0,36.9,0.0,33.7,100.0,JARJARBINKS,CANDIDATE,SLICE,wartość moda lub dopasowanie do postaci uzasadnia kolejny roll,0.0,,,,,,,,,,,,,,,,,,,,,,,
RbzEAFWjQz-Jxz6fznN1JQ,454,Speed,5,Triangle,4,15,False,0,True,POSTAĆ: C3POLEGENDARY,pM9oOUHqQReNsQRXGGZYuQ,Critical Chance %,12%,1200,0,,Offense %,1.36%,136,3,484|403|482,Speed,5,50000,1,571380,Offense,82,820000,2,3768612|4377828,Defense %,1.05%,105,1,1051,B,7,7,0,100.0,83.1,83.3,83.1,0,0.0,slice,0,0,0,0,30.7,0.0,24.2,100.0,JARJARBINKS,CANDIDATE,SLICE,wartość moda lub dopasowanie do postaci uzasadnia kolejny roll,0.0,,,,,,,,,,,,,,,,,,,,,,,
UFb6qRtYS3SvSMEjM7Rg8w,454,Speed,5,Triangle,3,15,False,0,True,POSTAĆ: ZUCKUSS,2Hnd3xTKQx2mjOfWoquviQ,Protection %,23.5%,2350,0,,Speed,5,50000,1,558000,Offense,25,250000,1,2422272,Health,583,5830000,2,22527216|35828817,Potency %,2.69%,269,2,1274|1419,C,6,6,0,100.0,57.7,83.3,57.7,0,0.0,slice,0,0,0,0,36.5,0.0,33.1,100.0,JARJARBINKS,CANDIDATE,KEEP,obserwuj przed wydaniem materiałów,0.0,,,,,,,,,,,,,,,,,,,,,,,
U_JyXddeTEi7X2s67METOQ,454,Speed,5,Triangle,4,15,False,0,True,POSTAĆ: CAPTAINSILVO,GfeI_j1jQaGE0PV27rwMGg,Health %,5.88%,588,0,,Speed,8,80000,2,462960|383460,Critical Chance %,1.12%,112,1,1128,Tenacity %,2.55%,255,2,1409|1147,Potency %,3.5%,350,2,1454|2049,B,7,7,0,100.0,50.4,66.7,50.4,0,0.0,slice,0,0,0,0,33.6,0.0,28.6,100.0,JARJARBINKS,CANDIDATE,SLICE,wartość moda lub dopasowanie do postaci uzasadnia kolejny roll,0.0,,,,,,,,,,,,,,,,,,,,,,,
XQdZqVyzR52gZdIDgxvRKA,454,Speed,5,Triangle,4,15,False,0,True,POSTAĆ: CAPTAINTARPALS,ID6hA34wT-ehem_mRgkBFw,Critical Chance %,12%,1200,0,,Defense %,2.59%,259,2,1269|1325,Health %,0.79%,79,1,797,Speed,9,90000,2,587790|341760,Protection,1159,11590000,2,43170435|72785478,B,7,7,0,100.0,64.6,75.0,64.6,0,0.0,slice,0,0,0,0,40.5,0.0,39.2,100.0,JARJARBINKS,CANDIDATE,SLICE,wartość moda lub dopasowanie do postaci uzasadnia kolejny roll,0.0,,,,,,,,,,,,,,,,,,,,,,,
XwWL5G0_SVGY2W5-Fec20w,454,Speed,5,Triangle,5,15,False,0,True,POSTAĆ: HERMITYODA,35DQc3uwTDaDVs0AyRnA5Q,Defense %,11.75%,1175,0,,Speed,5,50000,1,514290,Defense,5,50000,1,511462,Health,1154,11540000,3,41214176|37528216|36671016,Tenacity %,4.93%,493,3,1555|1189|2187,A,8,8,0,100.0,46.0,83.3,46.0,0,55.7,6-dot,0,0,0,0,33.5,0.0,28.4,100.0,JARJARBINKS,CANDIDATE,SLICE_6E,5A ma wystarczającą wartość lub dopasowanie do postaci,0.0,,,,,,,,,,,,,,,,,,,,,,,
Z621sMLKRyu9PGJBsrav8g,454,Speed,5,Triangle,1,15,False,0,True,POSTAĆ: TUSKENSHAMAN,1m0dzfmrT_K8tP3jnyE1JA,Protection %,23.5%,2350,0,,Offense,44,440000,1,4321056,Speed,5,50000,1,573390,Potency %,1.39%,139,1,1395,Protection,765,7650000,1,76589626,E,4,4,0,100.0,66.0,83.3,66.0,0,0.0,slice,0,0,0,0,43.0,0.0,43.0,100.0,JARJARBINKS,CANDIDATE,SLICE,wartość moda lub dopasowanie do postaci uzasadnia kolejny roll,0.0,,,,,,,,,,,,,,,,,,,,,,,
_Hv_qS7SQ3KGnVx_lRXYkA,454,Speed,5,Triangle,2,15,False,0,True,POSTAĆ: SAWGERRERA,a87HTT1XQhSqzh1l2STnjA,Health %,5.88%,588,0,,Protection,783,7830000,1,78300662,Protection %,1.14%,114,1,1140,Tenacity %,4.15%,415,2,2050|2109,Speed,5,50000,1,546240,D,5,5,0,100.0,55.6,83.3,55.6,0,0.0,slice,0,0,0,0,37.4,0.0,34.5,100.0,JARJARBINKS,CANDIDATE,KEEP,obserwuj przed wydaniem materiałów,0.0,,,,,,,,,,,,,,,,,,,,,,,
acx_grmwR8ekoSfM8EmPxw,454,Speed,5,Triangle,1,15,False,0,True,POSTAĆ: ZAMWESELL,Nbq45D5tRcWX3Sq3C2ALRQ,Offense %,5.88%,588,0,,Speed,5,50000,1,584760,Health %,0.97%,97,1,975,Protection %,1.64%,164,1,1644,Protection,424,4240000,1,42402130,E,4,4,0,100.0,72.5,83.3,72.5,0,0.0,slice,0,0,0,0,43.0,0.0,43.1,100.0,JARJARBINKS,CANDIDATE,SLICE,wartość moda lub dopasowanie do postaci uzasadnia kolejny roll,0.0,,,,,,,,,,,,,,,,,,,,,,,
bIYnCZ-JS0ihfiRHeCRn0Q,454,Speed,5,Triangle,2,15,False,0,True,POSTAĆ: MASTERQUIGON,Zgk9W5B9S9if-enO2nf3ow,Health %,5.88%,588,0,,Defense,7,70000,1,734363,Speed,9,90000,2,543060|401910,Health,267,2670000,1,26731782,Defense %,1.64%,164,1,1643,D,5,5,0,100.0,64.8,75.0,64.8,0,0.0,slice,0,0,0,0,49.2,0.0,52.7,100.0,JARJARBINKS,CANDIDATE,SLICE,wartość moda lub dopasowanie do postaci uzasadnia kolejny roll,0.0,,,,,,,,,,,,,,,,,,,,,,,
bJeUTSxNRfmdFXoMASgB8A,454,Speed,5,Triangle,3,15,False,0,True,POSTAĆ: TIEFIGHTERPILOT,EGIGnBBeQKypl69_NjyZMQ,Defense %,11.75%,1175,0,,Speed,9,90000,2,514110|387330,Critical Chance %,1.72%,172,1,1720,Health %,0.82%,82,1,822,Protection,1247,12470000,2,60675330|64076637,C,6,6,0,100.0,65.5,75.0,65.5,0,0.0,slice,0,0,0,0,44.8,0.0,45.8,100.0,JARJARBINKS,CANDIDATE,SLICE,wartość moda lub dopasowanie do postaci uzasadnia kolejny roll,0.0,,,,,,,,,,,,,,,,,,,,,,,
c9ghsWihTVGRr0RAkGHA6A,454,Speed,5,Triangle,2,15,False,0,True,POSTAĆ: CHIEFCHIRPA,Dn4ab3A5QZWWDCv8qxRDfw,Critical Chance %,12%,1200,0,,Defense %,1.41%,141,1,1410,Offense,24,240000,1,2394684,Speed,9,90000,2,579990|352380,Protection,444,4440000,1,44499395,D,5,5,0,100.0,74.4,75.0,74.4,0,0.0,slice,0,0,0,0,50.4,0.0,54.4,100.0,JARJARBINKS,CANDIDATE,SLICE,wartość moda lub dopasowanie do postaci uzasadnia kolejny roll,0.0,,,,,,,,,,,,,,,,,,,,,,,
fC6zfdbdS8CQ69m7_idlhg,454,Speed,5,Triangle,2,15,False,0,True,POSTAĆ: HOTHHAN,X6drLk0WTp2kXFq3_B3_3w,Protection %,23.5%,2350,0,,Defense,5,50000,1,559335,Offense,40,400000,1,3947136,Speed,5,50000,1,522240,Defense %,3.23%,323,2,1575|1659,D,5,5,0,100.0,60.0,83.3,60.0,0,0.0,slice,0,0,0,0,36.6,0.0,33.2,100.0,JARJARBINKS,CANDIDATE,SLICE,wartość moda lub dopasowanie do postaci uzasadnia kolejny roll,0.0,,,,,,,,,,,,,,,,,,,,,,,
gfs2j_0rTCeyM5f2eBgDeA,454,Speed,5,Triangle,4,15,False,0,True,POSTAĆ: QUIGONJINN,4GDXlgfpST-ncBlJC4MD5Q,Offense %,5.88%,588,0,,Defense %,2.29%,229,2,1110|1185,Health,223,2230000,1,22375063,Potency %,1.81%,181,1,1815,Speed,11,110000,3,519780|320520|324210,B,7,7,0,100.0,66.6,61.1,66.6,0,0.0,slice,0,0,0,0,45.8,0.0,47.4,100.0,JARJARBINKS,CANDIDATE,SLICE,wartość moda lub dopasowanie do postaci uzasadnia kolejny roll,0.0,,,,,,,,,,,,,,,,,,,,,,,
hFKX1RuSTV-mEqRAU2evZA,454,Speed,5,Triangle,1,15,False,0,True,POSTAĆ: GENERALSYNDULLA,cxKTANbrQ820-mbbO3NZug,Health %,5.88%,588,0,,Protection,684,6840000,1,68433134,Offense %,0.43%,43,1,433,Defense %,0.91%,91,1,916,Defense,7,70000,1,762734,E,4,4,0,100.0,54.0,0.0,54.0,0,0.0,slice,0,0,0,0,26.2,0.0,17.2,100.0,JARJARBINKS,CANDIDATE,KEEP,obserwuj przed wydaniem materiałów,0.0,,,,,,,,,,,,,,,,,,,,,,,
hHk-PbWBRAOC-0hiBN221A,454,Speed,5,Triangle,2,15,False,0,True,POSTAĆ: BASTILASHANDARK,PW1L-e75QHah_i5rLIk8KA,Health %,5.88%,588,0,,Protection %,1.57%,157,1,1575,Health,659,6590000,2,26369615|39579067,Potency %,1.14%,114,1,1142,Critical Chance %,1.21%,121,1,1213,D,5,5,0,100.0,45.0,0.0,45.0,0,0.0,slice,0,0,0,0,27.9,0.0,19.9,100.0,JARJARBINKS,CANDIDATE,KEEP,wartość secondary zbyt niska,0.0,,,,,,,,,,,,,,,,,,,,,,,
iOUW_r1RRNSW0aKI6t-meQ,454,Speed,5,Triangle,1,15,False,0,True,POSTAĆ: STORMTROOPERHAN,bVOyKrAwSLyX6DBQPD25pA,Protection %,23.5%,2350,0,,Health %,1%,100,1,1000,Speed,5,50000,1,569460,Defense %,0.94%,94,1,941,Potency %,1.32%,132,1,1323,E,4,4,0,100.0,62.0,83.3,62.0,0,0.0,slice,0,0,0,0,31.2,0.0,25.0,100.0,JARJARBINKS,CANDIDATE,SLICE,wartość moda lub dopasowanie do postaci uzasadnia kolejny roll,0.0,,,,,,,,,,,,,,,,,,,,,,,
kUFHOr9PSVuqNO2vCOtNBw,454,Speed,5,Triangle,1,15,False,0,True,POSTAĆ: GREEFKARGA,glB8R2fVS3qp3gZo3f4x4Q,Protection %,23.5%,2350,0,,Defense,6,60000,1,620585,Tenacity %,1.14%,114,1,1142,Offense %,0.28%,28,1,289,Speed,5,50000,1,537390,E,4,4,0,100.0,64.0,83.3,64.0,0,0.0,slice,0,0,0,0,36.3,0.0,32.8,100.0,JARJARBINKS,CANDIDATE,SLICE,wartość moda lub dopasowanie do postaci uzasadnia kolejny roll,0.0,,,,,,,,,,,,,,,,,,,,,,,
rt2XLFZBRQWrsVVmho3vBw,454,Speed,5,Triangle,4,15,False,0,True,POSTAĆ: KYLEKATARN,NUyH0Un-QQ-qVlZICatTug,Critical Damage %,36%,3600,0,,Health %,1.9%,190,2,1030|871,Defense %,2.88%,288,3,1095|886|902,Critical Chance %,1.74%,174,1,1748,Offense,28,280000,1,2721636,B,7,7,0,100.0,53.9,0.0,53.9,0,0.0,slice,0,0,0,0,18.2,0.0,5.0,100.0,JARJARBINKS,CANDIDATE,KEEP,obserwuj przed wydaniem materiałów,0.0,,,,,,,,,,,,,,,,,,,,,,,
sl2gnWhhTByLDjF01R1K0A,454,Speed,5,Triangle,5,15,True,0,True,POSTAĆ: INQUISITORBARRISS,52-GUkO5T1aatTDKmGdtNQ,Offense %,5.88%,588,0,,Protection %,3.74%,374,2,1561|2186,Defense %,3.97%,397,3,897|1579|1501,Speed,8,80000,2,546750|320730,Health,306,3060000,1,30623470,A,8,8,0,100.0,64.2,66.7,64.2,0,51.1,6-dot,0,0,0,0,39.6,0.0,37.8,100.0,JARJARBINKS,CANDIDATE,SLICE_6E,5A ma wystarczającą wartość lub dopasowanie do postaci,0.0,,,,,,,,,,,,,,,,,,,,,,,
v1eRz9m2S3K-4tK6Tukjxg,454,Speed,5,Triangle,1,15,False,0,True,POSTAĆ: CAPTAINREX,3gaeLq9BQs-Hg-ZQfRFU7Q,Critical Damage %,36%,3600,0,,Offense %,0.5%,50,1,505,Potency %,1.2%,120,1,1208,Offense,37,370000,1,3634092,Speed,3,30000,1,340440,E,4,4,0,100.0,77.0,50.0,77.0,0,0.0,slice,0,0,0,0,36.9,0.0,33.7,100.0,JARJARBINKS,CANDIDATE,SLICE,wartość moda lub dopasowanie do postaci uzasadnia kolejny roll,0.0,,,,,,,,,,,,,,,,,,,,,,,
x9THPLw9QZ2wcdB4JuXgug,454,Speed,5,Triangle,5,15,False,0,True,POSTAĆ: VANGUARDTEMPLEGUARD,MAOBTufcR42eSPIIexcWCw,Protection %,23.5%,2350,0,,Critical Chance %,1.62%,162,1,1624,Tenacity %,5.52%,552,3,2157|2162|1207,Defense %,1.59%,159,1,1590,Protection,1866,18660000,3,44229450|64030954|78429405,A,8,8,0,100.0,37.6,0.0,37.6,0,58.9,6-dot,0,0,0,0,24.1,0.0,14.0,100.0,JARJARBINKS,CANDIDATE,SLICE_6E,5A ma wystarczającą wartość lub dopasowanie do postaci,0.0,,,,,,,,,,,,,,,,,,,,,,,
xNeb6eZRQSaJ-jNIJ-e0zA,454,Speed,5,Triangle,1,15,False,0,True,POSTAĆ: POE,UUEWhpzxRHSHN7A30aRySg,Health %,5.88%,588,0,,Speed,4,40000,1,492330,Protection %,1.92%,192,1,1927,Critical Chance %,1.23%,123,1,1232,Defense,7,70000,1,717850,E,4,4,0,100.0,57.2,66.7,57.2,0,0.0,slice,0,0,0,0,42.1,0.0,41.6,100.0,JARJARBINKS,CANDIDATE,KEEP,obserwuj przed wydaniem materiałów,0.0,,,,,,,,,,,,,,,,,,,,,,,
xee0o44fQrqWwQdv-IrLwA,454,Speed,5,Triangle,1,15,False,0,True,POSTAĆ: CT7567,JLM-m7ixRCOVuvT1dBCzSQ,Critical Chance %,12%,1200,0,,Health %,0.92%,92,1,921,Protection,416,4160000,1,41637978,Tenacity %,1.44%,144,1,1443,Speed,3,30000,1,376110,E,4,4,0,100.0,62.5,50.0,62.5,0,0.0,slice,0,0,0,0,37.3,0.0,34.3,100.0,JARJARBINKS,CANDIDATE,SLICE,wartość moda lub dopasowanie do postaci uzasadnia kolejny roll,0.0,,,,,,,,,,,,,,,,,,,,,,,
2JBVL8XwQwe__oahYoZCAA,454,Speed,5,Triangle,2,9,False,0,True,POSTAĆ: POGGLETHELESSER,svKQSHAyRUmW1dqnxfD2Kw,Defense %,7.25%,725,0,,Tenacity %,2.07%,207,1,2070,Speed,5,50000,1,555090,Protection,747,7470000,1,74799683,Offense %,0.39%,39,1,395,D,4,5,1,100.0,67.5,83.3,74.0,6.5,0.0,upgrade,0,0,0,0,37.3,0.0,34.3,100.0,JARJARBINKS,CANDIDATE,UPGRADE,nieujawnione wszystkie secondary,0.0,,,,,,,,,,,,,,,,,,,,,,,
Pp0osBdyS0ybExvdo9I8TQ,454,Speed,5,Triangle,2,9,False,0,True,POSTAĆ: MOFFGIDEONS1,HPnSQ9B5QYKlMeSpZV2uVg,Offense %,3.63%,363,0,,Critical Chance %,1.99%,199,1,1992,Protection,432,4320000,1,43241036,Speed,5,50000,1,500010,Defense %,1.53%,153,1,1539,D,4,5,1,100.0,53.8,83.3,63.0,9.2,0.0,upgrade,0,0,0,0,37.3,0.0,34.3,100.0,JARJARBINKS,CANDIDATE,UPGRADE,nieujawnione wszystkie secondary,0.0,,,,,,,,,,,,,,,,,,,,,,,
krIJh9xLRBWNyRkPi8R99w,454,Speed,5,Triangle,2,9,False,0,True,POSTAĆ: RESISTANCEPILOT,Z6ZsQzmNQsy8cyZcSNKuTQ,Critical Damage %,22.5%,2250,0,,Protection %,1.88%,188,1,1884,Offense %,0.52%,52,1,522,Health,390,3900000,1,39075462,Offense,44,440000,1,4332684,D,4,5,1,100.0,73.0,0.0,76.8,3.8,0.0,upgrade,0,0,0,0,31.6,0.0,25.5,100.0,JARJARBINKS,CANDIDATE,UPGRADE,nieujawnione wszystkie secondary,0.0,,,,,,,,,,,,,,,,,,,,,,,
na_nV9GwQ0-LunmFLI4MnA,454,Speed,5,Triangle,2,9,False,0,True,POSTAĆ: DARTHNIHILUS,zx4YAvQCQgW8iNmg1fKnLw,Health %,3.63%,363,0,,Tenacity %,1.78%,178,1,1781,Health,221,2210000,1,22160763,Defense %,1.32%,132,1,1320,Potency %,1.86%,186,1,1861,D,4,5,1,100.0,38.5,0.0,40.4,1.9,0.0,upgrade,0,0,0,0,20.2,0.0,8.0,100.0,JARJARBINKS,CANDIDATE,UPGRADE,nieujawnione wszystkie secondary,0.0,,,,,,,,,,,,,,,,,,,,,,,
v72CV5FWQaCWQ91ZCJTBEA,454,Speed,5,Triangle,2,9,False,0,True,POSTAĆ: KUIIL,dmUHCShASp6QkYkaZ_yX1A,Defense %,7.25%,725,0,,Offense,41,410000,1,4038564,Offense %,0.33%,33,1,339,Protection %,1.73%,173,1,1733,Speed,5,50000,1,572880,D,4,5,1,100.0,86.0,83.3,88.8,2.8,0.0,upgrade,0,0,0,0,42.6,0.0,42.5,100.0,JARJARBINKS,CANDIDATE,PATCH,PATCH 4LOM; zachowanie setu Speed,7.1,4usuu6ZZT4uCc72IUSIZ4w,SAFE,umm1Guh0QlC-Mx4RUkOImg,4LOM,Triangle,JARJARBINKS:Triangle,1,3,MOD: 4LOM -> JARJARBINKS; PATCH: KUIIL -> 4LOM; PATCH: MAGAZYN -> KUIIL,7.1,,,,,,,,,,,,,
70ZrCfo-Q5ud9BKYR8Xw9Q,454,Speed,5,Triangle,3,6,False,0,True,POSTAĆ: CAPTAINENOCH,MYo2BupuSfCihon9rUfSwg,Offense %,2.5%,250,0,,Potency %,1.14%,114,1,1142,Health %,0.72%,72,1,721,Speed,5,50000,1,503460,Offense,29,290000,1,2826060,C,4,6,2,100.0,72.0,83.3,81.3,9.3,0.0,upgrade,0,0,0,0,36.9,0.0,33.7,100.0,JARJARBINKS,CANDIDATE,UPGRADE,nieujawnione wszystkie secondary,0.0,,,,,,,,,,,,,,,,,,,,,,,
cKNz7lXVRkuvCQ_BjKwQgQ,454,Speed,5,Triangle,3,6,False,0,True,POSTAĆ: VEERS,psU_fbWrRvmPvrnEGCuShA,Critical Chance %,5.25%,525,0,,Health %,0.61%,61,1,613,Defense %,1.34%,134,1,1340,Speed,5,50000,1,569190,Health,306,3060000,1,30677045,C,4,6,2,100.0,65.5,83.3,77.0,11.5,0.0,upgrade,0,0,0,0,36.5,0.0,33.0,100.0,JARJARBINKS,CANDIDATE,UPGRADE,nieujawnione wszystkie secondary,0.0,,,,,,,,,,,,,,,,,,,,,,,
m4Z9ILXeSD6EoPLQLm9pPw,454,Speed,5,Triangle,3,6,False,0,True,POSTAĆ: DIRECTORKRENNIC,ZFn8QPPBSn6_na9yfjMQ2Q,Critical Damage %,15.75%,1575,0,,Health %,0.64%,64,1,643,Critical Chance %,1.75%,175,1,1757,Offense %,0.43%,43,1,438,Defense,6,60000,1,614313,C,4,6,2,100.0,55.8,0.0,67.8,12.1,0.0,upgrade,0,0,0,0,20.1,0.0,7.8,100.0,JARJARBINKS,CANDIDATE,UPGRADE,nieujawnione wszystkie secondary,0.0,,,,,,,,,,,,,,,,,,,,,,,
RpLe5YkJSZK-VTOuvJDGFg,454,Speed,5,Triangle,2,1,False,0,True,POSTAĆ: DARTHSION,OP5-B8qmQuKc8DFcXDEBsg,Protection %,2.5%,250,0,,Speed,5,50000,1,581850,,,,0,,,,,0,,,,,0,,D,1,5,4,100.0,100.0,83.3,100.0,0,0.0,upgrade,0,0,0,0,80.0,0.0,100.0,100.0,JARJARBINKS,CANDIDATE,UPGRADE,nieujawnione wszystkie secondary,0.0,,,,,,,,,,,,,,,,,,,,,,,
V4QLNLdWQE2PYUDORVgPPg,454,Speed,5,Triangle,5,1,False,0,True,POSTAĆ: DISGUISEDCLONETROOPER,a0jCiVupS9u2cch-0qWa1w,Health %,0.63%,63,0,,Offense,40,400000,1,3909972,Speed,3,30000,1,302340,Critical Chance %,1.7%,170,1,1702,Health,220,2200000,1,22085758,A,4,8,4,100.0,63.7,50.0,81.9,18.1,32.3,upgrade,0,0,0,0,42.1,0.0,41.7,100.0,JARJARBINKS,CANDIDATE,UPGRADE,nieujawnione wszystkie secondary,0.0,,,,,,,,,,,,,,,,,,,,,,,
fOcbD0W4SvyT2EpEPHPdcw,454,Speed,5,Triangle,2,1,False,0,True,POSTAĆ: OLDBENKENOBI,MoOuSI5CQjSQr9fw_QqA2A,Offense %,0.63%,63,0,,Speed,5,50000,1,582630,,,,0,,,,,0,,,,,0,,D,1,5,4,100.0,100.0,83.3,100.0,0,0.0,upgrade,0,0,0,0,80.0,0.0,100.0,100.0,JARJARBINKS,CANDIDATE,UPGRADE,nieujawnione wszystkie secondary,0.0,,,,,,,,,,,,,,,,,,,,,,,
hhpitXWsTHWe_9p60Vb9Kg,454,Speed,5,Triangle,5,1,False,0,True,POSTAĆ: CC2224,m_J2fZDlR1qleanuhPmZRg,Critical Chance %,1.5%,150,0,,Offense %,0.52%,52,1,521,Speed,5,50000,1,581310,Health,365,3650000,1,36566009,Defense %,1.07%,107,1,1070,A,4,8,4,100.0,70.5,83.3,85.2,14.8,61.9,upgrade,0,0,0,0,36.5,0.0,33.0,100.0,JARJARBINKS,CANDIDATE,UPGRADE,nieujawnione wszystkie secondary,0.0,,,,,,,,,,,,,,,,,,,,,,,
mRpJM837RDCB2snKDJawwA,454,Speed,5,Triangle,4,1,False,0,True,POSTAĆ: 50RT,513pynD8T6a2FqFSDdtzAA,Offense %,0.63%,63,0,,Protection,674,6740000,1,67423955,Tenacity %,2.02%,202,1,2026,Speed,5,50000,1,520710,,,,0,,B,3,7,4,100.0,59.3,83.3,82.6,23.2,0.0,upgrade,0,0,0,0,44.8,0.0,45.8,100.0,JARJARBINKS,CANDIDATE,UPGRADE,nieujawnione wszystkie secondary,0.0,,,,,,,,,,,,,,,,,,,,,,,
4Z4WBREIQTWvaUxVcqg88A,462,Speed,6,Arrow,5,15,False,0,True,POSTAĆ: GRANDMOFFTARKIN,MJi85yxFQUeaznaA7mkRPA,Speed,32,320000,0,,Tenacity %,6.94%,694,3,1527|2776|2642,Critical Chance %,8.78%,878,5,1419|2013|2206|1402|1749,Defense %,6.04%,604,2,2516|3527,Potency %,3.68%,368,2,1849|1832,A,12,12,0,100.0,30.6,0.0,30.6,0,0.0,calibration,6,0,6,15,34.0,95.1,0.0,100.0,JARJARBINKS,CANDIDATE,KEEP,6A nie wymaga obecnie inwestycji,0.0,,,,,,,,,,,,,,,,,,,,,,,
HRfnUW9PSFGTmeIKM55qYg,462,Speed,6,Arrow,5,15,False,0,True,POSTAĆ: JEDIKNIGHTREVAN,ygHtxMMsQoi_z9K1Jk0OEg,Protection %,24%,2400,0,,Health,770,7700000,2,41293800|35788500,Defense %,9.48%,948,3,3124|3509|2849,Protection,1035,10350000,2,48097600|55485200,Speed,24,240000,5,596340|422670|405210|483900|412260,A,12,12,0,100.0,68.2,80.0,68.2,0,0.0,calibration,6,0,6,15,49.6,0.0,53.2,100.0,JARJARBINKS,CANDIDATE,CALIBRATE,6A ma wartość lub dopasowanie uzasadniające calibration,0.0,,,,,,,,,,,,,,,,,,,,,,,
K48l4EzuTl-_YKiSf1RYMA,462,Speed,6,Arrow,5,15,False,0,True,POSTAĆ: BB8,sQ2eJXTSQZmKc84UCtg_fQ,Speed,32,320000,0,,Protection,1187,11870000,2,49114200|69648600,Critical Chance %,7.89%,789,4,1420|2264|2280|1933,Protection %,5.13%,513,2,2880|2258,Defense %,13.02%,1302,4,3370|3834|2886|2935,A,12,12,0,100.0,42.0,0.0,42.0,0,0.0,calibration,6,0,6,15,41.9,95.1,12.1,100.0,JARJARBINKS,CANDIDATE,KEEP,6A nie wymaga obecnie inwestycji,0.0,,,,,,,,,,,,,,,,,,,,,,,
NDNnje0hTJy13oDqueK1WQ,462,Speed,6,Arrow,5,15,False,0,True,POSTAĆ: EMPERORPALPATINE,xsF4e7dXTnKfT3PSKXMPNA,Speed,32,320000,0,,Critical Chance %,9.28%,928,5,2317|1870|2022|1744|1331,Potency %,1.53%,153,1,1532,Health,1122,11220000,3,50292900|29961900|32030100,Defense %,8.45%,845,3,2531|3711|2208,A,12,12,0,100.0,35.8,0.0,35.8,0,0.0,calibration,6,0,6,15,39.2,95.1,8.0,100.0,JARJARBINKS,CANDIDATE,KEEP,6A nie wymaga obecnie inwestycji,0.0,,,,,,,,,,,,,,,,,,,,,,,
QXuTdLyIRRCUbc-dMus7Ew,462,Speed,6,Arrow,5,15,False,0,True,POSTAĆ: VANGUARDTEMPLEGUARD,MAOBTufcR42eSPIIexcWCw,Protection %,24%,2400,0,,Offense,74,740000,2,3428250|3926250,Tenacity %,4.69%,469,2,1777|2917,Speed,17,170000,4,485430|491820|317910|308640,Defense %,10.52%,1052,4,2671|3363|2129|2363,A,12,12,0,100.0,66.0,70.8,66.0,0,0.0,calibration,6,0,6,15,40.4,0.0,39.1,100.0,JARJARBINKS,CANDIDATE,CALIBRATE,6A ma wartość lub dopasowanie uzasadniające calibration,0.0,,,,,,,,,,,,,,,,,,,,,,,
Z5C5sQ8KRCeGjqKu6NPRlQ,462,Speed,6,Arrow,5,15,False,0,True,POSTAĆ: OPERATIVE,f1SXqj4iSEet5HYh6mq_Cg,Speed,32,320000,0,,Potency %,7.8%,780,4,1628|1947|2729|1500,Critical Chance %,1.51%,151,1,1516,Defense,44,440000,4,1024800|1144160|1051680|1228880,Protection,2151,21510000,3,81116400|71042400|62964800,A,12,12,0,100.0,36.8,0.0,36.8,0,0.0,calibration,6,0,6,15,46.9,95.1,19.8,100.0,JARJARBINKS,CANDIDATE,KEEP,6A nie wymaga obecnie inwestycji,0.0,,,,,,,,,,,,,,,,,,,,,,,
b34KBmWUQWePQlVtENh-XA,462,Speed,6,Arrow,1,15,False,0,True,POSTAĆ: BASTILASHAN,dnE0ZmQURMC8x7WzoHVW6w,Speed,32,320000,0,,Health,526,5260000,1,52677000,Potency %,5.76%,576,3,1540|2519|1710,Protection %,6.14%,614,3,2095|1677|2371,Tenacity %,2.54%,254,1,2545,E,8,8,0,100.0,48.7,0.0,48.7,0,0.0,slice,1,0,1,15,45.2,95.1,17.2,100.0,JARJARBINKS,CANDIDATE,KEEP,brak wystarczającej wartości do kolejnego slice,0.0,,,,,,,,,,,,,,,,,,,,,,,
ef8Jt6eOQtKiY6yv62wPAA,462,Speed,6,Arrow,1,15,False,0,True,POSTAĆ: HONDO,rRZOvE36Rtqgs4rIDAg8Vg,Speed,32,320000,0,,Critical Chance %,6.27%,627,3,2111|2027|2139,Offense %,1.44%,144,1,1445,Health %,2.59%,259,2,1153|1444,Offense,82,820000,2,3903750|4286250,E,8,8,0,100.0,59.4,0.0,59.4,0,0.0,slice,1,0,1,15,39.7,95.1,8.7,100.0,JARJARBINKS,CANDIDATE,KEEP,brak wystarczającej wartości do kolejnego slice,0.0,,,,,,,,,,,,,,,,,,,,,,,
lqmwwRvSTnGDNKa0jaGegA,462,Speed,6,Arrow,5,15,False,0,True,POSTAĆ: FIFTHBROTHER,9We500nHT8GboemEWp15sg,Speed,32,320000,0,,Health,1540,15400000,4,34727400|51756300|27488700|40030200,Tenacity %,1.91%,191,1,1918,Potency %,12.35%,1235,5,2669|2630|2641|1575|2836,Offense,77,770000,2,4077000|3601250,A,12,12,0,100.0,46.3,0.0,46.3,0,0.0,calibration,6,0,6,15,44.7,95.1,16.5,100.0,JARJARBINKS,CANDIDATE,KEEP,6A nie wymaga obecnie inwestycji,0.0,,,,,,,,,,,,,,,,,,,,,,,
qE1JXlz1RySjhUnspzgUYw,462,Speed,6,Arrow,1,15,False,0,True,POSTAĆ: POGGLETHELESSER,svKQSHAyRUmW1dqnxfD2Kw,Speed,32,320000,0,,Offense,89,890000,2,4357250|4495500,Protection %,5.41%,541,3,1643|1599|2170,Offense %,2.37%,237,2,1115|1256,Defense,15,150000,1,1571200,E,8,8,0,100.0,74.0,0.0,74.0,0,0.0,slice,1,0,1,15,50.8,95.1,25.8,100.0,JARJARBINKS,CANDIDATE,SLICE,6-dot ma dobry profil do kolejnego rolla,0.0,,,,,,,,,,,,,,,,,,,,,,,
QbRLuOfCSLCvxcr0DZ5PKQ,465,Speed,6,Circle,5,15,False,5,True,POSTAĆ: MARAJADE,uuuVPVVHTbSZyG-sI08oWw,Protection %,24%,2400,0,,Defense %,15.26%,1526,4,3615|3907|3749|3992,Speed,16,160000,3,596070|479910|519690,Health,1181,11810000,3,40929300|39492900|37751400,Critical Chance %,2.93%,293,2,1595|1342,A,12,12,0,100.0,55.2,88.9,55.2,0,0.0,calibration,6,5,1,150,36.5,0.0,33.0,100.0,JARJARBINKS,CANDIDATE,CALIBRATE,6A ma wartość lub dopasowanie uzasadniające calibration,0.0,,,,,,,,,,,,,,,,,,,,,,,
S9UsgYemSNmj72tx_QDbSA,465,Speed,6,Circle,5,15,False,0,True,POSTAĆ: EPIXFINN,iEQuUOZJRwqSD8W1U0MFuw,Health %,16%,1600,0,,Critical Chance %,1.51%,151,1,1512,Speed,16,160000,3,544350|536820|518730,Defense,48,480000,4,1452160|940080|1533280|922160,Offense,152,1520000,4,3393750|2946750|4002250|4788000,A,12,12,0,100.0,65.8,88.9,65.8,0,0.0,calibration,6,0,6,15,45.6,0.0,47.0,100.0,JARJARBINKS,CANDIDATE,CALIBRATE,6A ma wartość lub dopasowanie uzasadniające calibration,0.0,,,,,,,,,,,,,,,,,,,,,,,
VuGro-_oSHSFImKVy4hPeg,465,Speed,6,Circle,5,15,False,0,True,POSTAĆ: FIFTHBROTHER,9We500nHT8GboemEWp15sg,Protection %,24%,2400,0,,Offense,30,300000,1,2964250,Defense %,10.12%,1012,3,3840|3667|2622,Protection,3136,31360000,4,71962400|85426600|72454600|83807400,Speed,17,170000,4,529440|355650|436620|363750,A,12,12,0,100.0,66.7,70.8,66.7,0,0.0,calibration,6,0,6,15,46.6,0.0,48.7,100.0,JARJARBINKS,CANDIDATE,CALIBRATE,6A ma wartość lub dopasowanie uzasadniające calibration,0.0,,,,,,,,,,,,,,,,,,,,,,,
tG3IXTi8SVe5-8y-QAd0-g,465,Speed,6,Circle,5,15,False,3,True,POSTAĆ: HERMITYODA,35DQc3uwTDaDVs0AyRnA5Q,Health %,16%,1600,0,,Speed,11,110000,2,518550|558660,Offense,113,1130000,3,3554500|4499000|3159750,Offense %,5.07%,507,4,1315|1621|882|1251,Defense %,9.36%,936,3,3956|2469|2935,A,12,12,0,100.0,78.3,91.7,78.3,0,0.0,calibration,6,3,3,75,31.5,0.0,25.4,100.0,JARJARBINKS,CANDIDATE,CALIBRATE,6A ma wartość lub dopasowanie uzasadniające calibration,0.0,,,,,,,,,,,,,,,,,,,,,,,
uaW3hz4vSau7Lrcr79BmFA,465,Speed,6,Circle,5,15,False,0,True,POSTAĆ: VANGUARDTEMPLEGUARD,MAOBTufcR42eSPIIexcWCw,Protection %,24%,2400,0,,Health %,5.16%,516,3,1589|1690|1884,Offense %,4.06%,406,3,1227|1203|1633,Speed,18,180000,4,532710|459330|409410|359310,Health,787,7870000,2,49059000|29691900,A,12,12,0,100.0,82.3,75.0,82.3,0.0,0.0,calibration,6,0,6,15,40.1,0.0,38.7,100.0,JARJARBINKS,CANDIDATE,CALIBRATE,6A ma wartość lub dopasowanie uzasadniające calibration,0.0,,,,,,,,,,,,,,,,,,,,,,,
wgcA7jTtS-C-l_WJMuh8wA,465,Speed,6,Circle,3,15,False,0,True,POSTAĆ: HONDO,rRZOvE36Rtqgs4rIDAg8Vg,Health %,16%,1600,0,,Speed,15,150000,3,546450|544560|373440,Defense %,5.75%,575,2,3447|2307,Health,937,9370000,3,29651400|34576200|29551500,Defense,21,210000,2,1371280|801200,C,10,10,0,100.0,59.6,83.3,59.6,0,0.0,slice,3,0,3,15,44.8,0.0,45.9,100.0,JARJARBINKS,CANDIDATE,SLICE,6-dot ma dobry profil do kolejnego rolla,0.0,,,,,,,,,,,,,,,,,,,,,,,
zeQdKt-yQC-X2vJ9Rh0kww,465,Speed,6,Circle,5,15,False,0,True,POSTAĆ: GRANDADMIRALTHRAWN,EE7VnvB4T0aIckRNrkNqAA,Protection %,24%,2400,0,,Protection,1581,15810000,2,88701800|69460000,Offense %,5.44%,544,5,1152|1010|1025|1253|1002,Speed,9,90000,2,552090|346650,Offense,114,1140000,3,3967250|3460750|3913000,A,12,12,0,100.0,83.5,75.0,83.5,0,0.0,calibration,6,0,6,15,35.5,0.0,31.6,100.0,JARJARBINKS,CANDIDATE,CALIBRATE,6A ma wartość lub dopasowanie uzasadniające calibration,0.0,,,,,,,,,,,,,,,,,,,,,,,
3sIVpMR5QDOWNi_W0KShvA,466,Speed,6,Cross,5,15,False,0,True,POSTAĆ: GRANDMOFFTARKIN,MJi85yxFQUeaznaA7mkRPA,Potency %,30%,3000,0,,Defense %,13.86%,1386,4,3489|2696|3687|3993,Health %,3.25%,325,2,1723|1531,Speed,12,120000,2,518730|593280,Offense %,4.94%,494,4,1257|1526|879|1285,A,12,12,0,100.0,73.3,100.0,73.3,0,0.0,calibration,6,0,6,15,25.8,0.0,16.7,100.0,JARJARBINKS,CANDIDATE,CALIBRATE,6A ma wartość lub dopasowanie uzasadniające calibration,0.0,,,,,,,,,,,,,,,,,,,,,,,
8UPXb-VeSU-S0hQrQIC_hw,466,Speed,6,Cross,3,15,False,1,True,POSTAĆ: GEONOSIANBROODALPHA,EwaIJIQgRWGLZQCu-DgCiQ,Protection %,24%,2400,0,,Offense %,1.54%,154,1,1545,Potency %,6.62%,662,3,2399|2421|1800,Speed,10,100000,2,546330|408000,Offense,150,1500000,4,2913500|3149000|3978500|4912750,C,10,10,0,100.0,72.2,83.3,72.2,0,0.0,slice,3,1,2,25,37.0,0.0,33.9,100.0,JARJARBINKS,CANDIDATE,SLICE,6-dot ma dobry profil do kolejnego rolla,0.0,,,,,,,,,,,,,,,,,,,,,,,
KCWp-MSUTSiUKBHum9UUBA,466,Speed,6,Cross,5,15,False,4,True,POSTAĆ: EMPERORPALPATINE,xsF4e7dXTnKfT3PSKXMPNA,Potency %,30%,3000,0,,Offense,199,1990000,5,3636250|3310500|4320250|4265500|4334500,Protection,1913,19130000,3,50434400|86070600|54822800,Speed,10,100000,2,573120|420630,Defense %,5.94%,594,2,3209|2730,A,12,12,0,100.0,69.8,83.3,69.8,0,0.0,calibration,6,4,2,100,41.3,0.0,40.5,100.0,JARJARBINKS,CANDIDATE,CALIBRATE,6A ma wartość lub dopasowanie uzasadniające calibration,0.0,,,,,,,,,,,,,,,,,,,,,,,
OObOJrGIT0en4UmOyD1gTA,466,Speed,6,Cross,5,15,False,3,True,POSTAĆ: CAPTAINTARPALS,ID6hA34wT-ehem_mRgkBFw,Offense %,8.5%,850,0,,Protection,2164,21640000,3,66594200|68572200|81254400,Speed,9,90000,2,525870|329160,Tenacity %,7.68%,768,4,2346|2050|1502|1787,Protection %,7.03%,703,3,1544|2571|2915,A,12,12,0,100.0,56.2,75.0,56.2,0,0.0,calibration,6,3,3,75,37.6,0.0,34.8,100.0,JARJARBINKS,CANDIDATE,KEEP,6A nie wymaga obecnie inwestycji,0.0,,,,,,,,,,,,,,,,,,,,,,,
QmBvpiKmQMGWRzrftPaGPg,466,Speed,6,Cross,5,15,False,0,True,POSTAĆ: MARAJADE,uuuVPVVHTbSZyG-sI08oWw,Potency %,30%,3000,0,,Defense,15,150000,1,1506560,Health,2082,20820000,5,50201100|38202300|37197900|28863000|53802900,Health %,3.6%,360,2,1665|1938,Speed,19,190000,4,570450|455730|366870|442410,A,12,12,0,100.0,68.2,79.2,68.2,0,0.0,calibration,6,0,6,15,47.1,0.0,49.3,100.0,JARJARBINKS,CANDIDATE,CALIBRATE,6A ma wartość lub dopasowanie uzasadniające calibration,0.0,,,,,,,,,,,,,,,,,,,,,,,
Wmr3DxuwR3-01ZxFrEFHKg,466,Speed,6,Cross,5,15,False,3,True,POSTAĆ: BB8,sQ2eJXTSQZmKc84UCtg_fQ,Defense %,20%,2000,0,,Health %,6.12%,612,4,1052|1887|1288|1899,Protection,1784,17840000,3,48893400|50199800|79354600,Speed,10,100000,2,534720|375720,Defense,32,320000,3,916640|870240|1443280,A,12,12,0,100.0,61.2,83.3,61.2,0,0.0,calibration,6,3,3,75,37.0,0.0,33.8,100.0,JARJARBINKS,CANDIDATE,CALIBRATE,6A ma wartość lub dopasowanie uzasadniające calibration,0.0,,,,,,,,,,,,,,,,,,,,,,,
qt2YN8alRK-ss4z_EZjQmw,466,Speed,6,Cross,3,15,False,0,True,POSTAĆ: BOOMADIER,I-M6qZctR4y_eyiDi7CTRA,Offense %,8.5%,850,0,,Defense %,5.9%,590,2,3728|2177,Potency %,2.02%,202,1,2021,Speed,10,100000,2,537330|411570,Protection,4202,42020000,5,90707400|90500400|89723000|65987000|83342800,C,10,10,0,100.0,55.8,83.3,55.8,0,0.0,slice,3,0,3,15,40.1,0.0,38.7,100.0,JARJARBINKS,CANDIDATE,KEEP,brak wystarczającej wartości do kolejnego slice,0.0,,,,,,,,,,,,,,,,,,,,,,,
uP6NXHexSEmTdt5m2fVADw,466,Speed,6,Cross,5,15,False,0,True,POSTAĆ: SEVENTHSISTER,FFMPIG2FQnKo3dr5NkEJTg,Tenacity %,35%,3500,0,,Offense %,4.18%,418,3,1099|1676|1407,Speed,20,200000,4,585540|433620|550590|379530,Health,1379,13790000,3,31041900|53335800|53603100,Potency %,4.37%,437,2,1953|2418,A,12,12,0,100.0,74.0,83.3,74.0,0,0.0,calibration,6,0,6,15,41.9,0.0,41.4,100.0,JARJARBINKS,CANDIDATE,CALIBRATE,6A ma wartość lub dopasowanie uzasadniające calibration,0.0,,,,,,,,,,,,,,,,,,,,,,,
xmIKFvRvQUWXOFl6CMx_iQ,466,Speed,6,Cross,5,15,False,1,True,POSTAĆ: GRANDADMIRALTHRAWN,EE7VnvB4T0aIckRNrkNqAA,Protection %,24%,2400,0,,Speed,15,150000,3,480180|473550|512250,Critical Chance %,5.43%,543,3,1686|1899|1851,Health,1018,10180000,3,35712900|36053100|30123900,Potency %,6.07%,607,3,2022|2286|1768,A,12,12,0,100.0,51.8,83.3,51.7,0,0.0,calibration,6,1,5,25,36.5,0.0,33.0,100.0,JARJARBINKS,CANDIDATE,CALIBRATE,6A ma wartość lub dopasowanie uzasadniające calibration,0.0,,,,,,,,,,,,,,,,,,,,,,,
9kyKRDeASVWicVQhUVxrqg,463,Speed,6,Diamond,5,15,False,0,True,POSTAĆ: EPIXFINN,iEQuUOZJRwqSD8W1U0MFuw,Defense %,20%,2000,0,,Defense,39,390000,4,964800|854880|978960|1175280,Health %,3.81%,381,2,1978|1833,Speed,14,140000,3,524640|336870|476490,Offense,103,1030000,3,2777500|4907000|2572000,A,12,12,0,100.0,68.8,77.8,68.8,0,0.0,calibration,6,0,6,15,43.7,0.0,44.1,100.0,JARJARBINKS,CANDIDATE,CALIBRATE,6A ma wartość lub dopasowanie uzasadniające calibration,0.0,,,,,,,,,,,,,,,,,,,,,,,
C5_k1xDPSNy_7ZR5WfbzHw,463,Speed,6,Diamond,5,15,False,0,True,POSTAĆ: OPERATIVE,f1SXqj4iSEet5HYh6mq_Cg,Defense %,20%,2000,0,,Critical Chance %,4.28%,428,2,2051|2233,Speed,19,190000,4,575160|420630|426030|435120,Health %,4.37%,437,3,1421|1144|1810,Offense %,3.85%,385,3,1478|1061|1315,A,12,12,0,100.0,78.5,79.2,78.5,0,0.0,calibration,6,0,6,15,36.7,0.0,33.3,100.0,JARJARBINKS,CANDIDATE,CALIBRATE,6A ma wartość lub dopasowanie uzasadniające calibration,0.0,,,,,,,,,,,,,,,,,,,,,,,
KzZHLTMZTG-UFGShG0RJTw,463,Speed,6,Diamond,5,15,False,0,True,POSTAĆ: JARJARBINKS,xD7HYU-mSqOMqbg1Rllnug,Defense %,20%,2000,0,,Tenacity %,5.13%,513,2,2388|2744,Potency %,3.46%,346,2,1965|1503,Speed,21,210000,5,515670|439470|380880|407520|309420,Protection,1994,19940000,3,75407800|59491800|64593200,A,12,12,0,100.0,64.3,70.0,64.3,0,0.0,calibration,6,0,6,15,48.2,0.0,51.0,100.0,JARJARBINKS,TARGET,CALIBRATE,6A ma wartość lub dopasowanie uzasadniające calibration,0.0,,,,,,,,,,,,,,,,,,,,,,,
LWqHt_tzQyqiagdwAJNy2Q,463,Speed,6,Diamond,5,15,False,0,True,POSTAĆ: JEDIKNIGHTREVAN,ygHtxMMsQoi_z9K1Jk0OEg,Defense %,20%,2000,0,,Defense,21,210000,2,1246000|880640,Speed,13,130000,3,453510|395460|447720,Tenacity %,13.01%,1301,5,2147|2768|2800|2317|2981,Offense,71,710000,2,2816750|4278750,A,12,12,0,100.0,56.8,72.2,56.8,0,0.0,calibration,6,0,6,15,38.4,0.0,36.0,100.0,JARJARBINKS,CANDIDATE,CALIBRATE,6A ma wartość lub dopasowanie uzasadniające calibration,0.0,,,,,,,,,,,,,,,,,,,,,,,
Rm4zb4CgR1yTaWwqEAdzfQ,463,Speed,6,Diamond,5,15,False,0,True,POSTAĆ: MARAJADE,uuuVPVVHTbSZyG-sI08oWw,Defense %,20%,2000,0,,Offense,116,1160000,3,4163000|2996750|4357500,Protection %,5.98%,598,3,2087|1724|2174,Health %,5.46%,546,3,1911|1762|1787,Speed,16,160000,3,594390|525660|441090,A,12,12,0,100.0,81.0,88.9,81.0,0,0.0,calibration,6,0,6,15,42.6,0.0,42.5,100.0,JARJARBINKS,CANDIDATE,CALIBRATE,6A ma wartość lub dopasowanie uzasadniające calibration,0.0,,,,,,,,,,,,,,,,,,,,,,,
ekWQaTR-TimBvRNpxNTxAA,463,Speed,6,Diamond,5,15,False,0,True,POSTAĆ: GRANDMOFFTARKIN,MJi85yxFQUeaznaA7mkRPA,Defense %,20%,2000,0,,Potency %,5.7%,570,3,1654|2241|1808,Health %,5.1%,510,3,1612|1669|1826,Speed,16,160000,3,558480|495630|541560,Protection %,7.62%,762,3,2640|2737|2247,A,12,12,0,100.0,69.0,88.9,69.0,0,0.0,calibration,6,0,6,15,37.0,0.0,33.8,100.0,JARJARBINKS,CANDIDATE,CALIBRATE,6A ma wartość lub dopasowanie uzasadniające calibration,0.0,,,,,,,,,,,,,,,,,,,,,,,
fUhCgz8sQ4yODzdM4P5r5A,463,Speed,6,Diamond,5,15,False,0,True,POSTAĆ: EMPERORPALPATINE,xsF4e7dXTnKfT3PSKXMPNA,Defense %,20%,2000,0,,Tenacity %,8.31%,831,3,2923|2525|2865,Offense %,1.33%,133,1,1335,Speed,19,190000,4,445920|497310|538080|391770,Health,1560,15600000,4,35823600|30596400|38874600|50803200,A,12,12,0,100.0,64.5,79.2,64.5,0,0.0,calibration,6,0,6,15,43.6,0.0,44.0,100.0,JARJARBINKS,CANDIDATE,CALIBRATE,6A ma wartość lub dopasowanie uzasadniające calibration,0.0,,,,,,,,,,,,,,,,,,,,,,,
i7-pvglSR8SnaEI6jiA4aA,463,Speed,6,Diamond,3,15,False,0,True,POSTAĆ: HONDO,rRZOvE36Rtqgs4rIDAg8Vg,Defense %,20%,2000,0,,Potency %,1.91%,191,1,1913,Speed,12,120000,2,587670|552450,Defense,43,430000,3,1231040|1568720|1538160,Tenacity %,9.62%,962,4,2408|2228|2296|2688,C,10,10,0,100.0,45.6,100.0,45.6,0,0.0,slice,3,0,3,15,34.1,0.0,29.4,100.0,JARJARBINKS,CANDIDATE,KEEP,brak wystarczającej wartości do kolejnego slice,0.0,,,,,,,,,,,,,,,,,,,,,,,
mRzNeAqbT2uX5J_TGJOnpg,463,Speed,6,Diamond,5,15,False,0,True,POSTAĆ: GRANDADMIRALTHRAWN,EE7VnvB4T0aIckRNrkNqAA,Defense %,20%,2000,0,,Defense,20,200000,2,997200|1005680,Protection,1618,16180000,3,52987400|61037400|47812400,Speed,15,150000,3,354720|498390|550980,Offense,169,1690000,4,3855000|4778250|3390000|4875250,A,12,12,0,100.0,70.0,83.3,70.0,0,0.0,calibration,6,0,6,15,48.2,0.0,51.1,100.0,JARJARBINKS,CANDIDATE,CALIBRATE,6A ma wartość lub dopasowanie uzasadniające calibration,0.0,,,,,,,,,,,,,,,,,,,,,,,
ok8L5i3bR8aqhsz_XdF7lw,463,Speed,6,Diamond,5,15,False,0,True,POSTAĆ: SEVENTHSISTER,FFMPIG2FQnKo3dr5NkEJTg,Defense %,20%,2000,0,,Potency %,2.53%,253,1,2534,Speed,23,230000,5,552900|517170|305100|358980|473580,Protection,1247,12470000,2,63756000|61032800,Defense,46,460000,4,1401200|1219360|948800|1117840,A,12,12,0,100.0,63.8,76.7,63.8,0,0.0,calibration,6,0,6,15,52.9,0.0,58.3,100.0,JARJARBINKS,CANDIDATE,CALIBRATE,6A ma wartość lub dopasowanie uzasadniające calibration,0.0,,,,,,,,,,,,,,,,,,,,,,,
tdrq4uKeRvOtzPxc7-nACg,463,Speed,6,Diamond,5,15,False,0,True,POSTAĆ: HERMITYODA,35DQc3uwTDaDVs0AyRnA5Q,Defense %,20%,2000,0,,Offense,115,1150000,3,4321250|4045000|3051500,Potency %,5.02%,502,2,2610|2412,Health,1144,11440000,3,36020700|38998800|39425400,Speed,19,190000,4,561540|475890|458130|361980,A,12,12,0,100.0,71.5,79.2,71.5,0,0.0,calibration,6,0,6,15,47.5,0.0,50.0,100.0,JARJARBINKS,CANDIDATE,CALIBRATE,6A ma wartość lub dopasowanie uzasadniające calibration,0.0,,,,,,,,,,,,,,,,,,,,,,,
vJJPNpKiQgqD7KjKm0WqXA,463,Speed,6,Diamond,5,15,False,0,True,POSTAĆ: BB8,sQ2eJXTSQZmKc84UCtg_fQ,Defense %,20%,2000,0,,Potency %,11.94%,1194,5,1975|2843|2732|1610|2786,Health,356,3560000,1,35677800,Speed,14,140000,3,509880|447450|376980,Offense,113,1130000,3,4036000|3268250|3952750,A,12,12,0,100.0,63.7,77.8,63.7,0,0.0,calibration,6,0,6,15,38.6,0.0,36.4,100.0,JARJARBINKS,CANDIDATE,CALIBRATE,6A ma wartość lub dopasowanie uzasadniające calibration,0.0,,,,,,,,,,,,,,,,,,,,,,,
xJV49ACHSw-ayUbLz06cIg,463,Speed,6,Diamond,1,15,False,0,True,POSTAĆ: SAWGERRERA,a87HTT1XQhSqzh1l2STnjA,Defense %,20%,2000,0,,Speed,6,60000,1,547140,Protection,2485,24850000,4,56423600|55149400|70053400|66966800,Critical Chance %,1.78%,178,1,1785,Potency %,4.68%,468,2,1827|2859,E,8,8,0,100.0,48.1,100.0,48.1,0,0.0,slice,1,0,1,15,35.3,0.0,31.2,100.0,JARJARBINKS,CANDIDATE,KEEP,brak wystarczającej wartości do kolejnego slice,0.0,,,,,,,,,,,,,,,,,,,,,,,
-r_Q6a9-Qj63IPCAQ9J10A,461,Speed,6,Square,5,15,False,0,True,POSTAĆ: FIFTHBROTHER,9We500nHT8GboemEWp15sg,Offense %,8.5%,850,0,,Speed,10,100000,2,518400|480300,Critical Chance %,4.97%,497,3,1845|1491|1637,Health,784,7840000,2,35305200|43191900,Tenacity %,10.81%,1081,5,2456|2232|2719|1787|1625,A,12,12,0,100.0,43.4,83.3,43.4,0,0.0,calibration,6,0,6,15,29.3,0.0,22.0,100.0,JARJARBINKS,CANDIDATE,KEEP,6A nie wymaga obecnie inwestycji,0.0,,,,,,,,,,,,,,,,,,,,,,,
07e1oNuQQ5SaoWbtbrvA4g,461,Speed,6,Square,5,15,False,1,True,POSTAĆ: GRANDADMIRALTHRAWN,EE7VnvB4T0aIckRNrkNqAA,Offense %,8.5%,850,0,,Defense %,13.03%,1303,4,3787|3170|2288|3785,Defense,25,250000,2,1013520|1570800,Speed,11,110000,2,525600|516210,Potency %,9.44%,944,4,2889|2150|2887|1523,A,12,12,0,100.0,47.7,91.7,47.7,0,0.0,calibration,6,1,5,25,29.2,0.0,21.9,100.0,JARJARBINKS,CANDIDATE,KEEP,6A nie wymaga obecnie inwestycji,0.0,,,,,,,,,,,,,,,,,,,,,,,
K-WlWrVHQO6QIxLbelSBmw,461,Speed,6,Square,5,15,False,1,True,POSTAĆ: BB8,sQ2eJXTSQZmKc84UCtg_fQ,Offense %,8.5%,850,0,,Tenacity %,7.25%,725,3,2490|2912|1853,Health,1438,14380000,4,28433700|28069200|48932100|38461500,Speed,12,120000,2,545730|565590,Protection,2282,22820000,3,63562800|75288200|89424000,A,12,12,0,100.0,52.2,100.0,52.2,0,0.0,calibration,6,1,5,25,38.9,0.0,36.7,100.0,JARJARBINKS,CANDIDATE,KEEP,6A nie wymaga obecnie inwestycji,0.0,,,,,,,,,,,,,,,,,,,,,,,
SV1TrR8_TiyyQRNw-AMq_g,461,Speed,6,Square,5,15,False,0,True,POSTAĆ: JEDIKNIGHTREVAN,ygHtxMMsQoi_z9K1Jk0OEg,Offense %,8.5%,850,0,,Speed,9,90000,2,407640|405390,Critical Chance %,8.02%,802,5,1388|1944|1424|1392|1876,Protection %,4.67%,467,2,1868|2808,Offense,129,1290000,3,4162250|4095000|4604250,A,12,12,0,100.0,59.2,75.0,59.2,0,0.0,calibration,6,0,6,15,35.3,0.0,31.2,100.0,JARJARBINKS,CANDIDATE,CALIBRATE,6A ma wartość lub dopasowanie uzasadniające calibration,0.0,,,,,,,,,,,,,,,,,,,,,,,
TaVQtdvISCCDT3mkREn6Ag,461,Speed,6,Square,5,15,False,0,True,POSTAĆ: SEVENTHSISTER,FFMPIG2FQnKo3dr5NkEJTg,Offense %,8.5%,850,0,,Critical Chance %,3.69%,369,2,1541|2158,Health %,4.58%,458,3,1022|1845|1722,Tenacity %,6.12%,612,3,2202|2303|1619,Speed,22,220000,4,576210|558060|586500|450660,A,12,12,0,100.0,63.0,91.7,63.0,0,0.0,calibration,6,0,6,15,36.7,0.0,33.3,100.0,JARJARBINKS,CANDIDATE,CALIBRATE,6A ma wartość lub dopasowanie uzasadniające calibration,0.0,,,,,,,,,,,,,,,,,,,,,,,
U4tBLOZ_SRmmdA4IDx_0LA,461,Speed,6,Square,5,15,False,0,True,POSTAĆ: MARAJADE,uuuVPVVHTbSZyG-sI08oWw,Offense %,8.5%,850,0,,Potency %,8.71%,871,4,2636|1593|2906|1578,Health,698,6980000,2,27899100|41987700,Tenacity %,4.38%,438,2,2014|2375,Speed,17,170000,4,561180|333930|345240|400710,A,12,12,0,100.0,57.7,70.8,57.7,0,0.0,calibration,6,0,6,15,40.1,0.0,38.7,100.0,JARJARBINKS,CANDIDATE,CALIBRATE,6A ma wartość lub dopasowanie uzasadniające calibration,0.0,,,,,,,,,,,,,,,,,,,,,,,
Zy1-NjfsQy2_1vMmY2tLmg,461,Speed,6,Square,1,15,False,0,True,POSTAĆ: SAWGERRERA,a87HTT1XQhSqzh1l2STnjA,Offense %,8.5%,850,0,,Speed,9,90000,2,570060|306600,Defense,8,80000,1,870080,Health,776,7760000,2,42327900|35305200,Potency %,7.34%,734,3,2632|2773|1938,E,8,8,0,100.0,54.0,75.0,54.0,0,0.0,slice,1,0,1,15,39.0,0.0,36.9,100.0,JARJARBINKS,CANDIDATE,KEEP,brak wystarczającej wartości do kolejnego slice,0.0,,,,,,,,,,,,,,,,,,,,,,,
anGPsp8XRc2aIb4SoeoVXA,461,Speed,6,Square,3,15,False,0,True,POSTAĆ: HONDO,rRZOvE36Rtqgs4rIDAg8Vg,Offense %,8.5%,850,0,,Potency %,6.95%,695,3,1974|2710|2273,Protection %,8.84%,884,4,2660|2084|2391|1705,Speed,6,60000,1,562650,Defense,23,230000,2,1253040|1126960,C,10,10,0,100.0,55.0,100.0,55.0,0,0.0,slice,3,0,3,15,34.7,0.0,30.4,100.0,JARJARBINKS,CANDIDATE,KEEP,brak wystarczającej wartości do kolejnego slice,0.0,,,,,,,,,,,,,,,,,,,,,,,
uQbjV3YQR0SJV7o3_tbCJw,461,Speed,6,Square,5,15,False,0,True,POSTAĆ: ADMIRALPIETT,Mz0_xu-vQt23Vd1Prv1rHw,Offense %,8.5%,850,0,,Protection,1774,17740000,2,89612600|87841600,Tenacity %,2.52%,252,1,2520,Defense,38,380000,4,846800|1083760|914000|985280,Speed,26,260000,5,591030|385230|559260|505170|478620,A,12,12,0,100.0,63.5,86.7,63.5,0,0.0,calibration,6,0,6,15,52.9,0.0,58.3,100.0,JARJARBINKS,CANDIDATE,REPLACE,"BEZPIECZNY ŁAŃCUCH; najpierw MOD bezpośrednio do celu, potem PATCH-y w kolejności zależności",0.0,,SAFE,,,,JARJARBINKS:Square,,3,MOD: ADMIRALPIETT -> JARJARBINKS; PATCH: ARMORER -> ADMIRALPIETT; PATCH: MAGAZYN -> ARMORER,,JARJARBINKS,52.9,357.8,320.2,37.64,197.4,160.4,POSTAĆ: ADMIRALPIETT,True,52.9,160.4,37.64,11.5
vFTU_5SsTs2GraaNKnuZBA,461,Speed,6,Square,5,15,False,0,True,POSTAĆ: VANGUARDTEMPLEGUARD,MAOBTufcR42eSPIIexcWCw,Offense %,8.5%,850,0,,Protection %,6.07%,607,3,1765|2062|2249,Speed,18,180000,4,532080|416400|542280|305280,Critical Chance %,3.86%,386,3,1342|1236|1289,Protection,1109,11090000,2,57256200|53741800,A,12,12,0,100.0,65.1,75.0,65.1,0,0.0,calibration,6,0,6,15,46.4,0.0,48.4,100.0,JARJARBINKS,CANDIDATE,CALIBRATE,6A ma wartość lub dopasowanie uzasadniające calibration,0.0,,,,,,,,,,,,,,,,,,,,,,,
-chnTVVfTY2fpcqcOXUuUw,464,Speed,6,Triangle,3,15,False,0,True,POSTAĆ: ADMIRALPIETT,Mz0_xu-vQt23Vd1Prv1rHw,Critical Damage %,42%,4200,0,,Offense %,2.52%,252,2,1455|1074,Potency %,9.67%,967,4,2960|2227|2919|1572,Critical Chance %,3.6%,360,2,2006|1604,Speed,12,120000,2,558780|554970,C,10,10,0,100.0,57.0,100.0,57.0,0,0.0,slice,3,0,3,15,28.0,0.0,20.0,100.0,JARJARBINKS,CANDIDATE,KEEP,brak wystarczającej wartości do kolejnego slice,0.0,,,,,,,,,,,,,,,,,,,,,,,
9YzNPS-tTS2oaOx8FKw3GQ,464,Speed,6,Triangle,5,15,False,0,True,POSTAĆ: SEVENTHSISTER,FFMPIG2FQnKo3dr5NkEJTg,Protection %,24%,2400,0,,Offense %,3.86%,386,3,1638|1085|1145,Speed,6,60000,1,585120,Defense,68,680000,5,1502480|1455520|1457520|1405920|1054560,Tenacity %,6.81%,681,3,2561|2066|2189,A,12,12,0,100.0,53.0,100.0,53.0,0,0.0,calibration,6,0,6,15,28.9,0.0,21.4,100.0,JARJARBINKS,CANDIDATE,KEEP,6A nie wymaga obecnie inwestycji,0.0,,,,,,,,,,,,,,,,,,,,,,,
Iub3RvzwShyt4Tfje9JjUA,464,Speed,6,Triangle,3,15,False,0,True,POSTAĆ: BOOMADIER,I-M6qZctR4y_eyiDi7CTRA,Critical Damage %,42%,4200,0,,Offense %,3.67%,367,3,1360|1320|994,Speed,10,100000,2,569880|354090,Offense,119,1190000,3,3917500|4802500|3119750,Protection,1397,13970000,2,83430200|56331600,C,10,10,0,100.0,81.8,83.3,81.8,0,0.0,slice,3,0,3,15,39.6,0.0,37.9,100.0,JARJARBINKS,CANDIDATE,SLICE,6-dot ma dobry profil do kolejnego rolla,0.0,,,,,,,,,,,,,,,,,,,,,,,
Rq1Ne6QITIOTgTYgQx_0nw,464,Speed,6,Triangle,5,15,False,0,True,POSTAĆ: JEDIKNIGHTREVAN,ygHtxMMsQoi_z9K1Jk0OEg,Health %,16%,1600,0,,Speed,19,190000,4,419250|507780|453300|467520,Defense,33,330000,3,1544960|916560|861280,Critical Chance %,3.91%,391,2,2332|1586,Health,1007,10070000,3,27315900|39233700|34209000,A,12,12,0,100.0,58.0,79.2,58.0,0,0.0,calibration,6,0,6,15,47.0,0.0,49.2,100.0,JARJARBINKS,CANDIDATE,CALIBRATE,6A ma wartość lub dopasowanie uzasadniające calibration,0.0,,,,,,,,,,,,,,,,,,,,,,,
kBtOz85TQh6XCtjkMfwQ9g,464,Speed,6,Triangle,5,15,False,0,True,POSTAĆ: OPERATIVE,f1SXqj4iSEet5HYh6mq_Cg,Health %,16%,1600,0,,Offense %,4.56%,456,4,925|1357|967|1312,Defense,47,470000,4,1459440|1323200|837440|1117920,Critical Chance %,3.23%,323,2,1533|1699,Speed,8,80000,2,432840|331350,A,12,12,0,100.0,62.8,66.7,62.8,0.0,0.0,calibration,6,0,6,15,32.6,0.0,27.1,100.0,JARJARBINKS,CANDIDATE,CALIBRATE,6A ma wartość lub dopasowanie uzasadniające calibration,0.0,,,,,,,,,,,,,,,,,,,,,,,
mdSnmWAoTwql_yJFzDCquw,464,Speed,6,Triangle,5,15,False,0,True,POSTAĆ: FIFTHBROTHER,9We500nHT8GboemEWp15sg,Protection %,24%,2400,0,,Offense %,4.3%,430,3,1236|1451|1620,Tenacity %,5.81%,581,3,1826|1815|2173,Offense,113,1130000,3,3684250|2996000|4556250,Speed,17,170000,3,573660|586470|536310,A,12,12,0,100.0,76.0,94.4,76.0,0,0.0,calibration,6,0,6,15,36.9,0.0,33.7,100.0,JARJARBINKS,CANDIDATE,CALIBRATE,6A ma wartość lub dopasowanie uzasadniające calibration,0.0,,,,,,,,,,,,,,,,,,,,,,,
q_3ZS294SMaaZOHBwGk6wg,464,Speed,6,Triangle,5,15,False,0,True,POSTAĆ: EMPERORPALPATINE,xsF4e7dXTnKfT3PSKXMPNA,Protection %,24%,2400,0,,Protection,2497,24970000,3,89276800|87869200|72560400,Defense %,15.19%,1519,5,3141|2325|2941|3797|2989,Defense,20,200000,2,1011360|1012080,Speed,10,100000,2,520230|421890,A,12,12,0,100.0,51.8,83.3,51.8,0,0.0,calibration,6,0,6,15,35.3,0.0,31.2,100.0,JARJARBINKS,CANDIDATE,KEEP,6A nie wymaga obecnie inwestycji,0.0,,,,,,,,,,,,,,,,,,,,,,,
xOF_mILcSRmq5CeUkM4vtw,464,Speed,6,Triangle,5,15,False,0,True,POSTAĆ: GRANDMOFFTARKIN,MJi85yxFQUeaznaA7mkRPA,Critical Damage %,42%,4200,0,,Protection %,3.32%,332,2,1765|1554,Defense %,9.67%,967,3,3573|2733|3372,Speed,19,190000,4,576930|301980|476610|539700,Potency %,6.08%,608,3,2082|2432|1566,A,12,12,0,100.0,64.0,79.2,64.0,0,0.0,calibration,6,0,6,15,40.5,0.0,39.2,100.0,JARJARBINKS,CANDIDATE,CALIBRATE,6A ma wartość lub dopasowanie uzasadniające calibration,0.0,,,,,,,,,,,,,,,,,,,,,,,
25pDuM2oTgmj30XOAvwn4Q,852,Tenacity,5,Arrow,1,15,False,0,False,MAGAZYN,,Offense %,5.88%,588,0,,Offense,29,290000,1,2853420,Speed,5,50000,1,597540,Defense,5,50000,1,565411,Health %,1.1%,110,1,1101,E,4,4,0,100.0,72.0,83.3,72.0,0,0.0,slice,0,0,0,0,27.0,0.0,41.5,0.0,JARJARBINKS,CANDIDATE,SLICE,wartość moda lub dopasowanie do postaci uzasadnia kolejny roll,0.0,,,,,,,,,,,,,,,,,,,,,,,
fATMVjauRQO5mHHzd8TVlA,852,Tenacity,5,Arrow,3,15,False,0,True,POSTAĆ: WRECKERS3,uEjp6OaJQTuRqfyYL42cUA,Speed,30,300000,0,,Potency %,1.76%,176,1,1766,Defense,11,110000,2,506513|680953,Defense %,2.35%,235,2,1269|1087,Offense,26,260000,1,2582784,C,6,6,0,100.0,44.7,0.0,44.7,0,0.0,slice,0,0,0,0,29.6,95.1,16.2,0.0,JARJARBINKS,CANDIDATE,KEEP,wartość secondary zbyt niska,0.0,,,,,,,,,,,,,,,,,,,,,,,
vf2GaRxiRJm4mGH64eqVTA,852,Tenacity,5,Arrow,3,15,False,0,True,POSTAĆ: CHEWBACCALEGENDARY,5Y6_oXSLQcazPNYmxNvafw,Speed,30,300000,0,,Potency %,3.45%,345,2,1940|1518,Health %,0.69%,69,1,697,Offense %,0.66%,66,2,340|322,Health,393,3930000,1,39330479,C,6,6,0,100.0,62.0,0.0,62.0,0,0.0,slice,0,0,0,0,22.5,95.1,5.3,0.0,JARJARBINKS,CANDIDATE,SLICE,wartość moda lub dopasowanie do postaci uzasadnia kolejny roll,0.0,,,,,,,,,,,,,,,,,,,,,,,
2LCPG1iFQvK1dTCeTW528w,852,Tenacity,5,Arrow,4,1,False,0,False,MAGAZYN,,Health %,0.63%,63,0,,Speed,5,50000,1,580380,Protection %,1.76%,176,1,1768,Health,318,3180000,1,31823550,,,,0,,B,3,7,4,100.0,72.7,83.3,88.3,15.6,0.0,upgrade,0,0,0,0,36.2,0.0,55.8,0.0,JARJARBINKS,CANDIDATE,UPGRADE,nieujawnione wszystkie secondary,0.0,,,,,,,,,,,,,,,,,,,,,,,
4fxy_3cxRf23VMAUdtfDCw,852,Tenacity,5,Arrow,4,1,False,0,False,MAGAZYN,,Offense %,0.63%,63,0,,Defense %,1.05%,105,1,1059,Speed,5,50000,1,546420,Health %,0.82%,82,1,826,,,,0,,B,3,7,4,100.0,71.3,83.3,87.7,16.4,0.0,upgrade,0,0,0,0,21.7,0.0,33.3,0.0,JARJARBINKS,CANDIDATE,UPGRADE,nieujawnione wszystkie secondary,0.0,,,,,,,,,,,,,,,,,,,,,,,
FBNzLkTsT8mB32I9zXk2uA,852,Tenacity,5,Arrow,1,1,True,0,True,POSTAĆ: K2SO,AfIj9P1hQAaZaMN6z6L37w,Speed,4,40000,0,,,,,0,,,,,0,,,,,0,,,,,0,,E,0,4,4,0.0,0.0,0.0,0.0,0,0.0,upgrade,0,0,0,0,19.0,95.1,0.0,0.0,JARJARBINKS,CANDIDATE,UPGRADE,nieujawnione wszystkie secondary,0.0,,,,,,,,,,,,,,,,,,,,,,,
SLzgdwGYRUWoYD5vzjZdfQ,852,Tenacity,5,Arrow,2,1,False,0,False,MAGAZYN,,Speed,4,40000,0,,Health %,0.72%,72,1,720,,,,0,,,,,0,,,,,0,,D,1,5,4,100.0,72.0,0.0,72.0,0,0.0,upgrade,0,0,0,0,19.0,95.1,0.0,0.0,JARJARBINKS,CANDIDATE,UPGRADE,nieujawnione wszystkie secondary,0.0,,,,,,,,,,,,,,,,,,,,,,,
YCjYCqEaSyWNABB3tu7KMQ,852,Tenacity,5,Arrow,1,1,False,0,False,MAGAZYN,,Speed,4,40000,0,,,,,0,,,,,0,,,,,0,,,,,0,,E,0,4,4,0.0,0.0,0.0,0.0,0,0.0,upgrade,0,0,0,0,19.0,95.1,0.0,0.0,JARJARBINKS,CANDIDATE,UPGRADE,nieujawnione wszystkie secondary,0.0,,,,,,,,,,,,,,,,,,,,,,,
bOacp6m8RKiRMUWEpi6RPA,852,Tenacity,5,Arrow,4,1,False,0,False,MAGAZYN,,Offense %,0.63%,63,0,,Protection %,1.9%,190,1,1902,Critical Chance %,1.71%,171,1,1719,Speed,5,50000,1,542880,,,,0,,B,3,7,4,100.0,65.0,83.3,85.0,20.0,0.0,upgrade,0,0,0,0,29.3,0.0,45.1,0.0,JARJARBINKS,CANDIDATE,UPGRADE,nieujawnione wszystkie secondary,0.0,,,,,,,,,,,,,,,,,,,,,,,
bk8wIubGS7e60LCbexEeOg,852,Tenacity,5,Arrow,5,1,False,0,False,MAGAZYN,,Speed,4,40000,0,,Defense %,1.5%,150,1,1508,Potency %,1.76%,176,1,1763,Offense,35,350000,1,3440520,Offense %,0.45%,45,1,456,A,4,8,4,100.0,62.5,0.0,77.2,14.8,61.6,upgrade,0,0,0,0,24.7,95.1,8.7,0.0,JARJARBINKS,CANDIDATE,UPGRADE,nieujawnione wszystkie secondary,0.0,,,,,,,,,,,,,,,,,,,,,,,
cYSH612HTPSTMAmOurkqmA,852,Tenacity,5,Arrow,2,1,False,0,False,MAGAZYN,,Speed,4,40000,0,,Defense %,0.88%,88,1,884,,,,0,,,,,0,,,,,0,,D,1,5,4,100.0,42.0,0.0,42.0,0,0.0,upgrade,0,0,0,0,19.0,95.1,0.0,0.0,JARJARBINKS,CANDIDATE,UPGRADE,nieujawnione wszystkie secondary,0.0,,,,,,,,,,,,,,,,,,,,,,,
n177gW73SqW0vVubYSAxvQ,852,Tenacity,5,Arrow,3,1,False,0,False,MAGAZYN,,Offense %,0.63%,63,0,,Speed,5,50000,1,515370,Potency %,1.17%,117,1,1179,,,,0,,,,,0,,C,2,6,4,100.0,67.0,83.3,89.0,22.0,0.0,upgrade,0,0,0,0,32.5,0.0,50.0,0.0,JARJARBINKS,CANDIDATE,UPGRADE,nieujawnione wszystkie secondary,0.0,,,,,,,,,,,,,,,,,,,,,,,
pXurFA6zSVCcUZUFfDV6ww,852,Tenacity,5,Arrow,4,1,False,0,True,POSTAĆ: KYLOREN,0VuxRFwSSsanYzCXDOc8jg,Speed,4,40000,0,,Health,427,4270000,1,42748564,Offense %,0.53%,53,1,534,Health %,0.79%,79,1,794,,,,0,,B,3,7,4,100.0,70.7,0.0,82.9,12.2,0.0,upgrade,0,0,0,0,26.0,95.1,10.7,0.0,JARJARBINKS,CANDIDATE,UPGRADE,nieujawnione wszystkie secondary,0.0,,,,,,,,,,,,,,,,,,,,,,,
q6J6DJYmRiyDp8DVtBn8lg,852,Tenacity,5,Arrow,1,1,False,0,False,MAGAZYN,,Speed,4,40000,0,,,,,0,,,,,0,,,,,0,,,,,0,,E,0,4,4,0.0,0.0,0.0,0.0,0,0.0,upgrade,0,0,0,0,19.0,95.1,0.0,0.0,JARJARBINKS,CANDIDATE,UPGRADE,nieujawnione wszystkie secondary,0.0,,,,,,,,,,,,,,,,,,,,,,,
w_19eG2_RQKYLOzJCkmXoA,852,Tenacity,5,Arrow,4,1,False,0,True,POSTAĆ: TUSKENRAIDER,sHy99kMeT9O3EUIEUPMkHQ,Speed,4,40000,0,,Defense,5,50000,1,531895,Critical Chance %,1.53%,153,1,1530,Tenacity %,1.69%,169,1,1696,,,,0,,B,3,7,4,100.0,29.7,0.0,32.1,2.5,0.0,upgrade,0,0,0,0,25.8,95.1,10.4,0.0,JARJARBINKS,CANDIDATE,UPGRADE,nieujawnione wszystkie secondary,0.0,,,,,,,,,,,,,,,,,,,,,,,
-beNMk5xTMeeTnVBYdds1Q,855,Tenacity,5,Circle,5,15,False,0,True,POSTAĆ: 4LOM,umm1Guh0QlC-Mx4RUkOImg,Protection %,23.5%,2350,0,,Health,268,2680000,1,26832503,Protection,967,9670000,2,42522567|54180038,Critical Chance %,5.27%,527,3,2146|1126|2000,Speed,9,90000,2,557520|421530,A,8,8,0,100.0,52.4,75.0,52.4,0,40.8,6-dot,0,0,0,0,24.9,0.0,38.4,0.0,JARJARBINKS,CANDIDATE,SLICE_6E,5A ma wystarczającą wartość lub dopasowanie do postaci,0.0,,,,,,,,,,,,,,,,,,,,,,,
IoJ3UUCpR-i1Ye7P5LHgvw,855,Tenacity,5,Circle,5,15,False,0,True,POSTAĆ: CHEWBACCALEGENDARY,5Y6_oXSLQcazPNYmxNvafw,Protection %,23.5%,2350,0,,Protection,2447,24470000,4,57813913|59147026|72033785|55754025,Potency %,1.44%,144,1,1441,Defense %,1.67%,167,1,1676,Offense %,0.94%,94,2,451|497,A,8,8,0,100.0,56.5,0.0,56.5,0,56.0,6-dot,0,0,0,0,12.1,0.0,18.7,0.0,JARJARBINKS,CANDIDATE,SLICE_6E,5A ma wystarczającą wartość lub dopasowanie do postaci,0.0,,,,,,,,,,,,,,,,,,,,,,,
OuHlR_ZGSV-uGTXVrF9Jqg,855,Tenacity,5,Circle,1,15,False,0,True,POSTAĆ: K2SO,AfIj9P1hQAaZaMN6z6L37w,Protection %,23.5%,2350,0,,Health %,0.63%,63,1,630,Speed,5,50000,1,578880,Offense,40,400000,1,3968796,Tenacity %,1.62%,162,1,1629,E,4,4,0,100.0,71.0,83.3,71.0,0,0.0,slice,0,0,0,0,21.9,0.0,33.7,0.0,JARJARBINKS,CANDIDATE,SLICE,wartość moda lub dopasowanie do postaci uzasadnia kolejny roll,0.0,,,,,,,,,,,,,,,,,,,,,,,
ZuOMzwuzTsKeK0qE5-dNjw,855,Tenacity,5,Circle,2,15,False,0,True,POSTAĆ: VANE,IRrH4R1UTBaBO0OKgdC4_A,Health %,5.88%,588,0,,Protection,706,7060000,1,70688213,Offense,73,730000,2,4210248|3062040,Speed,5,50000,1,589740,Potency %,1.21%,121,1,1214,D,5,5,0,100.0,69.2,83.3,69.2,0.0,0.0,slice,0,0,0,0,26.9,0.0,41.4,0.0,JARJARBINKS,CANDIDATE,SLICE,wartość moda lub dopasowanie do postaci uzasadnia kolejny roll,0.0,,,,,,,,,,,,,,,,,,,,,,,
fe7RIQliQ6KUXuzCAzUZwA,855,Tenacity,5,Circle,1,15,False,0,False,MAGAZYN,,Health %,5.88%,588,0,,Defense,7,70000,1,794535,Speed,5,50000,1,575490,Protection,792,7920000,1,79214322,Potency %,1.51%,151,1,1519,E,4,4,0,100.0,54.0,83.3,54.0,0,0.0,slice,0,0,0,0,27.4,0.0,42.2,0.0,JARJARBINKS,CANDIDATE,KEEP,obserwuj przed wydaniem materiałów,0.0,,,,,,,,,,,,,,,,,,,,,,,
yW_FvowJQY24nX5qHT--Fg,855,Tenacity,5,Circle,1,15,False,0,False,MAGAZYN,,Health %,5.88%,588,0,,Speed,5,50000,1,575040,Offense,43,430000,1,4294836,Potency %,1.79%,179,1,1795,Protection,463,4630000,1,46347480,E,4,4,0,100.0,66.0,83.3,66.0,0,0.0,slice,0,0,0,0,28.0,0.0,43.0,0.0,JARJARBINKS,CANDIDATE,SLICE,wartość moda lub dopasowanie do postaci uzasadnia kolejny roll,0.0,,,,,,,,,,,,,,,,,,,,,,,
zAinOQ63RDC3bb_XT--pRQ,855,Tenacity,5,Circle,1,15,False,0,False,MAGAZYN,,Health %,5.88%,588,0,,Health,369,3690000,1,36958178,Tenacity %,1.58%,158,1,1586,Speed,5,50000,1,530640,Protection %,2.11%,211,1,2119,E,4,4,0,100.0,62.0,83.3,62.0,0,0.0,slice,0,0,0,0,27.2,0.0,41.8,0.0,JARJARBINKS,CANDIDATE,SLICE,wartość moda lub dopasowanie do postaci uzasadnia kolejny roll,0.0,,,,,,,,,,,,,,,,,,,,,,,
3Q7yBG1lTga_79W8LLZR5w,855,Tenacity,5,Circle,2,9,False,0,True,POSTAĆ: GENERALHUX,4xJRxbo2QFa9YMtrQdsX6Q,Protection %,14.5%,1450,0,,Offense %,0.28%,28,1,283,Defense %,1.02%,102,1,1020,Speed,5,50000,1,505950,Health %,0.71%,71,1,710,D,4,5,1,100.0,76.5,83.3,81.2,4.7,0.0,upgrade,0,0,0,0,16.2,0.0,25.0,0.0,JARJARBINKS,CANDIDATE,UPGRADE,nieujawnione wszystkie secondary,0.0,,,,,,,,,,,,,,,,,,,,,,,
0ecuKNERTw2dOy4RlrqlMw,855,Tenacity,5,Circle,3,6,False,0,True,POSTAĆ: MONMOTHMA,NZxmA6jjT9mgRzvaiQYUbw,Health %,2.5%,250,0,,Defense %,1.3%,130,1,1300,Defense,7,70000,1,735000,Speed,5,50000,1,512970,Offense %,0.32%,32,1,321,C,4,6,2,100.0,67.0,83.3,78.0,11.0,0.0,upgrade,0,0,0,0,21.3,0.0,32.8,0.0,JARJARBINKS,CANDIDATE,UPGRADE,nieujawnione wszystkie secondary,0.0,,,,,,,,,,,,,,,,,,,,,,,
N1FmfoR0Rz-BSNM2sndk2g,855,Tenacity,5,Circle,4,3,False,0,False,MAGAZYN,,Health %,1.38%,138,0,,Defense %,1.29%,129,1,1290,Protection %,1.64%,164,1,1644,Protection,534,5340000,1,53440804,Speed,5,50000,1,570720,B,4,7,3,100.0,65.0,83.3,80.0,15.0,0.0,upgrade,0,0,0,0,28.0,0.0,43.1,0.0,JARJARBINKS,CANDIDATE,UPGRADE,nieujawnione wszystkie secondary,0.0,,,,,,,,,,,,,,,,,,,,,,,
FH71GjS8TXqA3yUrYLPTVw,855,Tenacity,5,Circle,5,1,False,0,False,MAGAZYN,,Health %,0.63%,63,0,,Speed,5,50000,1,554160,Health,218,2180000,1,21854314,Protection,575,5750000,1,57548121,Defense %,1%,100,1,1002,A,4,8,4,100.0,59.5,83.3,79.8,20.2,31.1,upgrade,0,0,0,0,27.5,0.0,42.4,0.0,JARJARBINKS,CANDIDATE,UPGRADE,nieujawnione wszystkie secondary,0.0,,,,,,,,,,,,,,,,,,,,,,,
uj-F2YJLRDuR9uDvfACdwA,855,Tenacity,5,Circle,4,1,False,0,True,POSTAĆ: ZUCKUSS,2Hnd3xTKQx2mjOfWoquviQ,Protection %,2.5%,250,0,,Critical Chance %,1.73%,173,1,1738,Health,293,2930000,1,29361243,Speed,5,50000,1,529080,,,,0,,B,3,7,4,100.0,57.7,83.3,81.9,24.2,0.0,upgrade,0,0,0,0,28.6,0.0,44.0,0.0,JARJARBINKS,CANDIDATE,UPGRADE,nieujawnione wszystkie secondary,0.0,,,,,,,,,,,,,,,,,,,,,,,
0_fXX476SxOuEgGIinJbhg,856,Tenacity,5,Cross,1,15,False,0,True,POSTAĆ: K2SO,AfIj9P1hQAaZaMN6z6L37w,Protection %,23.5%,2350,0,,Defense %,1.42%,142,1,1424,Defense,5,50000,1,595007,Speed,5,50000,1,564810,Offense,32,320000,1,3168288,E,4,4,0,100.0,64.5,83.3,64.5,0,0.0,slice,0,0,0,0,27.0,0.0,41.5,0.0,JARJARBINKS,CANDIDATE,SLICE,wartość moda lub dopasowanie do postaci uzasadnia kolejny roll,0.0,,,,,,,,,,,,,,,,,,,,,,,
57V_EAIeSh6DZu11jdNNfw,856,Tenacity,5,Cross,1,15,False,0,True,POSTAĆ: PAO,VzOKqed5QL-ozFtEou2_sg,Offense %,5.88%,588,0,,Offense,25,250000,1,2402892,Speed,5,50000,1,528450,Protection,523,5230000,1,52302882,Critical Chance %,1.16%,116,1,1165,E,4,4,0,100.0,63.7,83.3,63.7,0,0.0,slice,0,0,0,0,28.0,0.0,43.0,0.0,JARJARBINKS,CANDIDATE,SLICE,wartość moda lub dopasowanie do postaci uzasadnia kolejny roll,0.0,,,,,,,,,,,,,,,,,,,,,,,
P9RW3XftSR62a-A_abn_MQ,856,Tenacity,5,Cross,2,15,False,0,True,POSTAĆ: MERRIN,1S5-8PpPQBmMogCeTUjdjg,Potency %,24%,2400,0,,Defense %,0.97%,97,1,979,Tenacity %,1.65%,165,1,1653,Health,630,6300000,2,39017601|23988742,Speed,5,50000,1,572760,D,5,5,0,100.0,53.6,83.3,53.6,0,0.0,slice,0,0,0,0,21.3,0.0,32.8,0.0,JARJARBINKS,CANDIDATE,KEEP,obserwuj przed wydaniem materiałów,0.0,,,,,,,,,,,,,,,,,,,,,,,
R1WfZNJVRrq7ug-Y5NC-zQ,856,Tenacity,5,Cross,5,15,False,0,True,POSTAĆ: CHEWBACCALEGENDARY,5Y6_oXSLQcazPNYmxNvafw,Potency %,24%,2400,0,,Defense,20,200000,3,873523|531503|663950,Speed,13,130000,3,558240|353880|426960,Offense %,0.45%,45,1,452,Protection,506,5060000,1,50637529,A,8,8,0,100.0,67.8,72.2,67.8,0,40.4,6-dot,0,0,0,0,35.1,0.0,53.9,0.0,JARJARBINKS,CANDIDATE,SLICE_6E,5A ma wystarczającą wartość lub dopasowanie do postaci,0.0,,,,,,,,,,,,,,,,,,,,,,,
gCyDv-1gSW6_W6cAuhZlIw,856,Tenacity,5,Cross,1,15,False,0,True,POSTAĆ: OMEGAS3,gPUgOExdRM-SnfTDvmJyJA,Health %,5.88%,588,0,,Speed,5,50000,1,538620,Offense %,0.36%,36,1,369,Critical Chance %,1.95%,195,1,1955,Tenacity %,1.64%,164,1,1641,E,4,4,0,100.0,61.8,83.3,61.8,0,0.0,slice,0,0,0,0,16.2,0.0,25.0,0.0,JARJARBINKS,CANDIDATE,SLICE,wartość moda lub dopasowanie do postaci uzasadnia kolejny roll,0.0,,,,,,,,,,,,,,,,,,,,,,,
z1PwvmHzR5SIUmYe8PaR6w,856,Tenacity,5,Cross,1,15,False,0,True,POSTAĆ: MAGMATROOPER,ciIhlDp8RO6GCFQyqEjvRw,Tenacity %,24%,2400,0,,Protection,570,5700000,1,57004078,Offense %,0.31%,31,1,310,Speed,5,50000,1,528870,Defense %,1.52%,152,1,1528,E,4,4,0,100.0,70.5,83.3,70.5,0,0.0,slice,0,0,0,0,22.3,0.0,34.3,0.0,JARJARBINKS,CANDIDATE,SLICE,wartość moda lub dopasowanie do postaci uzasadnia kolejny roll,0.0,,,,,,,,,,,,,,,,,,,,,,,
v8dQMlUvT5-BDy8WELl7WA,856,Tenacity,5,Cross,3,6,False,0,True,POSTAĆ: TUSKENRAIDER,sHy99kMeT9O3EUIEUPMkHQ,Offense %,2.5%,250,0,,Health %,0.93%,93,1,932,Critical Chance %,1.71%,171,1,1717,Defense %,1.46%,146,1,1463,Speed,5,50000,1,503400,C,4,6,2,100.0,59.8,83.3,73.2,13.4,0.0,upgrade,0,0,0,0,16.2,0.0,25.0,0.0,JARJARBINKS,CANDIDATE,UPGRADE,nieujawnione wszystkie secondary,0.0,,,,,,,,,,,,,,,,,,,,,,,
BO96i32cQS-3WcsaXOjR6A,856,Tenacity,5,Cross,5,1,False,0,False,MAGAZYN,,Health %,0.63%,63,0,,Health,347,3470000,1,34761603,Defense,5,50000,1,544537,Speed,5,50000,1,548280,Offense %,0.31%,31,1,316,A,4,8,4,100.0,68.5,83.3,84.2,15.8,35.2,upgrade,0,0,0,0,26.6,0.0,40.9,0.0,JARJARBINKS,CANDIDATE,UPGRADE,nieujawnione wszystkie secondary,0.0,,,,,,,,,,,,,,,,,,,,,,,
rJMH-IBaQnmAyYeO7v_JqA,856,Tenacity,5,Cross,4,1,False,0,False,MAGAZYN,,Offense %,0.63%,63,0,,Speed,5,50000,1,528810,Potency %,1.43%,143,1,1437,Protection,695,6950000,1,69566903,,,,0,,B,3,7,4,100.0,60.7,83.3,83.1,22.5,0.0,upgrade,0,0,0,0,29.8,0.0,45.8,0.0,JARJARBINKS,CANDIDATE,UPGRADE,nieujawnione wszystkie secondary,0.0,,,,,,,,,,,,,,,,,,,,,,,
FrcbHVjtRDCQvr37TbJwJg,853,Tenacity,5,Diamond,1,15,False,0,True,POSTAĆ: MAGMATROOPER,ciIhlDp8RO6GCFQyqEjvRw,Defense %,11.75%,1175,0,,Tenacity %,1.23%,123,1,1230,Speed,5,50000,1,561480,Potency %,1.54%,154,1,1545,Protection,773,7730000,1,77312248,E,4,4,0,100.0,53.0,83.3,53.0,0,0.0,slice,0,0,0,0,22.3,0.0,34.3,0.0,JARJARBINKS,CANDIDATE,KEEP,obserwuj przed wydaniem materiałów,0.0,,,,,,,,,,,,,,,,,,,,,,,
IzHk_EZ8R1GQ1prf3N5P3A,853,Tenacity,5,Diamond,5,15,False,0,True,POSTAĆ: VANE,IRrH4R1UTBaBO0OKgdC4_A,Defense %,11.75%,1175,0,,Offense,56,560000,2,2337228|3189492,Defense,5,50000,1,588637,Speed,16,160000,3,561570|482280|556260,Tenacity %,3.38%,338,2,2233|1156,A,8,8,0,100.0,69.8,88.9,69.8,0,47.7,6-dot,0,0,0,0,32.6,0.0,50.1,0.0,JARJARBINKS,CANDIDATE,SLICE_6E,5A ma wystarczającą wartość lub dopasowanie do postaci,0.0,,,,,,,,,,,,,,,,,,,,,,,
lE8HmBtvTd2kchhAf2UNXg,853,Tenacity,5,Diamond,3,15,False,0,True,POSTAĆ: RANGETROOPER,Nrp4ifwXSi2gJHQA5JtVRg,Defense %,11.75%,1175,0,,Speed,9,90000,2,589050|371430,Tenacity %,1.5%,150,1,1503,Offense,39,390000,1,3850236,Protection %,3.69%,369,2,1791|1901,C,6,6,0,100.0,75.3,75.0,75.3,0,0.0,slice,0,0,0,0,33.1,0.0,50.9,0.0,JARJARBINKS,CANDIDATE,SLICE,wartość moda lub dopasowanie do postaci uzasadnia kolejny roll,0.0,,,,,,,,,,,,,,,,,,,,,,,
mygA-grCSmiQ_AHESu2joQ,853,Tenacity,5,Diamond,4,15,False,0,True,POSTAĆ: 4LOM,umm1Guh0QlC-Mx4RUkOImg,Defense %,11.75%,1175,0,,Health %,1.09%,109,1,1094,Tenacity %,5.33%,533,3,2226|1332|1782,Protection %,1.46%,146,1,1463,Speed,10,100000,2,514410|583830,B,7,7,0,100.0,61.7,83.3,61.7,0,0.0,slice,0,0,0,0,21.8,0.0,33.6,0.0,JARJARBINKS,CANDIDATE,SLICE,wartość moda lub dopasowanie do postaci uzasadnia kolejny roll,0.0,,,,,,,,,,,,,,,,,,,,,,,
qN-tHwWkRy-rldtssRKVbQ,853,Tenacity,5,Diamond,5,15,False,0,True,POSTAĆ: CHEWBACCALEGENDARY,5Y6_oXSLQcazPNYmxNvafw,Defense %,11.75%,1175,0,,Defense,7,70000,1,762391,Speed,5,50000,1,501720,Offense %,2.08%,208,5,294|448|494|434|416,Health,276,2760000,1,27638271,A,8,8,0,100.0,80.3,83.3,80.3,0,47.2,6-dot,0,0,0,0,13.3,0.0,20.4,0.0,JARJARBINKS,CANDIDATE,SLICE_6E,5A ma wystarczającą wartość lub dopasowanie do postaci,0.0,,,,,,,,,,,,,,,,,,,,,,,
Yb6BV6DTRDCoUFF5odxykQ,853,Tenacity,5,Diamond,2,9,False,0,True,POSTAĆ: ZUCKUSS,2Hnd3xTKQx2mjOfWoquviQ,Defense %,7.25%,725,0,,Tenacity %,1.71%,171,1,1715,Potency %,2.2%,220,1,2205,Critical Chance %,1.32%,132,1,1322,Speed,5,50000,1,582840,D,4,5,1,100.0,47.2,83.3,57.8,10.5,0.0,upgrade,0,0,0,0,16.2,0.0,25.0,0.0,JARJARBINKS,CANDIDATE,UPGRADE,nieujawnione wszystkie secondary,0.0,,,,,,,,,,,,,,,,,,,,,,,
pO1s8u0eRZekR-m08k08QQ,853,Tenacity,5,Diamond,5,1,False,0,True,POSTAĆ: K2SO,AfIj9P1hQAaZaMN6z6L37w,Defense %,1.25%,125,0,,Defense,6,60000,1,603582,Tenacity %,1.61%,161,1,1618,Offense %,0.38%,38,1,387,Speed,5,50000,1,582930,A,4,8,4,100.0,64.0,83.3,82.0,18.0,41.8,upgrade,0,0,0,0,21.3,0.0,32.8,0.0,JARJARBINKS,CANDIDATE,UPGRADE,nieujawnione wszystkie secondary,0.0,,,,,,,,,,,,,,,,,,,,,,,
JshX53mmQ7WVoDjA_lv1-g,851,Tenacity,5,Square,1,15,False,0,False,MAGAZYN,,Offense %,5.88%,588,0,,Health %,0.62%,62,1,621,Tenacity %,1.6%,160,1,1604,Speed,5,50000,1,526470,Health,376,3760000,1,37646081,E,4,4,0,100.0,62.5,83.3,62.5,0,0.0,slice,0,0,0,0,21.5,0.0,33.0,0.0,JARJARBINKS,CANDIDATE,SLICE,wartość moda lub dopasowanie do postaci uzasadnia kolejny roll,0.0,,,,,,,,,,,,,,,,,,,,,,,
a0tA7xCPTMmQkcQNeclZwA,851,Tenacity,5,Square,1,15,False,0,False,MAGAZYN,,Offense %,5.88%,588,0,,Critical Chance %,2.14%,214,1,2140,Defense,9,90000,1,920906,Health %,1.01%,101,1,1018,Speed,5,50000,1,524370,E,4,4,0,100.0,57.8,83.3,57.8,0,0.0,slice,0,0,0,0,21.3,0.0,32.8,0.0,JARJARBINKS,CANDIDATE,KEEP,obserwuj przed wydaniem materiałów,0.0,,,,,,,,,,,,,,,,,,,,,,,
bwheswurT-aqVQ0I9T8k3w,851,Tenacity,5,Square,1,15,False,0,False,MAGAZYN,,Offense %,5.88%,588,0,,Protection,815,8150000,1,81523390,Speed,5,50000,1,515880,Critical Chance %,1.67%,167,1,1672,Protection %,1.59%,159,1,1595,E,4,4,0,100.0,60.7,83.3,60.7,0,0.0,slice,0,0,0,0,28.0,0.0,43.1,0.0,JARJARBINKS,CANDIDATE,SLICE,wartość moda lub dopasowanie do postaci uzasadnia kolejny roll,0.0,,,,,,,,,,,,,,,,,,,,,,,
dNmJYxosRH-b84d1lsLhLQ,851,Tenacity,5,Square,2,15,False,0,True,POSTAĆ: GENERALHUX,4xJRxbo2QFa9YMtrQdsX6Q,Offense %,5.88%,588,0,,Critical Chance %,3.02%,302,2,1162|1860,Speed,5,50000,1,558840,Protection,676,6760000,1,67606687,Defense %,1.29%,129,1,1297,D,5,5,0,100.0,48.0,83.3,48.0,0,0.0,slice,0,0,0,0,17.9,0.0,27.5,0.0,JARJARBINKS,CANDIDATE,KEEP,wartość secondary zbyt niska,0.0,,,,,,,,,,,,,,,,,,,,,,,
eCV2X7W2Tp6ax07lsrkKOA,851,Tenacity,5,Square,1,15,False,0,True,POSTAĆ: K2SO,AfIj9P1hQAaZaMN6z6L37w,Offense %,5.88%,588,0,,Tenacity %,2.19%,219,1,2190,Speed,5,50000,1,552240,Health %,0.86%,86,1,862,Critical Chance %,2.15%,215,1,2153,E,4,4,0,100.0,56.8,83.3,56.8,0,0.0,slice,0,0,0,0,16.2,0.0,25.0,0.0,JARJARBINKS,CANDIDATE,KEEP,obserwuj przed wydaniem materiałów,0.0,,,,,,,,,,,,,,,,,,,,,,,
o6jT4i3tTeiKPj3pCws9jg,851,Tenacity,5,Square,5,15,False,0,True,POSTAĆ: CHEWBACCALEGENDARY,5Y6_oXSLQcazPNYmxNvafw,Offense %,5.88%,588,0,,Tenacity %,1.39%,139,1,1390,Defense,5,50000,1,522046,Defense %,5.54%,554,4,1162|1364|1479|1536,Speed,9,90000,2,526740|437010,A,8,8,0,100.0,54.0,75.0,54.0,0,47.2,6-dot,0,0,0,0,18.8,0.0,28.9,0.0,JARJARBINKS,CANDIDATE,SLICE_6E,5A ma wystarczającą wartość lub dopasowanie do postaci,0.0,,,,,,,,,,,,,,,,,,,,,,,
zTlg5a36Q6esxvDXHqKbmQ,851,Tenacity,5,Square,2,15,False,0,True,POSTAĆ: RANGETROOPER,Nrp4ifwXSi2gJHQA5JtVRg,Offense %,5.88%,588,0,,Tenacity %,2.02%,202,1,2025,Defense %,1.61%,161,1,1613,Potency %,1.41%,141,1,1410,Speed,9,90000,2,550260|442560,D,5,5,0,100.0,61.2,75.0,61.2,0,0.0,slice,0,0,0,0,26.0,0.0,40.0,0.0,JARJARBINKS,CANDIDATE,SLICE,wartość moda lub dopasowanie do postaci uzasadnia kolejny roll,0.0,,,,,,,,,,,,,,,,,,,,,,,
zZHHTwyzSraYI71hkH-UTA,851,Tenacity,5,Square,3,1,False,0,False,MAGAZYN,,Offense %,0.63%,63,0,,Speed,5,50000,1,565290,Potency %,1.15%,115,1,1158,,,,0,,,,,0,,C,2,6,4,100.0,67.0,83.3,89.0,22.0,0.0,upgrade,0,0,0,0,32.5,0.0,50.0,0.0,JARJARBINKS,CANDIDATE,UPGRADE,nieujawnione wszystkie secondary,0.0,,,,,,,,,,,,,,,,,,,,,,,
3moKsJciS7e0Ruumm9xKTQ,854,Tenacity,5,Triangle,1,15,False,0,True,POSTAĆ: OMEGAS3,gPUgOExdRM-SnfTDvmJyJA,Critical Chance %,12%,1200,0,,Offense %,0.37%,37,1,370,Protection %,1.25%,125,1,1255,Defense %,0.85%,85,1,856,Speed,5,50000,1,587400,E,4,4,0,100.0,76.0,83.3,76.0,0,0.0,slice,0,0,0,0,22.0,0.0,33.8,0.0,JARJARBINKS,CANDIDATE,SLICE,wartość moda lub dopasowanie do postaci uzasadnia kolejny roll,0.0,,,,,,,,,,,,,,,,,,,,,,,
HTk22yBmR9a4RJprybH44g,854,Tenacity,5,Triangle,5,15,False,0,True,POSTAĆ: CHEWBACCALEGENDARY,5Y6_oXSLQcazPNYmxNvafw,Critical Damage %,36%,3600,0,,Speed,5,50000,1,516090,Potency %,3.28%,328,2,1420|1862,Defense,16,160000,2,742693|950110,Critical Chance %,4.7%,470,3,1133|1899|1676,A,8,8,0,100.0,38.9,83.3,38.9,0,50.3,6-dot,0,0,0,0,13.2,0.0,20.3,0.0,JARJARBINKS,CANDIDATE,SLICE_6E,5A ma wystarczającą wartość lub dopasowanie do postaci,0.0,,,,,,,,,,,,,,,,,,,,,,,
TNJdBOAPT_yXKDWq_4R1EQ,854,Tenacity,5,Triangle,1,15,False,0,True,POSTAĆ: K2SO,AfIj9P1hQAaZaMN6z6L37w,Offense %,5.88%,588,0,,Tenacity %,1.52%,152,1,1527,Speed,5,50000,1,573390,Health,267,2670000,1,26783214,Critical Chance %,1.47%,147,1,1470,E,4,4,0,100.0,50.7,83.3,50.7,0,0.0,slice,0,0,0,0,21.5,0.0,33.0,0.0,JARJARBINKS,CANDIDATE,KEEP,wartość secondary zbyt niska,0.0,,,,,,,,,,,,,,,,,,,,,,,
xy01DPWLTvaVeECPBRrhNQ,854,Tenacity,5,Triangle,1,15,False,0,False,MAGAZYN,,Offense %,5.88%,588,0,,Defense %,1.32%,132,1,1329,Defense,5,50000,1,516656,Speed,5,50000,1,561150,Protection %,1.14%,114,1,1140,E,4,4,0,100.0,61.5,83.3,61.5,0,0.0,slice,0,0,0,0,27.1,0.0,41.6,0.0,JARJARBINKS,CANDIDATE,SLICE,wartość moda lub dopasowanie do postaci uzasadnia kolejny roll,0.0,,,,,,,,,,,,,,,,,,,,,,,
vudD8gNaQb6aw5kVG0KWpQ,854,Tenacity,5,Triangle,4,3,False,0,True,POSTAĆ: MONMOTHMA,NZxmA6jjT9mgRzvaiQYUbw,Defense %,2.75%,275,0,,Offense %,0.35%,35,1,353,Health %,0.97%,97,1,970,Critical Chance %,1.21%,121,1,1212,Speed,5,50000,1,598470,B,4,7,3,100.0,72.2,83.3,84.1,11.9,0.0,upgrade,0,0,0,0,16.2,0.0,25.0,0.0,JARJARBINKS,CANDIDATE,UPGRADE,nieujawnione wszystkie secondary,0.0,,,,,,,,,,,,,,,,,,,,,,,
9Mkrmz4HSNKqfaxFcSI5pw,854,Tenacity,5,Triangle,5,1,False,0,True,POSTAĆ: WRECKERS3,uEjp6OaJQTuRqfyYL42cUA,Health %,0.63%,63,0,,Health,255,2550000,1,25593849,Offense %,0.49%,49,1,499,Speed,5,50000,1,587100,Protection,525,5250000,1,52576980,A,4,8,4,100.0,72.0,83.3,86.0,14.0,46.5,upgrade,0,0,0,0,27.5,0.0,42.4,0.0,JARJARBINKS,CANDIDATE,UPGRADE,nieujawnione wszystkie secondary,0.0,,,,,,,,,,,,,,,,,,,,,,,
g-I_OQ05TAmANbhK8sQlXg,854,Tenacity,5,Triangle,5,1,False,0,False,MAGAZYN,,Critical Damage %,4.5%,450,0,,Protection,823,8230000,1,82324919,Speed,5,50000,1,577830,Tenacity %,1.89%,189,1,1896,Critical Chance %,1.99%,199,1,1996,A,4,8,4,100.0,50.7,83.3,75.4,24.6,77.4,upgrade,0,0,0,0,22.3,0.0,34.3,0.0,JARJARBINKS,CANDIDATE,UPGRADE,nieujawnione wszystkie secondary,0.0,,,,,,,,,,,,,,,,,,,,,,,
v8-OZkoXQ86x7hJfY9qjdg,854,Tenacity,5,Triangle,5,1,False,0,True,POSTAĆ: PAO,VzOKqed5QL-ozFtEou2_sg,Offense %,0.63%,63,0,,Protection %,1.59%,159,1,1591,Defense %,1.33%,133,1,1336,Health %,0.71%,71,1,711,Speed,5,50000,1,550950,A,4,8,4,100.0,71.0,83.3,85.5,14.5,47.7,upgrade,0,0,0,0,22.0,0.0,33.8,0.0,JARJARBINKS,CANDIDATE,UPGRADE,nieujawnione wszystkie secondary,0.0,,,,,,,,,,,,,,,,,,,,,,,
xDo8QDQBTN-sAz0ohwSe-A,854,Tenacity,5,Triangle,5,1,False,0,False,MAGAZYN,,Defense %,1.25%,125,0,,Defense,7,70000,1,701876,Protection,502,5020000,1,50296983,Potency %,2.17%,217,1,2179,Speed,5,50000,1,509670,A,4,8,4,100.0,54.0,83.3,77.0,23.0,55.8,upgrade,0,0,0,0,27.4,0.0,42.2,0.0,JARJARBINKS,CANDIDATE,UPGRADE,nieujawnione wszystkie secondary,0.0,,,,,,,,,,,,,,,,,,,,,,,
z79l9LzjRrGS90Qm7hMNmA,854,Tenacity,5,Triangle,5,1,False,0,True,POSTAĆ: KYLOREN,0VuxRFwSSsanYzCXDOc8jg,Critical Chance %,1.5%,150,0,,Defense,5,50000,1,506219,Speed,5,50000,1,514230,Health %,0.58%,58,1,588,Protection %,1.19%,119,1,1199,A,4,8,4,100.0,69.0,83.3,84.5,15.5,19.4,upgrade,0,0,0,0,27.1,0.0,41.6,0.0,JARJARBINKS,CANDIDATE,UPGRADE,nieujawnione wszystkie secondary,0.0,,,,,,,,,,,,,,,,,,,,,,,
3-ZQiriyRNWNaK6qKj8KCQ,862,Tenacity,6,Arrow,5,15,False,0,True,POSTAĆ: ENFYSNEST,E2uFvOXURLCi22ncu8xP5g,Speed,32,320000,0,,Defense %,7.88%,788,3,3082|2626|2180,Protection,2256,22560000,3,91701000|57578200|76373800,Tenacity %,6.33%,633,3,2305|2331|1702,Protection %,6.07%,607,3,1508|1584|2981,A,12,12,0,100.0,47.5,0.0,47.5,0,0.0,calibration,6,0,6,15,30.8,95.1,18.1,0.0,JARJARBINKS,CANDIDATE,KEEP,6A nie wymaga obecnie inwestycji,0.0,,,,,,,,,,,,,,,,,,,,,,,
Igq8HfcgRgKe9DkFii9zog,862,Tenacity,6,Arrow,2,15,False,0,True,POSTAĆ: MERRIN,1S5-8PpPQBmMogCeTUjdjg,Health %,16%,1600,0,,Defense,24,240000,2,1274640|1141520,Offense,88,880000,2,4633250|4077500,Speed,17,170000,3,589980|481260|537510,Potency %,4.01%,401,2,1718|2298,D,9,9,0,100.0,66.7,94.4,66.7,0.0,0.0,slice,2,0,2,15,31.2,0.0,48.0,0.0,JARJARBINKS,CANDIDATE,SLICE,6-dot ma dobry profil do kolejnego rolla,0.0,,,,,,,,,,,,,,,,,,,,,,,
SM3SwA7xShKNY7NmgykiIg,862,Tenacity,6,Arrow,5,15,False,0,True,POSTAĆ: COMMANDERLUKESKYWALKER,27cb4nt6QFGCCRFBpdPWxA,Speed,32,320000,0,,Protection,482,4820000,1,48231000,Tenacity %,6.25%,625,3,1787|1795|2675,Potency %,10.89%,1089,5,2047|1977|2638|2706|1524,Offense %,4.17%,417,3,1026|1575|1572,A,12,12,0,100.0,48.7,0.0,48.7,0,0.0,calibration,6,0,6,15,21.1,95.1,3.1,0.0,JARJARBINKS,CANDIDATE,KEEP,6A nie wymaga obecnie inwestycji,0.0,,,,,,,,,,,,,,,,,,,,,,,
bw8NHUdsSdqDriTI5aIhdg,862,Tenacity,6,Arrow,5,15,False,0,True,POSTAĆ: NINTHSISTER,qg7oNRcDSdKxn7PkVnyfhg,Speed,32,320000,0,,Potency %,2.21%,221,1,2218,Tenacity %,7.07%,707,3,2721|1718|2639,Offense,112,1120000,3,4188500|3937500|3069250,Health,1764,17640000,5,34044300|31149900|30974400|27515700|52760700,A,12,12,0,100.0,50.8,0.0,50.8,0,0.0,calibration,6,0,6,15,33.4,95.1,22.1,0.0,JARJARBINKS,CANDIDATE,KEEP,6A nie wymaga obecnie inwestycji,0.0,,,,,,,,,,,,,,,,,,,,,,,
DhMCuKETQrWi6iLD1JKpUA,865,Tenacity,6,Circle,5,15,False,0,True,POSTAĆ: NINTHSISTER,qg7oNRcDSdKxn7PkVnyfhg,Health %,16%,1600,0,,Speed,9,90000,2,535410|334020,Tenacity %,11.97%,1197,5,2838|2623|2792|2027|1695,Potency %,1.9%,190,1,1909,Offense %,4.74%,474,4,1562|1051|1257|877,A,12,12,0,100.0,62.7,75.0,62.7,0,0.0,calibration,6,0,6,15,10.8,0.0,16.7,0.0,JARJARBINKS,CANDIDATE,CALIBRATE,6A ma wartość lub dopasowanie uzasadniające calibration,0.0,,,,,,,,,,,,,,,,,,,,,,,
OHfxfcjHQteMQ2jf8e3WXQ,865,Tenacity,6,Circle,5,15,False,0,True,POSTAĆ: ENFYSNEST,E2uFvOXURLCi22ncu8xP5g,Health %,16%,1600,0,,Protection %,4.09%,409,2,2316|1782,Health,1291,12910000,3,47803500|34568100|46815300,Potency %,3.98%,398,2,2336|1646,Speed,25,250000,5,512940|558870|301800|583950|464640,A,12,12,0,100.0,71.0,83.3,71.0,0,0.0,calibration,6,0,6,15,36.1,0.0,55.6,0.0,JARJARBINKS,CANDIDATE,CALIBRATE,6A ma wartość lub dopasowanie uzasadniające calibration,0.0,,,,,,,,,,,,,,,,,,,,,,,
0GVzdftLQrad2Y7gEaxnEg,866,Tenacity,6,Cross,5,15,False,1,True,POSTAĆ: ENFYSNEST,E2uFvOXURLCi22ncu8xP5g,Tenacity %,35%,3500,0,,Protection,2095,20950000,3,79018800|71198800|59335400,Speed,14,140000,3,553770|356910|447420,Defense %,8.18%,818,3,3349|2047|2784,Potency %,6.72%,672,3,2788|1754|2184,A,12,12,0,100.0,56.0,77.8,56.0,0.0,0.0,calibration,6,1,5,25,22.3,0.0,34.3,0.0,JARJARBINKS,CANDIDATE,CALIBRATE,6A ma wartość lub dopasowanie uzasadniające calibration,0.0,,,,,,,,,,,,,,,,,,,,,,,
BQDrEPTqSIGDvCIouH_hLA,866,Tenacity,6,Cross,5,15,False,0,True,POSTAĆ: NINTHSISTER,qg7oNRcDSdKxn7PkVnyfhg,Tenacity %,35%,3500,0,,Defense %,5.3%,530,2,2832|2472,Health,1904,19040000,4,52717500|35199900|49131900|53384400,Speed,20,200000,4,579840|522840|587310|301500,Potency %,5.23%,523,2,2523|2709,A,12,12,0,100.0,62.0,83.3,62.0,0,0.0,calibration,6,0,6,15,28.6,0.0,44.0,0.0,JARJARBINKS,CANDIDATE,CALIBRATE,6A ma wartość lub dopasowanie uzasadniające calibration,0.0,,,,,,,,,,,,,,,,,,,,,,,
Jbvaqp8NQ42D14NhSSAH8A,863,Tenacity,6,Diamond,5,15,False,0,True,POSTAĆ: ENFYSNEST,E2uFvOXURLCi22ncu8xP5g,Defense %,20%,2000,0,,Potency %,12.8%,1280,5,2475|2916|2248|2676|2492,Offense %,1.93%,193,2,896|1035,Speed,15,150000,3,564000|330990|594000,Protection,1294,12940000,2,52449200|76990200,A,12,12,0,100.0,62.5,83.3,62.5,0,0.0,calibration,6,0,6,15,20.3,0.0,31.2,0.0,JARJARBINKS,CANDIDATE,CALIBRATE,6A ma wartość lub dopasowanie uzasadniające calibration,0.0,,,,,,,,,,,,,,,,,,,,,,,
KHBCltvXSI6XfwwFhIUKDw,863,Tenacity,6,Diamond,5,15,False,0,True,POSTAĆ: NINTHSISTER,qg7oNRcDSdKxn7PkVnyfhg,Defense %,20%,2000,0,,Critical Chance %,8.11%,811,5,1818|1301|1696|1791|1504,Protection,1205,12050000,2,71760000|48829000,Potency %,4.44%,444,2,1858|2590,Speed,15,150000,3,582780|338100|564660,A,12,12,0,100.0,49.1,83.3,49.1,0,0.0,calibration,6,0,6,15,20.3,0.0,31.2,0.0,JARJARBINKS,CANDIDATE,CALIBRATE,6A ma wartość lub dopasowanie uzasadniające calibration,0.0,,,,,,,,,,,,,,,,,,,,,,,
OFdEyYw8SB2dd_gq0yZuMw,861,Tenacity,6,Square,5,15,False,0,True,POSTAĆ: NINTHSISTER,qg7oNRcDSdKxn7PkVnyfhg,Offense %,8.5%,850,0,,Speed,14,140000,3,580590|451920|329280,Tenacity %,3.41%,341,2,1501|1914,Health %,7.15%,715,5,1324|1344|1231|1676|1582,Health,623,6230000,2,28220400|34165800,A,12,12,0,100.0,68.0,77.8,68.0,0,0.0,calibration,6,0,6,15,19.7,0.0,30.3,0.0,JARJARBINKS,CANDIDATE,CALIBRATE,6A ma wartość lub dopasowanie uzasadniające calibration,0.0,,,,,,,,,,,,,,,,,,,,,,,
_Py7t46CQVqIXB07Exf8GQ,861,Tenacity,6,Square,5,15,False,1,True,POSTAĆ: ENFYSNEST,E2uFvOXURLCi22ncu8xP5g,Offense %,8.5%,850,0,,Speed,16,160000,3,504180|557280|533340,Defense %,13.24%,1324,4,3055|3633|3350|3210,Health %,1.17%,117,1,1173,Protection %,9.31%,931,4,2086|2315|2946|1972,A,12,12,0,100.0,68.3,88.9,68.3,0,0.0,calibration,6,1,5,25,23.9,0.0,36.7,0.0,JARJARBINKS,CANDIDATE,CALIBRATE,6A ma wartość lub dopasowanie uzasadniające calibration,0.0,,,,,,,,,,,,,,,,,,,,,,,
I0YqQ4ORTqSweKCs07XG4Q,864,Tenacity,6,Triangle,5,15,False,2,True,POSTAĆ: ENFYSNEST,E2uFvOXURLCi22ncu8xP5g,Critical Chance %,20%,2000,0,,Potency %,9.68%,968,4,2760|1937|2667|2320,Speed,6,60000,1,594450,Tenacity %,5.94%,594,3,1747|1794|2399,Protection %,9.39%,939,4,2689|2348|1872|2487,A,12,12,0,100.0,50.5,100.0,50.5,0,0.0,calibration,6,2,4,40,13.0,0.0,20.1,0.0,JARJARBINKS,CANDIDATE,KEEP,6A nie wymaga obecnie inwestycji,0.0,,,,,,,,,,,,,,,,,,,,,,,
W6b3IsBlTvmtc5Ca_sHaHQ,864,Tenacity,6,Triangle,5,15,False,3,True,POSTAĆ: COMMANDERLUKESKYWALKER,27cb4nt6QFGCCRFBpdPWxA,Critical Chance %,20%,2000,0,,Health,1688,16880000,4,45635400|49383000|28768500|45087300,Protection %,3.69%,369,2,2164|1530,Speed,17,170000,3,574680|492750|582360,Defense %,8.3%,830,3,2515|3117|2671,A,12,12,0,100.0,63.2,94.4,63.2,0,0.0,calibration,6,3,3,75,27.0,0.0,41.6,0.0,JARJARBINKS,CANDIDATE,CALIBRATE,6A ma wartość lub dopasowanie uzasadniające calibration,0.0,,,,,,,,,,,,,,,,,,,,,,,
rx-vwWU8TM-RkxqMGLckew,864,Tenacity,6,Triangle,5,15,False,0,True,POSTAĆ: NINTHSISTER,qg7oNRcDSdKxn7PkVnyfhg,Health %,16%,1600,0,,Protection,1376,13760000,2,89102000|48507000,Defense %,7.18%,718,2,3988|3192,Offense %,3.72%,372,3,987|1391|1345,Speed,25,250000,5,582930|424710|356940|592320|525900,A,12,12,0,100.0,79.7,83.3,79.7,0,0.0,calibration,6,0,6,15,31.1,0.0,47.9,0.0,JARJARBINKS,CANDIDATE,CALIBRATE,6A ma wartość lub dopasowanie uzasadniające calibration,0.0,,,,,,,,,,,,,,,,,,,,,,,
