id,definitionId,set,dots,slot,tier,level,locked,rerolledCount,equipped,source,assignedTo,primaryStat,primaryValue,primaryValueRaw,primaryRolls,primaryRawRolls,secondary1Stat,secondary1Value,secondary1ValueRaw,secondary1Rolls,secondary1RawRolls,secondary2Stat,secondary2Value,secondary2ValueRaw,secondary2Rolls,secondary2RawRolls,secondary3Stat,secondary3Value,secondary3ValueRaw,secondary3Rolls,secondary3RawRolls,secondary4Stat,secondary4Value,secondary4ValueRaw,secondary4Rolls,secondary4RawRolls
1_os2EuqQJWYXijdPWXMSg,552,Critical Chance,5,Arrow,4,15,False,0,True,equippedStatMod,,Offense %,0.3%,300000,0,,Health %,5.67%,5670000,2,27828998|28954073,Protection %,6.57%,6570000,1,65775214,Defense,408,408,2,1984|2102,Health,87,87,2,518|357
Aqp9bzjCSJydr4jUE54U8A,552,Critical Chance,5,Arrow,1,15,False,0,True,equippedStatMod,,Offense %,0.3%,300000,0,,Health,51,51,1,517,Potency %,0.000224%,224,1,2246,Health %,3.28%,3280000,1,32843618,Protection %,7.31%,7310000,1,73121871
El4awg0IRqGHHxJLEFzEsA,552,Critical Chance,5,Arrow,2,15,False,0,True,equippedStatMod,,Offense %,0.3%,300000,0,,Offense,71,71,1,718,Potency %,0.000182%,182,1,1827,Speed,285,285,2,1127|1726,Tenacity %,0.08%,80000,1,827904
JPbGHgmZRbO98aelcNwKvA,552,Critical Chance,5,Arrow,3,15,False,0,True,equippedStatMod,,Offense %,0.3%,300000,0,,Tenacity %,0.13%,130000,2,533953|863135,Critical Avoidance %,0.24%,240000,1,2334948,Defense,358,358,2,1978|1606,Potency %,0.000217%,217,1,2174
MpOvdBTgT7GxySQXABMi8g,552,Critical Chance,5,Arrow,1,15,False,0,True,equippedStatMod,,Offense %,0.3%,300000,0,,Potency %,0.000121%,121,1,1212,Defense,155,155,1,1551,Tenacity %,0.05%,50000,1,522879,Defense %,0.000213%,213,1,2137
Nmx7B8UJQya90vKhCC_QCQ,552,Critical Chance,5,Arrow,1,15,False,0,True,equippedStatMod,,Offense %,0.3%,300000,0,,Defense,169,169,1,1699,Potency %,0.00016%,160,1,1603,Health %,2.71%,2710000,1,27151810,Defense %,0.000113%,113,1,1131
QauoTnhWQAy6UlLtZy0eaA,552,Critical Chance,5,Arrow,1,15,False,0,True,equippedStatMod,,Offense %,0.3%,300000,0,,Health,45,45,1,457,Health %,3.95%,3950000,1,39591925,Defense %,0.000114%,114,1,1145,Speed,211,211,1,2118
SQrxJbkoQQKcpmIFsx0LGg,552,Critical Chance,5,Arrow,1,15,False,0,True,equippedStatMod,,Offense %,0.3%,300000,0,,Defense %,0.000136%,136,1,1369,Potency %,0.00021%,210,1,2108,Health %,3.19%,3190000,1,31949987,Critical Avoidance %,0.42%,420000,1,4131132
WYIppPH4T_OgKOnE8iNqGw,552,Critical Chance,5,Arrow,5,15,False,0,True,equippedStatMod,,Health,588,588,0,,Offense %,0.14%,140000,3,529290|438510|436230,Protection,362,362,3,1641|1113|872,Health %,2.69%,2690000,1,26999657,Defense,202,202,1,2025
XO20-QSiT_OdbnLqUCur1g,552,Critical Chance,5,Arrow,1,15,False,0,True,equippedStatMod,,Offense %,0.3%,300000,0,,Defense %,0.000141%,141,1,1413,Potency %,0.000168%,168,1,1683,Health,46,46,1,468,Defense,218,218,1,2185
_AvlqIewT1W2C0V3Aq0moA,552,Critical Chance,5,Arrow,5,15,False,0,True,equippedStatMod,,Offense %,0.3%,300000,0,,Defense %,0.000129%,129,1,1297,Tenacity %,0.3%,300000,4,922131|627102|881853|616175,Health,82,82,2,287|535,Health %,2.93%,2930000,1,29380530
hNNmG5x0SwWPjBFekA-_wQ,552,Critical Chance,5,Arrow,5,15,False,0,True,equippedStatMod,,Offense %,0.3%,300000,0,,Tenacity %,0.06%,60000,1,683109,Defense,282,282,2,1150|1678,Health %,9.08%,9080000,3,33968693|21646443|35243778,Potency %,0.000403%,403,2,1985|2048
o7zCfjDGTDm6frfSu_5UHQ,552,Critical Chance,5,Arrow,1,15,False,0,True,equippedStatMod,,Offense %,0.3%,300000,0,,Tenacity %,0.09%,90000,1,961233,Speed,124,124,1,1241,Critical Avoidance %,0.27%,270000,1,2639328,Health %,2.69%,2690000,1,26976084
vJ334euuRHecFdfdCZnJ1g,552,Critical Chance,5,Arrow,3,15,False,0,True,equippedStatMod,,Offense %,0.3%,300000,0,,Health,133,133,3,319|473|544,Critical Avoidance %,0.29%,290000,1,2889444,Health %,2.61%,2610000,1,26110312,Protection,169,169,1,1698
w1x6GZOgRhOeF3U_VF4-9g,552,Critical Chance,5,Arrow,3,15,False,0,True,equippedStatMod,,Offense %,0.3%,300000,0,,Potency %,0.000177%,177,1,1779,Defense,576,576,3,1424|2203|2141,Tenacity %,0.06%,60000,1,673701,Health %,2.87%,2870000,1,28771918
y8WytUpmS7GRd30ql1mPrA,552,Critical Chance,5,Arrow,5,15,False,0,True,equippedStatMod,,Offense %,0.3%,300000,0,,Defense,224,224,1,2247,Defense %,0.000765%,765,4,2048|1924|1560|2118,Tenacity %,0.09%,90000,1,961870,Protection %,14.55%,14550000,2,68358380|77146128
0GCYtSVTTnyDFDUJBKtcvg,552,Critical Chance,5,Arrow,1,12,False,0,False,unequippedMod,,Offense,475,475,0,,Defense %,0.00014%,140,1,1400,Protection,135,135,1,1355,Potency %,0.000213%,213,1,2132,Offense %,0.05%,50000,1,582990
4-DU89I2QCKAnEoXasgP-g,552,Critical Chance,5,Arrow,1,12,False,0,False,unequippedMod,,Offense,475,475,0,,Speed,212,212,1,2120,Critical Avoidance %,0.32%,320000,1,3124284,Protection %,6.69%,6690000,1,66975431,Offense %,0.05%,50000,1,588960
ET3qzR9qRQe_RM0uwek99A,552,Critical Chance,5,Arrow,1,12,False,0,False,unequippedMod,,Offense,475,475,0,,Critical Avoidance %,0.44%,440000,1,4300080,Defense,191,191,1,1915,Offense %,0.05%,50000,1,553680,Tenacity %,0.09%,90000,1,951090
SBLYH_jPT7u_c4_jp99BDQ,552,Critical Chance,5,Arrow,1,12,False,0,False,unequippedMod,,Health,475,475,0,,Critical Avoidance %,0.37%,370000,1,3697704,Offense,72,72,1,722,Offense %,0.05%,50000,1,597810,Defense %,0.000149%,149,1,1495
p_fVP5BPQrydOeq9-Y34zw,552,Critical Chance,5,Arrow,1,12,False,0,False,unequippedMod,,Offense,475,475,0,,Defense,193,193,1,1933,Protection,153,153,1,1531,Offense %,0.05%,50000,1,543930,Protection %,5.71%,5710000,1,57149433
z1sVpAShSfOXrc-DA2xuVw,552,Critical Chance,5,Arrow,1,12,False,0,False,unequippedMod,,Offense,475,475,0,,Potency %,0.000151%,151,1,1513,Offense %,0.05%,50000,1,502860,Defense,173,173,1,1734,Health,45,45,1,459
zJHpatY4SOuircvJw75qFg,552,Critical Chance,5,Arrow,1,12,False,0,True,equippedStatMod,,Offense,475,475,0,,Offense %,0.05%,50000,1,516390,Potency %,0.000163%,163,1,1639,Health %,2.7%,2700000,1,27021087,Tenacity %,0.07%,70000,1,780031
VwWnDFG3SkqOnbsdXZjnPQ,552,Critical Chance,5,Arrow,2,9,False,0,False,unequippedMod,,Health,363,363,0,,Protection,89,89,1,898,Offense %,0.05%,50000,1,500220,Defense,137,137,1,1370,Protection %,7.11%,7110000,1,71136737
YOuM88ZbRr2cOweG1TLngg,552,Critical Chance,5,Arrow,2,9,False,0,True,equippedStatMod,,Offense %,0.19%,190000,0,,Speed,114,114,1,1148,Critical Avoidance %,0.31%,310000,1,3048816,Protection %,8%,8000000,1,80053228,Protection,136,136,1,1367
aqjuBJbcS1y14JMD6t-e4w,552,Critical Chance,5,Arrow,2,9,False,0,False,unequippedMod,,Offense,363,363,0,,Defense,138,138,1,1389,Offense %,0.05%,50000,1,538950,Critical Avoidance %,0.36%,360000,1,3538788,Tenacity %,0.05%,50000,1,514010
hjMxj-p-R9uxIAYgqTp3lQ,552,Critical Chance,5,Arrow,2,9,False,0,False,unequippedMod,,Offense,363,363,0,,Protection %,6.55%,6550000,1,65571717,Protection,101,101,1,1017,Offense %,0.05%,50000,1,574140,Potency %,0.000144%,144,1,1441
pJzihfetR4CrcWnTNOGQrA,552,Critical Chance,5,Arrow,2,9,False,0,False,unequippedMod,,Offense,363,363,0,,Protection %,8.16%,8160000,1,81664592,Offense %,0.05%,50000,1,547290,Defense %,0.000188%,188,1,1881,Protection,140,140,1,1404
qGVcbGEcRIGEk5Tdj5YsHA,552,Critical Chance,5,Arrow,2,9,False,0,False,unequippedMod,,Offense,363,363,0,,Protection,110,110,1,1100,Offense %,0.05%,50000,1,574830,Tenacity %,0.06%,60000,1,628964,Protection %,5.85%,5850000,1,58594677
2Q927axjShaoJsnOJlCU4g,552,Critical Chance,5,Arrow,3,7,False,0,True,equippedStatMod,,Offense %,0.15%,150000,0,,Critical Avoidance %,0.46%,460000,1,4542672,Tenacity %,0.05%,50000,1,543018,Defense %,0.000196%,196,1,1966,Protection,105,105,1,1052
6bOlIB2uTfGHtMeCf6njCQ,552,Critical Chance,5,Arrow,3,6,False,0,False,unequippedMod,,Offense,250,250,0,,Defense,158,158,1,1588,Potency %,0.000126%,126,1,1267,Offense %,0.05%,50000,1,545520,Critical Avoidance %,0.25%,250000,1,2496144
6OZh5x_jRsOfidSk_QDxOQ,552,Critical Chance,5,Arrow,1,1,False,0,True,equippedStatMod,,Offense %,0.04%,40000,0,,,,,0,,,,,0,,,,,0,,,,,0,
70DpMItISka9oo0nTcOAbA,552,Critical Chance,5,Arrow,4,1,False,0,True,equippedStatMod,,Offense %,0.04%,40000,0,,Critical Avoidance %,0.3%,300000,1,2920452,Offense,97,97,1,971,Speed,154,154,1,1547,,,,0,
BUqrUSuHS9CYnaQnxFcOXQ,552,Critical Chance,5,Arrow,1,1,False,0,True,equippedStatMod,,Offense %,0.04%,40000,0,,,,,0,,,,,0,,,,,0,,,,,0,
CkHvHt35TzuHkDb8pvyUFA,552,Critical Chance,5,Arrow,2,1,False,0,True,equippedStatMod,,Offense %,0.04%,40000,0,,Health %,3.15%,3150000,1,31551389,,,,0,,,,,0,,,,,0,
JM2SJZicRNKtBSQ7wLpcWw,552,Critical Chance,5,Arrow,1,1,False,0,False,unequippedMod,,Offense %,0.04%,40000,0,,,,,0,,,,,0,,,,,0,,,,,0,
Kpro-AEER1e_vr7H9yFhIw,552,Critical Chance,5,Arrow,5,1,False,0,False,unequippedMod,,Offense,63,63,0,,Speed,176,176,1,1765,Offense %,0.05%,50000,1,521100,Health,33,33,1,333,Critical Avoidance %,0.26%,260000,1,2584152
SDvxHRYJRz-vbFMfjLVppA,552,Critical Chance,5,Arrow,3,1,False,0,True,equippedStatMod,,Offense %,0.04%,40000,0,,Protection,127,127,1,1274,Defense %,0.000162%,162,1,1621,,,,0,,,,,0,
Ur_pFtdvRdmWrk3MKJvn-w,552,Critical Chance,5,Arrow,4,1,False,0,True,equippedStatMod,,Offense %,0.04%,40000,0,,Protection,88,88,1,884,Critical Avoidance %,0.39%,390000,1,3880332,Tenacity %,0.08%,80000,1,823102,,,,0,
baJ6tSN_RnaEWnYAmUuI0A,552,Critical Chance,5,Arrow,1,1,False,0,True,equippedStatMod,,Offense %,0.04%,40000,0,,,,,0,,,,,0,,,,,0,,,,,0,
dpl9FxjuQQC7B3omrGoTTQ,552,Critical Chance,5,Arrow,2,1,False,0,False,unequippedMod,,Health,63,63,0,,Offense %,0.05%,50000,1,536760,,,,0,,,,,0,,,,,0,
e3_lAUV2RsKSkc6J-iCTxg,552,Critical Chance,5,Arrow,3,1,False,0,False,unequippedMod,,Offense %,0.04%,40000,0,,Potency %,0.000131%,131,1,1318,Protection %,5.45%,5450000,1,54557961,,,,0,,,,,0,
goEDPDMJQVKQiRbOG3-kdA,552,Critical Chance,5,Arrow,4,1,False,0,True,equippedStatMod,,Offense %,0.04%,40000,0,,Potency %,0.00021%,210,1,2104,Offense,64,64,1,645,Tenacity %,0.05%,50000,1,597016,,,,0,
hzbLCoUmRMGK0KwHb7SDNA,552,Critical Chance,5,Arrow,1,1,False,0,False,unequippedMod,,Offense %,0.04%,40000,0,,,,,0,,,,,0,,,,,0,,,,,0,
kh_2YMihRVmWO839inH8Rw,552,Critical Chance,5,Arrow,1,1,False,0,True,equippedStatMod,,Offense %,0.04%,40000,0,,,,,0,,,,,0,,,,,0,,,,,0,
nC4G4JtNRTe9syffBjskTg,552,Critical Chance,5,Arrow,1,1,False,0,True,equippedStatMod,,Offense %,0.04%,40000,0,,,,,0,,,,,0,,,,,0,,,,,0,
nNywN_lXSOOK2FTCTjgS1A,552,Critical Chance,5,Arrow,3,1,False,0,False,unequippedMod,,Offense,63,63,0,,Tenacity %,0.07%,70000,1,764008,Offense %,0.05%,50000,1,505200,,,,0,,,,,0,
wyXhqJu7RMaSWAFiYRVv7A,552,Critical Chance,5,Arrow,4,1,False,0,True,equippedStatMod,,Offense %,0.04%,40000,0,,Critical Avoidance %,0.24%,240000,1,2340648,Offense,103,103,1,1038,Defense,208,208,1,2083,,,,0,
z3alDD2UQwKQF_4iZwTjzA,552,Critical Chance,5,Arrow,1,1,False,0,False,unequippedMod,,Offense %,0.04%,40000,0,,,,,0,,,,,0,,,,,0,,,,,0,
EJmrwANhTW2iCem3C78wjA,555,Critical Chance,5,Circle,4,15,False,0,True,equippedStatMod,,Offense,588,588,0,,Health,49,49,1,492,Critical Avoidance %,1.12%,1120000,3,3606504|3200208|4387176,Offense %,0.05%,50000,1,583020,Health %,5.46%,5460000,2,29922709|24715219
JYWRpA7jQS6pNEq8i6kcuw,555,Critical Chance,5,Circle,3,15,False,0,True,equippedStatMod,,Speed,2350,2350,0,,Defense %,0.000411%,411,2,2151|1961,Critical Avoidance %,0.45%,450000,1,4491144,Protection %,10.61%,10610000,2,46218737|59931943,Offense %,0.04%,40000,1,479880
Qj8aya7mRcS2Wv4AznlWsg,555,Critical Chance,5,Circle,2,15,False,0,True,equippedStatMod,,Speed,2350,2350,0,,Potency %,0.000215%,215,1,2150,Defense %,0.000198%,198,1,1987,Critical Avoidance %,0.55%,550000,2,2669424|2820816,Offense %,0.05%,50000,1,551070
U5TMyHAcRamJ7QHtuYO5gw,555,Critical Chance,5,Circle,4,15,False,0,True,equippedStatMod,,Speed,2350,2350,0,,Offense %,0.04%,40000,1,410010,Defense,207,207,1,2075,Offense,94,94,1,944,Potency %,0.000761%,761,4,1768|2049|1935|1861
U6-Rm9s-QzO0JRe28hqwIA,555,Critical Chance,5,Circle,5,15,False,0,False,unequippedMod,,Offense,588,588,0,,Defense %,0.000168%,168,1,1688,Health,126,126,3,422|422|422,Offense %,0.15%,150000,3,500010|500010|500010,Health %,3.21%,3210000,1,32145000
aDJr8oUfSsO6z0cNFGnZ7g,555,Critical Chance,5,Circle,4,15,False,0,True,equippedStatMod,,Speed,2350,2350,0,,Defense,357,357,2,2022|1556,Protection,95,95,1,959,Offense %,0.05%,50000,1,508110,Health,149,149,3,463|524|509
ibU6W5LfQqmRApDyC0CvUA,555,Critical Chance,5,Circle,3,15,True,0,True,equippedStatMod,,Speed,2350,2350,0,,Offense %,0.05%,50000,1,507990,Health,44,44,1,443,Protection,128,128,1,1286,Defense %,0.000546%,546,3,1963|1554|1949
nZORtV5zTfW45-V2FHN6Pw,555,Critical Chance,5,Circle,4,15,False,0,True,equippedStatMod,,Offense,588,588,0,,Health,84,84,2,346|498,Offense %,0.09%,90000,2,530190|405270,Tenacity %,0.08%,80000,1,863527,Protection %,11.47%,11470000,2,50949004|63810845
ocfaYIB5TTWeh-BrMlL_Jg,555,Critical Chance,5,Circle,2,15,False,0,True,equippedStatMod,,Offense,588,588,0,,Offense %,0.05%,50000,1,506280,Protection %,6.17%,6170000,1,61767569,Health,90,90,2,434|466,Tenacity %,0.08%,80000,1,845348
-pUi4GLpRUON4Dg5IhrkTA,555,Critical Chance,5,Circle,1,12,False,0,True,equippedStatMod,,Offense,475,475,0,,Offense %,0.05%,50000,1,596520,Tenacity %,0.08%,80000,1,824670,Health,28,28,1,288,Health %,2.63%,2630000,1,26373901
3CRYY8xnQeKUzRVMngkAVQ,555,Critical Chance,5,Circle,1,12,False,0,False,unequippedMod,,Offense,475,475,0,,Critical Avoidance %,0.41%,410000,1,4050876,Offense %,0.05%,50000,1,588480,Health,53,53,1,539,Health %,2.4%,2400000,1,24055175
91jkn2knS2SCLNBIoCUwIQ,555,Critical Chance,5,Circle,1,12,False,0,False,unequippedMod,,Offense,475,475,0,,Speed,143,143,1,1431,Protection,133,133,1,1331,Offense %,0.05%,50000,1,547230,Potency %,0.000209%,209,1,2098
HeU4GFt_TDqz8aEwKGek1w,555,Critical Chance,5,Circle,1,12,False,0,False,unequippedMod,,Offense,475,475,0,,Defense %,0.000185%,185,1,1850,Health %,3.45%,3450000,1,34538731,Protection,154,154,1,1544,Offense %,0.05%,50000,1,593130
I7hPzWjoRruQ0nNEmujkBg,555,Critical Chance,5,Circle,1,12,False,0,False,unequippedMod,,Offense,475,475,0,,Offense %,0.05%,50000,1,516180,Protection %,6.97%,6970000,1,69757941,Health %,2.93%,2930000,1,29397674,Health,49,49,1,499
IXA8TAlzSlSHQsw3JRKZyQ,555,Critical Chance,5,Circle,1,12,False,0,False,unequippedMod,,Offense,475,475,0,,Defense,219,219,1,2199,Offense %,0.05%,50000,1,574230,Potency %,0.000128%,128,1,1289,Health %,3.29%,3290000,1,32976484
Iws2O27cTH6cFhrJXtW1iw,555,Critical Chance,5,Circle,1,12,False,0,False,unequippedMod,,Offense,475,475,0,,Defense %,0.000199%,199,1,1997,Health %,2.91%,2910000,1,29164087,Speed,190,190,1,1905,Offense %,0.05%,50000,1,520500
L6QZNwDjSBKhlHgs49qwXQ,555,Critical Chance,5,Circle,1,12,False,0,True,equippedStatMod,,Speed,1900,1900,0,,Offense %,0.05%,50000,1,539520,Health,50,50,1,501,Defense,144,144,1,1446,Defense %,0.000154%,154,1,1547
O24xVx7WSbC9s0VA75ZVWQ,555,Critical Chance,5,Circle,1,12,False,0,False,unequippedMod,,Offense,475,475,0,,Speed,112,112,1,1127,Defense,166,166,1,1660,Protection %,7.09%,7090000,1,70920781,Offense %,0.05%,50000,1,572580
OnW089KQRn-ztq1RuanCQg,555,Critical Chance,5,Circle,1,12,False,0,True,equippedStatMod,,Speed,1900,1900,0,,Health %,2.27%,2270000,1,22711514,Critical Avoidance %,0.26%,260000,1,2534676,Tenacity %,0.07%,70000,1,774592,Offense %,0.05%,50000,1,513900
SGKEfqGpRrukF-QcvKz-MQ,555,Critical Chance,5,Circle,1,12,False,0,True,equippedStatMod,,Speed,1900,1900,0,,Offense %,0.05%,50000,1,592500,Offense,98,98,1,986,Defense %,0.000195%,195,1,1951,Potency %,0.000151%,151,1,1513
bHrblbg_Rd2vNhDO7hOL_Q,555,Critical Chance,5,Circle,1,12,False,0,False,unequippedMod,,Offense,475,475,0,,Defense,195,195,1,1952,Health,33,33,1,330,Health %,3.47%,3470000,1,34714457,Offense %,0.05%,50000,1,575850
pNhL2vrERQGwS7u-qU8RBA,555,Critical Chance,5,Circle,1,12,False,0,False,unequippedMod,,Offense,475,475,0,,Offense %,0.05%,50000,1,509910,Potency %,0.000191%,191,1,1911,Critical Avoidance %,0.41%,410000,1,4005276,Tenacity %,0.09%,90000,1,955549
tr7T1apSRzqvh_fYYsgLcA,555,Critical Chance,5,Circle,1,12,False,0,True,equippedStatMod,,Offense,475,475,0,,Offense %,0.05%,50000,1,526200,Defense %,0.000163%,163,1,1630,Tenacity %,0.05%,50000,1,589666,Defense,129,129,1,1295
GevZllEISxK2IGhjf37VqA,555,Critical Chance,5,Circle,2,9,False,0,True,equippedStatMod,,Offense,363,363,0,,Health,41,41,1,418,Tenacity %,0.06%,60000,1,699622,Offense %,0.05%,50000,1,533490,Defense,175,175,1,1759
TD-YltfMQ7yXk2svMxIXxA,555,Critical Chance,5,Circle,2,9,False,0,True,equippedStatMod,,Offense,363,363,0,,Speed,201,201,1,2014,Protection,93,93,1,932,Defense %,0.000215%,215,1,2158,Offense %,0.05%,50000,1,521460
fXwxvADAQ26Y_EikLPuIgw,555,Critical Chance,5,Circle,2,9,False,0,True,equippedStatMod,,Offense,363,363,0,,Critical Avoidance %,0.25%,250000,1,2495688,Offense %,0.05%,50000,1,542340,Health %,2.58%,2580000,1,25891726,Defense,144,144,1,1447
isrBIE-2Q3ejD9YMzHFTvA,555,Critical Chance,5,Circle,2,9,False,0,False,unequippedMod,,Offense,363,363,0,,Protection,109,109,1,1090,Potency %,0.000156%,156,1,1569,Critical Avoidance %,0.31%,310000,1,3062040,Offense %,0.05%,50000,1,549930
wWVVllC9T-WW9H7hwTB1AQ,555,Critical Chance,5,Circle,3,6,False,0,True,equippedStatMod,,Offense,250,250,0,,Potency %,0.000158%,158,1,1587,Defense %,0.000115%,115,1,1157,Critical Avoidance %,0.38%,380000,1,3799392,Offense %,0.05%,50000,1,511620
Crd5tfkNQWGbYI9rRLbefw,555,Critical Chance,5,Circle,4,3,False,0,True,equippedStatMod,,Offense,138,138,0,,Defense %,0.000206%,206,1,2062,Tenacity %,0.07%,70000,1,734608,Speed,186,186,1,1861,Offense %,0.05%,50000,1,572910
Uyw1hMqdQUyEePu_Kti3_Q,555,Critical Chance,5,Circle,4,3,False,0,True,equippedStatMod,,Speed,550,550,0,,Tenacity %,0.06%,60000,1,607404,Health %,2.87%,2870000,1,28737630,Health,32,32,1,325,Offense %,0.05%,50000,1,547290
ag4KD7QSTYO89t2dc_N6qw,555,Critical Chance,5,Circle,4,3,False,0,True,equippedStatMod,,Offense,138,138,0,,Protection,142,142,1,1422,Tenacity %,0.09%,90000,1,953442,Protection %,6.21%,6210000,1,62182869,Offense %,0.05%,50000,1,576660
-I0B77BeSLKQ75d0yT-fTw,555,Critical Chance,5,Circle,4,1,False,0,True,equippedStatMod,,Offense,63,63,0,,Speed,168,168,1,1684,Protection,97,97,1,974,Offense %,0.05%,50000,1,599280,,,,0,
MqdooXRbRRyiPkdU802ebA,555,Critical Chance,5,Circle,4,1,False,0,True,equippedStatMod,,Offense,63,63,0,,Offense %,0.05%,50000,1,518790,Potency %,0.000152%,152,1,1522,Protection,109,109,1,1097,,,,0,
0xs4tHs0QoawYl0cdYKVTQ,556,Critical Chance,5,Cross,5,15,False,0,True,equippedStatMod,,Health,588,588,0,,Health %,6.34%,6340000,2,41462764|22006467,Protection,253,253,2,1630|901,Protection %,18.08%,18080000,3,79475961|53810421|47547697,Critical Avoidance %,0.24%,240000,1,2394684
JufC9mheRZW0bcYpBq4FiQ,556,Critical Chance,5,Cross,3,15,False,0,True,equippedStatMod,,Protection,1175,1175,0,,Offense %,0.1%,100000,2,528630|549180,Health,62,62,2,337|286,Protection %,5.85%,5850000,1,58578065,Speed,113,113,1,1139
NJhSKb16QdqCEiwDjGozQg,556,Critical Chance,5,Cross,2,15,False,0,True,equippedStatMod,,Speed,2350,2350,0,,Protection %,5.79%,5790000,1,57901126,Offense %,0.05%,50000,1,501510,Health,93,93,2,552|380,Defense,177,177,1,1774
r2VkW0eIS3-IYaomXeqIYw,556,Critical Chance,5,Cross,1,15,False,0,True,equippedStatMod,,Speed,2350,2350,0,,Protection %,7.96%,7960000,1,79642081,Offense %,0.05%,50000,1,531270,Defense %,0.000189%,189,1,1894,Health %,3.07%,3070000,1,30760622
0Z8XEuMCTE2g5yeGrczUEw,556,Critical Chance,5,Cross,1,12,False,0,False,unequippedMod,,Potency %,0.00195%,1950,0,,Protection,111,111,1,1112,Health,29,29,1,290,Offense %,0.05%,50000,1,597150,Speed,168,168,1,1689
4pMJt4c-TK-RN1QYJ-mtzg,556,Critical Chance,5,Cross,1,12,False,0,False,unequippedMod,,Potency %,0.00195%,1950,0,,Critical Avoidance %,0.43%,430000,1,4206828,Protection,130,130,1,1304,Speed,189,189,1,1890,Offense %,0.05%,50000,1,529710
Y8fDPzTbR26HyV0bGPRZyg,556,Critical Chance,5,Cross,1,12,False,0,False,unequippedMod,,Protection,950,950,0,,Offense %,0.05%,50000,1,584610,Potency %,0.000119%,119,1,1198,Offense,84,84,1,846,Speed,153,153,1,1537
_cl3DRjcQhuLVvY14B2aOg,556,Critical Chance,5,Cross,1,12,False,0,False,unequippedMod,,Offense,475,475,0,,Health %,2.17%,2170000,1,21764308,Tenacity %,0.06%,60000,1,619017,Offense %,0.05%,50000,1,533820,Critical Avoidance %,0.45%,450000,1,4431180
crh1azIaS4eS-zp7BguwDw,556,Critical Chance,5,Cross,1,12,False,0,False,unequippedMod,,Speed,1900,1900,0,,Offense %,0.05%,50000,1,591990,Potency %,0.000222%,222,1,2227,Protection %,5.47%,5470000,1,54715775,Defense,198,198,1,1981
gtP1ROUTTMigNrLPxJ1Reg,556,Critical Chance,5,Cross,1,12,False,0,False,unequippedMod,,Offense,475,475,0,,Health %,3.73%,3730000,1,37382492,Speed,179,179,1,1793,Critical Avoidance %,0.37%,370000,1,3653244,Offense %,0.05%,50000,1,512160
uHfDGIydSKu81tugQ3ixXA,556,Critical Chance,5,Cross,1,12,False,0,False,unequippedMod,,Offense,475,475,0,,Health %,2.94%,2940000,1,29421247,Speed,156,156,1,1564,Health,44,44,1,443,Offense %,0.05%,50000,1,520320
jyA9wLD4QHORsTqNcak1KA,556,Critical Chance,5,Cross,2,9,False,0,False,unequippedMod,,Speed,1450,1450,0,,Protection %,8.26%,8260000,1,82644700,Tenacity %,0.06%,60000,1,658413,Health %,3.12%,3120000,1,31264227,Offense %,0.05%,50000,1,599670
oDOUIqfNR_Se5JuD59fhSA,556,Critical Chance,5,Cross,2,9,True,0,True,equippedStatMod,,Speed,1450,1450,0,,Health %,4.17%,4170000,1,41700637,Health,45,45,1,454,Protection,86,86,1,866,Offense %,0.05%,50000,1,546030
vxt3heeCRxGkSzW426UO6g,556,Critical Chance,5,Cross,2,9,False,0,False,unequippedMod,,Offense,363,363,0,,Potency %,0.000185%,185,1,1859,Protection,126,126,1,1266,Offense %,0.05%,50000,1,516060,Health,55,55,1,555
E1sbTh3qRNGPUlkefO813Q,556,Critical Chance,5,Cross,3,6,False,0,True,equippedStatMod,,Offense,250,250,0,,Speed,115,115,1,1150,Protection %,6.35%,6350000,1,63574124,Offense %,0.05%,50000,1,558060,Health,31,31,1,316
qYr-gBMUTdiYobFJchTADg,556,Critical Chance,5,Cross,3,6,False,0,True,equippedStatMod,,Protection,500,500,0,,Tenacity %,0.07%,70000,1,741566,Speed,143,143,1,1433,Critical Avoidance %,0.39%,390000,1,3883524,Offense %,0.05%,50000,1,568620
64LiaPP_StyTrwPbtTNbGg,556,Critical Chance,5,Cross,4,1,False,0,False,unequippedMod,,Potency %,0.0003%,300,0,,Health %,4.07%,4070000,1,40747002,Offense %,0.05%,50000,1,536820,Health,44,44,1,448,,,,0,
89PNwdpAQ4qiA-yHeINs5A,556,Critical Chance,5,Cross,3,1,False,0,True,equippedStatMod,,Protection,125,125,0,,Speed,160,160,1,1601,Offense %,0.05%,50000,1,526320,,,,0,,,,,0,
bcC7wHrZR4uoPHJJ6b2WGA,556,Critical Chance,5,Cross,2,1,False,0,False,unequippedMod,,Speed,250,250,0,,Offense %,0.05%,50000,1,565290,,,,0,,,,,0,,,,,0,
cknARkC9SnaqpnTJ0YI-EQ,556,Critical Chance,5,Cross,3,1,False,0,True,equippedStatMod,,Protection,125,125,0,,Offense %,0.05%,50000,1,580530,Speed,147,147,1,1477,,,,0,,,,,0,
sOr3Pj_CRYCZrG8I_q4rVQ,556,Critical Chance,5,Cross,4,1,False,0,True,equippedStatMod,,Speed,250,250,0,,Defense %,0.000189%,189,1,1897,Offense %,0.05%,50000,1,578130,Protection %,6.78%,6780000,1,67814337,,,,0,
xzVnhWk0QouDB--cTrQDqQ,556,Critical Chance,5,Cross,5,1,False,0,False,unequippedMod,,Potency %,0.0003%,300,0,,Protection,129,129,1,1298,Offense %,0.05%,50000,1,594150,Defense,207,207,1,2074,Health,47,47,1,471
JBay0iglRYWGMFeou4d_0Q,553,Critical Chance,5,Diamond,5,15,False,0,True,equippedStatMod,,Protection,1175,1175,0,,Offense %,0.05%,50000,1,573300,Potency %,0.000347%,347,2,1985|1486,Critical Avoidance %,0.68%,680000,2,3773400|2946444,Health,124,124,3,395|296|554
KeW1J2RXTq6FWVgyZsSO6w,553,Critical Chance,5,Diamond,4,15,False,0,True,equippedStatMod,,Protection,1175,1175,0,,Protection %,6.4%,6400000,1,64097402,Offense,265,265,3,909|1032|719,Offense %,0.05%,50000,1,573270,Defense,297,297,2,1283|1697
Knd5m297T1-3rfqWfAN78g,553,Critical Chance,5,Diamond,2,15,False,0,True,equippedStatMod,,Protection,1175,1175,0,,Health,30,30,1,302,Tenacity %,0.07%,70000,1,769741,Protection %,14.29%,14290000,2,69745482|73242308,Offense %,0.05%,50000,1,553890
N8ODgITQSQi3mttU9QNRRQ,553,Critical Chance,5,Diamond,5,15,False,0,True,equippedStatMod,,Protection,1175,1175,0,,Offense %,0.18%,180000,4,510900|590070|364740|339450,Health,52,52,1,524,Protection %,12.73%,12730000,2,74562962|52797089,Defense,168,168,1,1681
OwE709MXSg-KcMCiRwCfKg,553,Critical Chance,5,Diamond,1,15,False,0,True,equippedStatMod,,Protection,1175,1175,0,,Defense,208,208,1,2080,Offense %,0.05%,50000,1,542490,Potency %,0.000122%,122,1,1221,Health,49,49,1,490
QXXhC9AqSQiwOjYcHNcoKA,553,Critical Chance,5,Diamond,1,15,False,0,True,equippedStatMod,,Protection,1175,1175,0,,Potency %,0.000116%,116,1,1160,Offense,106,106,1,1062,Speed,168,168,1,1681,Offense %,0.05%,50000,1,559500
SnGbYDc4S2eNXMhwBBE8-w,553,Critical Chance,5,Diamond,5,15,False,0,True,equippedStatMod,,Protection,1175,1175,0,,Health,139,139,3,464|372|561,Defense,176,176,1,1765,Offense %,0.05%,50000,1,536130,Offense,256,256,3,1102|864|602
b9TmC13VT5SNVeRJv32SbA,553,Critical Chance,5,Diamond,5,15,False,0,True,equippedStatMod,,Protection,1175,1175,0,,Health %,11.19%,11190000,3,32447163|40363405|39178326,Defense,139,139,1,1391,Offense %,0.13%,130000,3,551190|324270|521820,Defense %,0.00019%,190,1,1904
cUkZWWKdQXW4aC-xo7KbeA,553,Critical Chance,5,Diamond,2,15,False,0,True,equippedStatMod,,Protection,1175,1175,0,,Offense %,0.05%,50000,1,535980,Health %,5.79%,5790000,2,28617622|29344099,Tenacity %,0.06%,60000,1,687715,Defense,126,126,1,1262
fTyNUqBCTtC6mNekQvABiA,553,Critical Chance,5,Diamond,1,15,False,0,True,equippedStatMod,,Protection,1175,1175,0,,Defense,139,139,1,1390,Offense %,0.05%,50000,1,539460,Offense,102,102,1,1027,Tenacity %,0.06%,60000,1,600838
gBpmKKqjQYmDttoS54AqNQ,553,Critical Chance,5,Diamond,3,15,True,0,True,equippedStatMod,,Protection,1175,1175,0,,Tenacity %,0.05%,50000,1,509355,Offense %,0.06%,60000,2,356250|318720,Offense,98,98,1,983,Health,63,63,2,319|311
nZrzY0NKSmu6x2ddcS6w2w,553,Critical Chance,5,Diamond,2,15,False,0,True,equippedStatMod,,Protection,1175,1175,0,,Protection %,8.07%,8070000,1,80796615,Critical Avoidance %,0.3%,300000,1,2925468,Tenacity %,0.16%,160000,2,663460|961576,Offense %,0.05%,50000,1,504030
t8uWhDwZSGKUyGA6kAb12A,553,Critical Chance,5,Diamond,2,15,False,0,True,equippedStatMod,,Protection,1175,1175,0,,Offense %,0.05%,50000,1,594060,Critical Avoidance %,0.54%,540000,2,2865504|2466276,Speed,207,207,1,2073,Potency %,0.000168%,168,1,1681
xKZ6pPEPR82APF6L5_fwGg,553,Critical Chance,5,Diamond,3,15,False,0,True,equippedStatMod,,Protection,1175,1175,0,,Defense %,0.00035%,350,2,1969|1540,Health %,6.1%,6100000,2,25469555|35584515,Potency %,0.000113%,113,1,1139,Offense %,0.05%,50000,1,543510
zYv61oNeRXy2weKMmYXQug,553,Critical Chance,5,Diamond,2,15,False,0,True,equippedStatMod,,Protection,1175,1175,0,,Defense,284,284,2,1520|1322,Critical Avoidance %,0.43%,430000,1,4252200,Protection %,8.02%,8020000,1,80240113,Offense %,0.05%,50000,1,519810
5nQm-dFRQWS9Anjm-WRjmw,553,Critical Chance,5,Diamond,1,12,False,0,True,equippedStatMod,,Protection,950,950,0,,Offense %,0.05%,50000,1,540360,Offense,62,62,1,627,Health,48,48,1,483,Speed,146,146,1,1468
LepaOQtQRqihpUBhDrJm2A,553,Critical Chance,5,Diamond,1,12,False,0,True,equippedStatMod,,Protection,950,950,0,,Health,31,31,1,312,Critical Avoidance %,0.39%,390000,1,3804180,Offense %,0.05%,50000,1,562860,Defense,210,210,1,2101
NSY-aAOeQ_WJ9ze5zi4swA,553,Critical Chance,5,Diamond,1,12,False,0,True,equippedStatMod,,Protection,950,950,0,,Potency %,0.000133%,133,1,1335,Offense %,0.05%,50000,1,588720,Tenacity %,0.06%,60000,1,664636,Speed,170,170,1,1701
PWe517V4QVK_qrCFrWoZng,553,Critical Chance,5,Diamond,1,12,False,0,True,equippedStatMod,,Protection,950,950,0,,Health,35,35,1,353,Health %,2.84%,2840000,1,28409751,Potency %,0.000149%,149,1,1493,Offense %,0.05%,50000,1,575730
rIt_eV0fR3K8SYh6EYwdTw,553,Critical Chance,5,Diamond,1,12,False,0,False,unequippedMod,,Protection,950,950,0,,Speed,155,155,1,1550,Defense %,0.00013%,130,1,1306,Health,48,48,1,489,Offense %,0.05%,50000,1,501660
s8mRYL91T5OcEzMP-TN_CA,553,Critical Chance,5,Diamond,1,12,False,0,True,equippedStatMod,,Protection,950,950,0,,Defense,167,167,1,1676,Protection %,5.09%,5090000,1,50919933,Speed,191,191,1,1915,Offense %,0.05%,50000,1,569700
tVF2i7kDSmiT_FUiNk1m_Q,553,Critical Chance,5,Diamond,1,12,False,0,True,equippedStatMod,,Protection,950,950,0,,Potency %,0.00016%,160,1,1604,Offense %,0.05%,50000,1,515700,Defense,153,153,1,1531,Health %,3.9%,3900000,1,39032602
v09htnzKSme6Hu-72z6zNw,553,Critical Chance,5,Diamond,1,12,False,0,True,equippedStatMod,,Protection,950,950,0,,Health,32,32,1,325,Critical Avoidance %,0.31%,310000,1,3042888,Offense,111,111,1,1113,Offense %,0.05%,50000,1,507360
xeAyONgrTROFH3vCSlLYVg,553,Critical Chance,5,Diamond,1,12,False,0,True,equippedStatMod,,Protection,950,950,0,,Potency %,0.000196%,196,1,1966,Health %,3.24%,3240000,1,32449306,Offense %,0.05%,50000,1,559080,Offense,77,77,1,779
IN1C54XwR7aoeRRnjGjFqg,553,Critical Chance,5,Diamond,2,9,False,0,False,unequippedMod,,Protection,725,725,0,,Critical Avoidance %,0.42%,420000,1,4113804,Offense,74,74,1,749,Offense %,0.05%,50000,1,581940,Health %,3.83%,3830000,1,38370415
cuHLEXNnRyCzNRADcdC8ig,553,Critical Chance,5,Diamond,2,9,False,0,True,equippedStatMod,,Protection,725,725,0,,Health %,3.89%,3890000,1,38972598,Offense,70,70,1,706,Tenacity %,0.07%,70000,1,781109,Offense %,0.05%,50000,1,544530
vZCWwnZCSa-KgLvmWWorEg,553,Critical Chance,5,Diamond,3,6,False,0,True,equippedStatMod,,Protection,500,500,0,,Offense,102,102,1,1027,Defense,221,221,1,2219,Speed,176,176,1,1760,Offense %,0.05%,50000,1,503130
69n1pCG4Tt6KPG8Ub-h92w,553,Critical Chance,5,Diamond,4,1,False,0,False,unequippedMod,,Protection,125,125,0,,Offense,91,91,1,915,Offense %,0.05%,50000,1,550470,Tenacity %,0.06%,60000,1,664440,,,,0,
95H15pn0RmqdIHXNuv3xaA,553,Critical Chance,5,Diamond,4,1,False,0,True,equippedStatMod,,Protection,125,125,0,,Protection %,8.11%,8110000,1,81191150,Offense %,0.05%,50000,1,592890,Tenacity %,0.08%,80000,1,883421,,,,0,
CmKRwhi_TYuEDJ0LuzbNXQ,553,Critical Chance,5,Diamond,3,1,False,0,True,equippedStatMod,,Protection,125,125,0,,Offense %,0.05%,50000,1,591780,Potency %,0.000204%,204,1,2048,,,,0,,,,,0,
-dImbbWNR9aLrxaetiJ5QA,551,Critical Chance,5,Square,2,15,False,0,True,equippedStatMod,,Health,588,588,0,,Offense,152,152,2,916|610,Protection %,5.71%,5710000,1,57145280,Offense %,0.05%,50000,1,510210,Protection,159,159,1,1596
4xW0IVk1TQOYKNO32OdRBg,551,Critical Chance,5,Square,4,15,False,0,True,equippedStatMod,,Health,588,588,0,,Tenacity %,0.13%,130000,2,833833|517636,Critical Avoidance %,0.88%,880000,2,4284576|4490916,Offense %,0.05%,50000,1,546780,Health %,7.16%,7160000,2,36690303|35001619
5B9taFdhRhmVTWn6PJc6HQ,551,Critical Chance,5,Square,4,15,False,0,True,equippedStatMod,,Health,588,588,0,,Defense,323,323,2,1735|1503,Health %,8.35%,8350000,2,41767070|41777785,Offense %,0.09%,90000,2,528840|379950,Critical Avoidance %,0.33%,330000,1,3289812
5RcF3PpURIeif9-QZUl2Mg,551,Critical Chance,5,Square,5,15,False,0,True,equippedStatMod,,Health,588,588,0,,Protection,132,132,1,1329,Offense %,0.13%,130000,3,546030|317520|533100,Offense,267,267,3,749|1038|884,Tenacity %,0.09%,90000,1,979363
7okYh0HsQRelkjW3QzGjUg,551,Critical Chance,5,Square,2,15,False,0,True,equippedStatMod,,Health,588,588,0,,Health %,6.18%,6180000,2,21620727|40219824,Offense %,0.05%,50000,1,540450,Protection,166,166,1,1660,Defense %,0.000157%,157,1,1575
GiZ3ztwdT9GwLDWqLbYf5g,551,Critical Chance,5,Square,5,15,False,0,True,equippedStatMod,,Health,588,588,0,,Defense,511,511,3,1853|1322|1938,Tenacity %,0.13%,130000,2,800170|565803,Offense %,0.1%,100000,2,514500|518370,Potency %,0.000119%,119,1,1196
Jh8kPayHSU6Yom7ks2mkWQ,551,Critical Chance,5,Square,1,15,False,0,True,equippedStatMod,,Health,588,588,0,,Critical Avoidance %,0.32%,320000,1,3168972,Offense %,0.05%,50000,1,569850,Defense,223,223,1,2234,Protection %,4.49%,4490000,1,44985296
Nw4zoRdHTnupKo7vLDnynQ,551,Critical Chance,5,Square,5,15,False,0,True,equippedStatMod,,Health,588,588,0,,Offense %,0.05%,50000,1,534510,Protection,286,286,2,1300|1565,Protection %,19.21%,19210000,3,66900677|44470324|80821533,Defense,271,271,2,1483|1231
WprEhh5lSPWCtCdHr3QDtw,551,Critical Chance,5,Square,3,15,False,0,True,equippedStatMod,,Health,588,588,0,,Tenacity %,0.13%,130000,2,551789|770476,Potency %,0.000136%,136,1,1361,Offense %,0.09%,90000,2,552090|385560,Protection %,7.25%,7250000,1,72561216
jwWdISjZRS6_fY9l6khfkA,551,Critical Chance,5,Square,1,15,False,0,True,equippedStatMod,,Health,588,588,0,,Speed,177,177,1,1774,Offense %,0.05%,50000,1,505560,Tenacity %,0.05%,50000,1,536256,Health %,4.23%,4230000,1,42345680
l_OI9S3jRgS5tNgn1c6SZg,551,Critical Chance,5,Square,2,15,False,0,True,equippedStatMod,,Health,588,588,0,,Potency %,0.000216%,216,1,2163,Offense,85,85,1,857,Offense %,0.08%,80000,2,514800|350250,Critical Avoidance %,0.28%,280000,1,2792316
lcAlxDr4RE25YTO8oI_KQQ,551,Critical Chance,5,Square,2,15,False,0,True,equippedStatMod,,Health,588,588,0,,Potency %,0.000162%,162,1,1620,Protection,127,127,1,1275,Offense %,0.09%,90000,2,501180|484080,Health %,2.16%,2160000,1,21693589
mr4KkXc1R16-MEGPAAE2Wg,551,Critical Chance,5,Square,1,15,False,0,True,equippedStatMod,,Health,588,588,0,,Defense,157,157,1,1578,Potency %,0.000162%,162,1,1624,Protection,104,104,1,1040,Offense %,0.05%,50000,1,516930
rJc53-3fR8-2-K9rI6wh5Q,551,Critical Chance,5,Square,5,15,False,0,True,equippedStatMod,,Health,588,588,0,,Potency %,0.000278%,278,2,1174|1607,Protection %,4.57%,4570000,1,45736989,Protection,271,271,2,1045|1665,Offense %,0.14%,140000,3,562230|458850|402510
rgzDyVI9TUyYpa6kL_0bIw,551,Critical Chance,5,Square,3,15,False,0,True,equippedStatMod,,Health,588,588,0,,Offense,257,257,3,955|720|899,Offense %,0.05%,50000,1,565740,Defense %,0.000223%,223,1,2234,Protection,168,168,1,1687
uc_DdIqLQJCyKHTeNoxyrw,551,Critical Chance,5,Square,5,15,False,0,True,equippedStatMod,,Health,588,588,0,,Offense %,0.1%,100000,2,599460|439050,Tenacity %,0.13%,130000,2,589666|763175,Speed,418,418,3,1184|1285|1713,Protection,147,147,1,1477
-Fad3ufvRRCSYfx-XmXeQQ,551,Critical Chance,5,Square,1,12,False,0,True,equippedStatMod,,Health,475,475,0,,Health %,2.23%,2230000,1,22338632,Offense %,0.05%,50000,1,500310,Critical Avoidance %,0.32%,320000,1,3166692,Speed,217,217,1,2173
C2dNvclcTFuP8YjVijNaTg,551,Critical Chance,5,Square,1,12,False,0,True,equippedStatMod,,Health,475,475,0,,Critical Avoidance %,0.27%,270000,1,2658024,Offense %,0.05%,50000,1,511110,Protection %,7.66%,7660000,1,76602085,Tenacity %,0.06%,60000,1,671153
DqUzMyORRf27x7Rh0pR6xg,551,Critical Chance,5,Square,1,12,False,0,False,unequippedMod,,Health,475,475,0,,Tenacity %,0.07%,70000,1,732746,Speed,148,148,1,1486,Offense,69,69,1,690,Offense %,0.05%,50000,1,570090
GTiOlpBwSN2JC9ntcH6vfA,551,Critical Chance,5,Square,1,12,False,0,False,unequippedMod,,Health,475,475,0,,Offense %,0.05%,50000,1,569730,Health %,2.46%,2460000,1,24655215,Offense,91,91,1,917,Potency %,0.000184%,184,1,1844
IbsnZEcdQZW1Zug-TMPHlw,551,Critical Chance,5,Square,1,12,False,0,False,unequippedMod,,Health,475,475,0,,Speed,172,172,1,1727,Critical Avoidance %,0.29%,290000,1,2890356,Protection,160,160,1,1607,Offense %,0.05%,50000,1,506400
TrFtQTTbSIWr1mv1HCnFGQ,551,Critical Chance,5,Square,1,12,False,0,True,equippedStatMod,,Health,475,475,0,,Tenacity %,0.07%,70000,1,752101,Offense %,0.05%,50000,1,536460,Critical Avoidance %,0.4%,400000,1,3937788,Health %,3.42%,3420000,1,34200137
d-Iq0NEETnq0l5HKwEs4KA,551,Critical Chance,5,Square,1,12,False,0,True,equippedStatMod,,Health,475,475,0,,Potency %,0.000185%,185,1,1854,Offense %,0.05%,50000,1,576000,Protection,95,95,1,956,Speed,112,112,1,1129
m_YGRBqyRE-PWqg3CwslUQ,551,Critical Chance,5,Square,1,12,False,0,True,equippedStatMod,,Health,475,475,0,,Offense %,0.05%,50000,1,591540,Defense %,0.000193%,193,1,1937,Critical Avoidance %,0.25%,250000,1,2419308,Protection %,6.18%,6180000,1,61879700
oof27BZ0Q02OHbeWYJdxbw,551,Critical Chance,5,Square,1,12,False,0,True,equippedStatMod,,Health,475,475,0,,Critical Avoidance %,0.27%,270000,1,2635680,Tenacity %,0.05%,50000,1,591528,Health %,3.69%,3690000,1,36953892,Offense %,0.05%,50000,1,553230
pi2a5_MRT_GUDkG4iCKIFg,551,Critical Chance,5,Square,1,12,False,0,True,equippedStatMod,,Health,475,475,0,,Health %,3.24%,3240000,1,32432162,Offense %,0.05%,50000,1,511260,Protection %,5.64%,5640000,1,56422658,Offense,81,81,1,818
t-kHEedSQfGtzxIoPV-RVQ,551,Critical Chance,5,Square,1,12,False,0,True,equippedStatMod,,Health,475,475,0,,Offense %,0.05%,50000,1,570270,Speed,158,158,1,1583,Defense,134,134,1,1342,Offense,85,85,1,858
ynxBfCnfTZOn8WRc6CRF9A,551,Critical Chance,5,Square,1,12,False,0,True,equippedStatMod,,Health,475,475,0,,Defense %,0.000197%,197,1,1973,Potency %,0.00018%,180,1,1804,Offense %,0.05%,50000,1,570150,Tenacity %,0.07%,70000,1,797573
F8Zlu1v7S2i4Trdqqs0ymw,551,Critical Chance,5,Square,2,9,False,0,False,unequippedMod,,Health,363,363,0,,Tenacity %,0.07%,70000,1,782187,Offense %,0.05%,50000,1,503940,Protection,103,103,1,1038,Potency %,0.000212%,212,1,2126
fcWlKCiYSAajgBMJwrSw3w,551,Critical Chance,5,Square,2,9,False,0,False,unequippedMod,,Health,363,363,0,,Potency %,0.000171%,171,1,1713,Protection %,4.78%,4780000,1,47830101,Offense %,0.05%,50000,1,509400,Critical Avoidance %,0.36%,360000,1,3574812
D1RvJyQcRUennULhl7IZiQ,551,Critical Chance,5,Square,3,1,False,0,True,equippedStatMod,,Health,63,63,0,,Offense %,0.05%,50000,1,575190,Health %,3.68%,3680000,1,36806025,,,,0,,,,,0,
kYjTq451R9-EmbDDJ19ZWg,551,Critical Chance,5,Square,2,1,False,0,False,unequippedMod,,Health,63,63,0,,Offense %,0.05%,50000,1,552810,,,,0,,,,,0,,,,,0,
oLWSfX-3TPmgr7Sd4YNFoQ,551,Critical Chance,5,Square,5,1,False,0,True,equippedStatMod,,Health,63,63,0,,Protection %,5.3%,5300000,1,53083646,Potency %,0.00016%,160,1,1605,Offense,85,85,1,857,Offense %,0.05%,50000,1,516810
tVpmH4-wSOePGJ5kT2bLtw,551,Critical Chance,5,Square,5,1,False,0,True,equippedStatMod,,Health,63,63,0,,Health %,3.93%,3930000,1,39302620,Critical Avoidance %,0.37%,370000,1,3601716,Protection,132,132,1,1327,Offense %,0.05%,50000,1,502980
97PdnwYpRD2taZrsZGrBKg,554,Critical Chance,5,Triangle,2,15,False,0,False,unequippedMod,,Protection,1175,1175,0,,Critical Avoidance %,0.24%,240000,1,2380320,Potency %,0.000419%,419,2,2246|1949,Offense %,0.05%,50000,1,521610,Health %,3.17%,3170000,1,31787119
OWUu6dchQUGtNCoBN2AwaQ,554,Critical Chance,5,Triangle,5,15,False,0,True,equippedStatMod,,Offense,588,588,0,,Protection,103,103,1,1036,Defense,317,317,2,1796|1382,Potency %,0.000541%,541,3,1344|2237|1834,Offense %,0.1%,100000,2,561420|475740
gwJ3_6SYRE6JCAHxF0TZmA,554,Critical Chance,5,Triangle,3,15,False,0,True,equippedStatMod,,Health,588,588,0,,Offense %,0.05%,50000,1,536460,Protection %,13.89%,13890000,2,69363406|69600127,Defense %,0.000174%,174,1,1748,Defense,418,418,2,2029|2154
i7_Wb8WwScSLClbOYezQgA,554,Critical Chance,5,Triangle,3,15,False,0,True,equippedStatMod,,Health,588,588,0,,Critical Avoidance %,0.55%,550000,2,2537868|2958072,Protection,129,129,1,1294,Offense %,0.09%,90000,2,549120|392850,Potency %,0.000181%,181,1,1816
xgNnTeyUSpuGjjyG27FPYg,554,Critical Chance,5,Triangle,2,15,False,0,True,equippedStatMod,,Health,588,588,0,,Defense %,0.000299%,299,2,1610|1385,Offense %,0.05%,50000,1,501780,Potency %,0.000197%,197,1,1978,Protection %,7.69%,7690000,1,76942631
zKWsV_diQy2edg4tzZWdnw,554,Critical Chance,5,Triangle,5,15,False,0,True,equippedStatMod,,Defense,1200,1200,0,,Critical Avoidance %,0.78%,780000,2,3995928|3802812,Health %,6.48%,6480000,2,29866991|34954473,Offense %,0.09%,90000,2,515250|465810,Potency %,0.000318%,318,2,2002|1182
7bi-tlc1TSi5iPX48TetAw,554,Critical Chance,5,Triangle,1,12,False,0,False,unequippedMod,,Health,475,475,0,,Protection %,6%,6000000,1,60077298,Offense %,0.05%,50000,1,575670,Offense,95,95,1,954,Defense,129,129,1,1290
AVGXx-rdSUykfmNQI8F8Kg,554,Critical Chance,5,Triangle,1,12,False,0,False,unequippedMod,,Offense,475,475,0,,Protection,107,107,1,1078,Health %,3.61%,3610000,1,36113836,Health,54,54,1,540,Offense %,0.05%,50000,1,574590
AktDCfIlQQG7rEMdHVXk3A,554,Critical Chance,5,Triangle,1,12,False,0,False,unequippedMod,,Defense,975,975,0,,Potency %,0.000142%,142,1,1429,Offense,99,99,1,998,Tenacity %,0.09%,90000,1,916790,Offense %,0.05%,50000,1,564840
Aslkimv7RzKA55Zwj9pQDw,554,Critical Chance,5,Triangle,1,12,False,0,False,unequippedMod,,Health,475,475,0,,Protection,100,100,1,1007,Offense %,0.05%,50000,1,527880,Defense,192,192,1,1925,Offense,87,87,1,871
Im4ZecfXQ5SxYogw9MI2cQ,554,Critical Chance,5,Triangle,1,12,False,0,True,equippedStatMod,,Health,475,475,0,,Offense,111,111,1,1114,Protection,166,166,1,1661,Offense %,0.05%,50000,1,523830,Protection %,5.91%,5910000,1,59180250
JZf7qdpzRxiDN4NuAUyxGA,554,Critical Chance,5,Triangle,1,12,False,0,False,unequippedMod,,Defense,975,975,0,,Potency %,0.000196%,196,1,1960,Offense %,0.05%,50000,1,536670,Offense,63,63,1,634,Health %,3.37%,3370000,1,33773680
YFEhSHXcQRSn_Qi3UZPR4w,554,Critical Chance,5,Triangle,1,12,False,0,True,equippedStatMod,,Offense,475,475,0,,Offense %,0.05%,50000,1,529140,Potency %,0.000147%,147,1,1471,Health,35,35,1,351,Protection,156,156,1,1568
YVQeW0mTRNG8qy_c2-VLRA,554,Critical Chance,5,Triangle,1,12,False,0,True,equippedStatMod,,Defense,975,975,0,,Offense %,0.05%,50000,1,584400,Tenacity %,0.09%,90000,1,900473,Defense %,0.00013%,130,1,1303,Protection %,7.15%,7150000,1,71510507
_of8dweMTUGjbnTRXkOeDA,554,Critical Chance,5,Triangle,1,12,False,0,False,unequippedMod,,Protection,950,950,0,,Potency %,0.000116%,116,1,1169,Defense %,0.000156%,156,1,1564,Offense,106,106,1,1066,Offense %,0.05%,50000,1,539160
hJL8hHS9ScmMmtQkK0KeSQ,554,Critical Chance,5,Triangle,1,12,False,0,False,unequippedMod,,Protection,950,950,0,,Offense %,0.05%,50000,1,566010,Protection %,6.26%,6260000,1,62639699,Defense,115,115,1,1159,Critical Avoidance %,0.28%,280000,1,2763360
iexzzqJ3RVy5suHm7vbFWw,554,Critical Chance,5,Triangle,1,12,False,0,False,unequippedMod,,Speed,1900,1900,0,,Potency %,0.000191%,191,1,1916,Critical Avoidance %,0.38%,380000,1,3792552,Offense,63,63,1,639,Offense %,0.05%,50000,1,572940
o3toX4JpROWWST2I0DGJIg,554,Critical Chance,5,Triangle,1,12,False,0,False,unequippedMod,,Defense,975,975,0,,Offense %,0.05%,50000,1,516210,Tenacity %,0.08%,80000,1,833686,Protection,101,101,1,1018,Potency %,0.000164%,164,1,1646
pIWg8KLvSZS4e-02jJv7XQ,554,Critical Chance,5,Triangle,1,12,False,0,True,equippedStatMod,,Health,475,475,0,,Critical Avoidance %,0.34%,340000,1,3349092,Defense,194,194,1,1944,Potency %,0.000114%,114,1,1149,Offense %,0.05%,50000,1,543960
q3k7u0oZT1OyY48BegmqyA,554,Critical Chance,5,Triangle,1,12,False,0,False,unequippedMod,,Protection,950,950,0,,Protection %,6.27%,6270000,1,62776748,Offense %,0.05%,50000,1,549030,Critical Avoidance %,0.31%,310000,1,3010968,Potency %,0.000219%,219,1,2192
qEK8b7saR46fBqy_43qLCw,554,Critical Chance,5,Triangle,1,12,False,0,True,equippedStatMod,,Defense,975,975,0,,Offense,85,85,1,852,Speed,187,187,1,1879,Offense %,0.05%,50000,1,564210,Potency %,0.000203%,203,1,2036
u5h4NcZvR0G4hhpKCDqFPA,554,Critical Chance,5,Triangle,1,12,False,0,False,unequippedMod,,Speed,1900,1900,0,,Tenacity %,0.05%,50000,1,534590,Protection %,7.09%,7090000,1,70912475,Critical Avoidance %,0.45%,450000,1,4465608,Offense %,0.05%,50000,1,587820
xUqFtdk5SwOHWgfNcL2_Gg,554,Critical Chance,5,Triangle,1,12,False,0,True,equippedStatMod,,Speed,1900,1900,0,,Offense,111,111,1,1114,Potency %,0.000206%,206,1,2066,Tenacity %,0.05%,50000,1,573888,Offense %,0.05%,50000,1,514860
0dVfSU_6RRSXCn98Izqi4g,554,Critical Chance,5,Triangle,2,9,False,0,True,equippedStatMod,,Health,363,363,0,,Protection,127,127,1,1271,Health %,4.25%,4250000,1,42532121,Potency %,0.00014%,140,1,1400,Offense %,0.05%,50000,1,549870
66N49MjnSXKgEaPk03x2-g,554,Critical Chance,5,Triangle,2,9,False,0,True,equippedStatMod,,Defense,750,750,0,,Speed,130,130,1,1300,Offense %,0.05%,50000,1,558210,Tenacity %,0.05%,50000,1,575162,Health %,2.68%,2680000,1,26858219
K9951EFJR9uRdu7ROpR3Vw,554,Critical Chance,5,Triangle,2,9,False,0,True,equippedStatMod,,Protection,725,725,0,,Offense,96,96,1,966,Offense %,0.05%,50000,1,565020,Defense,198,198,1,1981,Critical Avoidance %,0.3%,300000,1,2918172
P2dx8sN6TyqS2yThdd0Syw,554,Critical Chance,5,Triangle,2,9,False,0,True,equippedStatMod,,Offense,363,363,0,,Critical Avoidance %,0.43%,430000,1,4216404,Tenacity %,0.07%,70000,1,703444,Offense %,0.05%,50000,1,591660,Defense %,0.000175%,175,1,1753
uDQ-J7XSRNi66zb1oEN-1Q,554,Critical Chance,5,Triangle,2,9,False,0,True,equippedStatMod,,Speed,1450,1450,0,,Protection,107,107,1,1079,Offense,61,61,1,611,Protection %,4.28%,4280000,1,42896337,Offense %,0.05%,50000,1,558480
FGovni7JTW6Zmwk8EPzosw,554,Critical Chance,5,Triangle,3,6,False,0,True,equippedStatMod,,Protection,500,500,0,,Health %,2.96%,2960000,1,29641976,Defense,123,123,1,1239,Offense %,0.05%,50000,1,592680,Protection %,6.32%,6320000,1,63246037
uo5Mj2vyRfO1p4PfLtB66g,554,Critical Chance,5,Triangle,3,6,False,0,True,equippedStatMod,,Critical Damage %,0.001575%,1575,0,,Offense,58,58,1,588,Health %,2.93%,2930000,1,29367672,Potency %,0.000156%,156,1,1562,Offense %,0.04%,40000,1,437910
FrtEXq6iThWXtdPE-CAAFA,554,Critical Chance,5,Triangle,5,1,False,0,False,unequippedMod,,Defense,150,150,0,,Protection,145,145,1,1458,Health,35,35,1,353,Offense %,0.05%,50000,1,556110,Tenacity %,0.06%,60000,1,697319
QmYN-90VSuyuIrH7PxLTtA,554,Critical Chance,5,Triangle,4,1,False,0,True,equippedStatMod,,Protection,125,125,0,,Health %,3.48%,3480000,1,34828036,Offense %,0.05%,50000,1,550230,Defense %,0.000135%,135,1,1357,,,,0,
e3wC4DexQkCzZa_ZN41H1Q,554,Critical Chance,5,Triangle,2,1,False,0,True,equippedStatMod,,Health,63,63,0,,Offense %,0.05%,50000,1,599280,,,,0,,,,,0,,,,,0,
yz9Bb3N8TqOD2vjwz3qfMw,554,Critical Chance,5,Triangle,4,1,False,0,True,equippedStatMod,,Health,63,63,0,,Protection,88,88,1,880,Defense,148,148,1,1486,Offense %,0.05%,50000,1,551070,,,,0,
zHSw9FRESCCr01s6VKTSxQ,554,Critical Chance,5,Triangle,5,1,False,0,True,equippedStatMod,,Speed,250,250,0,,Health,56,56,1,562,Protection,102,102,1,1028,Offense %,0.05%,50000,1,526710,Potency %,0.000169%,169,1,1694
QUEgUPgiQ56wY4ORhjaltg,562,Critical Chance,6,Arrow,5,15,False,0,True,equippedStatMod,,Offense %,0.32%,320000,0,,Speed,486,486,2,2167|2698,Protection,715,715,2,3479|3676,Defense %,0.000909%,909,4,2197|2354|1992|2556,Defense,685,685,4,1839|1371|2171|1475
R8XHHgvQTSuLt0g2oxT3-A,565,Critical Chance,6,Circle,5,15,False,1,True,equippedStatMod,,Speed,2400,2400,0,,Tenacity %,0.53%,530000,4,1519360|1148400|1526000|1164320,Offense %,0.19%,190000,4,544650|320340|398640|597810,Critical Avoidance %,1.15%,1150000,3,4119000|2596750|4742250,Health %,4.99%,4990000,1,49941900
Vl0ZKWvYSsCmh2heRA_dWQ,565,Critical Chance,6,Circle,5,15,False,0,True,equippedStatMod,,Speed,2400,2400,0,,Offense %,0.21%,210000,4,561810|417060|550440|569640,Tenacity %,0.28%,280000,3,944720|821520|1105440,Defense %,0.000755%,755,3,2393|2693|2471,Potency %,0.000502%,502,2,2092|2932
iUtGpBDgRNyg10HXY0xvSQ,565,Critical Chance,6,Circle,5,15,False,5,True,equippedStatMod,,Speed,2400,2400,0,,Tenacity %,0.29%,290000,2,1411760|1522000,Critical Avoidance %,1.32%,1320000,4,2844750|4017250|3788500|2528250,Offense %,0.17%,170000,4,372390|485040|300270|515400,Protection %,13.01%,13010000,2,47200600|82938000
t22vPQQwRIWblbi5kdnjgg,565,Critical Chance,6,Circle,1,15,False,0,True,equippedStatMod,,Speed,2400,2400,0,,Health,140,140,1,1405,Health %,17.72%,17720000,5,39306600|28333800|36466200|46048500|27086400,Offense %,0.05%,50000,1,426420,Offense,112,112,1,1128
yJsmDSTiTH2KwUwvtKBxgw,565,Critical Chance,6,Circle,1,15,False,0,True,equippedStatMod,,Offense,1600,1600,0,,Protection,505,505,2,2961|2091,Potency %,0.000235%,235,1,2351,Health %,12.1%,12100000,3,32032800|43993800|45019800,Offense %,0.1%,100000,2,522390|427560
M2bWvzDNRFqNz5KN6flizA,566,Critical Chance,6,Cross,2,15,False,0,True,equippedStatMod,,Health,850,850,0,,Defense,324,324,2,1201|2048,Offense %,0.14%,140000,3,552750|336930|439470,Offense,265,265,2,1184|1474,Potency %,0.00049%,490,2,2859|2047
b7M89ZLnTmuyV-UfID_czw,566,Critical Chance,6,Cross,1,15,False,0,True,equippedStatMod,,Defense %,0.003%,3000,0,,Protection %,8.55%,8550000,1,85514000,Protection,976,976,3,3497|3627|2641,Speed,425,425,2,2517|1734,Offense %,0.1%,100000,2,522420|477030
wzG04kMUTfiLk4tVK8LzzA,566,Critical Chance,6,Cross,2,15,False,0,False,unequippedMod,,Defense %,0.003%,3000,0,,Tenacity %,0.45%,450000,4,957360|1469440|1238400|847040,Offense %,0.1%,100000,2,512400|435810,Potency %,0.000519%,519,2,2922|2269,Offense,168,168,1,1683
0rP3p3s-TKGSYK51l4scNA,563,Critical Chance,6,Diamond,1,15,False,0,True,equippedStatMod,,Protection,2000,2000,0,,Offense %,0.06%,60000,1,519750,Potency %,0.0005%,500,2,2166|2835,Defense %,0.000479%,479,2,2879|1915,Speed,575,575,3,2225|1764|1768
ByvlQFGpTkCuvHysnElwnA,563,Critical Chance,6,Diamond,1,15,False,0,True,equippedStatMod,,Protection,2000,2000,0,,Defense,603,603,3,1954|2239|1838,Offense %,0.06%,60000,1,511410,Speed,372,372,2,2153|1571,Protection %,12.19%,12190000,2,69276000|52716000
FzXlVLeiTKaZ1uYbU1bqww,563,Critical Chance,6,Diamond,1,15,False,0,True,equippedStatMod,,Protection,2000,2000,0,,Offense %,0.12%,120000,2,584910|583170,Potency %,0.001032%,1032,4,2922|2809|1755|2839,Health %,3.04%,3040000,1,30431700,Defense,152,152,1,1526
RsvnsFUBR-GdfZsGQ9JdZA,563,Critical Chance,6,Diamond,2,15,False,0,True,equippedStatMod,,Protection,2000,2000,0,,Offense %,0.11%,110000,2,505260|560880,Health %,7.47%,7470000,2,46369800|28417500,Health,433,433,3,1621|1624|1086,Offense,305,305,2,1819|1232
ZSU-B2TMSH-twwBAdHAAmg,561,Critical Chance,6,Square,1,15,False,0,True,equippedStatMod,,Health,850,850,0,,Health %,8.85%,8850000,2,45092700|43459200,Defense,145,145,1,1454,Protection %,25.49%,25490000,3,81636200|89295200|83996000,Offense %,0.09%,90000,2,506310|357420
mHZUJ8mAQpie0dZrgBwY9Q,561,Critical Chance,6,Square,1,15,False,0,True,equippedStatMod,,Health,850,850,0,,Speed,353,353,2,1950|1586,Protection,235,235,1,2359,Offense %,0.1%,100000,2,553800|362940,Critical Avoidance %,1.06%,1060000,3,2701000|4029750|3866250
xXEuuRXJRP6icwXe-Vbrug,561,Critical Chance,6,Square,5,15,False,0,True,equippedStatMod,,Health,850,850,0,,Potency %,0.000745%,745,3,2486|1972|2993,Speed,398,398,2,1916|2067,Offense %,0.16%,160000,3,594450|549450|411810,Defense,636,636,4,1751|1573|1509|1528
DZgHjdO6QU6PM0M2QM-eAg,564,Critical Chance,6,Triangle,5,15,False,0,True,equippedStatMod,,Critical Damage %,0.0042%,4200,0,,Health %,12.85%,12850000,4,30623400|39317400|27858600|30766500,Offense %,0.19%,190000,4,456180|402480|355500|588720,Potency %,0.000737%,737,3,2108|2910|2359,Health,167,167,1,1679
-2wcPy8hQGqEUJrbdOY6Sg,652,Critical Damage,5,Arrow,2,15,False,0,True,equippedStatMod,,Offense %,0.3%,300000,0,,Defense %,0.000278%,278,2,1170|1619,Critical Avoidance %,0.39%,390000,1,3890364,Potency %,0.000136%,136,1,1363,Health,38,38,1,382
3miYBrc5S1WK98SgnP4JnQ,652,Critical Damage,5,Arrow,3,15,False,0,True,equippedStatMod,,Offense %,0.3%,300000,0,,Health,98,98,2,489|500,Protection %,5.16%,5160000,1,51650861,Health %,4.68%,4680000,2,22681512|24158039,Protection,139,139,1,1396
5D4Hy06rTcimwOCRq2yT3w,652,Critical Damage,5,Arrow,1,15,False,0,True,equippedStatMod,,Offense %,0.3%,300000,0,,Protection %,8.27%,8270000,1,82715301,Speed,202,202,1,2026,Health %,3.61%,3610000,1,36137409,Tenacity %,0.07%,70000,1,797867
C1Xu0rcvQIykwvj7WqwAPw,652,Critical Damage,5,Arrow,2,15,True,0,True,equippedStatMod,,Offense %,0.3%,300000,0,,Protection,140,140,1,1407,Health %,3.43%,3430000,1,34388721,Protection %,11.29%,11290000,2,69546138|43398850,Critical Avoidance %,0.24%,240000,1,2349768
FL3a4tGTT1ue-l9HGzBlbw,652,Critical Damage,5,Arrow,3,15,False,0,True,equippedStatMod,,Offense %,0.3%,300000,0,,Health %,3.72%,3720000,1,37290343,Defense,249,249,2,1271|1218,Offense,178,178,2,734|1049,Potency %,0.000183%,183,1,1832
GX8hBXM8R9O8dFLLa_xPMQ,652,Critical Damage,5,Arrow,1,15,False,0,True,equippedStatMod,,Offense %,0.3%,300000,0,,Tenacity %,0.08%,80000,1,878815,Protection %,4.51%,4510000,1,45168028,Potency %,0.000204%,204,1,2041,Speed,211,211,1,2113
I3p5Ce6ATqaxiOV1OiPG-w,652,Critical Damage,5,Arrow,2,15,False,0,True,equippedStatMod,,Offense %,0.3%,300000,0,,Speed,221,221,1,2214,Health %,3.01%,3010000,1,30186298,Protection,156,156,1,1563,Critical Avoidance %,0.68%,680000,2,3978828|2730984
MqdOAPMaS-Ch4PO41rsb8A,652,Critical Damage,5,Arrow,5,15,False,0,True,equippedStatMod,,Offense %,0.3%,300000,0,,Health,107,107,2,544|533,Potency %,0.000346%,346,2,1571|1895,Defense,389,389,2,1754|2142,Critical Avoidance %,0.7%,700000,2,2958756|3961728
NIwJhskcSsG31-X4yFN5hg,652,Critical Damage,5,Arrow,2,15,False,0,True,equippedStatMod,,Offense %,0.3%,300000,0,,Protection,91,91,1,916,Protection %,11.86%,11860000,2,67623299|50990534,Critical Avoidance %,0.34%,340000,1,3301896,Tenacity %,0.09%,90000,1,900277
SLFmO7odT2yCipmlzPNQrg,652,Critical Damage,5,Arrow,5,15,False,0,True,equippedStatMod,,Offense %,0.3%,300000,0,,Potency %,0.000326%,326,2,1701|1568,Speed,450,450,3,1228|1591|1690,Protection,92,92,1,921,Critical Avoidance %,0.67%,670000,2,3546768|3061812
YL_5hTl-SPm-q-qjUMg-Jw,652,Critical Damage,5,Arrow,2,15,False,0,True,equippedStatMod,,Offense %,0.3%,300000,0,,Critical Avoidance %,0.28%,280000,1,2759256,Tenacity %,0.14%,140000,2,803012|630924,Health %,2.24%,2240000,1,22441496,Offense,65,65,1,652
YQWtUfqNSyqKdt7Q3qYLjg,652,Critical Damage,5,Arrow,5,15,False,0,True,equippedStatMod,,Offense,588,588,0,,Offense %,0.09%,90000,2,523080|425970,Critical Avoidance %,0.65%,650000,2,3595560|2850000,Protection,189,189,2,1005|888,Health,69,69,2,349|345
Yi5gV968QMWPiBxp5cRAKw,652,Critical Damage,5,Arrow,1,15,False,0,True,equippedStatMod,,Offense %,0.3%,300000,0,,Defense,128,128,1,1288,Defense %,0.000209%,209,1,2094,Health %,3.33%,3330000,1,33310792,Offense,82,82,1,823
nALu5mYdS0uyMRJE1Db85A,652,Critical Damage,5,Arrow,3,15,False,0,True,equippedStatMod,,Offense %,0.3%,300000,0,,Protection %,10.5%,10500000,2,62058279|42996009,Critical Avoidance %,0.73%,730000,2,3576636|3657576,Health %,2.72%,2720000,1,27224672,Potency %,0.000196%,196,1,1960
oo6HlnHnQI6DwFn48I-49A,652,Critical Damage,5,Arrow,2,15,False,0,True,equippedStatMod,,Offense %,0.3%,300000,0,,Critical Avoidance %,0.4%,400000,1,3942804,Potency %,0.00031%,310,2,1214|1890,Health %,3.28%,3280000,1,32890764,Protection %,4.52%,4520000,1,45280159
uKkhId9cSRKfOSpDb_8VVw,652,Critical Damage,5,Arrow,4,15,False,0,True,equippedStatMod,,Offense %,0.3%,300000,0,,Defense %,0.000142%,142,1,1425,Speed,559,559,3,2159|2014|1418,Defense,351,351,2,1775|1744,Potency %,0.000119%,119,1,1194
9oZp6WdoT9OUqd0UZRPV8Q,652,Critical Damage,5,Arrow,1,12,False,0,True,equippedStatMod,,Offense %,0.25%,250000,0,,Defense %,0.000136%,136,1,1361,Protection %,7.96%,7960000,1,79646234,Critical Avoidance %,0.25%,250000,1,2437092,Protection,163,163,1,1635
DXXRe2tHT6mS3g0ZZT8HtA,652,Critical Damage,5,Arrow,1,12,False,0,False,unequippedMod,,Speed,1900,1900,0,,Health,38,38,1,383,Protection,103,103,1,1030,Offense %,0.05%,50000,1,572160,Protection %,4.46%,4460000,1,44673821
IH-bQdBgSsGQFdS594K3fw,652,Critical Damage,5,Arrow,1,12,False,0,False,unequippedMod,,Health,475,475,0,,Protection %,5.09%,5090000,1,50961463,Offense %,0.05%,50000,1,528690,Offense,60,60,1,607,Health %,2.28%,2280000,1,22827236
IN1EZlU7REiZKwqYAuMPcw,652,Critical Damage,5,Arrow,1,12,False,0,False,unequippedMod,,Speed,1900,1900,0,,Defense,135,135,1,1356,Critical Avoidance %,0.42%,420000,1,4146864,Offense %,0.05%,50000,1,581700,Potency %,0.000166%,166,1,1660
TgKCGaRVT6Oq0inCg7r8fg,652,Critical Damage,5,Arrow,1,12,False,0,False,unequippedMod,,Health,475,475,0,,Offense %,0.05%,50000,1,531300,Health %,4.21%,4210000,1,42127094,Critical Avoidance %,0.27%,270000,1,2668284,Offense,99,99,1,993
Y3MHG4dSQGaFShTMFN1b9w,652,Critical Damage,5,Arrow,1,12,False,0,False,unequippedMod,,Health,475,475,0,,Offense %,0.05%,50000,1,562560,Health %,3.72%,3720000,1,37260341,Speed,222,222,1,2228,Potency %,0.000123%,123,1,1235
slHIZt1-TG2sEsQeHkPfnQ,652,Critical Damage,5,Arrow,1,12,False,0,False,unequippedMod,,Health,475,475,0,,Protection,128,128,1,1288,Critical Avoidance %,0.44%,440000,1,4350696,Offense %,0.05%,50000,1,562260,Protection %,6.09%,6090000,1,60974346
DRECDs84TFq8P7j1hdBKxA,652,Critical Damage,5,Arrow,3,6,False,0,False,unequippedMod,,Offense,250,250,0,,Tenacity %,0.04%,40000,1,496370,Potency %,0.000144%,144,1,1446,Protection %,7.12%,7120000,1,71223950,Offense %,0.05%,50000,1,504510
DbQXq2JwQtSw8j9xyUBCUw,652,Critical Damage,5,Arrow,3,6,False,0,False,unequippedMod,,Offense,250,250,0,,Tenacity %,0.09%,90000,1,923062,Defense,179,179,1,1799,Offense %,0.05%,50000,1,508800,Health,54,54,1,540
t9DxwLjZRZekO7RatGxc-A,652,Critical Damage,5,Arrow,3,6,True,0,True,equippedStatMod,,Offense %,0.13%,130000,0,,Health,50,50,1,503,Potency %,0.000222%,222,1,2223,Tenacity %,0.06%,60000,1,640577,Protection %,4.2%,4200000,1,42098961
35KBRYDzQ460d4La-UPxtw,652,Critical Damage,5,Arrow,2,1,False,0,True,equippedStatMod,,Offense %,0.04%,40000,0,,Defense,175,175,1,1757,,,,0,,,,,0,,,,,0,
6SglhVdOSgOqMw1ry8W-3w,652,Critical Damage,5,Arrow,1,1,False,0,True,equippedStatMod,,Offense %,0.04%,40000,0,,,,,0,,,,,0,,,,,0,,,,,0,
AWj0H0bSSUClL3yTMaObpQ,652,Critical Damage,5,Arrow,1,1,False,0,True,equippedStatMod,,Offense %,0.04%,40000,0,,,,,0,,,,,0,,,,,0,,,,,0,
FivubNzHRqGAt0KmhELRRg,652,Critical Damage,5,Arrow,1,1,False,0,True,equippedStatMod,,Offense %,0.04%,40000,0,,,,,0,,,,,0,,,,,0,,,,,0,
H20l-MA3TiOCAU5e9w8F-A,652,Critical Damage,5,Arrow,3,1,False,0,False,unequippedMod,,Health,63,63,0,,Speed,142,142,1,1428,Offense %,0.05%,50000,1,504270,,,,0,,,,,0,
I1r_Xj2USoOUl6GJ4NlOWw,652,Critical Damage,5,Arrow,1,1,False,0,True,equippedStatMod,,Offense %,0.04%,40000,0,,,,,0,,,,,0,,,,,0,,,,,0,
MT53zeFrRnifj5MGPkpZqA,652,Critical Damage,5,Arrow,1,1,False,0,True,equippedStatMod,,Offense %,0.04%,40000,0,,,,,0,,,,,0,,,,,0,,,,,0,
P91RK8GaTSKRWP8vvsbE4g,652,Critical Damage,5,Arrow,5,1,False,0,True,equippedStatMod,,Offense %,0.04%,40000,0,,Critical Avoidance %,0.4%,400000,1,3994332,Defense,157,157,1,1572,Speed,211,211,1,2119,Health,40,40,1,408
XLMSA0YMQg2APK9Y5LeZQQ,652,Critical Damage,5,Arrow,2,1,False,0,True,equippedStatMod,,Offense %,0.04%,40000,0,,Critical Avoidance %,0.44%,440000,1,4328124,,,,0,,,,,0,,,,,0,
eQyX5t7pRKaeWpGqDkOyaA,652,Critical Damage,5,Arrow,1,1,False,0,False,unequippedMod,,Offense %,0.04%,40000,0,,,,,0,,,,,0,,,,,0,,,,,0,
g54GpPfERmiWWoV-hpkOdA,652,Critical Damage,5,Arrow,1,1,False,0,False,unequippedMod,,Offense %,0.04%,40000,0,,,,,0,,,,,0,,,,,0,,,,,0,
gcmhUvS6QIWtk0SUF2L-XA,652,Critical Damage,5,Arrow,2,1,False,0,True,equippedStatMod,,Offense %,0.04%,40000,0,,Defense,182,182,1,1824,,,,0,,,,,0,,,,,0,
jC_EJMjbSGW7rrI-AbpYCw,652,Critical Damage,5,Arrow,2,1,False,0,False,unequippedMod,,Health,63,63,0,,Offense %,0.05%,50000,1,523650,,,,0,,,,,0,,,,,0,
jCqd8f7QQE-VfuepTBmkgQ,652,Critical Damage,5,Arrow,1,1,False,0,False,unequippedMod,,Offense %,0.04%,40000,0,,,,,0,,,,,0,,,,,0,,,,,0,
nf1glSzwQW-nH6n2Zbu-5g,652,Critical Damage,5,Arrow,1,1,False,0,True,equippedStatMod,,Offense %,0.04%,40000,0,,,,,0,,,,,0,,,,,0,,,,,0,
oHXnxx7mRUCjPfQJRlR7UQ,652,Critical Damage,5,Arrow,5,1,False,0,False,unequippedMod,,Offense %,0.04%,40000,0,,Defense,220,220,1,2202,Offense,71,71,1,710,Defense %,0.000131%,131,1,1310,Speed,182,182,1,1821
qYKfgwjeQiqr89TwUQDrIw,652,Critical Damage,5,Arrow,1,1,False,0,False,unequippedMod,,Offense %,0.04%,40000,0,,,,,0,,,,,0,,,,,0,,,,,0,
r1_UATRnT0qJgI-9EnoKvA,652,Critical Damage,5,Arrow,2,1,False,0,True,equippedStatMod,,Offense %,0.04%,40000,0,,Defense %,0.000114%,114,1,1140,,,,0,,,,,0,,,,,0,
w5GQEOpuQfqym4m3XgSv0A,652,Critical Damage,5,Arrow,4,1,False,0,False,unequippedMod,,Speed,250,250,0,,Offense %,0.05%,50000,1,568980,Potency %,0.000207%,207,1,2071,Health %,4.02%,4020000,1,40209109,,,,0,
wVt7F95RSyqkKQXY5Wvang,652,Critical Damage,5,Arrow,1,1,False,0,False,unequippedMod,,Offense %,0.04%,40000,0,,,,,0,,,,,0,,,,,0,,,,,0,
2voG0VFiQ7eesKjW4_PrJA,655,Critical Damage,5,Circle,5,15,False,0,True,equippedStatMod,,Offense,588,588,0,,Protection %,13.77%,13770000,2,54877742|82827432,Protection,250,250,2,1040|1462,Health,56,56,1,562,Offense %,0.14%,140000,3,529680|504030|377580
AcLFdTSLQmSfn0V5GGstLw,655,Critical Damage,5,Circle,3,15,False,0,True,equippedStatMod,,Offense,588,588,0,,Offense %,0.05%,50000,1,595530,Defense,146,146,1,1465,Health,101,101,2,468|548,Defense %,0.000354%,354,2,1720|1821
EQYO-Zy3TiOgN4h6iZVZEA,655,Critical Damage,5,Circle,2,15,False,0,True,equippedStatMod,,Speed,2350,2350,0,,Tenacity %,0.13%,130000,2,614656|691292,Potency %,0.00021%,210,1,2104,Health %,2.32%,2320000,1,23283695,Defense %,0.000142%,142,1,1420
EnLG3REZSLu-K1y7MvgVDA,655,Critical Damage,5,Circle,1,15,False,0,True,equippedStatMod,,Speed,2350,2350,0,,Defense %,0.000153%,153,1,1534,Offense,64,64,1,648,Offense %,0.05%,50000,1,520470,Tenacity %,0.09%,90000,1,943054
G0Ke97cISWqXHWDlfrQ7aA,655,Critical Damage,5,Circle,2,15,False,0,True,equippedStatMod,,Speed,2350,2350,0,,Critical Avoidance %,0.37%,370000,1,3640932,Tenacity %,0.08%,80000,1,855736,Offense,139,139,2,815|576,Offense %,0.05%,50000,1,579240
G1YhtYhKRSen3boUoSFkNg,655,Critical Damage,5,Circle,4,15,False,0,True,equippedStatMod,,Offense,588,588,0,,Protection,148,148,1,1480,Health,95,95,2,399|554,Critical Avoidance %,0.4%,400000,1,3946452,Offense %,0.16%,160000,3,542520|493950|570990
R1SEIM6cRrqA9KfK_1h8wg,655,Critical Damage,5,Circle,4,15,False,0,False,unequippedMod,,Offense,588,588,0,,Offense %,0.05%,50000,1,562260,Health,46,46,1,466,Protection %,11.7%,11700000,2,65222865|51812828,Protection,408,408,3,1154|1602|1328
S29JWAo8R5mZfhKDkkKh9w,655,Critical Damage,5,Circle,3,15,False,0,True,equippedStatMod,,Speed,2350,2350,0,,Offense %,0.05%,50000,1,564930,Offense,111,111,1,1115,Protection,87,87,1,870,Defense %,0.000443%,443,3,1411|1342|1686
U0gwJYMxR_avcHGS-8QCVA,655,Critical Damage,5,Circle,1,15,False,0,True,equippedStatMod,,Speed,2350,2350,0,,Protection %,4.16%,4160000,1,41675355,Offense %,0.05%,50000,1,521610,Critical Avoidance %,0.37%,370000,1,3662136,Health %,4.05%,4050000,1,40569133
eKaJ9ARaRHO_pY-E6-U90Q,655,Critical Damage,5,Circle,5,15,False,0,True,equippedStatMod,,Speed,2350,2350,0,,Health %,8.45%,8450000,3,31459240|22595792|30477746,Defense,382,382,2,1769|2057,Health,52,52,1,527,Offense %,0.09%,90000,2,550050|371610
keBHYbsEQTyncHEZLK0cZg,655,Critical Damage,5,Circle,4,15,False,0,True,equippedStatMod,,Offense,588,588,0,,Health,87,87,2,319|554,Offense %,0.05%,50000,1,580530,Health %,8.18%,8180000,3,35423790|24338051|22083615,Tenacity %,0.06%,60000,1,615342
lC_991f0TsufyQWKKSGIpQ,655,Critical Damage,5,Circle,2,15,False,0,True,equippedStatMod,,Speed,2350,2350,0,,Offense %,0.09%,90000,2,537570|365520,Protection,130,130,1,1307,Potency %,0.000172%,172,1,1724,Defense,189,189,1,1891
vO9OUSqhSZSnG2aYqXLHhg,655,Critical Damage,5,Circle,3,15,False,0,True,equippedStatMod,,Offense,588,588,0,,Defense,176,176,1,1767,Tenacity %,0.22%,220000,3,714028|630238|921837,Protection %,5.86%,5860000,1,58694349,Offense %,0.05%,50000,1,537600
2oObPLh9QhmQsCfNRkua7Q,655,Critical Damage,5,Circle,1,12,False,0,True,equippedStatMod,,Offense,475,475,0,,Defense,206,206,1,2062,Potency %,0.000207%,207,1,2078,Speed,115,115,1,1152,Offense %,0.05%,50000,1,509160
4hjSIFYsRPe0OCXV1QZI5Q,655,Critical Damage,5,Circle,1,12,False,0,True,equippedStatMod,,Offense,475,475,0,,Tenacity %,0.07%,70000,1,731619,Potency %,0.000206%,206,1,2068,Offense %,0.05%,50000,1,536880,Protection,88,88,1,884
J2yq_UQjQMGy5-IiTJLoTA,655,Critical Damage,5,Circle,1,12,False,0,True,equippedStatMod,,Speed,1900,1900,0,,Protection %,7.84%,7840000,1,78475088,Defense,218,218,1,2186,Health %,2.55%,2550000,1,25548846,Critical Avoidance %,0.29%,290000,1,2879412
OtQTAqQETRSf1pphyGhlYQ,655,Critical Damage,5,Circle,1,12,False,0,False,unequippedMod,,Speed,1900,1900,0,,Offense,93,93,1,936,Health %,3.36%,3360000,1,33662244,Offense %,0.05%,50000,1,504540,Health,37,37,1,370
RO0sG0VKR5yJOhU2Bm4zUQ,655,Critical Damage,5,Circle,1,12,False,0,True,equippedStatMod,,Offense,475,475,0,,Speed,140,140,1,1407,Health,48,48,1,487,Defense %,0.000154%,154,1,1541,Offense %,0.05%,50000,1,526260
UMPWH7OAT8uZNI63NX9pCg,655,Critical Damage,5,Circle,1,12,False,0,True,equippedStatMod,,Offense,475,475,0,,Protection,106,106,1,1066,Health,34,34,1,343,Defense,129,129,1,1290,Offense %,0.05%,50000,1,512220
ZUNRRVSTQKifUn-8S1_CCw,655,Critical Damage,5,Circle,1,12,False,0,True,equippedStatMod,,Speed,1900,1900,0,,Potency %,0.000208%,208,1,2086,Defense %,0.000173%,173,1,1735,Health,44,44,1,446,Offense %,0.05%,50000,1,595590
aj4TQ-iRQQebq9HUr6_46Q,655,Critical Damage,5,Circle,1,12,True,0,True,equippedStatMod,,Offense,475,475,0,,Tenacity %,0.09%,90000,1,928452,Potency %,0.000176%,176,1,1768,Offense %,0.05%,50000,1,584550,Defense %,0.000222%,222,1,2222
gAxw9uRVRuuneo5mXaxc9A,655,Critical Damage,5,Circle,1,12,False,0,False,unequippedMod,,Speed,1900,1900,0,,Defense,156,156,1,1563,Critical Avoidance %,0.34%,340000,1,3367560,Offense %,0.05%,50000,1,519150,Health %,2.4%,2400000,1,24093749
jlma5N4PTguDwlaUnU4sNQ,655,Critical Damage,5,Circle,1,12,False,0,True,equippedStatMod,,Speed,1900,1900,0,,Defense %,0.000189%,189,1,1899,Tenacity %,0.04%,40000,1,495145,Protection,150,150,1,1503,Health %,2.32%,2320000,1,23245121
mCg2pPYMS4CkNrdRsEJypA,655,Critical Damage,5,Circle,1,12,False,0,True,equippedStatMod,,Speed,1900,1900,0,,Defense %,0.00019%,190,1,1909,Health %,2.62%,2620000,1,26271037,Offense %,0.04%,40000,1,465600,Health,46,46,1,465
qe_9BVLwT4mc9llPZtd7zw,655,Critical Damage,5,Circle,1,12,False,0,True,equippedStatMod,,Speed,1900,1900,0,,Protection,141,141,1,1417,Health %,3.93%,3930000,1,39373339,Offense %,0.05%,50000,1,511830,Offense,103,103,1,1035
wp9hDTBoQqy10aPkHqLOig,655,Critical Damage,5,Circle,1,12,False,0,True,equippedStatMod,,Speed,1900,1900,0,,Offense %,0.05%,50000,1,546210,Critical Avoidance %,0.31%,310000,1,3087348,Health,49,49,1,494,Health %,3.66%,3660000,1,36651729
2D-_KRm2TSi7AbnGVNPbzA,655,Critical Damage,5,Circle,2,9,False,0,True,equippedStatMod,,Speed,1450,1450,0,,Defense,135,135,1,1359,Offense %,0.05%,50000,1,511980,Protection,94,94,1,945,Protection %,7.65%,7650000,1,76548096
pA9S1wXzTV6xnRk2mnjVvw,655,Critical Damage,5,Circle,2,9,False,0,True,equippedStatMod,,Speed,1450,1450,0,,Health,52,52,1,525,Potency %,0.000169%,169,1,1693,Health %,2.64%,2640000,1,26491766,Offense %,0.05%,50000,1,552840
MXFj3_0iQaWZwLwOIqgCeQ,655,Critical Damage,5,Circle,3,6,False,0,False,unequippedMod,,Offense,250,250,0,,Defense,216,216,1,2169,Protection,149,149,1,1491,Health,41,41,1,411,Offense %,0.05%,50000,1,545730
A7Jvvm1vTr2SzkokPHluzw,655,Critical Damage,5,Circle,5,1,False,0,False,unequippedMod,,Speed,250,250,0,,Potency %,0.000223%,223,1,2231,Offense %,0.05%,50000,1,519450,Tenacity %,0.08%,80000,1,862547,Defense,224,224,1,2241
CRotw34tRJut6QP5uNQMJg,655,Critical Damage,5,Circle,2,1,False,0,False,unequippedMod,,Offense,63,63,0,,Offense %,0.05%,50000,1,547470,,,,0,,,,,0,,,,,0,
DvGe9TJ1Q4m1ZeUs5rfDGA,655,Critical Damage,5,Circle,5,1,False,0,False,unequippedMod,,Speed,250,250,0,,Tenacity %,0.06%,60000,1,648221,Potency %,0.000143%,143,1,1439,Offense %,0.05%,50000,1,576150,Defense %,0.000135%,135,1,1353
OWSFTf1rRJq3aBVZRC7l9g,655,Critical Damage,5,Circle,5,1,False,0,True,equippedStatMod,,Speed,250,250,0,,Offense %,0.05%,50000,1,590250,Defense %,0.000165%,165,1,1653,Offense,84,84,1,847,Critical Avoidance %,0.32%,320000,1,3191088
ac2Z2fo-TuiAYq5q5qt2tA,655,Critical Damage,5,Circle,4,1,False,0,True,equippedStatMod,,Offense,63,63,0,,Offense %,0.05%,50000,1,589380,Health,43,43,1,432,Protection,109,109,1,1097,,,,0,
wX2KQs1_Q5eYEEmWSZPzyA,655,Critical Damage,5,Circle,3,1,False,0,True,equippedStatMod,,Speed,250,250,0,,Offense %,0.05%,50000,1,546540,Tenacity %,0.05%,50000,1,536599,,,,0,,,,,0,
z4WCr--zSFKn5IVV7BYNSQ,655,Critical Damage,5,Circle,3,1,False,0,True,equippedStatMod,,Speed,250,250,0,,Defense,184,184,1,1842,Offense %,0.05%,50000,1,536280,,,,0,,,,,0,
zVmdFBTARuaySgrN0-p-Cg,655,Critical Damage,5,Circle,2,1,False,0,True,equippedStatMod,,Offense,63,63,0,,Offense %,0.05%,50000,1,523590,,,,0,,,,,0,,,,,0,
-K9wCYzAQMGTsZGR7wzX1w,656,Critical Damage,5,Cross,5,15,False,0,True,equippedStatMod,,Health,588,588,0,,Health %,11.42%,11420000,3,38376844|41008448|34840894,Protection,132,132,1,1323,Tenacity %,0.14%,140000,2,887733|566097,Offense %,0.1%,100000,2,543090|471510
06xxiHhZReWruLrvwq4dnQ,656,Critical Damage,5,Cross,3,15,False,0,True,equippedStatMod,,Health,588,588,0,,Potency %,0.000158%,158,1,1587,Offense %,0.09%,90000,2,554190|397410,Protection,278,278,2,1233|1555,Critical Avoidance %,0.31%,310000,1,3027384
0elA-shhTtmKxQq43LYiUA,656,Critical Damage,5,Cross,3,15,False,0,True,equippedStatMod,,Protection,1175,1175,0,,Offense %,0.05%,50000,1,587250,Defense,507,507,3,1565|1292|2221,Speed,125,125,1,1251,Defense %,0.0002%,200,1,2006
Mrm5CB5OQa6HVN-vGfeptw,656,Critical Damage,5,Cross,3,15,False,0,True,equippedStatMod,,Offense,588,588,0,,Health,89,89,3,296|298|296,Offense %,0.05%,50000,1,559740,Tenacity %,0.04%,40000,1,499065,Protection,93,93,1,936
UBDm2DbjSrS5YwY5cSptfQ,656,Critical Damage,5,Cross,3,15,False,0,True,equippedStatMod,,Protection,1175,1175,0,,Protection %,6.7%,6700000,1,67029420,Offense %,0.1%,100000,2,581250|454800,Defense,139,139,1,1397,Speed,384,384,2,2158|1688
ZaJx5tDZReSmoQTdy4r3KA,656,Critical Damage,5,Cross,2,15,False,0,True,equippedStatMod,,Speed,2350,2350,0,,Offense %,0.05%,50000,1,557430,Health,54,54,1,540,Defense %,0.000362%,362,2,1833|1794,Tenacity %,0.07%,70000,1,721329
cxjryyRhTuOhaloBJ_fARA,656,Critical Damage,5,Cross,1,15,False,0,True,equippedStatMod,,Potency %,0.0024%,2400,0,,Offense %,0.05%,50000,1,538080,Defense,132,132,1,1327,Offense,98,98,1,985,Critical Avoidance %,0.28%,280000,1,2722776
kTd_-9d4SsW-TvmnS87cIg,656,Critical Damage,5,Cross,4,15,False,0,True,equippedStatMod,,Health,588,588,0,,Health %,3.85%,3850000,1,38580429,Offense %,0.07%,70000,2,326970|421800,Potency %,0.000512%,512,3,1525|1425|2171,Tenacity %,0.05%,50000,1,505288
tMoAP0RsSq2oXStWBEk-yw,656,Critical Damage,5,Cross,2,15,False,0,True,equippedStatMod,,Health,588,588,0,,Health %,3.41%,3410000,1,34197994,Defense,287,287,2,1297|1575,Offense,96,96,1,964,Tenacity %,0.08%,80000,1,848092
xH2afe8cQbm20TPjClRlKw,656,Critical Damage,5,Cross,2,15,False,0,True,equippedStatMod,,Offense,588,588,0,,Speed,128,128,1,1289,Health %,6.57%,6570000,2,27168954|38533283,Offense %,0.05%,50000,1,536340,Defense %,0.000206%,206,1,2067
hUDtTQIpTzWQ10h_TQHpyA,656,Critical Damage,5,Cross,3,13,False,0,True,equippedStatMod,,Health,513,513,0,,Protection,285,285,2,1338|1511,Health %,3.45%,3450000,1,34549446,Potency %,0.000121%,121,1,1215,Offense %,0.08%,80000,2,365130|479340
1OsVVgR4QneCsjv4QmVDUg,656,Critical Damage,5,Cross,1,12,False,0,True,equippedStatMod,,Defense %,0.00195%,1950,0,,Speed,130,130,1,1304,Potency %,0.00012%,120,1,1203,Offense %,0.05%,50000,1,568320,Protection %,7.18%,7180000,1,71863512
5UHaNbOEStieMf1CGcqaCQ,656,Critical Damage,5,Cross,1,12,False,0,True,equippedStatMod,,Potency %,0.00195%,1950,0,,Protection,89,89,1,898,Offense %,0.05%,50000,1,503010,Offense,73,73,1,736,Health,36,36,1,362
IVK7uH67S5WomRjvMCAFSw,656,Critical Damage,5,Cross,1,12,False,0,True,equippedStatMod,,Potency %,0.00195%,1950,0,,Defense,209,209,1,2096,Offense,105,105,1,1051,Protection %,4.74%,4740000,1,47443872,Offense %,0.05%,50000,1,574830
L_JxZJ3fTnaPhHp8kLk6vA,656,Critical Damage,5,Cross,1,12,False,0,True,equippedStatMod,,Offense,475,475,0,,Offense %,0.05%,50000,1,595860,Tenacity %,0.09%,90000,1,968681,Defense %,0.000127%,127,1,1277,Potency %,0.000208%,208,1,2080
SVSDW2DnTOqEljgmDcEMLg,656,Critical Damage,5,Cross,1,12,False,0,True,equippedStatMod,,Offense,475,475,0,,Potency %,0.000221%,221,1,2210,Offense %,0.05%,50000,1,588390,Speed,161,161,1,1616,Health,45,45,1,457
Tz3D99syQLeSnOO2iJYrKw,656,Critical Damage,5,Cross,1,12,False,0,True,equippedStatMod,,Health,475,475,0,,Defense %,0.000131%,131,1,1319,Offense,64,64,1,648,Health %,2.83%,2830000,1,28377606,Defense,204,204,1,2046
VXNpj4LgRF-3w9ZY6zSAiw,656,Critical Damage,5,Cross,1,12,False,0,False,unequippedMod,,Offense,475,475,0,,Protection %,5.15%,5150000,1,51534577,Protection,145,145,1,1459,Health %,3.91%,3910000,1,39199756,Offense %,0.05%,50000,1,546150
WYvJOEcKSvaBtL6lQgbjdQ,656,Critical Damage,5,Cross,1,12,False,0,True,equippedStatMod,,Protection,950,950,0,,Critical Avoidance %,0.33%,330000,1,3258804,Potency %,0.000153%,153,1,1531,Health,38,38,1,382,Offense %,0.05%,50000,1,573780
iFhO615oQvqLkA42t36a0Q,656,Critical Damage,5,Cross,1,12,False,0,True,equippedStatMod,,Defense %,0.00195%,1950,0,,Protection %,4.81%,4810000,1,48158188,Tenacity %,0.06%,60000,1,692566,Offense %,0.05%,50000,1,564270,Speed,191,191,1,1918
iO3maW9ETUeVCa-FuL7C7Q,656,Critical Damage,5,Cross,1,12,False,0,True,equippedStatMod,,Speed,1900,1900,0,,Protection,156,156,1,1561,Tenacity %,0.09%,90000,1,944524,Offense %,0.03%,30000,1,309510,Offense,65,65,1,658
jdql_j1mQKCMdZRGP7xrqg,656,Critical Damage,5,Cross,1,12,False,0,True,equippedStatMod,,Potency %,0.00195%,1950,0,,Offense %,0.05%,50000,1,592290,Protection,148,148,1,1487,Defense %,0.000139%,139,1,1393,Offense,60,60,1,603
kBWwMxr7SMuBh48oddLgXQ,656,Critical Damage,5,Cross,1,12,False,0,True,equippedStatMod,,Defense %,0.00195%,1950,0,,Health %,2.44%,2440000,1,24406627,Critical Avoidance %,0.44%,440000,1,4387632,Protection,158,158,1,1589,Health,42,42,1,423
lCqq043HQd6eKlrRmVEj-w,656,Critical Damage,5,Cross,1,12,False,0,True,equippedStatMod,,Protection,950,950,0,,Offense %,0.03%,30000,1,323970,Health %,2.71%,2710000,1,27108950,Defense %,0.000149%,149,1,1490,Offense,109,109,1,1091
lcMy3pLkSEqv2nCUEOv5tg,656,Critical Damage,5,Cross,1,12,False,0,False,unequippedMod,,Speed,1900,1900,0,,Health %,2.58%,2580000,1,25891726,Offense %,0.05%,50000,1,563490,Defense %,0.000142%,142,1,1426,Protection %,6.15%,6150000,1,61522542
snZlQoFtRJyB7nTbbv-Txg,656,Critical Damage,5,Cross,1,12,False,0,True,equippedStatMod,,Speed,1900,1900,0,,Defense,177,177,1,1776,Protection %,7.71%,7710000,1,77195964,Defense %,0.000219%,219,1,2195,Offense %,0.05%,50000,1,583200
xhqSOBz4SR2NcwT0Jc-2Dw,656,Critical Damage,5,Cross,1,12,False,0,True,equippedStatMod,,Potency %,0.00195%,1950,0,,Health %,3.25%,3250000,1,32565028,Offense %,0.05%,50000,1,552180,Health,51,51,1,517,Tenacity %,0.09%,90000,1,964320
zyiY1yOaQracqPmXV4AMIA,656,Critical Damage,5,Cross,1,12,False,0,True,equippedStatMod,,Health,475,475,0,,Defense %,0.00015%,150,1,1506,Health %,2.95%,2950000,1,29500538,Offense,79,79,1,799,Protection,164,164,1,1642
OmajezNZR6qrDT5KCUPNgA,656,Critical Damage,5,Cross,2,9,False,0,True,equippedStatMod,,Protection,725,725,0,,Speed,190,190,1,1903,Offense %,0.04%,40000,1,437010,Health,50,50,1,504,Tenacity %,0.06%,60000,1,635628
nL12X3k0QqqobX1xyHP2VA,656,Critical Damage,5,Cross,2,9,False,0,True,equippedStatMod,,Health,363,363,0,,Defense %,0.000143%,143,1,1435,Critical Avoidance %,0.24%,240000,1,2375988,Health %,2.89%,2890000,1,28934786,Potency %,0.000144%,144,1,1444
9-F-H92iRCOSY4pvSpsRFQ,656,Critical Damage,5,Cross,3,6,False,0,True,equippedStatMod,,Protection,500,500,0,,Offense,104,104,1,1041,Critical Avoidance %,0.43%,430000,1,4290276,Offense %,0.05%,50000,1,534480,Health,32,32,1,324
EDd19ZEpQXyQq5cY04LL8g,656,Critical Damage,5,Cross,5,1,False,0,True,equippedStatMod,,Offense,63,63,0,,Speed,140,140,1,1401,Offense %,0.03%,30000,1,375360,Critical Avoidance %,0.34%,340000,1,3386712,Tenacity %,0.08%,80000,1,870240
IgPdNw-lTCaSsibs95tS9A,656,Critical Damage,5,Cross,3,1,False,0,True,equippedStatMod,,Potency %,0.0003%,300,0,,Health,35,35,1,351,Offense %,0.05%,50000,1,517200,,,,0,,,,,0,
LrIEg4huStSaubRybiFlYg,656,Critical Damage,5,Cross,4,1,False,0,True,equippedStatMod,,Health,63,63,0,,Critical Avoidance %,0.31%,310000,1,3041976,Protection %,5.04%,5040000,1,50413267,Offense %,0.05%,50000,1,586890,,,,0,
NibA0JjtSm-zeSQhOnCXlQ,656,Critical Damage,5,Cross,4,1,False,0,True,equippedStatMod,,Protection,125,125,0,,Defense %,0.000179%,179,1,1792,Health,48,48,1,480,Offense %,0.05%,50000,1,550170,,,,0,
S7X0a5qTT4WLaVHjUWAp4A,656,Critical Damage,5,Cross,3,1,False,0,True,equippedStatMod,,Offense,63,63,0,,Offense %,0.05%,50000,1,524370,Defense,138,138,1,1381,,,,0,,,,,0,
Si8uPJK3Qn6JWGfykm6H6g,656,Critical Damage,5,Cross,4,1,False,0,True,equippedStatMod,,Protection,125,125,0,,Health,38,38,1,387,Offense %,0.05%,50000,1,556200,Defense %,0.000206%,206,1,2062,,,,0,
UUAYk_rFR_ewqJemBOtIyg,656,Critical Damage,5,Cross,4,1,False,0,True,equippedStatMod,,Speed,250,250,0,,Tenacity %,0.05%,50000,1,570605,Offense %,0.05%,50000,1,524190,Health %,2.44%,2440000,1,24404484,,,,0,
_QoUs6IgQ-iy2KOcxKorqQ,656,Critical Damage,5,Cross,4,1,False,0,True,equippedStatMod,,Speed,250,250,0,,Offense %,0.05%,50000,1,585750,Protection,160,160,1,1604,Defense %,0.000125%,125,1,1259,,,,0,
bIkPyRM9Qla-M_upvXJttA,656,Critical Damage,5,Cross,5,1,False,0,True,equippedStatMod,,Potency %,0.0003%,300,0,,Offense %,0.05%,50000,1,522330,Defense %,0.000141%,141,1,1418,Offense,88,88,1,888,Defense,117,117,1,1174
soWbbkPhQN2k2btMN4hU5A,656,Critical Damage,5,Cross,5,1,False,0,False,unequippedMod,,Health,63,63,0,,Offense,91,91,1,914,Health %,3.5%,3500000,1,35063766,Protection,118,118,1,1187,Offense %,0.05%,50000,1,567000
EBxM2uGXQF6K4_qbuk02mQ,653,Critical Damage,5,Diamond,1,15,False,0,True,equippedStatMod,,Protection,1175,1175,0,,Protection %,4.2%,4200000,1,42090655,Tenacity %,0.06%,60000,1,670614,Speed,120,120,1,1208,Offense %,0.05%,50000,1,529410
GioAfGGeQUybSRTpfHcMcA,653,Critical Damage,5,Diamond,3,15,False,0,True,equippedStatMod,,Protection,1175,1175,0,,Tenacity %,0.14%,140000,2,948542|534443,Offense %,0.09%,90000,2,529200|408540,Defense %,0.000169%,169,1,1694,Health,36,36,1,367
HWXmft49RHmMn7V_26Wcag,653,Critical Damage,5,Diamond,2,15,False,0,True,equippedStatMod,,Protection,1175,1175,0,,Offense %,0.03%,30000,1,353310,Protection %,5.03%,5030000,1,50321901,Defense %,0.000329%,329,2,2113|1179,Potency %,0.000121%,121,1,1217
JNTle6TRTLKPilcly_qkVA,653,Critical Damage,5,Diamond,3,15,False,0,True,equippedStatMod,,Protection,1175,1175,0,,Defense %,0.000565%,565,3,2055|1907|1688,Offense %,0.05%,50000,1,577140,Critical Avoidance %,0.25%,250000,1,2448264,Protection %,5.1%,5100000,1,51056982
Q2J6Z3hURg2LS5cS5jiYGQ,653,Critical Damage,5,Diamond,2,15,False,0,True,equippedStatMod,,Protection,1175,1175,0,,Protection %,4.29%,4290000,1,42917102,Potency %,0.000151%,151,1,1518,Health,41,41,1,418,Offense %,0.09%,90000,2,546060|358710
Rs0NmrCIQ6SVXvguWP-8aw,653,Critical Damage,5,Diamond,1,15,False,0,True,equippedStatMod,,Protection,1175,1175,0,,Offense %,0.05%,50000,1,517770,Speed,207,207,1,2075,Potency %,0.000173%,173,1,1739,Protection %,4.5%,4500000,1,45080815
ikSb12P0Q0aT5E_zLkFdXQ,653,Critical Damage,5,Diamond,2,15,False,0,True,equippedStatMod,,Protection,1175,1175,0,,Potency %,0.000184%,184,1,1841,Protection %,12.03%,12030000,2,51746380|68570183,Offense %,0.05%,50000,1,565380,Health,54,54,1,549
scQ7-07WSLmg6ezi1ZIMwg,653,Critical Damage,5,Diamond,2,15,False,0,True,equippedStatMod,,Protection,1175,1175,0,,Offense %,0.05%,50000,1,588390,Health %,6.93%,6930000,2,29479108|39868372,Offense,56,56,1,564,Critical Avoidance %,0.39%,390000,1,3857076
wSyS0QxoRGGLdJ9Ta_VfwA,653,Critical Damage,5,Diamond,4,15,False,0,True,equippedStatMod,,Protection,1175,1175,0,,Tenacity %,0.26%,260000,3,888860|947415|806589,Potency %,0.000202%,202,1,2021,Defense,123,123,1,1239,Offense %,0.1%,100000,2,540120|542670
wp_lbfN8Tim_xkhdSp-gqg,653,Critical Damage,5,Diamond,2,15,False,0,True,equippedStatMod,,Protection,1175,1175,0,,Health %,2.82%,2820000,1,28268313,Offense %,0.05%,50000,1,552990,Critical Avoidance %,0.34%,340000,1,3353424,Protection %,11.04%,11040000,2,67286906|43187047
2-3tx7mTSdG40NJ0NdfC7g,653,Critical Damage,5,Diamond,1,12,False,0,False,unequippedMod,,Protection,950,950,0,,Critical Avoidance %,0.38%,380000,1,3771576,Defense,151,151,1,1514,Defense %,0.000202%,202,1,2027,Offense %,0.05%,50000,1,519840
F6GqOF1ZS06Q4ctcBjqqBg,653,Critical Damage,5,Diamond,1,12,False,0,True,equippedStatMod,,Protection,950,950,0,,Health,40,40,1,402,Speed,144,144,1,1448,Offense %,0.05%,50000,1,589470,Offense,108,108,1,1081
Io5IeR8SQdyF49BhqDBtCQ,653,Critical Damage,5,Diamond,1,12,False,0,True,equippedStatMod,,Protection,950,950,0,,Protection %,6.53%,6530000,1,65305925,Defense,208,208,1,2086,Offense %,0.05%,50000,1,595770,Tenacity %,0.05%,50000,1,507248
KcP76fPKREm49zloBFxQjQ,653,Critical Damage,5,Diamond,1,12,False,0,True,equippedStatMod,,Protection,950,950,0,,Critical Avoidance %,0.23%,230000,1,2293452,Offense %,0.05%,50000,1,539520,Potency %,0.000213%,213,1,2137,Health,54,54,1,544
Rc7KI9koTzCTSkkaO9H_aQ,653,Critical Damage,5,Diamond,1,12,False,0,True,equippedStatMod,,Protection,950,950,0,,Offense,64,64,1,647,Speed,172,172,1,1729,Health,30,30,1,301,Offense %,0.05%,50000,1,541080
Vns8SnSwQTmLS9_0k050sQ,653,Critical Damage,5,Diamond,1,12,False,0,True,equippedStatMod,,Protection,950,950,0,,Critical Avoidance %,0.4%,400000,1,3993648,Offense,99,99,1,990,Offense %,0.05%,50000,1,587190,Health,36,36,1,365
cyld309iS6W-7J-7cE4lFg,653,Critical Damage,5,Diamond,1,12,False,0,False,unequippedMod,,Protection,950,950,0,,Speed,118,118,1,1184,Defense,119,119,1,1194,Health,48,48,1,488,Offense %,0.05%,50000,1,516090
kCoTsjE9QX2HzllB50feOw,653,Critical Damage,5,Diamond,1,12,False,0,True,equippedStatMod,,Protection,950,950,0,,Tenacity %,0.08%,80000,1,895426,Defense,189,189,1,1893,Speed,118,118,1,1188,Potency %,0.000165%,165,1,1659
samEcbjwSSSzbLDy41c4Mw,653,Critical Damage,5,Diamond,1,12,False,0,True,equippedStatMod,,Protection,950,950,0,,Critical Avoidance %,0.46%,460000,1,4539480,Offense %,0.05%,50000,1,578940,Tenacity %,0.05%,50000,1,585207,Defense,210,210,1,2104
tMFk3IZ8QsGKXs1oyLEiqQ,653,Critical Damage,5,Diamond,1,12,False,0,True,equippedStatMod,,Protection,950,950,0,,Critical Avoidance %,0.25%,250000,1,2491356,Potency %,0.000162%,162,1,1627,Speed,138,138,1,1386,Offense %,0.05%,50000,1,532980
yfU7qg8KR-WnD5AaM5i7Kw,653,Critical Damage,5,Diamond,1,12,False,0,True,equippedStatMod,,Protection,950,950,0,,Speed,217,217,1,2176,Tenacity %,0.08%,80000,1,896357,Critical Avoidance %,0.35%,350000,1,3432084,Offense %,0.05%,50000,1,553110
8Qm1eyKsTRKxtx07Y03K9Q,653,Critical Damage,5,Diamond,2,9,False,0,True,equippedStatMod,,Protection,725,725,0,,Potency %,0.000221%,221,1,2218,Health,39,39,1,391,Defense %,0.000181%,181,1,1818,Critical Avoidance %,0.27%,270000,1,2664180
EunDRbRlSA69tr3JV5I-Zg,653,Critical Damage,5,Diamond,2,9,False,0,True,equippedStatMod,,Protection,725,725,0,,Critical Avoidance %,0.45%,450000,1,4411116,Protection %,6.91%,6910000,1,69122532,Tenacity %,0.08%,80000,1,889987,Offense %,0.05%,50000,1,502050
I71hmT0jT7WX6ms5POHpEg,653,Critical Damage,5,Diamond,2,9,False,0,True,equippedStatMod,,Protection,725,725,0,,Tenacity %,0.06%,60000,1,649103,Defense,177,177,1,1771,Potency %,0.000224%,224,1,2246,Health,39,39,1,390
0PqHkFRnQriD_oyeSOjBjQ,653,Critical Damage,5,Diamond,3,6,False,0,True,equippedStatMod,,Protection,500,500,0,,Offense,58,58,1,583,Speed,143,143,1,1437,Critical Avoidance %,0.43%,430000,1,4217772,Protection %,6.89%,6890000,1,68952259
aWx0g8jhSU6eJ_pgd-SYJg,653,Critical Damage,5,Diamond,3,6,False,0,True,equippedStatMod,,Protection,500,500,0,,Defense,192,192,1,1928,Potency %,0.000116%,116,1,1167,Offense %,0.05%,50000,1,590490,Defense %,0.00015%,150,1,1507
8bNZnLZuSt2YGXU-9TZnow,653,Critical Damage,5,Diamond,2,1,False,0,True,equippedStatMod,,Protection,125,125,0,,Offense %,0.05%,50000,1,570570,,,,0,,,,,0,,,,,0,
LQhCu1WWSOu1Rf9xEaJOOQ,653,Critical Damage,5,Diamond,5,1,False,0,True,equippedStatMod,,Protection,125,125,0,,Speed,185,185,1,1850,Defense,143,143,1,1432,Health,31,31,1,319,Offense %,0.05%,50000,1,538500
Q0w4m9pCSA2whiBJSBL_mQ,653,Critical Damage,5,Diamond,5,1,False,0,False,unequippedMod,,Protection,125,125,0,,Offense %,0.05%,50000,1,513090,Defense,128,128,1,1281,Speed,164,164,1,1649,Health,46,46,1,466
UtBxgrdQS4CEeRenJaBFIA,653,Critical Damage,5,Diamond,5,1,False,0,True,equippedStatMod,,Protection,125,125,0,,Defense %,0.000172%,172,1,1721,Tenacity %,0.09%,90000,1,950012,Potency %,0.000137%,137,1,1372,Offense %,0.05%,50000,1,541020
_Fh5sFhRTnijtaGBDjGNRQ,653,Critical Damage,5,Diamond,2,1,False,0,True,equippedStatMod,,Protection,125,125,0,,Offense %,0.05%,50000,1,545490,,,,0,,,,,0,,,,,0,
gIwXEHnBRS2XK8DrRk72LA,653,Critical Damage,5,Diamond,4,1,False,0,True,equippedStatMod,,Protection,125,125,0,,Offense %,0.05%,50000,1,599970,Health,37,37,1,375,Defense %,0.000139%,139,1,1396,,,,0,
ygIDYn1iRpOXLdRJvNy0nQ,653,Critical Damage,5,Diamond,3,1,False,0,False,unequippedMod,,Protection,125,125,0,,Defense,113,113,1,1131,Offense %,0.05%,50000,1,507930,,,,0,,,,,0,
Hp9xbofwT5Sp9IYHT3SzAw,651,Critical Damage,5,Square,1,15,False,0,True,equippedStatMod,,Health,588,588,0,,Defense,190,190,1,1909,Speed,200,200,1,2000,Offense %,0.05%,50000,1,570780,Protection,111,111,1,1115
I6xB2f08QvKrpwVKNvrpag,651,Critical Damage,5,Square,5,15,False,0,True,equippedStatMod,,Health,588,588,0,,Offense,90,90,1,901,Offense %,0.05%,50000,1,573420,Defense %,0.000551%,551,3,1439|2148|1925,Potency %,0.000611%,611,3,2149|1919|2050
PPSPn0XTS2KCEzN13j_sLg,651,Critical Damage,5,Square,1,15,False,0,True,equippedStatMod,,Health,588,588,0,,Speed,125,125,1,1252,Defense %,0.000194%,194,1,1946,Potency %,0.00016%,160,1,1609,Offense %,0.05%,50000,1,564360
QchEtODpSG-1ZNSVhEGhcA,651,Critical Damage,5,Square,1,15,False,0,True,equippedStatMod,,Health,588,588,0,,Potency %,0.000217%,217,1,2172,Offense %,0.05%,50000,1,536730,Defense %,0.000203%,203,1,2036,Protection,92,92,1,929
SA5Ys2ZiRhy2TCYrqq9tTw,651,Critical Damage,5,Square,2,15,False,0,True,equippedStatMod,,Health,588,588,0,,Defense %,0.00019%,190,1,1904,Defense,191,191,1,1917,Health %,2.62%,2620000,1,26290324,Offense %,0.09%,90000,2,532560|440940
YSnzaCGjS4q0HfhGtXD-Sg,651,Critical Damage,5,Square,2,15,False,0,True,equippedStatMod,,Health,588,588,0,,Offense %,0.05%,50000,1,540000,Potency %,0.00017%,170,1,1700,Protection %,12.61%,12610000,2,53378509|72802090,Critical Avoidance %,0.4%,400000,1,3967428
oeRiioMPQdqVFxdBdVVTyA,651,Critical Damage,5,Square,2,15,False,0,True,equippedStatMod,,Health,588,588,0,,Critical Avoidance %,0.34%,340000,1,3327660,Health %,3.01%,3010000,1,30167011,Defense %,0.000258%,258,2,1230|1353,Offense %,0.05%,50000,1,570660
r2JW0_kGQtm4hMTFrpeh0Q,651,Critical Damage,5,Square,2,15,False,0,True,equippedStatMod,,Health,588,588,0,,Offense %,0.1%,100000,2,565710|510270,Health %,4.11%,4110000,1,41115598,Protection,140,140,1,1406,Tenacity %,0.06%,60000,1,653513
sP7wnc9lRMOTUW4d9s2ovw,651,Critical Damage,5,Square,5,15,False,0,True,equippedStatMod,,Health,588,588,0,,Offense,169,169,2,1114|579,Defense,318,318,2,1189|1993,Defense %,0.000396%,396,2,2040|1922,Offense %,0.1%,100000,2,509490|501630
xt2bLDXxTfmEzJuBhJsqVw,651,Critical Damage,5,Square,1,15,False,0,True,equippedStatMod,,Health,588,588,0,,Defense %,0.000149%,149,1,1498,Offense,90,90,1,909,Potency %,0.000219%,219,1,2194,Offense %,0.05%,50000,1,528750
zQOotLgcRDag41rfErbPtQ,651,Critical Damage,5,Square,3,15,False,0,True,equippedStatMod,,Health,588,588,0,,Health %,7.28%,7280000,2,32202861|40629137,Offense %,0.05%,50000,1,530400,Offense,101,101,1,1011,Protection,280,280,2,1488|1312
2fI8gGJSTIGvMuVWPJpCNQ,651,Critical Damage,5,Square,1,12,False,0,True,equippedStatMod,,Health,475,475,0,,Offense %,0.05%,50000,1,563550,Protection %,4.18%,4180000,1,41824863,Potency %,0.000173%,173,1,1732,Speed,210,210,1,2100
4KjW0E_uSKWzIcuDu0XJlg,651,Critical Damage,5,Square,1,12,False,0,True,equippedStatMod,,Health,475,475,0,,Offense %,0.05%,50000,1,539760,Potency %,0.000191%,191,1,1919,Protection,109,109,1,1097,Health %,3.82%,3820000,1,38222548
Ch1tqhmDT1WiNVV4fzv6Gg,651,Critical Damage,5,Square,1,12,False,0,True,equippedStatMod,,Health,475,475,0,,Protection %,4.49%,4490000,1,44960378,Protection,141,141,1,1415,Defense,209,209,1,2099,Offense %,0.05%,50000,1,501240
HLNNsn4sSr68Oxxih79uXg,651,Critical Damage,5,Square,1,12,False,0,True,equippedStatMod,,Health,475,475,0,,Offense,79,79,1,799,Health %,2.96%,2960000,1,29641976,Defense,199,199,1,1991,Offense %,0.05%,50000,1,522780
Im8_u_HwSjO7hMsp8a3HxQ,651,Critical Damage,5,Square,1,12,False,0,False,unequippedMod,,Health,475,475,0,,Health %,3.39%,3390000,1,33934405,Offense %,0.05%,50000,1,551580,Protection %,7.48%,7480000,1,74816295,Defense,122,122,1,1223
KmxfjuWTRUKqZps5K1nIyA,651,Critical Damage,5,Square,1,12,False,0,False,unequippedMod,,Health,475,475,0,,Potency %,0.000174%,174,1,1740,Critical Avoidance %,0.41%,410000,1,4003680,Offense %,0.05%,50000,1,509460,Defense %,0.000119%,119,1,1195
drcwhYTcQueqSQGyJUq77w,651,Critical Damage,5,Square,1,12,False,0,True,equippedStatMod,,Health,475,475,0,,Tenacity %,0.09%,90000,1,924777,Offense %,0.05%,50000,1,567180,Protection,106,106,1,1060,Defense %,0.000128%,128,1,1289
fxiq68LxQMyHWs9i0DQGUw,651,Critical Damage,5,Square,1,12,False,0,True,equippedStatMod,,Health,475,475,0,,Offense %,0.05%,50000,1,567540,Offense,58,58,1,581,Critical Avoidance %,0.33%,330000,1,3235320,Defense,172,172,1,1720
mvSWGsPQT2quRbKUsX95yg,651,Critical Damage,5,Square,1,12,False,0,True,equippedStatMod,,Health,475,475,0,,Offense,109,109,1,1093,Offense %,0.04%,40000,1,450510,Defense %,0.000138%,138,1,1384,Protection,111,111,1,1116
o_KkQuRRTumEBzeitB89qg,651,Critical Damage,5,Square,1,12,False,0,False,unequippedMod,,Health,475,475,0,,Speed,190,190,1,1901,Protection %,5.55%,5550000,1,55587905,Critical Avoidance %,0.29%,290000,1,2810556,Offense %,0.05%,50000,1,512430
pWSVS9G6QJG822pVcVMnNg,651,Critical Damage,5,Square,1,12,False,0,True,equippedStatMod,,Health,475,475,0,,Defense %,0.000217%,217,1,2171,Defense,135,135,1,1352,Offense %,0.05%,50000,1,517320,Critical Avoidance %,0.4%,400000,1,3946908
qMyXzYYFQ8Sxa2KVEiCEng,651,Critical Damage,5,Square,1,12,False,0,True,equippedStatMod,,Health,475,475,0,,Defense %,0.00021%,210,1,2101,Offense %,0.05%,50000,1,560940,Protection %,4.97%,4970000,1,49790317,Tenacity %,0.08%,80000,1,848631
uX9B68b4QCSoQGDd06WWGA,651,Critical Damage,5,Square,1,12,False,0,True,equippedStatMod,,Health,475,475,0,,Offense,81,81,1,817,Defense %,0.000216%,216,1,2165,Offense %,0.05%,50000,1,519930,Health %,4.23%,4230000,1,42394969
xvmC-hLWRM-LiMp23hHJDg,651,Critical Damage,5,Square,1,12,False,0,True,equippedStatMod,,Health,475,475,0,,Offense,100,100,1,1009,Critical Avoidance %,0.26%,260000,1,2531940,Health %,2.83%,2830000,1,28304744,Offense %,0.05%,50000,1,593370
Dtmr0uvYTdWamIIGqi-_lw,651,Critical Damage,5,Square,2,9,False,0,True,equippedStatMod,,Health,363,363,0,,Tenacity %,0.06%,60000,1,672966,Offense %,0.05%,50000,1,513570,Defense %,0.000118%,118,1,1189,Offense,78,78,1,786
VD36Eub3SRWCMxKSybw5Cw,651,Critical Damage,5,Square,3,6,False,0,True,equippedStatMod,,Health,250,250,0,,Critical Avoidance %,0.3%,300000,1,2960580,Protection,147,147,1,1478,Potency %,0.000221%,221,1,2211,Offense %,0.05%,50000,1,527250
YxWaeMtnREuiIksCOeQgGw,651,Critical Damage,5,Square,3,6,False,0,True,equippedStatMod,,Health,250,250,0,,Speed,172,172,1,1726,Critical Avoidance %,0.4%,400000,1,3903588,Offense %,0.05%,50000,1,556830,Health %,3.36%,3360000,1,33615098
_AwAsfc3TNaUFm3qsNdGMw,651,Critical Damage,5,Square,3,6,False,0,True,equippedStatMod,,Health,250,250,0,,Health %,3.42%,3420000,1,34272999,Protection %,6.86%,6860000,1,68694773,Offense %,0.05%,50000,1,518850,Defense,173,173,1,1735
FW0OyOedSZ-JS74Tu4VFFA,651,Critical Damage,5,Square,3,1,False,0,True,equippedStatMod,,Health,63,63,0,,Offense %,0.03%,30000,1,321330,Potency %,0.000176%,176,1,1762,,,,0,,,,,0,
kU312C_BTVqh3beTqhJAvw,651,Critical Damage,5,Square,3,1,False,0,True,equippedStatMod,,Health,63,63,0,,Offense %,0.05%,50000,1,570930,Health %,2.95%,2950000,1,29596973,,,,0,,,,,0,
wDU7o-WFQnSeKxeMTQIpcw,651,Critical Damage,5,Square,2,1,False,0,True,equippedStatMod,,Health,63,63,0,,Offense %,0.05%,50000,1,553890,,,,0,,,,,0,,,,,0,
wTA85CywTIKA5XDA-lcMbA,651,Critical Damage,5,Square,3,1,False,0,True,equippedStatMod,,Health,63,63,0,,Offense %,0.05%,50000,1,572130,Speed,185,185,1,1858,,,,0,,,,,0,
Dq0JB539RVKmNdvv3-rp_w,654,Critical Damage,5,Triangle,3,15,False,0,True,equippedStatMod,,Critical Damage %,0.0036%,3600,0,,Offense,93,93,1,937,Speed,163,163,1,1635,Critical Avoidance %,1.08%,1080000,3,4261092|3375996|3124512,Protection %,7.88%,7880000,1,78882082
MucwpyLsQEG2gJ7wTaPo5A,654,Critical Damage,5,Triangle,5,15,False,0,True,equippedStatMod,,Health,588,588,0,,Protection %,4.99%,4990000,1,49956437,Speed,518,518,3,1711|1678|1796,Defense %,0.000164%,164,1,1643,Offense %,0.14%,140000,3,562620|391770|502020
c5vGU1RkSNWX8XRONP-dWg,654,Critical Damage,5,Triangle,3,15,False,0,True,equippedStatMod,,Defense,1200,1200,0,,Potency %,0.00018%,180,1,1803,Defense %,0.000148%,148,1,1486,Offense %,0.09%,90000,2,523140|453240,Health,82,82,2,542|283
g-511uuWSSaWEOjpu__bBQ,654,Critical Damage,5,Triangle,3,15,False,0,True,equippedStatMod,,Protection,1175,1175,0,,Tenacity %,0.06%,60000,1,628229,Offense,72,72,1,723,Potency %,0.000244%,244,2,1262|1183,Offense %,0.1%,100000,2,529890|553140
r5ZLCEM4SWug_i9HOJvgnQ,654,Critical Damage,5,Triangle,2,15,False,0,True,equippedStatMod,,Critical Damage %,0.0036%,3600,0,,Tenacity %,0.11%,110000,2,645281|516411,Offense %,0.05%,50000,1,552780,Offense,66,66,1,668,Health %,2.79%,2790000,1,27910432
wTWWPDhdRHG2FNLWZGN0kg,654,Critical Damage,5,Triangle,5,15,False,0,True,equippedStatMod,,Protection,1175,1175,0,,Offense %,0.09%,90000,2,574530|338850,Health %,2.69%,2690000,1,26905365,Defense %,0.000272%,272,2,1238|1484,Defense,566,566,3,2174|1873|1617
yLkZ_j1VQy-cL9Mnr_HIXA,654,Critical Damage,5,Triangle,3,15,False,0,True,equippedStatMod,,Defense,1200,1200,0,,Health %,4.21%,4210000,1,42124951,Defense %,0.000405%,405,3,1586|1331|1141,Critical Avoidance %,0.36%,360000,1,3539928,Offense %,0.05%,50000,1,500100
z9TV3gJ5RN-wbSAiAnlS2g,654,Critical Damage,5,Triangle,3,15,False,0,True,equippedStatMod,,Health,588,588,0,,Offense %,0.05%,50000,1,597750,Defense %,0.000224%,224,1,2247,Health %,7.83%,7830000,2,36553151|41782071,Critical Avoidance %,0.53%,530000,2,2549268|2740332
zmsx_-HmQvOf3_j06cDRVw,654,Critical Damage,5,Triangle,1,15,False,0,True,equippedStatMod,,Protection,1175,1175,0,,Offense %,0.05%,50000,1,501630,Speed,202,202,1,2026,Potency %,0.000162%,162,1,1622,Health,42,42,1,424
2Ngy2cRMSti0mc34S_TkFA,654,Critical Damage,5,Triangle,1,12,False,0,True,equippedStatMod,,Defense,975,975,0,,Tenacity %,0.05%,50000,1,564480,Potency %,0.000136%,136,1,1369,Speed,174,174,1,1749,Offense %,0.05%,50000,1,520440
4y7RdZBwQyeaI3EqtwVi-A,654,Critical Damage,5,Triangle,1,12,False,0,False,unequippedMod,,Defense,975,975,0,,Defense %,0.000211%,211,1,2114,Offense %,0.05%,50000,1,590550,Potency %,0.000148%,148,1,1481,Health %,2.4%,2400000,1,24029459
6nVwYyijSFGKZ2WSoJTuEg,654,Critical Damage,5,Triangle,1,12,False,0,True,equippedStatMod,,Protection,950,950,0,,Offense %,0.04%,40000,1,402660,Defense %,0.000179%,179,1,1790,Potency %,0.000117%,117,1,1177,Health,48,48,1,486
7_LkQAOGQ4aQHu8Zg_Qw_g,654,Critical Damage,5,Triangle,1,12,False,0,True,equippedStatMod,,Critical Damage %,0.002925%,2925,0,,Offense %,0.05%,50000,1,517380,Protection %,5.46%,5460000,1,54607797,Speed,217,217,1,2172,Defense,186,186,1,1864
JgVeAXelRACYesL9e8EMfQ,654,Critical Damage,5,Triangle,1,12,False,0,True,equippedStatMod,,Critical Damage %,0.002925%,2925,0,,Offense %,0.04%,40000,1,498420,Speed,199,199,1,1996,Critical Avoidance %,0.41%,410000,1,4097388,Potency %,0.000196%,196,1,1963
MToHCBkHSfGpq_reJXlkcQ,654,Critical Damage,5,Triangle,1,12,False,0,True,equippedStatMod,,Critical Damage %,0.002925%,2925,0,,Health,40,40,1,406,Offense %,0.05%,50000,1,540330,Health %,2.34%,2340000,1,23495852,Protection %,5.97%,5970000,1,59749211
QTJvw2lhQjuYig5hHeZOVQ,654,Critical Damage,5,Triangle,1,12,False,0,True,equippedStatMod,,Protection,950,950,0,,Critical Avoidance %,0.24%,240000,1,2321724,Offense,92,92,1,922,Offense %,0.05%,50000,1,516210,Health %,2.16%,2160000,1,21601440
QuR1Jg65TNy_0Xwk7bQpfA,654,Critical Damage,5,Triangle,1,12,False,0,True,equippedStatMod,,Critical Damage %,0.002925%,2925,0,,Potency %,0.000146%,146,1,1462,Critical Avoidance %,0.32%,320000,1,3140928,Defense %,0.000119%,119,1,1197,Offense %,0.05%,50000,1,533790
RIRt8FZFRRmMVWCTZ0-t1A,654,Critical Damage,5,Triangle,1,12,False,0,False,unequippedMod,,Health,475,475,0,,Speed,157,157,1,1576,Offense %,0.05%,50000,1,552540,Defense %,0.00012%,120,1,1203,Health %,3.35%,3350000,1,33563666
UUAz7wvMTcyLbMcNKMYcwQ,654,Critical Damage,5,Triangle,1,12,False,0,True,equippedStatMod,,Offense,475,475,0,,Speed,131,131,1,1314,Defense,143,143,1,1434,Offense %,0.05%,50000,1,587730,Defense %,0.000216%,216,1,2161
cLMb7IihRA63XEXbRLaobg,654,Critical Damage,5,Triangle,1,12,False,0,True,equippedStatMod,,Critical Damage %,0.002925%,2925,0,,Tenacity %,0.05%,50000,1,571879,Offense %,0.05%,50000,1,572610,Protection %,6.86%,6860000,1,68686467,Speed,221,221,1,2215
d9_PyTFIQHaSKam9IDLDBA,654,Critical Damage,5,Triangle,1,12,False,0,True,equippedStatMod,,Health,475,475,0,,Potency %,0.00021%,210,1,2104,Critical Avoidance %,0.3%,300000,1,2911104,Offense %,0.04%,40000,1,400080,Tenacity %,0.05%,50000,1,506023
hiW5W353Rr6GA9TUVjVI4w,654,Critical Damage,5,Triangle,1,12,False,0,True,equippedStatMod,,Speed,1900,1900,0,,Offense %,0.05%,50000,1,585690,Critical Avoidance %,0.3%,300000,1,2916804,Health %,2.6%,2600000,1,26054594,Defense %,0.000215%,215,1,2153
iIq1DoK2S4GPC8YXvYf3qw,654,Critical Damage,5,Triangle,1,12,False,0,True,equippedStatMod,,Protection,950,950,0,,Defense,124,124,1,1242,Health,55,55,1,559,Offense %,0.05%,50000,1,597690,Offense,88,88,1,882
ngbzJ12fRluPXsebLrlBBw,654,Critical Damage,5,Triangle,1,12,False,0,False,unequippedMod,,Offense,475,475,0,,Offense %,0.05%,50000,1,554580,Protection %,6.32%,6320000,1,63262649,Health,28,28,1,287,Defense,116,116,1,1162
ufNMz5aaQkKLACLkyIaZgw,654,Critical Damage,5,Triangle,1,12,False,0,True,equippedStatMod,,Defense,975,975,0,,Critical Avoidance %,0.25%,250000,1,2411556,Defense %,0.000149%,149,1,1496,Potency %,0.000141%,141,1,1419,Offense %,0.05%,50000,1,575670
zN1fMm5xSJiXc1R0T-7FQQ,654,Critical Damage,5,Triangle,1,12,False,0,True,equippedStatMod,,Defense,975,975,0,,Protection,161,161,1,1615,Offense,71,71,1,716,Offense %,0.05%,50000,1,570420,Tenacity %,0.05%,50000,1,545223
Gprv7nVBTPy5NljW_fx0ig,654,Critical Damage,5,Triangle,2,9,False,0,True,equippedStatMod,,Offense,363,363,0,,Health %,2.22%,2220000,1,22218624,Defense %,0.000127%,127,1,1272,Protection %,7.34%,7340000,1,73466570,Offense %,0.05%,50000,1,558000
M3guUDVzTXewnAJpsEcKAQ,654,Critical Damage,5,Triangle,2,9,False,0,True,equippedStatMod,,Offense,363,363,0,,Defense,179,179,1,1797,Offense %,0.05%,50000,1,523650,Health,53,53,1,530,Speed,154,154,1,1546
YwNBWWdTScitIbKBSUmP_w,654,Critical Damage,5,Triangle,2,9,False,0,True,equippedStatMod,,Offense,363,363,0,,Health %,2.22%,2220000,1,22278628,Health,37,37,1,378,Offense %,0.05%,50000,1,553950,Speed,177,177,1,1772
Svb4EXhhRdGZHSXtgOL5hg,654,Critical Damage,5,Triangle,3,6,False,0,True,equippedStatMod,,Health,250,250,0,,Offense,64,64,1,643,Defense %,0.000182%,182,1,1821,Health %,2.2%,2200000,1,22021468,Offense %,0.05%,50000,1,571830
6NxExqBPQGGaocIzG_MEpg,654,Critical Damage,5,Triangle,3,1,False,0,True,equippedStatMod,,Protection,125,125,0,,Offense %,0.05%,50000,1,505230,Offense,78,78,1,783,,,,0,,,,,0,
NgVsTvfRQ-23xEMtDFgNpw,654,Critical Damage,5,Triangle,5,1,False,0,False,unequippedMod,,Speed,250,250,0,,Offense %,0.05%,50000,1,505410,Offense,64,64,1,646,Health,42,42,1,426,Defense,202,202,1,2027
ji212aAzR1aEf__Z8RR31Q,654,Critical Damage,5,Triangle,4,1,False,0,True,equippedStatMod,,Offense,63,63,0,,Offense %,0.05%,50000,1,508560,Speed,162,162,1,1626,Health %,2.8%,2800000,1,28064728,,,,0,
q4NRpONUQci1z0caAOm82w,654,Critical Damage,5,Triangle,2,1,False,0,True,equippedStatMod,,Speed,250,250,0,,Offense %,0.04%,40000,1,464940,,,,0,,,,,0,,,,,0,
qwBmZK0OQJKuh5k9749K5w,654,Critical Damage,5,Triangle,2,1,False,0,True,equippedStatMod,,Health,63,63,0,,Offense %,0.04%,40000,1,481650,,,,0,,,,,0,,,,,0,
zU0S9J--RWqFbFuLDmpvow,654,Critical Damage,5,Triangle,4,1,False,0,True,equippedStatMod,,Speed,250,250,0,,Protection %,4.62%,4620000,1,46293491,Offense %,0.05%,50000,1,559080,Defense %,0.000189%,189,1,1896,,,,0,
8K2wU3-gTqSTUoy2gKQ7cg,662,Critical Damage,6,Arrow,5,15,False,0,True,equippedStatMod,,Offense %,0.32%,320000,0,,Critical Avoidance %,1.09%,1090000,3,4452250|3743250|2627500,Tenacity %,0.34%,340000,3,1167040|1120800|1202720,Protection %,16.82%,16820000,3,69754400|48410400|50089400,Protection,854,854,3,2943|2767|2838
QHzYppmHQo-EO5Ot0MCsvA,662,Critical Damage,6,Arrow,2,15,False,0,True,equippedStatMod,,Offense %,0.32%,320000,0,,Potency %,0.000359%,359,2,2056|1541,Defense %,0.000541%,541,2,2450|2964,Protection %,21.64%,21640000,3,88996200|71658800|55761200,Defense,424,424,2,2261|1984
z-C1QKf2R9KoYTCgzHP8Cg,662,Critical Damage,6,Arrow,1,15,False,0,True,equippedStatMod,,Offense %,0.32%,320000,0,,Offense,442,442,3,1222|1543|1660,Speed,276,276,1,2763,Potency %,0.000575%,575,2,2764|2990,Health,229,229,2,1156|1136
2xHHic2LRtKZk5ySKorCjw,665,Critical Damage,6,Circle,1,15,False,0,True,equippedStatMod,,Speed,2400,2400,0,,Critical Avoidance %,0.28%,280000,1,2721500,Potency %,0.000431%,431,2,1634|2676,Offense %,0.12%,120000,2,567540|533520,Protection %,24.75%,24750000,3,85923400|77385800|84239800
8MZUuR28Su-GvgyhciF0Jg,665,Critical Damage,6,Circle,1,15,False,0,True,equippedStatMod,,Speed,2400,2400,0,,Offense %,0.1%,100000,2,553230|378240,Tenacity %,0.1%,100000,1,1041200,Defense,743,743,4,1825|1989|1941|1678,Protection %,8.44%,8440000,1,84479000
AQ1JLk_bRKSmb-HC8-S4Hg,665,Critical Damage,6,Circle,1,15,False,0,True,equippedStatMod,,Speed,2400,2400,0,,Tenacity %,0.12%,120000,1,1208320,Protection %,14.83%,14830000,2,57849600|90532600,Offense %,0.2%,200000,4,484980|469050|517410|500070,Critical Avoidance %,0.26%,260000,1,2566750
OOFeRQqjQ32e7nXtAwHKsw,665,Critical Damage,6,Circle,1,15,False,0,True,equippedStatMod,,Offense,1600,1600,0,,Health,317,317,3,1394|887|892,Critical Avoidance %,0.76%,760000,2,2618000|4936750,Offense %,0.05%,50000,1,448170,Speed,427,427,2,1865|2405
UL-tD6nAQa6IMXHwHD_87g,665,Critical Damage,6,Circle,1,15,False,0,True,equippedStatMod,,Speed,2400,2400,0,,Critical Avoidance %,0.35%,350000,1,3420000,Defense %,0.000165%,165,1,1653,Tenacity %,0.46%,460000,4,978400|996080|1201200|1452480,Protection,697,697,2,3788|3189
eQcddvezR2WXOnQpaTNbyg,665,Critical Damage,6,Circle,5,15,False,0,True,equippedStatMod,,Speed,2400,2400,0,,Defense,287,287,2,1587|1284,Tenacity %,0.25%,250000,2,1288480|1224000,Offense %,0.21%,210000,4,508620|412800|575100|516840,Health,473,473,4,854|1524|886|1470
mJATaY1ERJucFhu7RYsRWg,665,Critical Damage,6,Circle,5,15,False,0,True,equippedStatMod,,Speed,2400,2400,0,,Tenacity %,0.51%,510000,4,1441760|1543600|1259360|898480,Defense,578,578,3,2020|1498|2267,Offense %,0.1%,100000,2,524670|442410,Defense %,0.000744%,744,3,2374|2631|2444
1rezzSqSQOqVVCRWvZboAA,666,Critical Damage,6,Cross,5,15,False,0,True,equippedStatMod,,Protection,2000,2000,0,,Health,554,554,4,1619|1520|1531|873,Offense %,0.1%,100000,2,461610|528240,Tenacity %,0.49%,490000,4,1505600|838000|1052560|1584720,Potency %,0.000516%,516,2,2504|2656
DvAhSAITRICYtcp4922Buw,666,Critical Damage,6,Cross,5,15,False,0,True,equippedStatMod,,Potency %,0.0035%,3500,0,,Speed,659,659,3,2417|1730|2452,Protection %,22.22%,22220000,3,63282200|67873000|91066200,Offense %,0.15%,150000,3,315180|544530|583530,Tenacity %,0.36%,360000,3,1247280|1238640|1199760
SzFyhq52Ql-HL5GCPkbWFA,666,Critical Damage,6,Cross,5,15,False,2,True,equippedStatMod,,Defense %,0.003%,3000,0,,Speed,806,806,3,2840|2852|2371,Offense %,0.18%,180000,4,483570|307260|411570|543990,Health %,8.76%,8760000,2,40770000|46885500,Tenacity %,0.32%,320000,3,1064960|829280|1375200
C6YJRfLlQAm9DlERlzcTMA,663,Critical Damage,6,Diamond,5,15,False,0,True,equippedStatMod,,Protection,2000,2000,0,,Offense %,0.12%,120000,2,586650|572400,Defense,784,784,4,2268|2023|2056|1495,Potency %,0.000977%,977,4,2674|2370|2831|1895,Offense,349,349,2,1750|1741
PM2GohDzSCWYVgls9SWXJA,663,Critical Damage,6,Diamond,1,15,False,0,True,equippedStatMod,,Protection,2000,2000,0,,Offense %,0.06%,60000,1,552060,Protection %,21.2%,21200000,3,79773200|62702600|69616400,Offense,164,164,1,1643,Defense,552,552,3,1832|2141|1551
bmmt4ulxRVirg555DWvLjw,663,Critical Damage,6,Diamond,5,15,False,5,True,equippedStatMod,,Protection,2000,2000,0,,Potency %,0.001009%,1009,4,2454|2858|2508|2270,Offense %,0.09%,90000,2,559170|329520,Health %,7.81%,7810000,2,28957500|49185900,Critical Avoidance %,1.78%,1780000,4,3308000|4537750|4995500|4915000
m9x1Q2DATGuMZGhMVdovzg,663,Critical Damage,6,Diamond,5,15,False,0,True,equippedStatMod,,Protection,2000,2000,0,,Defense,558,558,3,1697|2132|1759,Critical Avoidance %,1.08%,1080000,3,3527750|2973250|4296750,Offense %,0.16%,160000,3,576480|398640|583950,Health %,13.85%,13850000,3,51799500|45103500|41604300
Fc88jSBnSDm2LmQixfFqBg,661,Critical Damage,6,Square,5,15,True,5,True,equippedStatMod,,Health,850,850,0,,Potency %,0.000711%,711,3,2333|2996|1785,Offense %,0.2%,200000,4,538830|591960|398910|440700,Offense,321,321,2,1639|1575,Tenacity %,0.39%,390000,3,1309760|1546320|1058320
g6Yz_PPNT_2uy5RM5PQsnA,661,Critical Damage,6,Square,3,15,False,0,True,equippedStatMod,,Health,850,850,0,,Tenacity %,0.61%,610000,5,1159600|1153200|1394480|1360640|1113200,Offense %,0.13%,130000,3,440670|431010|394350,Protection,256,256,1,2563,Defense,119,119,1,1197
gcPGu_uZQLGnGwduM9P5uA,661,Critical Damage,6,Square,2,15,False,0,True,equippedStatMod,,Health,850,850,0,,Offense %,0.16%,160000,3,525990|514140|475980,Critical Avoidance %,0.33%,330000,1,3245750,Defense,504,504,3,1357|1698|1989,Health %,8.52%,8520000,2,41426100|43869600
6EGPmO8ASs6IwLTKKX6Ypw,664,Critical Damage,6,Triangle,2,15,False,0,True,equippedStatMod,,Critical Damage %,0.0042%,4200,0,,Potency %,0.000522%,522,2,2865|2358,Defense,753,753,4,1811|1750|2255|1718,Offense %,0.05%,50000,1,408990,Speed,437,437,2,2201|2175
l5cpuVKdSc6iJ4DPFP7XHw,664,Critical Damage,6,Triangle,5,15,False,0,True,equippedStatMod,,Critical Damage %,0.0042%,4200,0,,Tenacity %,0.56%,560000,5,1406480|903200|1539760|959840|804000,Offense %,0.1%,100000,2,437580|551220,Protection %,23.54%,23540000,3,85426600|66428600|83568200,Offense,284,284,2,1712|1131
nBIJTV8aSySvXRbJ4fAOqA,664,Critical Damage,6,Triangle,5,15,False,0,True,equippedStatMod,,Critical Damage %,0.0042%,4200,0,,Tenacity %,0.24%,240000,2,1560800|893040,Protection %,8.44%,8440000,1,84497400,Health,432,432,4,1191|1039|1067|1029,Offense %,0.23%,230000,5,596760|315150|329580|448710|592380
GJ8HuN4GRceQ_DG-AdwhOQ,352,Defense,5,Arrow,5,15,False,0,True,equippedStatMod,,Offense %,0.3%,300000,0,,Defense,374,374,2,1712|2031,Offense,96,96,1,960,Protection %,22.55%,22550000,4,51451517|63682102|43311637|67149857,Potency %,0.000181%,181,1,1819
NAEZwInxT1eN4XrPrE-fsg,352,Defense,5,Arrow,3,15,False,0,True,equippedStatMod,,Offense %,0.3%,300000,0,,Health %,11.22%,11220000,3,39868372|30878487|41471336,Defense,204,204,1,2040,Protection,93,93,1,936,Speed,162,162,1,1620
ouPORx-2Rp-f3im3ssoSvQ,352,Defense,5,Arrow,5,15,False,0,False,unequippedMod,,Offense %,0.3%,300000,0,,Health,42,42,1,422,Speed,168,168,1,1688,Protection,382,382,3,1275|1275|1275,Offense,253,253,3,844|844|844
5GudDeUKShOTVITNuXC2Bw,352,Defense,5,Arrow,1,12,False,0,True,equippedStatMod,,Offense %,0.25%,250000,0,,Offense,70,70,1,709,Tenacity %,0.05%,50000,1,517832,Critical Avoidance %,0.33%,330000,1,3216396,Potency %,0.00012%,120,1,1207
qRhHj_B0QuODBGwxmE1ZgA,352,Defense,5,Arrow,2,9,False,0,False,unequippedMod,,Health,363,363,0,,Speed,218,218,1,2180,Protection %,5.94%,5940000,1,59487572,Defense,174,174,1,1747,Offense %,0.05%,50000,1,568590
6xaoAdv2Tna-hk55vtMWBw,352,Defense,5,Arrow,1,1,False,0,False,unequippedMod,,Offense %,0.04%,40000,0,,,,,0,,,,,0,,,,,0,,,,,0,
8d3W89LSRNmaAGSa-eUWbA,352,Defense,5,Arrow,2,1,False,0,False,unequippedMod,,Offense %,0.04%,40000,0,,Tenacity %,0.07%,70000,1,719712,,,,0,,,,,0,,,,,0,
9LjHuGZXQWa6UHJEc6ELJA,352,Defense,5,Arrow,1,1,False,0,False,unequippedMod,,Offense %,0.04%,40000,0,,,,,0,,,,,0,,,,,0,,,,,0,
CHrFZSbzQ4-IfQKXlTixKw,352,Defense,5,Arrow,4,1,False,0,False,unequippedMod,,Offense %,0.04%,40000,0,,Health,31,31,1,318,Critical Avoidance %,0.44%,440000,1,4338840,Defense,173,173,1,1732,,,,0,
Fq1iSBTvShK3Gozro70AmA,352,Defense,5,Arrow,3,1,False,0,False,unequippedMod,,Offense,63,63,0,,Health,47,47,1,479,Offense %,0.05%,50000,1,534390,,,,0,,,,,0,
INjA-fM4Rt6pTHoljCuIMw,352,Defense,5,Arrow,2,1,False,0,False,unequippedMod,,Offense %,0.04%,40000,0,,Health,33,33,1,330,,,,0,,,,,0,,,,,0,
LC4_d9hYQrKLHJEu4H6irg,352,Defense,5,Arrow,1,1,False,0,True,equippedStatMod,,Offense %,0.04%,40000,0,,,,,0,,,,,0,,,,,0,,,,,0,
PO6nguA4QbCAJ7dAx4lEhQ,352,Defense,5,Arrow,1,1,False,0,True,equippedStatMod,,Offense %,0.04%,40000,0,,,,,0,,,,,0,,,,,0,,,,,0,
PWpLNO1cQIKfnvTq5i-RQQ,352,Defense,5,Arrow,1,1,False,0,False,unequippedMod,,Offense %,0.04%,40000,0,,,,,0,,,,,0,,,,,0,,,,,0,
VQsDfoDXQCG3fi6TxPx4uA,352,Defense,5,Arrow,5,1,False,0,False,unequippedMod,,Offense,63,63,0,,Protection,105,105,1,1055,Speed,189,189,1,1890,Protection %,5.59%,5590000,1,55978287,Offense %,0.05%,50000,1,546900
kLSZMmrdT9SqCD9Tfqnfpw,352,Defense,5,Arrow,5,1,False,0,False,unequippedMod,,Offense %,0.04%,40000,0,,Tenacity %,0.07%,70000,1,755825,Critical Avoidance %,0.42%,420000,1,4192920,Offense,74,74,1,747,Health,35,35,1,351
xmIH84yORBqcW7DlFhcTKA,352,Defense,5,Arrow,5,1,False,0,False,unequippedMod,,Health,63,63,0,,Protection,137,137,1,1370,Offense %,0.05%,50000,1,597450,Protection %,7.12%,7120000,1,71244715,Potency %,0.000146%,146,1,1469
0c_LbBZoTeqoY0L_vuKvVA,355,Defense,5,Circle,5,15,False,0,True,equippedStatMod,,Speed,2350,2350,0,,Protection,87,87,1,875,Health,139,139,3,544|556|299,Defense %,0.000519%,519,3,1959|1777|1461,Offense %,0.05%,50000,1,537060
bDN7F-jaRMm51SnaOCqEaw,355,Defense,5,Circle,3,15,False,0,True,equippedStatMod,,Offense,588,588,0,,Offense %,0.05%,50000,1,541470,Defense %,0.000196%,196,1,1968,Defense,555,555,3,2168|1657|1729,Health %,3.32%,3320000,1,33235787
DpqqtMoaQuWhIp9m1xEhyw,355,Defense,5,Circle,1,12,False,0,False,unequippedMod,,Offense,475,475,0,,Defense %,0.000122%,122,1,1221,Health,55,55,1,554,Defense,191,191,1,1913,Offense %,0.05%,50000,1,585180
L-Edi398TreWwaYaZfxpIg,355,Defense,5,Circle,1,12,False,0,True,equippedStatMod,,Offense,475,475,0,,Offense %,0.05%,50000,1,504600,Health,50,50,1,504,Defense %,0.000201%,201,1,2017,Speed,128,128,1,1285
VlVNp2weQsa72sBXGoKJTg,355,Defense,5,Circle,1,12,False,0,False,unequippedMod,,Offense,475,475,0,,Health,32,32,1,322,Offense %,0.05%,50000,1,528870,Tenacity %,0.07%,70000,1,770329,Protection %,6.72%,6720000,1,67295212
WzGmdl3aRo2CY_ZRYoy6sA,355,Defense,5,Circle,1,12,False,0,False,unequippedMod,,Offense,475,475,0,,Health,31,31,1,319,Offense %,0.05%,50000,1,529440,Protection %,4.57%,4570000,1,45716224,Defense,132,132,1,1323
_lUxlax5SnKn2nfMcT1i2w,355,Defense,5,Circle,1,12,False,0,False,unequippedMod,,Offense,475,475,0,,Critical Avoidance %,0.42%,420000,1,4161456,Defense,196,196,1,1960,Offense %,0.05%,50000,1,519840,Defense %,0.000207%,207,1,2073
FnwLA0QCRx2ZaTVpaYAStw,355,Defense,5,Circle,4,3,False,0,False,unequippedMod,,Offense,138,138,0,,Protection %,8.15%,8150000,1,81573226,Speed,117,117,1,1170,Health %,3.37%,3370000,1,33771537,Offense %,0.05%,50000,1,523140
DQfKPFDiRb6o7Rk0GjAOew,355,Defense,5,Circle,3,1,False,0,True,equippedStatMod,,Speed,250,250,0,,Critical Avoidance %,0.44%,440000,1,4365060,Offense %,0.05%,50000,1,581040,,,,0,,,,,0,
Hyk4L-0VQXC5E15C_gzQNg,355,Defense,5,Circle,4,1,False,0,False,unequippedMod,,Speed,250,250,0,,Offense,102,102,1,1029,Critical Avoidance %,0.3%,300000,1,2983380,Offense %,0.05%,50000,1,567000,,,,0,
XP_wAuKwSAOyTBHVMoTMUQ,355,Defense,5,Circle,4,1,False,0,True,equippedStatMod,,Offense,63,63,0,,Tenacity %,0.08%,80000,1,837459,Protection,101,101,1,1019,Offense %,0.05%,50000,1,504180,,,,0,
yShV6zqbTT2SsKnmZAeSwg,355,Defense,5,Circle,5,1,False,0,True,equippedStatMod,,Offense,63,63,0,,Critical Avoidance %,0.39%,390000,1,3819684,Defense,173,173,1,1733,Offense %,0.05%,50000,1,588120,Health,47,47,1,473
0fUiZ8kLRJ6Zl5ap9AvbuQ,356,Defense,5,Cross,3,15,False,0,True,equippedStatMod,,Speed,2350,2350,0,,Protection %,13.85%,13850000,2,75281431|63225272,Defense %,0.000393%,393,2,2070|1863,Potency %,0.000173%,173,1,1730,Offense %,0.05%,50000,1,554490
CzFf14UsSlCfCYEzkJ3HvQ,356,Defense,5,Cross,2,15,False,0,True,equippedStatMod,,Speed,2350,2350,0,,Offense %,0.05%,50000,1,516750,Health %,6.33%,6330000,2,25285257|38018963,Offense,106,106,1,1067,Health,29,29,1,292
PQXgEZ4ySrOuH8-mla9EYA,356,Defense,5,Cross,1,12,False,0,False,unequippedMod,,Potency %,0.00195%,1950,0,,Tenacity %,0.09%,90000,1,936782,Offense %,0.05%,50000,1,577620,Speed,167,167,1,1671,Defense %,0.000142%,142,1,1422
PY9W9msSTQSuNKzD6g9lwg,356,Defense,5,Cross,1,12,False,0,False,unequippedMod,,Health,475,475,0,,Offense %,0.05%,50000,1,533880,Tenacity %,0.08%,80000,1,873964,Defense %,0.000171%,171,1,1712,Protection %,4.22%,4220000,1,42265081
ZGOXo16BRcujc84l6ZBV0A,356,Defense,5,Cross,1,12,False,0,False,unequippedMod,,Potency %,0.00195%,1950,0,,Offense,68,68,1,681,Offense %,0.05%,50000,1,508530,Speed,174,174,1,1745,Protection,153,153,1,1534
jAdB1kXWRc-lFKACVMbExg,356,Defense,5,Cross,1,12,False,0,False,unequippedMod,,Health,475,475,0,,Defense,156,156,1,1567,Offense %,0.05%,50000,1,598890,Health %,2.95%,2950000,1,29575543,Defense %,0.000128%,128,1,1280
uPd259KZQI2nBr0Xj-9vUA,356,Defense,5,Cross,2,9,False,0,False,unequippedMod,,Defense %,0.0015%,1500,0,,Critical Avoidance %,0.4%,400000,1,3922284,Protection %,5.81%,5810000,1,58100470,Tenacity %,0.06%,60000,1,641312,Offense %,0.05%,50000,1,515070
CjhL616sTcOm61b7DJA5JQ,356,Defense,5,Cross,3,6,False,0,False,unequippedMod,,Health,250,250,0,,Potency %,0.000188%,188,1,1883,Defense,125,125,1,1253,Offense,78,78,1,789,Offense %,0.05%,50000,1,534030
0yni6rOpQ6WZH8bS_iKiCw,356,Defense,5,Cross,4,1,False,0,False,unequippedMod,,Potency %,0.0003%,300,0,,Offense,96,96,1,969,Offense %,0.05%,50000,1,545430,Critical Avoidance %,0.32%,320000,1,3179232,,,,0,
BS24daK6QC6Q7qFhh13XCw,356,Defense,5,Cross,3,1,False,0,False,unequippedMod,,Potency %,0.0003%,300,0,,Defense %,0.000164%,164,1,1645,Offense %,0.05%,50000,1,527970,,,,0,,,,,0,
D6Xld1Q5Smi5DP5jyVWJQA,356,Defense,5,Cross,5,1,False,0,False,unequippedMod,,Speed,250,250,0,,Protection %,4.76%,4760000,1,47659828,Offense %,0.05%,50000,1,583230,Health,49,49,1,493,Critical Avoidance %,0.34%,340000,1,3387396
DaDId87GTnGsEz18WbWdYA,356,Defense,5,Cross,5,1,False,0,False,unequippedMod,,Offense,63,63,0,,Potency %,0.000158%,158,1,1588,Defense,160,160,1,1602,Offense %,0.05%,50000,1,566760,Defense %,0.000218%,218,1,2189
HRyKeW7jTgudcAjV7russA,356,Defense,5,Cross,3,1,False,0,True,equippedStatMod,,Protection,125,125,0,,Offense %,0.05%,50000,1,502440,Offense,61,61,1,614,,,,0,,,,,0,
J0sSLtioRoyAAqXY9VH-Og,356,Defense,5,Cross,5,1,False,0,False,unequippedMod,,Defense %,0.0003%,300,0,,Offense %,0.05%,50000,1,579210,Defense,185,185,1,1859,Tenacity %,0.09%,90000,1,926002,Health,33,33,1,337
SHkm7pueS1ez9SAGLOEPNA,356,Defense,5,Cross,5,1,False,0,True,equippedStatMod,,Health,63,63,0,,Speed,200,200,1,2001,Offense,103,103,1,1036,Offense %,0.05%,50000,1,567600,Potency %,0.000114%,114,1,1144
Vg-xZjWgTjCECxFjTIuMYQ,356,Defense,5,Cross,3,1,False,0,False,unequippedMod,,Protection,125,125,0,,Offense %,0.05%,50000,1,568620,Critical Avoidance %,0.44%,440000,1,4359816,,,,0,,,,,0,
p7ROkDdtSsackzvgQ1-ZWA,356,Defense,5,Cross,5,1,False,0,False,unequippedMod,,Speed,250,250,0,,Offense,80,80,1,801,Defense,173,173,1,1738,Offense %,0.05%,50000,1,589200,Health %,3%,3000000,1,30002000
e_GpFqbORq2oacxipPBSFg,353,Defense,5,Diamond,3,15,False,0,True,equippedStatMod,,Protection,1175,1175,0,,Potency %,0.000312%,312,2,1140|1986,Offense %,0.05%,50000,1,579300,Tenacity %,0.09%,90000,1,931049,Defense %,0.000412%,412,2,2199|1929
kPxCKqmdSQyxMREv5LSSZQ,353,Defense,5,Diamond,3,15,False,0,True,equippedStatMod,,Protection,1175,1175,0,,Speed,179,179,1,1791,Protection %,7.99%,7990000,1,79978474,Offense %,0.1%,100000,2,520740|545280,Defense,228,228,2,1132|1151
yGG9N2MMQcyfoNEY7rTNPw,353,Defense,5,Diamond,2,15,False,0,True,equippedStatMod,,Protection,1175,1175,0,,Tenacity %,0.17%,170000,2,880775|867545,Defense,207,207,1,2071,Offense %,0.05%,50000,1,592080,Speed,222,222,1,2229
6Og-Pl1BQda9BUOeVXpMkA,353,Defense,5,Diamond,1,12,False,0,False,unequippedMod,,Protection,950,950,0,,Defense,188,188,1,1881,Offense %,0.05%,50000,1,589680,Health,45,45,1,455,Potency %,0.000225%,225,1,2250
QM9ogd-VS2KjeouVMR1-TQ,353,Defense,5,Diamond,1,12,False,0,False,unequippedMod,,Protection,950,950,0,,Tenacity %,0.06%,60000,1,606620,Offense %,0.05%,50000,1,515250,Critical Avoidance %,0.32%,320000,1,3167604,Health %,2.93%,2930000,1,29378387
lzDvHsm5QMSBOhdF_jPUzg,353,Defense,5,Diamond,1,12,False,0,False,unequippedMod,,Protection,950,950,0,,Offense,83,83,1,834,Tenacity %,0.05%,50000,1,571193,Defense,161,161,1,1615,Offense %,0.05%,50000,1,505110
pSFRauY5QnKAXpBLo9JJRA,353,Defense,5,Diamond,1,12,False,0,False,unequippedMod,,Protection,950,950,0,,Potency %,0.00021%,210,1,2100,Offense %,0.05%,50000,1,517980,Health,36,36,1,366,Critical Avoidance %,0.45%,450000,1,4435056
ttF5XXUnR2KiicCEwfyfWQ,353,Defense,5,Diamond,1,12,False,0,False,unequippedMod,,Protection,950,950,0,,Defense,197,197,1,1976,Tenacity %,0.06%,60000,1,622986,Offense %,0.05%,50000,1,571170,Health,43,43,1,433
pYaYjNh4Qc2xwol2xa87qw,353,Defense,5,Diamond,5,1,False,0,False,unequippedMod,,Protection,125,125,0,,Tenacity %,0.09%,90000,1,966329,Offense,100,100,1,1003,Defense,144,144,1,1449,Offense %,0.05%,50000,1,538380
r_kyqLnjTV2aoxUZrUk6NQ,353,Defense,5,Diamond,2,1,False,0,False,unequippedMod,,Protection,125,125,0,,Offense %,0.05%,50000,1,501150,,,,0,,,,,0,,,,,0,
wGIKra4NQmCPQAYSOyzPww,353,Defense,5,Diamond,2,1,False,0,False,unequippedMod,,Protection,125,125,0,,Offense %,0.05%,50000,1,511920,,,,0,,,,,0,,,,,0,
3CoBzwgBQoWkQLZirrZSdA,351,Defense,5,Square,3,15,False,0,True,equippedStatMod,,Health,588,588,0,,Offense,134,134,2,711|636,Offense %,0.05%,50000,1,565530,Critical Avoidance %,0.64%,640000,2,4031496|2325828,Health %,3.44%,3440000,1,34425152
90IZ8LwHTOuJalol2wTfwA,351,Defense,5,Square,5,15,False,0,True,equippedStatMod,,Health,588,588,0,,Offense %,0.05%,50000,1,568230,Offense,297,297,3,892|963|1121,Protection %,13.03%,13030000,2,58710961|71643403,Health %,7.52%,7520000,2,37549646|37669654
Dcukjs9WQ6eYfibX-gOWQQ,351,Defense,5,Square,5,15,False,0,True,equippedStatMod,,Health,588,588,0,,Speed,336,336,2,1298|2067,Offense %,0.15%,150000,3,589230|575070|390270,Protection,269,269,2,1264|1430,Health %,3.26%,3260000,1,32674321
UIlG4moFRi2SThc5B4bZZQ,351,Defense,5,Square,5,15,False,0,True,equippedStatMod,,Health,588,588,0,,Defense,207,207,1,2071,Protection,356,356,3,1146|1459|956,Protection %,10.32%,10320000,2,56530636|46700485,Offense %,0.1%,100000,2,592710|481980
klLCKx2wQougjml_S4eVmA,351,Defense,5,Square,5,15,False,0,True,equippedStatMod,,Health,588,588,0,,Defense %,0.000368%,368,2,1700|1989,Offense %,0.1%,100000,2,513840|582510,Potency %,0.000325%,325,2,1742|1516,Health %,7.2%,7200000,2,35076624|37022468
mFCG8u0pQmyt9fWPlC1YTw,351,Defense,5,Square,1,12,False,0,True,equippedStatMod,,Health,475,475,0,,Defense,164,164,1,1640,Offense,56,56,1,569,Protection %,7.76%,7760000,1,77619570,Offense %,0.05%,50000,1,542400
uJizp8q_T6qebk-5mCbLLg,351,Defense,5,Square,1,12,False,0,False,unequippedMod,,Health,475,475,0,,Offense,84,84,1,843,Speed,186,186,1,1866,Offense %,0.05%,50000,1,563940,Defense,158,158,1,1584
O_61btggScGLQ1fx1esExg,351,Defense,5,Square,3,1,False,0,False,unequippedMod,,Health,63,63,0,,Protection,140,140,1,1409,Offense %,0.05%,50000,1,578880,,,,0,,,,,0,
ecNT8h6uROuEtv2OlyZGeg,351,Defense,5,Square,3,1,False,0,False,unequippedMod,,Health,63,63,0,,Health %,2.55%,2550000,1,25525273,Offense %,0.05%,50000,1,539640,,,,0,,,,,0,
jTjG6JOhRNu0C1Bs3wAI9w,351,Defense,5,Square,3,1,False,0,False,unequippedMod,,Health,63,63,0,,Offense %,0.05%,50000,1,533730,Tenacity %,0.05%,50000,1,519106,,,,0,,,,,0,
EWfQJNySRjG-xA5x_m83Vw,354,Defense,5,Triangle,5,15,False,0,True,equippedStatMod,,Offense,588,588,0,,Speed,146,146,1,1460,Offense %,0.05%,50000,1,516540,Tenacity %,0.15%,150000,2,633962|895083,Health %,12.89%,12890000,4,34633023|41404903|24659501|28240454
-td8gxQ1RtuHPhJMUnNnuA,354,Defense,5,Triangle,1,12,False,0,False,unequippedMod,,Critical Damage %,0.002925%,2925,0,,Protection,149,149,1,1496,Offense %,0.05%,50000,1,541800,Health,55,55,1,554,Speed,149,149,1,1494
1n9vEvSKQ3uQJxVDuJ98sg,354,Defense,5,Triangle,1,12,False,0,False,unequippedMod,,Offense,475,475,0,,Health,51,51,1,515,Health %,3.99%,3990000,1,39936948,Offense %,0.05%,50000,1,549210,Defense,112,112,1,1128
ULC8H_rqQrSyK8EWIuoicw,354,Defense,5,Triangle,1,12,False,0,False,unequippedMod,,Defense,975,975,0,,Protection %,4.99%,4990000,1,49948131,Offense %,0.05%,50000,1,524220,Tenacity %,0.07%,70000,1,748328,Defense %,0.000216%,216,1,2160
lBDYjwRBQOq4hzxSA3huMg,354,Defense,5,Triangle,1,12,False,0,False,unequippedMod,,Defense,975,975,0,,Protection,109,109,1,1091,Offense,110,110,1,1106,Offense %,0.05%,50000,1,575430,Critical Avoidance %,0.32%,320000,1,3122688
zrW_iMSURZC0PTDBYXIBfQ,354,Defense,5,Triangle,1,12,False,0,False,unequippedMod,,Critical Damage %,0.002925%,2925,0,,Health %,2.49%,2490000,1,24946663,Offense %,0.05%,50000,1,532470,Health,45,45,1,454,Protection %,7.66%,7660000,1,76606238
WaRzBfQ0T9enKmHK9B0XZQ,354,Defense,5,Triangle,2,9,False,0,False,unequippedMod,,Health,363,363,0,,Critical Avoidance %,0.26%,260000,1,2522592,Potency %,0.000164%,164,1,1640,Offense %,0.05%,50000,1,555210,Protection,141,141,1,1412
OgVGX1HjSL25Xz5o2-jptA,354,Defense,5,Triangle,4,1,False,0,True,equippedStatMod,,Protection,125,125,0,,Offense %,0.05%,50000,1,504120,Defense,221,221,1,2212,Potency %,0.000152%,152,1,1524,,,,0,
S-R_DpB_QZi8v4qZR-2qAQ,354,Defense,5,Triangle,4,1,False,0,False,unequippedMod,,Protection,125,125,0,,Speed,118,118,1,1185,Offense,101,101,1,1011,Offense %,0.05%,50000,1,551010,,,,0,
SwV4KOclRXqb6RKziBNUqw,354,Defense,5,Triangle,5,1,False,0,True,equippedStatMod,,Defense,150,150,0,,Critical Avoidance %,0.39%,390000,1,3874176,Health,49,49,1,496,Protection,165,165,1,1654,Offense %,0.05%,50000,1,539730
j0DWeDcvS-mV-M14mC5dgQ,354,Defense,5,Triangle,3,1,False,0,False,unequippedMod,,Critical Damage %,0.00045%,450,0,,Offense %,0.05%,50000,1,538110,Offense,77,77,1,776,,,,0,,,,,0,
puYQM1w0T1iaqmd1tLPNTw,354,Defense,5,Triangle,3,1,False,0,True,equippedStatMod,,Defense,150,150,0,,Offense %,0.05%,50000,1,539730,Offense,110,110,1,1109,,,,0,,,,,0,
Jo9k38SCT6yX0MenGkyqxg,365,Defense,6,Circle,5,15,False,0,True,equippedStatMod,,Speed,2400,2400,0,,Tenacity %,0.13%,130000,1,1341120,Offense %,0.16%,160000,3,558210|577560|408330,Potency %,0.000797%,797,4,1886|2631|1523|1937,Protection,1254,1254,4,2069|3812|2887|3780
DkcjxYqLROShAxcvG-s1pw,363,Defense,6,Diamond,5,15,False,0,True,equippedStatMod,,Protection,2000,2000,0,,Health,381,381,3,1407|1482|925,Offense %,0.12%,120000,3,543120|311010|323160,Protection %,15.58%,15580000,2,72339600|83490000,Offense,600,600,4,1875|1268|1269|1588
-ErRrG3kSBSSw6jrM74Gjg,152,Health,5,Arrow,2,15,False,0,True,equippedStatMod,,Speed,2350,2350,0,,Defense %,0.000132%,132,1,1323,Critical Avoidance %,0.39%,390000,1,3831996,Protection,251,251,2,1416|1098,Offense %,0.05%,50000,1,527430
8tQ1qvbdQ4mgXhAmLzBqDA,152,Health,5,Arrow,3,15,False,0,True,equippedStatMod,,Offense %,0.3%,300000,0,,Critical Avoidance %,0.32%,320000,1,3195876,Defense,186,186,1,1861,Potency %,0.000378%,378,3,1176|1297|1309,Protection,110,110,1,1101
9LUrfKm3Sa6rLxp7WzEeKg,152,Health,5,Arrow,1,15,False,0,True,equippedStatMod,,Speed,2350,2350,0,,Protection %,4.9%,4900000,1,49030318,Offense,106,106,1,1062,Defense,150,150,1,1502,Offense %,0.05%,50000,1,537300
C2oIqn6XRdiqxpBGjTbpMw,152,Health,5,Arrow,2,15,False,0,True,equippedStatMod,,Offense %,0.3%,300000,0,,Potency %,0.000179%,179,1,1799,Offense,93,93,1,930,Protection %,5.31%,5310000,1,53179165,Defense,335,335,2,2201|1152
C6xLXI7ESWWEmo4rxj35Vg,152,Health,5,Arrow,4,15,False,0,True,equippedStatMod,,Offense %,0.3%,300000,0,,Health %,2.33%,2330000,1,23373701,Protection,239,239,2,912|1484,Health,86,86,2,358|509,Offense,175,175,2,984|766
D0rLaGrWT8SLmoA0jesmeg,152,Health,5,Arrow,3,15,False,0,True,equippedStatMod,,Offense %,0.3%,300000,0,,Tenacity %,0.07%,70000,1,700847,Potency %,0.000156%,156,1,1560,Protection %,20.63%,20630000,3,62668770|70164935|73516406,Health,48,48,1,488
FsQqlh2HQOm3hQBEFQJYYw,152,Health,5,Arrow,3,15,False,0,True,equippedStatMod,,Offense %,0.3%,300000,0,,Tenacity %,0.09%,90000,1,914879,Defense,603,603,3,1910|1925|2196,Potency %,0.000198%,198,1,1981,Critical Avoidance %,0.24%,240000,1,2309640
Gy-POBHVQlS4OM1htnjnvw,152,Health,5,Arrow,3,15,False,0,True,equippedStatMod,,Offense %,0.3%,300000,0,,Protection %,5.96%,5960000,1,59632927,Critical Avoidance %,0.55%,550000,2,3171252|2305992,Defense,218,218,1,2183,Tenacity %,0.17%,170000,2,800366|925071
KH5EFvF5RPKfMEnK6BlHXw,152,Health,5,Arrow,2,15,False,0,True,equippedStatMod,,Offense %,0.3%,300000,0,,Protection %,10.66%,10660000,2,55911839|50770425,Speed,206,206,1,2065,Critical Avoidance %,0.42%,420000,1,4185852,Tenacity %,0.07%,70000,1,733726
LzCf-O24SsieiWC5uRxwpQ,152,Health,5,Arrow,5,15,False,0,True,equippedStatMod,,Health,588,588,0,,Critical Avoidance %,0.51%,510000,2,2310096|2723460,Offense,187,187,2,976|899,Protection,459,459,3,1677|1402|1514,Offense %,0.05%,50000,1,537960
PX-M-8FDTW2aWfi0dOMthA,152,Health,5,Arrow,5,15,False,0,True,equippedStatMod,,Offense %,0.3%,300000,0,,Defense,147,147,1,1470,Protection %,32.34%,32340000,5,78088859|49914907|82254318|62610628|50562775,Health,47,47,1,474,Tenacity %,0.06%,60000,1,631708
QNiYg4HxR3KW1kfiTtsfKw,152,Health,5,Arrow,2,15,False,0,True,equippedStatMod,,Offense %,0.3%,300000,0,,Defense %,0.00013%,130,1,1307,Speed,139,139,1,1390,Health %,6.9%,6900000,2,31778547|37236768,Protection %,7.15%,7150000,1,71564496
RKuC9pNHTpSFD_-6uXV8GQ,152,Health,5,Arrow,5,15,False,0,True,equippedStatMod,,Offense,588,588,0,,Speed,128,128,1,1287,Health %,9.4%,9400000,3,42367110|25857438|25827436,Offense %,0.05%,50000,1,509700,Health,115,115,3,375|378|399
RLsexC2SSXqN9lZ-3XekjQ,152,Health,5,Arrow,4,15,False,0,True,equippedStatMod,,Offense %,0.3%,300000,0,,Tenacity %,0.07%,70000,1,717703,Speed,290,290,2,1632|1274,Potency %,0.000323%,323,2,1814|1417,Health,80,80,2,342|464
SvR6-mZNSkS2zm1lRBZGKQ,152,Health,5,Arrow,4,15,False,0,True,equippedStatMod,,Offense %,0.3%,300000,0,,Protection,127,127,1,1273,Potency %,0.00013%,130,1,1308,Speed,372,372,2,1782|1943,Defense %,0.000466%,466,3,1566|1712|1384
TLKH6H6VSCKfZqFQ2FjAqQ,152,Health,5,Arrow,2,15,False,0,True,equippedStatMod,,Offense %,0.3%,300000,0,,Protection,133,133,1,1335,Potency %,0.000139%,139,1,1400,Speed,162,162,1,1624,Protection %,12.01%,12010000,2,66460459|53702443
UXkk1eT8ThW18JecPchooA,152,Health,5,Arrow,1,15,False,0,True,equippedStatMod,,Offense %,0.3%,300000,0,,Offense,56,56,1,563,Health,43,43,1,436,Tenacity %,0.08%,80000,1,867153,Protection,148,148,1,1487
UZOoAAkKRvegRaBEgrG9vg,152,Health,5,Arrow,1,15,False,0,True,equippedStatMod,,Speed,2350,2350,0,,Offense,82,82,1,826,Offense %,0.05%,50000,1,548730,Health %,3.51%,3510000,1,35151629,Health,45,45,1,458
VGHNxpJGTqiMqIW9_mcKDg,152,Health,5,Arrow,1,15,False,0,True,equippedStatMod,,Offense %,0.3%,300000,0,,Critical Avoidance %,0.26%,260000,1,2539008,Speed,120,120,1,1204,Tenacity %,0.07%,70000,1,764596,Defense,163,163,1,1636
VOdPk0IQTqKeQzdM_IIV1g,152,Health,5,Arrow,4,15,False,0,True,equippedStatMod,,Offense %,0.3%,300000,0,,Defense %,0.000387%,387,2,1722|2151,Offense,68,68,1,682,Health %,4.19%,4190000,1,41919223,Defense,523,523,3,1847|2079|1308
VjaYfSwmQm67T2VZ89JVwQ,152,Health,5,Arrow,5,15,False,0,True,equippedStatMod,,Offense %,0.3%,300000,0,,Health %,3.8%,3800000,1,38021106,Offense,77,77,1,773,Speed,621,621,4,1493|1873|1249|1601,Defense %,0.000356%,356,2,2216|1346
X4G2XofORB2nMHDidA22-Q,152,Health,5,Arrow,1,15,False,0,True,equippedStatMod,,Offense %,0.3%,300000,0,,Critical Avoidance %,0.33%,330000,1,3217536,Tenacity %,0.08%,80000,1,824278,Protection,128,128,1,1280,Health %,3.71%,3710000,1,37118903
XfypqUqDQjKNvOS1M-yIJQ,152,Health,5,Arrow,1,15,False,0,True,equippedStatMod,,Offense %,0.3%,300000,0,,Health %,3.88%,3880000,1,38833303,Offense,87,87,1,879,Health,29,29,1,295,Defense,134,134,1,1349
YLPYnkomTKqdtQmUWRizBA,152,Health,5,Arrow,2,15,False,0,True,equippedStatMod,,Offense %,0.3%,300000,0,,Protection %,14.05%,14050000,2,75804709|64782647,Defense,162,162,1,1629,Tenacity %,0.09%,90000,1,963781,Potency %,0.000133%,133,1,1339
YTfE7nVSSZavYhA4whw33A,152,Health,5,Arrow,1,15,False,0,True,equippedStatMod,,Speed,2350,2350,0,,Tenacity %,0.07%,70000,1,772779,Health,47,47,1,478,Critical Avoidance %,0.29%,290000,1,2824008,Offense %,0.05%,50000,1,573210
Z03iHVjvQ4OD7IocdHG9CQ,152,Health,5,Arrow,3,15,False,0,True,equippedStatMod,,Offense %,0.3%,300000,0,,Defense %,0.000275%,275,2,1550|1204,Health,42,42,1,425,Health %,2.29%,2290000,1,22975103,Speed,326,326,2,1210|2053
Z7WyJAMtQ9iEMKxmE8wFUw,152,Health,5,Arrow,3,15,False,0,True,equippedStatMod,,Offense %,0.3%,300000,0,,Protection,287,287,2,1343|1536,Protection %,14.04%,14040000,2,62569098|77893668,Health %,3.1%,3100000,1,31002781,Defense %,0.000221%,221,1,2212
ZNdIB-BCSQu2UCJUFPRKNw,152,Health,5,Arrow,5,15,False,0,True,equippedStatMod,,Offense %,0.3%,300000,0,,Offense,159,159,2,626|969,Protection %,18.26%,18260000,3,46725403|56389434|79525797,Health %,2.9%,2900000,1,29033364,Protection,205,205,2,1015|1038
ZVMMsy6SQcOS0R2Y-Yx79w,152,Health,5,Arrow,5,15,False,0,True,equippedStatMod,,Offense %,0.3%,300000,0,,Offense,176,176,2,875|891,Speed,331,331,2,1195|2119,Health %,2.34%,2340000,1,23410132,Protection,424,424,3,1560|994|1688
_2sCThCASBqH1jiw1CY-vQ,152,Health,5,Arrow,5,15,False,0,True,equippedStatMod,,Offense %,0.3%,300000,0,,Potency %,0.000297%,297,2,1738|1235,Defense,287,287,2,1651|1222,Tenacity %,0.1%,100000,2,538510|504602,Critical Avoidance %,0.65%,650000,2,4062276|2365956
alXPi86KSampvFtp7fIxwA,152,Health,5,Arrow,5,15,False,0,True,equippedStatMod,,Offense %,0.3%,300000,0,,Speed,333,333,2,2022|1314,Potency %,0.000165%,165,1,1657,Health,92,92,2,392|533,Protection,379,379,3,1303|1508|986
bN4SbMYrTYqdR7Gyc9sLog,152,Health,5,Arrow,5,15,False,0,True,equippedStatMod,,Offense,588,588,0,,Health %,7.64%,7640000,2,33998695|42461402,Defense,115,115,1,1151,Offense %,0.1%,100000,2,541080|527040,Speed,508,508,3,1360|1962|1766
bjWi9HaVSeeByAUCQeOuEw,152,Health,5,Arrow,2,15,False,0,True,equippedStatMod,,Offense %,0.3%,300000,0,,Defense %,0.00021%,210,1,2106,Offense,64,64,1,644,Speed,427,427,2,2169|2104,Health,53,53,1,536
etONwU66QmeRo8jyC9pAlQ,152,Health,5,Arrow,4,15,False,0,True,equippedStatMod,,Speed,2350,2350,0,,Potency %,0.000185%,185,1,1854,Offense %,0.05%,50000,1,560190,Protection %,20%,20000000,3,82682077|58295661|59080578,Tenacity %,0.11%,110000,2,611667|523908
k_eHHUiGSJW9pC2B_IqywQ,152,Health,5,Arrow,5,15,False,0,True,equippedStatMod,,Offense %,0.3%,300000,0,,Tenacity %,0.06%,60000,1,664685,Health %,10.52%,10520000,3,27331822|40819864|37052470,Health,99,99,2,450|543,Potency %,0.000347%,347,2,1639|1833
kvptlABCRa6slENpvyH0EA,152,Health,5,Arrow,3,15,False,0,True,equippedStatMod,,Offense,588,588,0,,Defense %,0.000151%,151,1,1515,Offense %,0.12%,120000,3,578040|339390|371610,Critical Avoidance %,0.39%,390000,1,3847272,Health %,3.18%,3180000,1,31819264
lwwKxLdJQg2NoPWiTZ-PFQ,152,Health,5,Arrow,3,15,False,0,True,equippedStatMod,,Offense %,0.3%,300000,0,,Protection %,5.82%,5820000,1,58266590,Offense,166,166,2,999|668,Speed,333,333,2,1131|2208,Defense,124,124,1,1249
mgNjvOUJTjG5e4nTbj91tQ,152,Health,5,Arrow,1,15,False,0,True,equippedStatMod,,Speed,2350,2350,0,,Tenacity %,0.07%,70000,1,732648,Health,36,36,1,368,Critical Avoidance %,0.38%,380000,1,3780012,Offense %,0.05%,50000,1,569730
os-VK6ZcS_Cqps21iDjG8A,152,Health,5,Arrow,5,15,False,0,True,equippedStatMod,,Offense %,0.3%,300000,0,,Tenacity %,0.33%,330000,4,863282|946288|797034|777728,Potency %,0.000332%,332,2,1206|2118,Health %,3.79%,3790000,1,37988961,Protection,133,133,1,1337
pjddlFE5T62f0ujiRSgfCQ,152,Health,5,Arrow,4,15,False,0,True,equippedStatMod,,Offense %,0.3%,300000,0,,Speed,346,346,2,1560|1902,Protection %,4.89%,4890000,1,48997094,Potency %,0.000385%,385,2,1797|2056,Health,79,79,2,486|310
s3thn13YReipDpaAhCberw,152,Health,5,Arrow,3,15,False,0,True,equippedStatMod,,Speed,2350,2350,0,,Protection,276,276,2,1609|1154,Offense %,0.05%,50000,1,581700,Potency %,0.000169%,169,1,1692,Critical Avoidance %,0.55%,550000,2,2808504|2637732
upS61FTqTuuWE5_FX7SuUg,152,Health,5,Arrow,3,15,False,0,True,equippedStatMod,,Offense %,0.3%,300000,0,,Protection %,10.25%,10250000,2,55322113|47182233,Speed,213,213,1,2136,Health %,3.89%,3890000,1,38972598,Protection,292,292,2,1429|1501
wtu1vXBxTsmp54kaWm7oIw,152,Health,5,Arrow,3,15,False,0,True,equippedStatMod,,Offense %,0.3%,300000,0,,Potency %,0.000379%,379,2,2187|1605,Offense,107,107,1,1076,Speed,282,282,2,1685|1140,Protection %,5.95%,5950000,1,59595550
xSyMKh33Q7yFU1jX5ffJzg,152,Health,5,Arrow,3,15,False,0,True,equippedStatMod,,Offense %,0.3%,300000,0,,Critical Avoidance %,0.28%,280000,1,2795736,Tenacity %,0.15%,150000,2,658070|868035,Potency %,0.000164%,164,1,1640,Protection %,13.11%,13110000,2,66448000|64691281
xfVnHOJQSGS_w_l8X4i4kA,152,Health,5,Arrow,5,15,False,0,True,equippedStatMod,,Offense %,0.3%,300000,0,,Health %,5.21%,5210000,2,22885097|29281952,Defense,537,537,4,1318|1249|1529|1283,Health,40,40,1,406,Tenacity %,0.07%,70000,1,712558
4PJhnvaWSxaSjdn5fTx4ZQ,152,Health,5,Arrow,1,12,False,0,False,unequippedMod,,Offense,475,475,0,,Offense %,0.05%,50000,1,531180,Protection,94,94,1,946,Health,40,40,1,402,Defense,146,146,1,1469
B3USieqRSBirz38gziWJ5A,152,Health,5,Arrow,1,12,False,0,False,unequippedMod,,Health,475,475,0,,Defense %,0.000145%,145,1,1457,Offense,98,98,1,987,Tenacity %,0.08%,80000,1,801444,Offense %,0.05%,50000,1,555210
C3j-axeNT56p_EMdYqj82g,152,Health,5,Arrow,1,12,False,0,False,unequippedMod,,Offense,475,475,0,,Defense %,0.000187%,187,1,1870,Offense %,0.05%,50000,1,532290,Defense,219,219,1,2195,Speed,135,135,1,1356
RcE-ZBvRTIaLR2IpGd_SUw,152,Health,5,Arrow,1,12,False,0,True,equippedStatMod,,Speed,1900,1900,0,,Critical Avoidance %,0.27%,270000,1,2692680,Health,46,46,1,460,Tenacity %,0.07%,70000,1,707217,Offense %,0.05%,50000,1,586620
XQSOYioMSQaLeHrDFilUdw,152,Health,5,Arrow,1,12,False,0,False,unequippedMod,,Health,475,475,0,,Health %,2.91%,2910000,1,29110512,Speed,136,136,1,1367,Protection %,4.33%,4330000,1,43336555,Offense %,0.05%,50000,1,589590
_ZLnYqrNRU-5VZDmCcU7Eg,152,Health,5,Arrow,1,12,False,0,False,unequippedMod,,Offense,475,475,0,,Defense %,0.000178%,178,1,1784,Critical Avoidance %,0.41%,410000,1,4043808,Protection %,5.26%,5260000,1,52672499,Offense %,0.05%,50000,1,511890
ds-IfNocSpup7I6ygMixWA,152,Health,5,Arrow,1,12,False,0,False,unequippedMod,,Offense,475,475,0,,Speed,129,129,1,1297,Offense %,0.05%,50000,1,548100,Tenacity %,0.06%,60000,1,609070,Critical Avoidance %,0.29%,290000,1,2826288
f5MNaUPSQpGc24DimDwskQ,152,Health,5,Arrow,1,12,False,0,False,unequippedMod,,Health,475,475,0,,Defense %,0.000187%,187,1,1875,Offense %,0.05%,50000,1,531900,Health %,2.64%,2640000,1,26414618,Defense,143,143,1,1436
n5RsyjfSSSi-I1pF3GfjlQ,152,Health,5,Arrow,1,12,False,0,False,unequippedMod,,Health,475,475,0,,Defense,192,192,1,1921,Critical Avoidance %,0.36%,360000,1,3565464,Speed,126,126,1,1263,Offense %,0.05%,50000,1,543240
tScSobD2SVuC5-p0nioC3g,152,Health,5,Arrow,1,12,False,0,False,unequippedMod,,Health,475,475,0,,Offense %,0.05%,50000,1,569610,Potency %,0.00021%,210,1,2105,Offense,69,69,1,693,Critical Avoidance %,0.32%,320000,1,3136596
vq8qU8sqTSmMcgHYHyQ82A,152,Health,5,Arrow,1,12,False,0,False,unequippedMod,,Health,475,475,0,,Protection %,5.86%,5860000,1,58677737,Offense,103,103,1,1038,Offense %,0.05%,50000,1,509130,Speed,113,113,1,1131
zAN2f3iuSG6dxrvzmZHVeA,152,Health,5,Arrow,1,12,False,0,False,unequippedMod,,Health,475,475,0,,Health %,4.2%,4200000,1,42026373,Tenacity %,0.08%,80000,1,826336,Offense %,0.05%,50000,1,544110,Protection,121,121,1,1211
r4cu7rTTS0G8cgjOiuk8SQ,152,Health,5,Arrow,2,9,False,0,False,unequippedMod,,Protection,725,725,0,,Protection %,7.62%,7620000,1,76249080,Potency %,0.000212%,212,1,2120,Speed,214,214,1,2144,Offense %,0.05%,50000,1,519390
V3w2Z7_AQl6TcLcYkZ4j1w,152,Health,5,Arrow,3,6,False,0,False,unequippedMod,,Health,250,250,0,,Protection,88,88,1,889,Protection %,4.44%,4440000,1,44491089,Offense %,0.05%,50000,1,582990,Speed,134,134,1,1340
bw-KsrZCTdK_X_mabfHumw,152,Health,5,Arrow,3,6,False,0,False,unequippedMod,,Health,250,250,0,,Potency %,0.000198%,198,1,1988,Protection %,8.12%,8120000,1,81207762,Speed,211,211,1,2119,Offense %,0.05%,50000,1,523710
cE50amCzQZapYbFWAOUzFw,152,Health,5,Arrow,3,6,False,0,False,unequippedMod,,Critical Chance %,0.00105%,1050,0,,Protection %,4.22%,4220000,1,42223551,Critical Avoidance %,0.34%,340000,1,3328116,Offense %,0.05%,50000,1,569220,Protection,135,135,1,1352
hJ2ky_hTT9KwHC7Kjulxqw,152,Health,5,Arrow,3,6,False,0,False,unequippedMod,,Offense,250,250,0,,Defense %,0.000222%,222,1,2228,Speed,166,166,1,1666,Protection,155,155,1,1555,Offense %,0.05%,50000,1,564870
wx_aWI9kQ6-NCpjJ-at9kw,152,Health,5,Arrow,3,6,False,0,False,unequippedMod,,Speed,1000,1000,0,,Defense %,0.000198%,198,1,1988,Critical Avoidance %,0.32%,320000,1,3189948,Offense %,0.05%,50000,1,587010,Protection %,5.51%,5510000,1,55118616
xO2bsCLQQee4bOOg2alcHQ,152,Health,5,Arrow,3,6,False,0,False,unequippedMod,,Health,250,250,0,,Offense,64,64,1,644,Defense %,0.000159%,159,1,1592,Critical Avoidance %,0.42%,420000,1,4135008,Offense %,0.05%,50000,1,527760
SLVCQJwuR5SuFsBukPtm6g,152,Health,5,Arrow,4,3,False,0,True,equippedStatMod,,Health,138,138,0,,Speed,122,122,1,1223,Protection %,5.04%,5040000,1,50404961,Offense,57,57,1,579,Offense %,0.05%,50000,1,585630
-2ZPMGHWQiucYVdPxrCupQ,152,Health,5,Arrow,1,1,False,0,True,equippedStatMod,,Offense %,0.04%,40000,0,,,,,0,,,,,0,,,,,0,,,,,0,
-DhjRgvLSNGRIOisGmSIkQ,152,Health,5,Arrow,3,1,False,0,False,unequippedMod,,Offense %,0.04%,40000,0,,Protection,148,148,1,1480,Health,39,39,1,397,,,,0,,,,,0,
-r3wDuvnTdK9vcZibABncA,152,Health,5,Arrow,3,1,False,0,True,equippedStatMod,,Offense %,0.04%,40000,0,,Protection %,8.11%,8110000,1,81186997,Tenacity %,0.09%,90000,1,960449,,,,0,,,,,0,
0KLdjRicTHalNcmZ-uAl1Q,152,Health,5,Arrow,3,1,False,0,False,unequippedMod,,Offense %,0.04%,40000,0,,Defense,170,170,1,1704,Defense %,0.000156%,156,1,1569,,,,0,,,,,0,
0b4SGWFuRomg8oh1zLcnXQ,152,Health,5,Arrow,3,1,False,0,False,unequippedMod,,Offense %,0.04%,40000,0,,Potency %,0.000152%,152,1,1528,Health %,3.19%,3190000,1,31913556,,,,0,,,,,0,
21liU2SURO6ac9SLRW3yPw,152,Health,5,Arrow,2,1,False,0,True,equippedStatMod,,Offense %,0.04%,40000,0,,Protection %,5.15%,5150000,1,51526271,,,,0,,,,,0,,,,,0,
2h4KYOScQcSvn1K7bg2nxg,152,Health,5,Arrow,1,1,False,0,True,equippedStatMod,,Offense %,0.04%,40000,0,,,,,0,,,,,0,,,,,0,,,,,0,
3G638fWSRZapTnxx265EJg,152,Health,5,Arrow,1,1,False,0,True,equippedStatMod,,Offense %,0.04%,40000,0,,,,,0,,,,,0,,,,,0,,,,,0,
4sPcX-xeQ12W1pVKRut42g,152,Health,5,Arrow,1,1,False,0,False,unequippedMod,,Offense %,0.04%,40000,0,,,,,0,,,,,0,,,,,0,,,,,0,
54AhSuDSSbCjguM3sr1s3g,152,Health,5,Arrow,3,1,False,0,False,unequippedMod,,Offense,63,63,0,,Speed,162,162,1,1622,Offense %,0.05%,50000,1,595110,,,,0,,,,,0,
5rMSy3IvS8uwREhFNDlYqw,152,Health,5,Arrow,1,1,False,0,False,unequippedMod,,Offense %,0.04%,40000,0,,,,,0,,,,,0,,,,,0,,,,,0,
6cnKEqiVRieDa9zJmnK1dg,152,Health,5,Arrow,4,1,False,0,False,unequippedMod,,Offense %,0.04%,40000,0,,Speed,207,207,1,2070,Defense,138,138,1,1383,Critical Avoidance %,0.46%,460000,1,4542444,,,,0,
6xrtOrZDTY6wJ236SsYgow,152,Health,5,Arrow,3,1,False,0,False,unequippedMod,,Offense %,0.04%,40000,0,,Protection,141,141,1,1414,Defense %,0.000134%,134,1,1348,,,,0,,,,,0,
78aPsdFtSSKiD0m9yH_eBQ,152,Health,5,Arrow,2,1,False,0,False,unequippedMod,,Offense %,0.04%,40000,0,,Defense,116,116,1,1161,,,,0,,,,,0,,,,,0,
7Ic2fijSQdS7uxRppTVthw,152,Health,5,Arrow,1,1,False,0,False,unequippedMod,,Offense %,0.04%,40000,0,,,,,0,,,,,0,,,,,0,,,,,0,
7U7v6BU2SLSEBR4-bVDQmQ,152,Health,5,Arrow,3,1,False,0,False,unequippedMod,,Offense %,0.04%,40000,0,,Critical Avoidance %,0.3%,300000,1,2952372,Speed,184,184,1,1843,,,,0,,,,,0,
7_VGUD_xRxqX2tJBNNvp9w,152,Health,5,Arrow,3,1,False,0,False,unequippedMod,,Offense %,0.04%,40000,0,,Offense,89,89,1,897,Protection,169,169,1,1695,,,,0,,,,,0,
7aVc7AnqS8SC-EUl_JsXoQ,152,Health,5,Arrow,5,1,False,0,True,equippedStatMod,,Offense,63,63,0,,Tenacity %,0.08%,80000,1,868525,Protection %,5.94%,5940000,1,59441889,Offense %,0.05%,50000,1,593760,Potency %,0.000171%,171,1,1713
7lVzyaImTIydtErU3uU8uQ,152,Health,5,Arrow,2,1,False,0,False,unequippedMod,,Offense %,0.04%,40000,0,,Tenacity %,0.09%,90000,1,916398,,,,0,,,,,0,,,,,0,
80O-LY6oRkGajCnHLLCmpA,152,Health,5,Arrow,1,1,False,0,False,unequippedMod,,Offense %,0.04%,40000,0,,,,,0,,,,,0,,,,,0,,,,,0,
8ahQsOxwQLCQsmLsVhq69g,152,Health,5,Arrow,2,1,False,0,False,unequippedMod,,Offense %,0.04%,40000,0,,Protection,114,114,1,1140,,,,0,,,,,0,,,,,0,
8vfmg6aZQVSax39U7RzoVA,152,Health,5,Arrow,5,1,False,0,False,unequippedMod,,Offense %,0.04%,40000,0,,Offense,109,109,1,1099,Critical Avoidance %,0.44%,440000,1,4375320,Potency %,0.000147%,147,1,1474,Protection %,7.57%,7570000,1,75750720
8vr5E9zOTnKfBl65drywZw,152,Health,5,Arrow,3,1,False,0,False,unequippedMod,,Speed,250,250,0,,Health %,3.56%,3560000,1,35612374,Offense %,0.05%,50000,1,582990,,,,0,,,,,0,
8xZdKxsNRlyt_YgqnnEoMA,152,Health,5,Arrow,1,1,False,0,False,unequippedMod,,Offense %,0.04%,40000,0,,,,,0,,,,,0,,,,,0,,,,,0,
9DAQAI32TKeq6pJyUu88Xw,152,Health,5,Arrow,3,1,False,0,False,unequippedMod,,Speed,250,250,0,,Offense %,0.05%,50000,1,592410,Protection %,6.29%,6290000,1,62938715,,,,0,,,,,0,
9cTR4Z0XSsmq5ZNKDT64WA,152,Health,5,Arrow,1,1,False,0,False,unequippedMod,,Offense %,0.04%,40000,0,,,,,0,,,,,0,,,,,0,,,,,0,
9tj3RY3CS1O7NuxZ6AETwg,152,Health,5,Arrow,5,1,False,0,True,equippedStatMod,,Offense %,0.04%,40000,0,,Offense,88,88,1,881,Health,48,48,1,488,Defense,139,139,1,1398,Speed,153,153,1,1535
AFgd6siTRl-SP-hcLSHXtQ,152,Health,5,Arrow,3,1,False,0,False,unequippedMod,,Offense %,0.04%,40000,0,,Protection,136,136,1,1363,Potency %,0.000189%,189,1,1890,,,,0,,,,,0,
ATVUXbmtRGuTU9rSUk_vog,152,Health,5,Arrow,1,1,False,0,False,unequippedMod,,Offense %,0.04%,40000,0,,,,,0,,,,,0,,,,,0,,,,,0,
BKZ--uZYQne9eF5Jh2GSlQ,152,Health,5,Arrow,3,1,False,0,True,equippedStatMod,,Offense %,0.04%,40000,0,,Health,47,47,1,478,Protection %,7.9%,7900000,1,79027437,,,,0,,,,,0,
C3YJgcraSn-GL7a8LfY7ew,152,Health,5,Arrow,3,1,False,0,False,unequippedMod,,Health,63,63,0,,Health %,3.63%,3630000,1,36360281,Offense %,0.05%,50000,1,501720,,,,0,,,,,0,
D3CQ5X4dSkSCILpCrwyhYg,152,Health,5,Arrow,5,1,False,0,False,unequippedMod,,Offense %,0.04%,40000,0,,Critical Avoidance %,0.37%,370000,1,3653928,Protection %,7.35%,7350000,1,73557936,Defense,114,114,1,1144,Protection,102,102,1,1022
D_eUPb5fQX2pPKUG3HuHIQ,152,Health,5,Arrow,3,1,False,0,True,equippedStatMod,,Offense %,0.04%,40000,0,,Critical Avoidance %,0.25%,250000,1,2454876,Offense,110,110,1,1106,,,,0,,,,,0,
ELdEz7zYTb-soiGOfKoEZQ,152,Health,5,Arrow,3,1,False,0,False,unequippedMod,,Offense %,0.04%,40000,0,,Defense %,0.000186%,186,1,1868,Health,40,40,1,401,,,,0,,,,,0,
F-zKOUZNRjeqlDFQ3SXUlQ,152,Health,5,Arrow,5,1,False,0,False,unequippedMod,,Offense,63,63,0,,Protection %,7.04%,7040000,1,70422421,Tenacity %,0.08%,80000,1,825258,Health,34,34,1,345,Offense %,0.05%,50000,1,577140
FH86ETRkQyiXYpHsiaXPpA,152,Health,5,Arrow,1,1,False,0,False,unequippedMod,,Offense %,0.04%,40000,0,,,,,0,,,,,0,,,,,0,,,,,0,
FjA5rEqMT8CcgaTb5VV5ag,152,Health,5,Arrow,3,1,False,0,False,unequippedMod,,Offense %,0.04%,40000,0,,Defense %,0.000164%,164,1,1649,Protection,87,87,1,878,,,,0,,,,,0,
HF9judltShqBAzqakJARrw,152,Health,5,Arrow,4,1,False,0,True,equippedStatMod,,Offense %,0.04%,40000,0,,Potency %,0.00019%,190,1,1902,Health,37,37,1,372,Health %,4.17%,4170000,1,41739211,,,,0,
HHNMeAJkQTWteU9ma54WyA,152,Health,5,Arrow,1,1,False,0,False,unequippedMod,,Offense %,0.04%,40000,0,,,,,0,,,,,0,,,,,0,,,,,0,
HMyJyzGzQXqYFigHtEk7jw,152,Health,5,Arrow,1,1,False,0,False,unequippedMod,,Offense %,0.04%,40000,0,,,,,0,,,,,0,,,,,0,,,,,0,
Ht8c50PmTNyy5suez6F8IA,152,Health,5,Arrow,2,1,False,0,False,unequippedMod,,Health,63,63,0,,Offense %,0.05%,50000,1,506430,,,,0,,,,,0,,,,,0,
I-P_3deQTtmxR2GIVPR3gQ,152,Health,5,Arrow,3,1,False,0,True,equippedStatMod,,Offense %,0.04%,40000,0,,Offense,65,65,1,655,Protection %,6.32%,6320000,1,63208660,,,,0,,,,,0,
IFsndp7zTt-P99m_JSIkYg,152,Health,5,Arrow,1,1,False,0,False,unequippedMod,,Offense %,0.04%,40000,0,,,,,0,,,,,0,,,,,0,,,,,0,
IOLUYbBrQZyPY7_sPsAdGw,152,Health,5,Arrow,3,1,False,0,False,unequippedMod,,Health,63,63,0,,Offense,91,91,1,911,Offense %,0.05%,50000,1,574650,,,,0,,,,,0,
IxZCjjCVQaWAI5s6h2tNiQ,152,Health,5,Arrow,1,1,False,0,False,unequippedMod,,Offense %,0.04%,40000,0,,,,,0,,,,,0,,,,,0,,,,,0,
Kn4mtPhlRHKhi3D_zSDpYA,152,Health,5,Arrow,3,1,False,0,False,unequippedMod,,Offense %,0.04%,40000,0,,Tenacity %,0.06%,60000,1,649936,Protection %,6.75%,6750000,1,67519474,,,,0,,,,,0,
Lw5INlh3QNG9opECqti3pA,152,Health,5,Arrow,1,1,False,0,False,unequippedMod,,Offense %,0.04%,40000,0,,,,,0,,,,,0,,,,,0,,,,,0,
M2b0_xuKQb2CQOjAebIsNg,152,Health,5,Arrow,1,1,False,0,False,unequippedMod,,Offense %,0.04%,40000,0,,,,,0,,,,,0,,,,,0,,,,,0,
M6_5onwQR7q7X2IqhSO_Pw,152,Health,5,Arrow,1,1,False,0,False,unequippedMod,,Offense %,0.04%,40000,0,,,,,0,,,,,0,,,,,0,,,,,0,
M87BhI44TAe-W8E2hbRXfw,152,Health,5,Arrow,2,1,False,0,True,equippedStatMod,,Offense %,0.04%,40000,0,,Health,32,32,1,325,,,,0,,,,,0,,,,,0,
Mv7cHc9zSK-59wwak6lk4w,152,Health,5,Arrow,1,1,False,0,False,unequippedMod,,Offense %,0.04%,40000,0,,,,,0,,,,,0,,,,,0,,,,,0,
N2eiCu_ISraiyQG4urQpxg,152,Health,5,Arrow,1,1,False,0,False,unequippedMod,,Offense %,0.04%,40000,0,,,,,0,,,,,0,,,,,0,,,,,0,
Nkgyt8UVSFy6OyfChK3GtQ,152,Health,5,Arrow,1,1,False,0,False,unequippedMod,,Offense %,0.04%,40000,0,,,,,0,,,,,0,,,,,0,,,,,0,
NxrTc62SRDOCQ1h-ZLpNpQ,152,Health,5,Arrow,3,1,False,0,False,unequippedMod,,Offense,63,63,0,,Offense %,0.05%,50000,1,599640,Speed,166,166,1,1661,,,,0,,,,,0,
O4wsc35HSVK1KAz0dhR7Ew,152,Health,5,Arrow,3,1,False,0,False,unequippedMod,,Offense %,0.04%,40000,0,,Protection %,4.93%,4930000,1,49308569,Health %,2.44%,2440000,1,24425914,,,,0,,,,,0,
O5FIg_riTreTMXtb140UWQ,152,Health,5,Arrow,3,1,False,0,False,unequippedMod,,Offense %,0.04%,40000,0,,Health,38,38,1,384,Protection %,5.59%,5590000,1,55953369,,,,0,,,,,0,
ON8isJDMQhuqpcWg6isnRA,152,Health,5,Arrow,1,1,False,0,True,equippedStatMod,,Offense %,0.04%,40000,0,,,,,0,,,,,0,,,,,0,,,,,0,
OPZLPv0yTWSaq6cpReVR7Q,152,Health,5,Arrow,4,1,False,0,True,equippedStatMod,,Offense %,0.04%,40000,0,,Tenacity %,0.06%,60000,1,691929,Protection,145,145,1,1453,Critical Avoidance %,0.39%,390000,1,3851376,,,,0,
OaHfqZPbTceCfXEkgSxlkw,152,Health,5,Arrow,5,1,False,0,False,unequippedMod,,Critical Chance %,0.0003%,300,0,,Health,36,36,1,368,Protection %,7.7%,7700000,1,77017385,Defense %,0.000159%,159,1,1597,Offense %,0.05%,50000,1,569190
PK1eXNn7QsmaqjdLoltbBw,152,Health,5,Arrow,3,1,False,0,False,unequippedMod,,Offense %,0.04%,40000,0,,Critical Avoidance %,0.3%,300000,1,2917032,Offense,89,89,1,897,,,,0,,,,,0,
PrFOqeknSq6mrZuixt_o7w,152,Health,5,Arrow,4,1,False,0,True,equippedStatMod,,Offense,63,63,0,,Tenacity %,0.05%,50000,1,598388,Offense %,0.05%,50000,1,562590,Protection %,5.96%,5960000,1,59624621,,,,0,
QTTZ4hA9Qbql1niQVJF1JA,152,Health,5,Arrow,4,1,False,0,True,equippedStatMod,,Offense %,0.04%,40000,0,,Health,45,45,1,451,Health %,4.1%,4100000,1,41002019,Protection %,8.07%,8070000,1,80713555,,,,0,
RLTbljoDQYGJfFAASv5-2A,152,Health,5,Arrow,3,1,False,0,False,unequippedMod,,Critical Chance %,0.0003%,300,0,,Potency %,0.000191%,191,1,1917,Offense %,0.05%,50000,1,518700,,,,0,,,,,0,
RUxLgzYwSLK9xOB-NWHGjg,152,Health,5,Arrow,1,1,False,0,False,unequippedMod,,Offense %,0.04%,40000,0,,,,,0,,,,,0,,,,,0,,,,,0,
SDQ24pEBQCqV2ZrpJoPU7w,152,Health,5,Arrow,3,1,False,0,True,equippedStatMod,,Offense %,0.04%,40000,0,,Tenacity %,0.08%,80000,1,812861,Offense,90,90,1,907,,,,0,,,,,0,
SHKBsZoNSLW5vv25BM-dnw,152,Health,5,Arrow,3,1,False,0,False,unequippedMod,,Offense %,0.04%,40000,0,,Tenacity %,0.05%,50000,1,511756,Health %,3.74%,3740000,1,37489642,,,,0,,,,,0,
TOdG8-6VQSOzhWaiSLgVyA,152,Health,5,Arrow,1,1,False,0,True,equippedStatMod,,Offense %,0.04%,40000,0,,,,,0,,,,,0,,,,,0,,,,,0,
T_lVOBz6TCCBIPu2EsJUCQ,152,Health,5,Arrow,3,1,False,0,True,equippedStatMod,,Offense %,0.04%,40000,0,,Potency %,0.000213%,213,1,2134,Defense %,0.000177%,177,1,1773,,,,0,,,,,0,
TkrN16opQW6VsCYlArqpiA,152,Health,5,Arrow,2,1,False,0,True,equippedStatMod,,Offense %,0.04%,40000,0,,Critical Avoidance %,0.33%,330000,1,3213888,,,,0,,,,,0,,,,,0,
TvTqVDxeTgS5xaREnUmtUw,152,Health,5,Arrow,1,1,False,0,True,equippedStatMod,,Offense %,0.04%,40000,0,,,,,0,,,,,0,,,,,0,,,,,0,
U7NpgPKOQwycduqTklFp_g,152,Health,5,Arrow,4,1,False,0,True,equippedStatMod,,Offense %,0.04%,40000,0,,Offense,77,77,1,772,Protection,111,111,1,1115,Tenacity %,0.07%,70000,1,701582,,,,0,
U8OSueQYR--f03bt0jGMdA,152,Health,5,Arrow,1,1,False,0,True,equippedStatMod,,Offense %,0.04%,40000,0,,,,,0,,,,,0,,,,,0,,,,,0,
USqBVP46RSqA2mJqpWdDPQ,152,Health,5,Arrow,2,1,False,0,True,equippedStatMod,,Offense %,0.04%,40000,0,,Defense,188,188,1,1882,,,,0,,,,,0,,,,,0,
VHdVpMulRFCzhcGm06kghA,152,Health,5,Arrow,3,1,False,0,False,unequippedMod,,Offense %,0.04%,40000,0,,Defense %,0.000171%,171,1,1718,Defense,179,179,1,1798,,,,0,,,,,0,
WWh4Ke99RaOyaVwOyDyRAQ,152,Health,5,Arrow,3,1,False,0,True,equippedStatMod,,Offense %,0.04%,40000,0,,Protection %,5.43%,5430000,1,54375229,Health %,3.77%,3770000,1,37723229,,,,0,,,,,0,
WjU-1l2qQy2ix2pMPNA3Aw,152,Health,5,Arrow,3,1,False,0,True,equippedStatMod,,Offense %,0.04%,40000,0,,Defense %,0.000135%,135,1,1350,Offense,65,65,1,656,,,,0,,,,,0,
WrzZikTGS4av1w-Gxn6KYw,152,Health,5,Arrow,1,1,False,0,True,equippedStatMod,,Offense %,0.04%,40000,0,,,,,0,,,,,0,,,,,0,,,,,0,
bFhLBSqgQh2I1uZ9xA3uTA,152,Health,5,Arrow,3,1,False,0,False,unequippedMod,,Offense %,0.04%,40000,0,,Health,53,53,1,532,Defense %,0.000202%,202,1,2022,,,,0,,,,,0,
bGO3L5HSQmGgZcmdyv-RQA,152,Health,5,Arrow,1,1,False,0,False,unequippedMod,,Offense %,0.04%,40000,0,,,,,0,,,,,0,,,,,0,,,,,0,
bKP5tEb5TMWyGOgRIJ-8Ew,152,Health,5,Arrow,3,1,False,0,False,unequippedMod,,Offense %,0.04%,40000,0,,Protection,136,136,1,1369,Health,37,37,1,378,,,,0,,,,,0,
c3IMVa4NRlyqVA_9b6aF4A,152,Health,5,Arrow,3,1,False,0,False,unequippedMod,,Offense %,0.04%,40000,0,,Critical Avoidance %,0.3%,300000,1,2971980,Speed,117,117,1,1179,,,,0,,,,,0,
cqFb2ozVTeONXKzhdK7wYg,152,Health,5,Arrow,3,1,False,0,False,unequippedMod,,Offense %,0.04%,40000,0,,Defense,176,176,1,1761,Potency %,0.000214%,214,1,2143,,,,0,,,,,0,
dhGz-wvBRMy-DF7RchWlng,152,Health,5,Arrow,1,1,False,0,False,unequippedMod,,Offense %,0.04%,40000,0,,,,,0,,,,,0,,,,,0,,,,,0,
dvPwV0gAQiqYKFAjZ3EGCQ,152,Health,5,Arrow,2,1,False,0,False,unequippedMod,,Health,63,63,0,,Offense %,0.05%,50000,1,512400,,,,0,,,,,0,,,,,0,
e3mIBnedQ2O6Jb-s27DVbQ,152,Health,5,Arrow,1,1,False,0,False,unequippedMod,,Offense %,0.04%,40000,0,,,,,0,,,,,0,,,,,0,,,,,0,
e791TC0ORoWAGRd4vi_2qQ,152,Health,5,Arrow,3,1,False,0,True,equippedStatMod,,Offense %,0.04%,40000,0,,Health %,2.42%,2420000,1,24299477,Defense %,0.000187%,187,1,1878,,,,0,,,,,0,
eKSWO1GpSCuj4N43nvHKfQ,152,Health,5,Arrow,1,1,False,0,False,unequippedMod,,Offense %,0.04%,40000,0,,,,,0,,,,,0,,,,,0,,,,,0,
eWKlE-0STKevfSV-c9dK7g,152,Health,5,Arrow,1,1,False,0,False,unequippedMod,,Offense %,0.04%,40000,0,,,,,0,,,,,0,,,,,0,,,,,0,
efek71XlTzqNADx-f9ODAA,152,Health,5,Arrow,3,1,False,0,True,equippedStatMod,,Offense %,0.04%,40000,0,,Critical Avoidance %,0.25%,250000,1,2439144,Offense,74,74,1,743,,,,0,,,,,0,
f5147D6-Q2GIvYrHb-BmZw,152,Health,5,Arrow,3,1,False,0,False,unequippedMod,,Offense %,0.04%,40000,0,,Health %,3.48%,3480000,1,34875182,Health,49,49,1,495,,,,0,,,,,0,
fbz6KHiLTmOCU-CFCbf12Q,152,Health,5,Arrow,3,1,False,0,False,unequippedMod,,Offense %,0.04%,40000,0,,Protection,98,98,1,983,Offense,110,110,1,1104,,,,0,,,,,0,
fyQJpZeYTVKZV15lwBsJBA,152,Health,5,Arrow,1,1,False,0,False,unequippedMod,,Offense %,0.04%,40000,0,,,,,0,,,,,0,,,,,0,,,,,0,
hS2Oso_HQHWnCW8jeFYwIQ,152,Health,5,Arrow,3,1,False,0,False,unequippedMod,,Offense %,0.04%,40000,0,,Defense,117,117,1,1179,Defense %,0.000157%,157,1,1574,,,,0,,,,,0,
hkega0cJQTevtXENwkiQDA,152,Health,5,Arrow,3,1,False,0,True,equippedStatMod,,Offense %,0.04%,40000,0,,Health,49,49,1,490,Protection,127,127,1,1279,,,,0,,,,,0,
hpEP6CW-RSmU6sa1tygLaQ,152,Health,5,Arrow,2,1,False,0,True,equippedStatMod,,Offense %,0.04%,40000,0,,Critical Avoidance %,0.36%,360000,1,3590772,,,,0,,,,,0,,,,,0,
iPAKnsu_QqqM2y1uBr3jzA,152,Health,5,Arrow,2,1,False,0,True,equippedStatMod,,Offense %,0.04%,40000,0,,Offense,99,99,1,994,,,,0,,,,,0,,,,,0,
iXNEV5EFSRu8I0ir79Hs4w,152,Health,5,Arrow,3,1,False,0,True,equippedStatMod,,Offense %,0.04%,40000,0,,Health %,3.53%,3530000,1,35357357,Potency %,0.000164%,164,1,1645,,,,0,,,,,0,
iavread_RRCoD3YeSWAVow,152,Health,5,Arrow,2,1,False,0,True,equippedStatMod,,Offense %,0.04%,40000,0,,Tenacity %,0.05%,50000,1,555611,,,,0,,,,,0,,,,,0,
iiswJqPjSZWuoHWHxwBzJQ,152,Health,5,Arrow,1,1,False,0,False,unequippedMod,,Offense %,0.04%,40000,0,,,,,0,,,,,0,,,,,0,,,,,0,
iumk0CIpQRC1R3TDNrWxiw,152,Health,5,Arrow,2,1,False,0,False,unequippedMod,,Offense %,0.04%,40000,0,,Protection,168,168,1,1686,,,,0,,,,,0,,,,,0,
ix9oxmWrTCiJFPYrkmjtEw,152,Health,5,Arrow,3,1,False,0,True,equippedStatMod,,Offense,63,63,0,,Health,53,53,1,534,Offense %,0.05%,50000,1,523680,,,,0,,,,,0,
kck6ZbFRRhe_g663aGI0Nw,152,Health,5,Arrow,1,1,False,0,False,unequippedMod,,Offense %,0.04%,40000,0,,,,,0,,,,,0,,,,,0,,,,,0,
kzPEX3LUQs6xsO8K773z-g,152,Health,5,Arrow,1,1,False,0,False,unequippedMod,,Offense %,0.04%,40000,0,,,,,0,,,,,0,,,,,0,,,,,0,
lHSfa1ASRfOPgj2TnbKxWg,152,Health,5,Arrow,1,1,True,0,True,equippedStatMod,,Offense %,0.04%,40000,0,,,,,0,,,,,0,,,,,0,,,,,0,
lnMpaO2RRWqh72DUx-Ue7Q,152,Health,5,Arrow,3,1,False,0,True,equippedStatMod,,Offense %,0.04%,40000,0,,Speed,205,205,1,2050,Health,34,34,1,345,,,,0,,,,,0,
mOWJzBpRSseT4DzECkcl5Q,152,Health,5,Arrow,1,1,False,0,False,unequippedMod,,Offense %,0.04%,40000,0,,,,,0,,,,,0,,,,,0,,,,,0,
ma0_Jl5vSeSOKgcyTvVghQ,152,Health,5,Arrow,1,1,False,0,False,unequippedMod,,Offense %,0.04%,40000,0,,,,,0,,,,,0,,,,,0,,,,,0,
mgU1owtNTjq-I0ioJQPKyg,152,Health,5,Arrow,3,1,False,0,False,unequippedMod,,Offense %,0.04%,40000,0,,Defense,178,178,1,1783,Defense %,0.000125%,125,1,1259,,,,0,,,,,0,
qlz8xmyBQnek9t0tmmaLvQ,152,Health,5,Arrow,3,1,False,0,False,unequippedMod,,Critical Chance %,0.0003%,300,0,,Tenacity %,0.08%,80000,1,892437,Offense %,0.05%,50000,1,501630,,,,0,,,,,0,
vbgpY_S7SxOE0YHhurfNGQ,152,Health,5,Arrow,1,1,False,0,True,equippedStatMod,,Offense %,0.04%,40000,0,,,,,0,,,,,0,,,,,0,,,,,0,
xZqr9nfbRD-zl9SK-ng-1Q,152,Health,5,Arrow,2,1,False,0,False,unequippedMod,,Health,63,63,0,,Offense %,0.05%,50000,1,527910,,,,0,,,,,0,,,,,0,
ygYqIccjQXalUgYSyaSMzg,152,Health,5,Arrow,3,1,False,0,True,equippedStatMod,,Offense %,0.04%,40000,0,,Potency %,0.000197%,197,1,1977,Offense,57,57,1,573,,,,0,,,,,0,
-xv5aGlDRhKrNtU__whrAg,155,Health,5,Circle,2,15,False,0,True,equippedStatMod,,Speed,2350,2350,0,,Health,55,55,1,555,Health %,6.15%,6150000,2,23242978|38312554,Defense %,0.000167%,167,1,1678,Offense %,0.05%,50000,1,532770
-yrg88OOTjKfmTcXSh3Y7g,155,Health,5,Circle,1,15,False,0,True,equippedStatMod,,Offense,588,588,0,,Offense %,0.05%,50000,1,589320,Tenacity %,0.08%,80000,1,835989,Protection %,7.71%,7710000,1,77158587,Defense %,0.000193%,193,1,1933
0pKnWmU3QQqpKvOsGyQwWQ,155,Health,5,Circle,5,15,False,0,True,equippedStatMod,,Offense,588,588,0,,Health %,12.07%,12070000,4,39579067|27771137|28885497|24500919,Speed,324,324,2,1707|1539,Offense %,0.05%,50000,1,543960,Protection %,5.42%,5420000,1,54292169
1cWCjKWWRn6VNasOlkO_xQ,155,Health,5,Circle,4,15,False,0,True,equippedStatMod,,Offense,588,588,0,,Defense %,0.000165%,165,1,1653,Defense,430,430,3,1450|1469|1382,Protection %,14.02%,14020000,2,71319469|68906576,Offense %,0.05%,50000,1,503490
1vt-v-5eTneGnQJP39ntog,155,Health,5,Circle,4,15,False,0,True,equippedStatMod,,Offense,588,588,0,,Defense %,0.000188%,188,1,1889,Offense %,0.2%,200000,4,574320|540150|355860|592470,Tenacity %,0.04%,40000,1,497938,Critical Avoidance %,0.43%,430000,1,4251516
AEyZQ1Y6QVmGz16Tm5YeGQ,155,Health,5,Circle,3,15,False,0,True,equippedStatMod,,Speed,2350,2350,0,,Defense %,0.000267%,267,2,1384|1286,Protection,273,273,2,1658|1081,Offense %,0.05%,50000,1,566880,Potency %,0.000119%,119,1,1195
ALSsyAQ9RXC4bPmV8TKN3A,155,Health,5,Circle,3,15,False,0,True,equippedStatMod,,Speed,2350,2350,0,,Offense %,0.05%,50000,1,596190,Offense,195,195,2,1076|875,Tenacity %,0.07%,70000,1,712803,Health,91,91,2,377|537
CI7ixxNeQjuN8davgFKeVw,155,Health,5,Circle,3,15,False,0,True,equippedStatMod,,Speed,2350,2350,0,,Health,37,37,1,377,Critical Avoidance %,0.3%,300000,1,2995692,Offense %,0.1%,100000,2,526620|484020,Protection %,15.08%,15080000,2,68973024|81843171
Cq9KENPoQDilfbD8ke_MiQ,155,Health,5,Circle,3,15,False,0,True,equippedStatMod,,Offense,588,588,0,,Defense,210,210,1,2107,Defense %,0.000395%,395,2,1873|2085,Protection,271,271,2,1056|1658,Offense %,0.05%,50000,1,546900
DXtZvhz0RVie0ZtuYdIjeg,155,Health,5,Circle,2,15,False,0,True,equippedStatMod,,Speed,2350,2350,0,,Protection,168,168,1,1689,Health,79,79,2,356|434,Offense,87,87,1,872,Offense %,0.05%,50000,1,533820
HGtGoSFmR2-Hv0e_AEq29g,155,Health,5,Circle,2,15,False,0,True,equippedStatMod,,Speed,2350,2350,0,,Offense %,0.05%,50000,1,535800,Offense,95,95,1,958,Health,101,101,2,457|554,Potency %,0.000138%,138,1,1385
Ms3uPsbhSQGMY5hcuRjQUg,155,Health,5,Circle,5,15,False,0,True,equippedStatMod,,Offense,588,588,0,,Offense %,0.1%,100000,2,570540|436290,Defense,378,378,2,1549|2235,Protection %,21.55%,21550000,3,68478817|64383959|82648853,Speed,184,184,1,1849
NdmUkilXRKuVr7PGz5rozg,155,Health,5,Circle,4,15,False,0,True,equippedStatMod,,Speed,2350,2350,0,,Offense %,0.09%,90000,2,364230|564870,Defense %,0.000359%,359,2,1499|2094,Defense,359,359,2,1820|1774,Health,39,39,1,398
P1lzuN_nQIWjGUT_aYTjXg,155,Health,5,Circle,4,15,False,0,True,equippedStatMod,,Speed,2350,2350,0,,Defense %,0.000224%,224,1,2242,Offense %,0.13%,130000,3,571110|406350|410550,Protection %,6.14%,6140000,1,61468553,Tenacity %,0.15%,150000,2,968485|563549
QKc60_FvThODOeMC1lHI7A,155,Health,5,Circle,2,15,False,0,True,equippedStatMod,,Speed,2350,2350,0,,Defense %,0.000363%,363,2,2030|1601,Health,50,50,1,502,Critical Avoidance %,0.4%,400000,1,3951012,Offense %,0.05%,50000,1,594180
SGQpecJGTHK5b69olbLZ7w,155,Health,5,Circle,3,15,False,0,True,equippedStatMod,,Offense,588,588,0,,Offense %,0.05%,50000,1,502620,Tenacity %,0.14%,140000,2,952070|539196,Health,84,84,2,497|344,Potency %,0.00012%,120,1,1206
SyJ6TkC5R5K0hd5JDPi9QA,155,Health,5,Circle,3,15,False,0,True,equippedStatMod,,Speed,2350,2350,0,,Offense %,0.15%,150000,3,520860|397260|595800,Health,49,49,1,499,Potency %,0.000159%,159,1,1596,Defense %,0.000193%,193,1,1939
Uq53ONMsSuCchaDMOk1Lgg,155,Health,5,Circle,2,15,False,0,True,equippedStatMod,,Offense,588,588,0,,Tenacity %,0.07%,70000,1,754502,Defense %,0.000208%,208,1,2081,Health %,3.63%,3630000,1,36321707,Offense %,0.11%,110000,2,570630|571110
WY0sHEaBQwCwUvUXzx6Zwg,155,Health,5,Circle,5,15,False,0,True,equippedStatMod,,Offense,588,588,0,,Health,42,42,1,422,Speed,506,506,3,1688|1688|1688,Offense %,0.15%,150000,3,500010|500010|500010,Health %,3.21%,3210000,1,32145000
Wcv-vTgqS_e3dYcnttdwbA,155,Health,5,Circle,3,15,False,0,True,equippedStatMod,,Offense,588,588,0,,Potency %,0.000333%,333,2,2185|1146,Protection %,5.96%,5960000,1,59691069,Offense %,0.09%,90000,2,536250|432750,Critical Avoidance %,0.39%,390000,1,3859128
X6Xplex2SHyuULwgj3cy3Q,155,Health,5,Circle,5,15,False,0,True,equippedStatMod,,Speed,2350,2350,0,,Health %,9.44%,9440000,3,32207147|37095330|25139533,Health,86,86,2,494|370,Offense,204,204,2,984|1063,Defense %,0.000184%,184,1,1843
g1jlN7B-TRq3SPXoRDMlxg,155,Health,5,Circle,4,15,False,0,True,equippedStatMod,,Speed,2350,2350,0,,Offense %,0.05%,50000,1,509340,Tenacity %,0.11%,110000,2,661696|530327,Defense,333,333,2,1749|1582,Protection %,12.26%,12260000,2,67747889|54890201
g1wSKtxLTXCFfDeLJz4EBA,155,Health,5,Circle,3,15,True,0,True,equippedStatMod,,Offense,588,588,0,,Health,54,54,1,549,Health %,3.99%,3990000,1,39949806,Offense %,0.17%,170000,3,584160|551550|582060,Speed,138,138,1,1388
k6ZYJnJVTGWASl3KwIubpw,155,Health,5,Circle,2,15,False,0,True,equippedStatMod,,Speed,2350,2350,0,,Protection,143,143,1,1437,Potency %,0.000178%,178,1,1781,Health %,7.5%,7500000,2,40944158|34122989,Offense %,0.05%,50000,1,593130
kRHFqjmJQ7uZAOwgtC7Nng,155,Health,5,Circle,4,15,False,0,True,equippedStatMod,,Speed,2350,2350,0,,Protection,99,99,1,991,Offense %,0.05%,50000,1,567000,Offense,280,280,3,969|765|1075,Critical Avoidance %,0.54%,540000,2,2493636|2883288
kitgDc9FRVmGpdZrOjxLLA,155,Health,5,Circle,2,15,False,0,True,equippedStatMod,,Offense,588,588,0,,Offense %,0.05%,50000,1,529710,Speed,204,204,1,2046,Health %,2.84%,2840000,1,28467612,Tenacity %,0.13%,130000,2,857157|490343
o27NOLNdQK2ku1-SZRs2JA,155,Health,5,Circle,2,15,False,0,True,equippedStatMod,,Speed,2350,2350,0,,Offense,159,159,2,834|764,Tenacity %,0.07%,70000,1,729659,Health,45,45,1,459,Offense %,0.05%,50000,1,598110
oK7wY6fXR0-CdNMBjnLonw,155,Health,5,Circle,3,15,False,0,True,equippedStatMod,,Offense,588,588,0,,Potency %,0.000309%,309,2,1863|1228,Offense %,0.05%,50000,1,560430,Critical Avoidance %,0.29%,290000,1,2887164,Protection,271,271,2,1680|1039
oa8a610rSMmvqAZDKYVS0Q,155,Health,5,Circle,5,15,False,0,True,equippedStatMod,,Speed,2350,2350,0,,Health,29,29,1,291,Offense %,0.05%,50000,1,511440,Tenacity %,0.12%,120000,2,600642|687127,Health %,13.43%,13430000,4,29039793|37262484|35522368|32511453
pgkj_4FIQKahfmdTQzadRQ,155,Health,5,Circle,2,15,False,0,True,equippedStatMod,,Speed,2350,2350,0,,Health %,4.19%,4190000,1,41921366,Protection,298,298,2,1525|1464,Potency %,0.000221%,221,1,2214,Offense %,0.05%,50000,1,566070
sc13FZFoTPy3Gf4cSW23ig,155,Health,5,Circle,4,15,False,0,True,equippedStatMod,,Speed,2350,2350,0,,Protection,275,275,2,1664|1095,Offense,106,106,1,1060,Offense %,0.1%,100000,2,454560|558960,Potency %,0.000307%,307,2,1734|1338
0ophaqVKR-mgWDQLTeA0DQ,155,Health,5,Circle,1,12,False,0,False,unequippedMod,,Offense,475,475,0,,Protection %,4.81%,4810000,1,48162341,Health %,3.91%,3910000,1,39124751,Defense,166,166,1,1668,Offense %,0.05%,50000,1,591810
6vHm7L9JTMSdm4y0q5JxiA,155,Health,5,Circle,1,12,False,0,False,unequippedMod,,Offense,475,475,0,,Tenacity %,0.05%,50000,1,526113,Offense %,0.05%,50000,1,514800,Protection,128,128,1,1284,Protection %,5.6%,5600000,1,56090418
7-9MNmxxRj-p_x8eVGWflw,155,Health,5,Circle,1,12,False,0,True,equippedStatMod,,Speed,1900,1900,0,,Health,35,35,1,356,Protection,100,100,1,1000,Defense %,0.000132%,132,1,1327,Offense %,0.04%,40000,1,497280
9DKH2Xm5QaedTg8w1D0W3Q,155,Health,5,Circle,1,12,False,0,False,unequippedMod,,Offense,475,475,0,,Protection %,6.7%,6700000,1,67070950,Offense %,0.05%,50000,1,546300,Health,39,39,1,395,Tenacity %,0.09%,90000,1,954177
9dhijWLJR7CBfItQBFL0_Q,155,Health,5,Circle,1,12,False,0,False,unequippedMod,,Offense,475,475,0,,Protection,113,113,1,1136,Defense %,0.000157%,157,1,1574,Offense %,0.05%,50000,1,545370,Critical Avoidance %,0.46%,460000,1,4500264
CS0AgGLdQhuEvp2FG89aww,155,Health,5,Circle,1,12,False,0,False,unequippedMod,,Offense,475,475,0,,Tenacity %,0.06%,60000,1,677719,Potency %,0.000194%,194,1,1947,Protection %,8.23%,8230000,1,82366449,Offense %,0.05%,50000,1,542670
Fg9d017eRO23ddFCm3OYMQ,155,Health,5,Circle,1,12,False,0,False,unequippedMod,,Offense,475,475,0,,Health %,2.76%,2760000,1,27621127,Defense %,0.000177%,177,1,1774,Potency %,0.000169%,169,1,1699,Offense %,0.05%,50000,1,510510
JMxYmtKQRkGAAe3IJ5BH6A,155,Health,5,Circle,1,12,False,0,True,equippedStatMod,,Speed,1900,1900,0,,Tenacity %,0.05%,50000,1,520674,Potency %,0.00022%,220,1,2209,Defense %,0.000205%,205,1,2052,Offense %,0.05%,50000,1,518430
PhY1z6QURTyeSoMkSctlJA,155,Health,5,Circle,1,12,False,0,False,unequippedMod,,Offense,475,475,0,,Speed,140,140,1,1409,Offense %,0.05%,50000,1,529590,Health %,4.09%,4090000,1,40999876,Potency %,0.00021%,210,1,2108
RI6WgxOfTxiG6V7rQXLV2w,155,Health,5,Circle,1,12,False,0,True,equippedStatMod,,Speed,1900,1900,0,,Potency %,0.000132%,132,1,1320,Offense %,0.05%,50000,1,503310,Critical Avoidance %,0.3%,300000,1,2991588,Defense,160,160,1,1608
_XpRrMYGRICbaDWOP_1RgA,155,Health,5,Circle,1,12,False,0,True,equippedStatMod,,Speed,1900,1900,0,,Protection,132,132,1,1325,Offense %,0.05%,50000,1,514050,Potency %,0.000118%,118,1,1187,Defense,197,197,1,1976
a9io-B2kSH2PuHzjrcZMuw,155,Health,5,Circle,1,12,False,0,True,equippedStatMod,,Offense,475,475,0,,Protection,153,153,1,1539,Critical Avoidance %,0.24%,240000,1,2313288,Protection %,6.92%,6920000,1,69238816,Offense %,0.05%,50000,1,566100
aADhW2jvTxKPWKQH6-qqew,155,Health,5,Circle,1,12,False,0,False,unequippedMod,,Offense,475,475,0,,Defense,182,182,1,1823,Potency %,0.00017%,170,1,1707,Offense %,0.05%,50000,1,509070,Protection,144,144,1,1447
bFxRUiKmTdCabEnq6aK2IA,155,Health,5,Circle,1,12,False,0,False,unequippedMod,,Offense,475,475,0,,Defense %,0.000125%,125,1,1257,Tenacity %,0.05%,50000,1,598878,Offense %,0.05%,50000,1,509670,Speed,185,185,1,1850
edVdEJKKS1iiXkSxWEH0Vw,155,Health,5,Circle,1,12,False,0,False,unequippedMod,,Offense,475,475,0,,Tenacity %,0.07%,70000,1,752003,Offense %,0.05%,50000,1,505050,Defense %,0.000154%,154,1,1541,Critical Avoidance %,0.42%,420000,1,4189500
i5PDTYyuQ_6hoK8zKsePRQ,155,Health,5,Circle,1,12,False,0,False,unequippedMod,,Offense,475,475,0,,Offense %,0.05%,50000,1,535860,Defense,212,212,1,2127,Protection,131,131,1,1317,Speed,170,170,1,1709
lAiKyLj5Rl2CgBwoFqI7CQ,155,Health,5,Circle,1,12,False,0,True,equippedStatMod,,Speed,1900,1900,0,,Offense %,0.05%,50000,1,562500,Tenacity %,0.08%,80000,1,882294,Defense,182,182,1,1824,Defense %,0.000134%,134,1,1346
mNykFSRkQdO2loX2TWiM-Q,155,Health,5,Circle,1,12,False,0,False,unequippedMod,,Offense,475,475,0,,Critical Avoidance %,0.35%,350000,1,3415212,Tenacity %,0.06%,60000,1,606375,Offense %,0.05%,50000,1,559920,Defense,149,149,1,1496
o-n-9ra-QRmPlxB3UkaktA,155,Health,5,Circle,1,12,False,0,False,unequippedMod,,Offense,475,475,0,,Health,51,51,1,517,Tenacity %,0.07%,70000,1,795270,Offense %,0.05%,50000,1,558450,Protection,90,90,1,901
petXmhn1ROuMs7jOdc5Fjw,155,Health,5,Circle,1,12,False,0,True,equippedStatMod,,Speed,1900,1900,0,,Potency %,0.000198%,198,1,1989,Health %,3.96%,3960000,1,39696932,Defense,185,185,1,1857,Offense %,0.05%,50000,1,555570
piPJhShkQ4ygcZE2zdOr-g,155,Health,5,Circle,1,12,False,0,False,unequippedMod,,Offense,475,475,0,,Offense %,0.05%,50000,1,575700,Defense,181,181,1,1816,Health %,3.43%,3430000,1,34345861,Protection,120,120,1,1200
q8TSZ8_FRWOTLdukq7Upkw,155,Health,5,Circle,1,12,False,0,False,unequippedMod,,Offense,475,475,0,,Offense %,0.05%,50000,1,539340,Health,43,43,1,435,Speed,203,203,1,2032,Health %,2.86%,2860000,1,28675483
vDxroyleQ-a5EPP9YN83XQ,155,Health,5,Circle,1,12,False,0,True,equippedStatMod,,Offense,475,475,0,,Offense %,0.05%,50000,1,543540,Defense,126,126,1,1261,Protection,150,150,1,1509,Critical Avoidance %,0.38%,380000,1,3718224
6eDQl-5MT-qtnDpceCvRSw,155,Health,5,Circle,2,9,False,0,True,equippedStatMod,,Speed,1450,1450,0,,Critical Avoidance %,0.38%,380000,1,3746040,Offense %,0.05%,50000,1,555330,Offense,92,92,1,923,Protection,93,93,1,937
EKYTEqhNR5udGhkAbADoTQ,155,Health,5,Circle,2,9,False,0,True,equippedStatMod,,Offense,363,363,0,,Critical Avoidance %,0.28%,280000,1,2773392,Offense %,0.05%,50000,1,540690,Protection,109,109,1,1097,Defense %,0.000146%,146,1,1464
_jl6FYuLQkC11WPIT4R9TQ,155,Health,5,Circle,2,9,False,0,True,equippedStatMod,,Speed,1450,1450,0,,Potency %,0.000132%,132,1,1329,Defense %,0.000204%,204,1,2048,Offense %,0.05%,50000,1,578790,Protection,137,137,1,1375
baWs1uuTT4arJgyZK12fcQ,155,Health,5,Circle,2,9,False,0,True,equippedStatMod,,Offense,363,363,0,,Health,43,43,1,433,Tenacity %,0.05%,50000,1,550319,Critical Avoidance %,0.44%,440000,1,4351608,Offense %,0.05%,50000,1,533160
bo26uUmOQcGMAmxI0UQwxQ,155,Health,5,Circle,2,9,False,0,False,unequippedMod,,Offense,363,363,0,,Critical Avoidance %,0.46%,460000,1,4529220,Offense %,0.05%,50000,1,502560,Protection %,7.79%,7790000,1,77989187,Health %,3.97%,3970000,1,39731220
fcsDl4gPTsG7jSpZEr0Ybg,155,Health,5,Circle,2,9,False,0,False,unequippedMod,,Speed,1450,1450,0,,Health,54,54,1,546,Protection %,7.84%,7840000,1,78487547,Tenacity %,0.06%,60000,1,618380,Offense %,0.05%,50000,1,574380
mtQ249pGRY2n-z5NCuOPVw,155,Health,5,Circle,2,9,False,0,True,equippedStatMod,,Speed,1450,1450,0,,Health,34,34,1,343,Offense %,0.05%,50000,1,584730,Critical Avoidance %,0.38%,380000,1,3765876,Tenacity %,0.08%,80000,1,883568
vkGYtroiQR-pL2ldvahWug,155,Health,5,Circle,2,9,False,0,False,unequippedMod,,Offense,363,363,0,,Speed,211,211,1,2114,Tenacity %,0.08%,80000,1,859460,Offense %,0.05%,50000,1,584700,Defense,176,176,1,1763
6p53RmUlQV2d1FVH0VjRvw,155,Health,5,Circle,3,6,False,0,False,unequippedMod,,Speed,1000,1000,0,,Critical Avoidance %,0.44%,440000,1,4385352,Health,31,31,1,314,Offense %,0.05%,50000,1,547320,Health %,2.15%,2150000,1,21541436
77SjlGGITB2Y0rcegBwbvA,155,Health,5,Circle,3,6,False,0,False,unequippedMod,,Speed,1000,1000,0,,Protection %,5.03%,5030000,1,50305289,Health %,2.58%,2580000,1,25876725,Defense %,0.000127%,127,1,1276,Offense %,0.05%,50000,1,569670
7yqUnAlbS2qORwrtSyPKNw,155,Health,5,Circle,3,6,False,0,False,unequippedMod,,Speed,1000,1000,0,,Critical Avoidance %,0.25%,250000,1,2426376,Tenacity %,0.08%,80000,1,847210,Defense %,0.000121%,121,1,1214,Offense %,0.05%,50000,1,533880
E69jsd2iRV-i00ZVBBhb-Q,155,Health,5,Circle,3,6,False,0,True,equippedStatMod,,Offense,250,250,0,,Potency %,0.000154%,154,1,1540,Protection,109,109,1,1090,Offense %,0.05%,50000,1,565890,Health,39,39,1,390
JsOuEcX1Rf2vm6AIQw84vQ,155,Health,5,Circle,3,6,False,0,True,equippedStatMod,,Speed,1000,1000,0,,Tenacity %,0.08%,80000,1,898170,Potency %,0.00017%,170,1,1703,Health %,3.28%,3280000,1,32899336,Protection %,7.95%,7950000,1,79521644
NuBM69KLTVCO-hHDOTNfeg,155,Health,5,Circle,3,6,False,0,True,equippedStatMod,,Speed,1000,1000,0,,Health,31,31,1,313,Defense %,0.000159%,159,1,1597,Offense %,0.04%,40000,1,459210,Critical Avoidance %,0.45%,450000,1,4496616
OL9YLNqLSpisIwpQ1Jd7uw,155,Health,5,Circle,3,6,False,0,True,equippedStatMod,,Offense,250,250,0,,Protection %,4.78%,4780000,1,47855019,Speed,142,142,1,1428,Offense %,0.05%,50000,1,561150,Critical Avoidance %,0.37%,370000,1,3699528
Qj5CfQMjRTyVApBzgWjmMQ,155,Health,5,Circle,3,6,False,0,True,equippedStatMod,,Speed,1000,1000,0,,Tenacity %,0.08%,80000,1,843682,Critical Avoidance %,0.29%,290000,1,2867100,Health,32,32,1,328,Offense %,0.04%,40000,1,488820
VGb3m7ESSNiQxOqER65RHA,155,Health,5,Circle,3,6,False,0,True,equippedStatMod,,Offense,250,250,0,,Protection,157,157,1,1572,Protection %,7.12%,7120000,1,71282092,Offense %,0.05%,50000,1,590400,Defense,198,198,1,1988
VLvxAj8vSyW8vi5uZng5Lg,155,Health,5,Circle,3,6,False,0,True,equippedStatMod,,Speed,1000,1000,0,,Protection,141,141,1,1415,Health %,2.62%,2620000,1,26266751,Offense,99,99,1,996,Protection %,5.42%,5420000,1,54275557
ZOfBFBMISsyTLdqAO8q5FQ,155,Health,5,Circle,3,6,False,0,True,equippedStatMod,,Speed,1000,1000,0,,Protection %,6.68%,6680000,1,66859147,Tenacity %,0.06%,60000,1,629503,Offense,101,101,1,1018,Offense %,0.05%,50000,1,589830
ZX5-iFbRSzaY35HoI5Mbmg,155,Health,5,Circle,3,6,False,0,True,equippedStatMod,,Speed,1000,1000,0,,Health %,2.65%,2650000,1,26530340,Potency %,0.000187%,187,1,1878,Offense %,0.05%,50000,1,554160,Offense,88,88,1,888
_2LPsT4RRD6G9O8OBW3LSw,155,Health,5,Circle,3,6,False,0,False,unequippedMod,,Speed,1000,1000,0,,Health,35,35,1,352,Health %,3.61%,3610000,1,36193127,Offense %,0.05%,50000,1,551280,Offense,86,86,1,865
iK7ax8S8QfOHZpQarEN0tw,155,Health,5,Circle,3,6,False,0,False,unequippedMod,,Offense,250,250,0,,Critical Avoidance %,0.45%,450000,1,4468572,Protection %,5.2%,5200000,1,52008019,Offense %,0.05%,50000,1,594960,Speed,182,182,1,1827
iP7w7UKaQl-Mf9MCopmckQ,155,Health,5,Circle,3,6,False,0,True,equippedStatMod,,Offense,250,250,0,,Critical Avoidance %,0.34%,340000,1,3316944,Health,32,32,1,328,Tenacity %,0.07%,70000,1,731521,Offense %,0.05%,50000,1,503070
1WHWeRubTwy7LN8u1krzCw,155,Health,5,Circle,4,3,False,0,True,equippedStatMod,,Speed,550,550,0,,Health %,3.22%,3220000,1,32269294,Critical Avoidance %,0.32%,320000,1,3131124,Tenacity %,0.06%,60000,1,638127,Defense %,0.000183%,183,1,1833
cqpXpAIuQ3eJrfDByOTivQ,155,Health,5,Circle,4,3,False,0,True,equippedStatMod,,Offense,138,138,0,,Tenacity %,0.08%,80000,1,837998,Health,52,52,1,520,Protection,97,97,1,977,Offense %,0.05%,50000,1,559470
k5Bqk8DtQyqJsgaLcU_07w,155,Health,5,Circle,4,3,False,0,True,equippedStatMod,,Speed,550,550,0,,Protection,121,121,1,1213,Protection %,4.66%,4660000,1,46663108,Tenacity %,0.07%,70000,1,708295,Potency %,0.000145%,145,1,1451
1upee1zwSS6Ku5KKZc7Rug,155,Health,5,Circle,5,1,True,0,True,equippedStatMod,,Offense,63,63,0,,Offense %,0.05%,50000,1,581070,Defense %,0.000137%,137,1,1375,Health,51,51,1,517,Protection %,8.04%,8040000,1,80414539
3XtTNW9iQHCgSq9Zu09TlQ,155,Health,5,Circle,3,1,False,0,True,equippedStatMod,,Offense,63,63,0,,Health %,4.19%,4190000,1,41923509,Offense %,0.05%,50000,1,506010,,,,0,,,,,0,
9Zb-HrPeTsqLaZkruEn5Lg,155,Health,5,Circle,2,1,False,0,False,unequippedMod,,Offense,63,63,0,,Offense %,0.05%,50000,1,576660,,,,0,,,,,0,,,,,0,
B3OO6XYDQXmmYkMGvkbg5g,155,Health,5,Circle,3,1,False,0,False,unequippedMod,,Offense,63,63,0,,Defense,118,118,1,1188,Offense %,0.05%,50000,1,522510,,,,0,,,,,0,
DKkmtDSlSTarmCWrsQLoaw,155,Health,5,Circle,3,1,False,0,True,equippedStatMod,,Speed,250,250,0,,Potency %,0.000161%,161,1,1615,Offense %,0.05%,50000,1,592410,,,,0,,,,,0,
G-FmTbkvTT6wvmq_AT3p-g,155,Health,5,Circle,5,1,False,0,False,unequippedMod,,Speed,250,250,0,,Offense %,0.05%,50000,1,526470,Critical Avoidance %,0.28%,280000,1,2780916,Health,37,37,1,375,Offense,59,59,1,590
JrWTeYY4RRSOtP64mByOSQ,155,Health,5,Circle,3,1,False,0,False,unequippedMod,,Speed,250,250,0,,Offense %,0.05%,50000,1,571200,Protection %,7.36%,7360000,1,73607772,,,,0,,,,,0,
M8ugzprPSIyQA9mHn73PnQ,155,Health,5,Circle,2,1,False,0,True,equippedStatMod,,Offense,63,63,0,,Offense %,0.05%,50000,1,590940,,,,0,,,,,0,,,,,0,
MpVOlHcUTnqvvN3tj8_O9g,155,Health,5,Circle,5,1,False,0,False,unequippedMod,,Speed,250,250,0,,Protection %,4.63%,4630000,1,46314256,Defense,170,170,1,1700,Critical Avoidance %,0.24%,240000,1,2313516,Offense %,0.05%,50000,1,523620
NLM7nnvGS2mKyVycJ0jztQ,155,Health,5,Circle,3,1,False,0,True,equippedStatMod,,Speed,250,250,0,,Offense %,0.05%,50000,1,538140,Tenacity %,0.06%,60000,1,607992,,,,0,,,,,0,
O7x1-SNnRdOLslx79zX72Q,155,Health,5,Circle,4,1,False,0,False,unequippedMod,,Speed,250,250,0,,Offense %,0.05%,50000,1,560580,Protection %,7.25%,7250000,1,72540451,Offense,73,73,1,738,,,,0,
Tywtp9XURbeKF93u015qxw,155,Health,5,Circle,3,1,False,0,False,unequippedMod,,Speed,250,250,0,,Offense %,0.05%,50000,1,532290,Protection,125,125,1,1255,,,,0,,,,,0,
U8dDztwTTlOpy0FLJq9-TA,155,Health,5,Circle,3,1,False,0,False,unequippedMod,,Offense,63,63,0,,Speed,212,212,1,2129,Offense %,0.05%,50000,1,528000,,,,0,,,,,0,
UzOiYyx7RUS5vj7PKCuePg,155,Health,5,Circle,3,1,False,0,True,equippedStatMod,,Offense,63,63,0,,Health,54,54,1,548,Offense %,0.05%,50000,1,556770,,,,0,,,,,0,
VEqSpyWRSXuUdMFPYfkNpQ,155,Health,5,Circle,3,1,False,0,True,equippedStatMod,,Offense,63,63,0,,Speed,136,136,1,1365,Offense %,0.05%,50000,1,575340,,,,0,,,,,0,
WhAo-GKPRESZavtugYk_rA,155,Health,5,Circle,3,1,False,0,False,unequippedMod,,Offense,63,63,0,,Tenacity %,0.06%,60000,1,698887,Offense %,0.05%,50000,1,592500,,,,0,,,,,0,
XB361Bk2QKKi1ehdmIcjjQ,155,Health,5,Circle,3,1,False,0,False,unequippedMod,,Offense,63,63,0,,Health,55,55,1,552,Offense %,0.05%,50000,1,512940,,,,0,,,,,0,
angLjnTbRECdCCZFTgWh0g,155,Health,5,Circle,3,1,False,0,False,unequippedMod,,Speed,250,250,0,,Protection %,4.29%,4290000,1,42921255,Offense %,0.05%,50000,1,517980,,,,0,,,,,0,
b1PUcrxRQGGlpHxtZ-WGPA,155,Health,5,Circle,3,1,False,0,False,unequippedMod,,Speed,250,250,0,,Defense %,0.000145%,145,1,1455,Offense %,0.05%,50000,1,573180,,,,0,,,,,0,
eI-H8Qx6TdqPJnQYZxU6CQ,155,Health,5,Circle,3,1,False,0,False,unequippedMod,,Offense,63,63,0,,Offense %,0.05%,50000,1,585240,Tenacity %,0.08%,80000,1,863723,,,,0,,,,,0,
ggHmVZxESUCvWfDvIIoeAA,155,Health,5,Circle,3,1,False,0,True,equippedStatMod,,Offense,63,63,0,,Defense,126,126,1,1261,Offense %,0.05%,50000,1,571350,,,,0,,,,,0,
iOU7ErpaRUaBdhOJW3oXuA,155,Health,5,Circle,3,1,False,0,False,unequippedMod,,Offense,63,63,0,,Offense %,0.05%,50000,1,522480,Protection,125,125,1,1258,,,,0,,,,,0,
mZ-hgpc_SniuxXphdLZkxA,155,Health,5,Circle,3,1,False,0,True,equippedStatMod,,Speed,250,250,0,,Potency %,0.000167%,167,1,1673,Offense %,0.04%,40000,1,459660,,,,0,,,,,0,
nv435xzoRRGPy6UHof41Vg,155,Health,5,Circle,3,1,False,0,False,unequippedMod,,Offense,63,63,0,,Offense %,0.05%,50000,1,519030,Health %,3.38%,3380000,1,33855114,,,,0,,,,,0,
pr4CQZZRQSCQCkAniJTcAg,155,Health,5,Circle,2,1,False,0,False,unequippedMod,,Offense,63,63,0,,Offense %,0.05%,50000,1,538380,,,,0,,,,,0,,,,,0,
sgR8ESCBS_WjQdNI9aK4og,155,Health,5,Circle,4,1,False,0,True,equippedStatMod,,Offense,63,63,0,,Critical Avoidance %,0.41%,410000,1,4074132,Speed,177,177,1,1778,Offense %,0.05%,50000,1,500100,,,,0,
stz0XhEJT1S2uNeYhtxOKg,155,Health,5,Circle,3,1,False,0,False,unequippedMod,,Speed,250,250,0,,Defense %,0.000135%,135,1,1359,Offense %,0.05%,50000,1,516030,,,,0,,,,,0,
u8pStwRES-Gj37UOX606WQ,155,Health,5,Circle,3,1,False,0,False,unequippedMod,,Offense,63,63,0,,Protection,135,135,1,1355,Offense %,0.05%,50000,1,501120,,,,0,,,,,0,
vTmwS34_SaiqjDPYZLqH7Q,155,Health,5,Circle,3,1,False,0,False,unequippedMod,,Offense,63,63,0,,Offense %,0.05%,50000,1,549930,Protection,165,165,1,1654,,,,0,,,,,0,
vbz1927aSFykYNRucU4tRg,155,Health,5,Circle,4,1,False,0,True,equippedStatMod,,Offense,63,63,0,,Protection,148,148,1,1489,Offense %,0.05%,50000,1,554490,Health %,3.81%,3810000,1,38113255,,,,0,
wSKJw3jbRNOR78er32pwMg,155,Health,5,Circle,3,1,False,0,False,unequippedMod,,Speed,250,250,0,,Offense %,0.05%,50000,1,568140,Defense %,0.000207%,207,1,2073,,,,0,,,,,0,
wp9eZ0jxSZGmyba5z3GS0g,155,Health,5,Circle,4,1,False,0,True,equippedStatMod,,Speed,250,250,0,,Critical Avoidance %,0.35%,350000,1,3495696,Health,46,46,1,461,Offense %,0.05%,50000,1,575400,,,,0,
xCaR5iWjRiWA-uQVRTR1aw,155,Health,5,Circle,3,1,False,0,True,equippedStatMod,,Speed,250,250,0,,Protection %,6.42%,6420000,1,64205380,Offense %,0.05%,50000,1,590700,,,,0,,,,,0,
2DbVZApITpmQgIa4lPwhxQ,156,Health,5,Cross,2,15,False,0,True,equippedStatMod,,Defense %,0.0024%,2400,0,,Speed,117,117,1,1174,Offense %,0.08%,80000,2,536250|342180,Protection,104,104,1,1042,Offense,98,98,1,986
2Hu1eYU3R_aa3rP39ITEZA,156,Health,5,Cross,4,15,False,0,True,equippedStatMod,,Offense,588,588,0,,Speed,357,357,2,1814|1760,Defense,478,478,3,1260|1976|1545,Tenacity %,0.07%,70000,1,778708,Critical Avoidance %,0.26%,260000,1,2515980
2kXOVBtcR86yZtTE5bpGqw,156,Health,5,Cross,5,15,False,0,True,equippedStatMod,,Speed,2350,2350,0,,Defense %,0.000127%,127,1,1275,Protection %,19.61%,19610000,3,68017834|52954903|75202524,Potency %,0.000127%,127,1,1276,Offense %,0.15%,150000,3,568140|384240|589830
2ztc4X1GRiOgm53prWulTA,156,Health,5,Cross,3,15,False,0,True,equippedStatMod,,Protection,1175,1175,0,,Offense %,0.09%,90000,2,593040|310620,Health,78,78,2,449|337,Offense,85,85,1,853,Health %,3.55%,3550000,1,35560942
9m1xfFcoQ3OGggvshxyp9Q,156,Health,5,Cross,1,15,False,0,True,equippedStatMod,,Defense %,0.0024%,2400,0,,Offense %,0.05%,50000,1,564690,Health %,3.7%,3700000,1,37099616,Tenacity %,0.08%,80000,1,878276,Critical Avoidance %,0.38%,380000,1,3774540
ALFCY-bnSbuF2J5yJnG7-Q,156,Health,5,Cross,5,15,False,0,True,equippedStatMod,,Defense %,0.0024%,2400,0,,Potency %,0.000659%,659,4,2084|1246|1584|1680,Offense %,0.08%,80000,2,504270|375930,Critical Avoidance %,0.33%,330000,1,3294600,Offense,96,96,1,961
CqO42cp3SBKvR0otN6r2bQ,156,Health,5,Cross,3,15,False,0,True,equippedStatMod,,Defense %,0.0024%,2400,0,,Protection,109,109,1,1097,Offense %,0.04%,40000,1,438810,Offense,78,78,1,784,Critical Avoidance %,1.05%,1050000,3,2879640|4123836|3397884
GLvjHxttR4GGVDIRBrdrzQ,156,Health,5,Cross,2,15,False,0,True,equippedStatMod,,Offense,588,588,0,,Offense %,0.05%,50000,1,592590,Speed,198,198,1,1985,Health %,3.68%,3680000,1,36859600,Protection %,10.1%,10100000,2,46750321|54337852
K1nqcpwfTJ-JC9glLKChrA,156,Health,5,Cross,3,15,False,0,True,equippedStatMod,,Protection,1175,1175,0,,Offense %,0.05%,50000,1,594030,Protection %,12.62%,12620000,2,51709003|74562962,Defense,328,328,2,1343|1944,Potency %,0.000168%,168,1,1686
K9gRWvplSEGtLYLQpdA15Q,156,Health,5,Cross,3,15,False,0,True,equippedStatMod,,Protection,1175,1175,0,,Defense,319,319,2,1852|1341,Defense %,0.000126%,126,1,1269,Protection %,4.29%,4290000,1,42921255,Offense %,0.1%,100000,2,554160|473370
KBWJgy6dTYOCTSfSbMsy0g,156,Health,5,Cross,1,15,False,0,True,equippedStatMod,,Speed,2350,2350,0,,Critical Avoidance %,0.42%,420000,1,4182660,Protection,140,140,1,1409,Offense %,0.05%,50000,1,586260,Tenacity %,0.07%,70000,1,776111
KqS4qYhFR-KwjHwGsR9PVQ,156,Health,5,Cross,3,15,False,0,True,equippedStatMod,,Speed,2350,2350,0,,Tenacity %,0.09%,90000,1,922180,Critical Avoidance %,0.41%,410000,1,4018044,Health %,4.77%,4770000,2,24132323|23658720,Offense %,0.08%,80000,2,514680|319800
O1xLFM4FT82S6cpbMtR3Gg,156,Health,5,Cross,3,15,False,0,True,equippedStatMod,,Speed,2350,2350,0,,Offense %,0.1%,100000,2,570780|467940,Critical Avoidance %,0.29%,290000,1,2849544,Potency %,0.000353%,353,2,1871|1663,Defense %,0.000162%,162,1,1629
QTB_fgRKRDilq8QCCh9ekw,156,Health,5,Cross,2,15,False,0,True,equippedStatMod,,Health,588,588,0,,Offense %,0.05%,50000,1,572100,Protection %,4.17%,4170000,1,41779180,Protection,150,150,1,1508,Defense %,0.000328%,328,2,1373|1906
SYy65bUOTHeTXtrRv-Rvxg,156,Health,5,Cross,3,15,False,0,True,equippedStatMod,,Offense,588,588,0,,Critical Avoidance %,0.42%,420000,1,4145952,Potency %,0.000531%,531,3,1399|1999|1918,Health,30,30,1,301,Tenacity %,0.07%,70000,1,737646
TGE_VfFKQcy9cshICMQzrQ,156,Health,5,Cross,5,15,False,0,True,equippedStatMod,,Offense,588,588,0,,Protection,244,244,2,1493|954,Offense %,0.1%,100000,2,522150|571500,Critical Avoidance %,0.69%,690000,2,3705000|3190632,Defense,321,321,2,1612|1598
Wwh0Ihz6RnKhfZ169F3pxA,156,Health,5,Cross,2,15,False,0,True,equippedStatMod,,Offense,588,588,0,,Defense,214,214,1,2148,Offense %,0.05%,50000,1,578760,Health,44,44,1,441,Potency %,0.000327%,327,2,1211|2064
XP0wia-QSTay0dMP2r0Hmg,156,Health,5,Cross,3,15,False,0,True,equippedStatMod,,Speed,2350,2350,0,,Defense,399,399,2,1751|2248,Health,67,67,2,384|295,Critical Avoidance %,0.39%,390000,1,3810564,Offense %,0.05%,50000,1,553290
YKv0ZgISQYWsgrp-vxV8Pg,156,Health,5,Cross,1,15,False,0,True,equippedStatMod,,Defense %,0.0024%,2400,0,,Speed,152,152,1,1523,Offense %,0.05%,50000,1,531750,Potency %,0.000193%,193,1,1930,Health,30,30,1,300
dgjxBFddQFCVDRLh6gG4Ew,156,Health,5,Cross,1,15,False,0,True,equippedStatMod,,Defense %,0.0024%,2400,0,,Potency %,0.000118%,118,1,1181,Offense %,0.05%,50000,1,532920,Defense,212,212,1,2121,Health %,2.52%,2520000,1,25283114
eq_l8MqSQgy5Zvr8As4pdQ,156,Health,5,Cross,1,15,False,0,True,equippedStatMod,,Health,588,588,0,,Critical Avoidance %,0.29%,290000,1,2888076,Offense %,0.05%,50000,1,532200,Protection %,6.45%,6450000,1,64533467,Defense %,0.000173%,173,1,1738
f6-Hyf7bR7uR2SC0vR9rTQ,156,Health,5,Cross,4,15,False,0,True,equippedStatMod,,Offense,588,588,0,,Defense,338,338,2,1522|1867,Offense %,0.05%,50000,1,576660,Protection %,10.72%,10720000,2,64757729|42514261,Potency %,0.000366%,366,2,2036|1628
gaSxyryeT22jvhv6VZNwEA,156,Health,5,Cross,1,15,False,0,True,equippedStatMod,,Offense,588,588,0,,Health %,3.54%,3540000,1,35494509,Protection %,4.49%,4490000,1,44964531,Offense %,0.05%,50000,1,506460,Potency %,0.000189%,189,1,1896
gxWwuES_TEyCtpBpSpLYdQ,156,Health,5,Cross,3,15,False,0,True,equippedStatMod,,Protection,1175,1175,0,,Health %,6.22%,6220000,2,32022849|30184155,Speed,252,252,2,1270|1258,Offense %,0.05%,50000,1,531120,Offense,67,67,1,671
hiCuz8X9TkC4Zr7XZWwIZQ,156,Health,5,Cross,4,15,False,0,True,equippedStatMod,,Health,588,588,0,,Defense %,0.000185%,185,1,1858,Offense %,0.05%,50000,1,524340,Offense,321,321,4,968|606|808|831,Defense,136,136,1,1368
lAVX2Lu4RC2LAwxJtJ1MDw,156,Health,5,Cross,3,15,False,0,True,equippedStatMod,,Defense %,0.0024%,2400,0,,Protection,264,264,2,1663|982,Tenacity %,0.04%,40000,1,493528,Offense %,0.11%,110000,2,597240|579450,Defense,217,217,1,2174
m0_YQbRMSC2EcMU5jPAQTA,156,Health,5,Cross,2,15,False,0,True,equippedStatMod,,Speed,2350,2350,0,,Critical Avoidance %,0.38%,380000,1,3775908,Offense %,0.09%,90000,2,516540|389880,Defense,184,184,1,1846,Offense,61,61,1,616
mXv7y5mPTZ6A4Lxzk6K2Xg,156,Health,5,Cross,3,15,False,0,True,equippedStatMod,,Offense,588,588,0,,Speed,205,205,1,2058,Potency %,0.000133%,133,1,1336,Defense,130,130,1,1307,Offense %,0.12%,120000,3,509280|398910|324420
szWSSMF5Q8ioU7zB1ErsLg,156,Health,5,Cross,5,15,False,0,True,equippedStatMod,,Health,588,588,0,,Offense %,0.05%,50000,1,558900,Health %,6.75%,6750000,2,29416961|38085396,Protection,216,216,2,1165|1004,Potency %,0.000527%,527,3,1984|1396|1898
vx0CrAhITAapjNymCVvGDg,156,Health,5,Cross,3,15,False,0,True,equippedStatMod,,Speed,2350,2350,0,,Defense,134,134,1,1347,Health %,2.31%,2310000,1,23142257,Tenacity %,0.21%,210000,3,818496|584325|794486,Offense %,0.05%,50000,1,508290
xf2W7M0uR6ib0mJBc2235Q,156,Health,5,Cross,2,15,False,0,True,equippedStatMod,,Speed,2350,2350,0,,Offense %,0.05%,50000,1,585120,Potency %,0.000335%,335,2,2063|1295,Defense,202,202,1,2027,Defense %,0.000125%,125,1,1257
yESA2nMQRx6yQtwUziCVzw,156,Health,5,Cross,2,15,False,0,True,equippedStatMod,,Offense,588,588,0,,Defense %,0.000155%,155,1,1559,Defense,188,188,1,1886,Protection,153,153,1,1535,Offense %,0.09%,90000,2,523350|379890
-AHUAN9mRrW-RSJV5gxwcg,156,Health,5,Cross,1,12,False,0,True,equippedStatMod,,Health,475,475,0,,Protection,142,142,1,1421,Defense %,0.000144%,144,1,1446,Potency %,0.000196%,196,1,1967,Tenacity %,0.08%,80000,1,839566
2eWKKKs4SZSTOpN5-zkHpg,156,Health,5,Cross,1,12,False,0,True,equippedStatMod,,Protection,950,950,0,,Offense %,0.05%,50000,1,536520,Tenacity %,0.08%,80000,1,810264,Offense,94,94,1,945,Defense %,0.000192%,192,1,1924
3huGRyIxQCClrcJOWV0NiQ,156,Health,5,Cross,1,12,False,0,True,equippedStatMod,,Health,475,475,0,,Defense,217,217,1,2174,Potency %,0.000196%,196,1,1968,Protection,168,168,1,1683,Defense %,0.000179%,179,1,1798
3mhV8ZH5TLmVja4llTVV1w,156,Health,5,Cross,1,12,False,0,False,unequippedMod,,Potency %,0.00195%,1950,0,,Speed,202,202,1,2020,Offense,80,80,1,805,Health %,2.99%,2990000,1,29931281,Offense %,0.05%,50000,1,596010
78TlcMd5T2Gr5zXBs9FAFw,156,Health,5,Cross,1,12,False,0,True,equippedStatMod,,Offense,475,475,0,,Health,46,46,1,468,Speed,142,142,1,1425,Offense %,0.05%,50000,1,581460,Potency %,0.00021%,210,1,2103
8LFTg18-Qoqol3_7g_YJDA,156,Health,5,Cross,1,12,False,0,False,unequippedMod,,Health,475,475,0,,Offense,111,111,1,1115,Critical Avoidance %,0.36%,360000,1,3545856,Offense %,0.05%,50000,1,580320,Protection,157,157,1,1574
94yimQzaQ9ODFjQlu-RsSA,156,Health,5,Cross,1,12,False,0,False,unequippedMod,,Potency %,0.00195%,1950,0,,Health %,2.25%,2250000,1,22507929,Health,32,32,1,320,Protection,161,161,1,1617,Offense %,0.05%,50000,1,526740
BU1GK5ItTCqKBSp9Cab6TQ,156,Health,5,Cross,1,12,False,0,True,equippedStatMod,,Offense,475,475,0,,Offense %,0.05%,50000,1,538980,Health %,2.57%,2570000,1,25784576,Critical Avoidance %,0.4%,400000,1,3991368,Protection,139,139,1,1390
CyPdjJa7TcKY-pq50YX3tQ,156,Health,5,Cross,1,12,False,0,True,equippedStatMod,,Offense,475,475,0,,Critical Avoidance %,0.26%,260000,1,2550408,Defense %,0.000196%,196,1,1965,Offense %,0.05%,50000,1,516000,Defense,200,200,1,2002
FfaOLtkvQRSQS_bjgJ93iA,156,Health,5,Cross,1,12,False,0,False,unequippedMod,,Potency %,0.00195%,1950,0,,Speed,194,194,1,1942,Offense %,0.05%,50000,1,574500,Offense,88,88,1,885,Health,42,42,1,428
N3gw0Es5SI6CDU0UCZSmGg,156,Health,5,Cross,1,12,False,0,True,equippedStatMod,,Potency %,0.00195%,1950,0,,Speed,194,194,1,1947,Health %,3.29%,3290000,1,32929338,Offense %,0.05%,50000,1,551490,Health,46,46,1,465
PNx5ZP4yRIms9WZrRVoUvg,156,Health,5,Cross,1,12,False,0,True,equippedStatMod,,Defense %,0.00195%,1950,0,,Tenacity %,0.05%,50000,1,558110,Speed,164,164,1,1640,Offense %,0.05%,50000,1,519570,Critical Avoidance %,0.42%,420000,1,4132956
PniTjzblRQWeJpZ92zdmpw,156,Health,5,Cross,1,12,False,0,True,equippedStatMod,,Offense,475,475,0,,Potency %,0.000177%,177,1,1779,Offense %,0.05%,50000,1,578550,Speed,155,155,1,1552,Defense %,0.000199%,199,1,1998
RsljZ2hvTx6dca3KtY-0XQ,156,Health,5,Cross,1,12,False,0,True,equippedStatMod,,Health,475,475,0,,Tenacity %,0.04%,40000,1,491666,Defense %,0.000199%,199,1,1998,Health %,3.4%,3400000,1,34017982,Speed,120,120,1,1207
UlBqnwqbTsG1PnHkYioBaQ,156,Health,5,Cross,1,12,False,0,True,equippedStatMod,,Speed,1900,1900,0,,Protection %,5.61%,5610000,1,56102877,Tenacity %,0.09%,90000,1,966182,Offense %,0.05%,50000,1,588150,Health %,3.83%,3830000,1,38321126
Y-yLL4D-QCebhYLf8PQzbg,156,Health,5,Cross,1,12,False,0,True,equippedStatMod,,Offense,475,475,0,,Offense %,0.04%,40000,1,429270,Critical Avoidance %,0.34%,340000,1,3377364,Health,41,41,1,410,Defense %,0.000174%,174,1,1748
aKJMLvhlRTKp0qfcNPp-2Q,156,Health,5,Cross,1,12,False,0,True,equippedStatMod,,Speed,1900,1900,0,,Offense %,0.05%,50000,1,553170,Tenacity %,0.05%,50000,1,506513,Critical Avoidance %,0.24%,240000,1,2324916,Defense,154,154,1,1547
capw-haWQISLpmIxch2WMA,156,Health,5,Cross,1,12,False,0,True,equippedStatMod,,Defense %,0.00195%,1950,0,,Speed,215,215,1,2157,Protection,161,161,1,1616,Tenacity %,0.05%,50000,1,553945,Offense %,0.05%,50000,1,559650
fMfpXsJJQX2oU6idqWt7xA,156,Health,5,Cross,1,12,False,0,True,equippedStatMod,,Protection,950,950,0,,Protection %,7.65%,7650000,1,76585473,Tenacity %,0.08%,80000,1,888027,Offense %,0.05%,50000,1,511260,Critical Avoidance %,0.25%,250000,1,2459208
hXBMCGXHTsqurLy23GuqPw,156,Health,5,Cross,1,12,False,0,True,equippedStatMod,,Defense %,0.00195%,1950,0,,Offense %,0.05%,50000,1,574350,Offense,89,89,1,893,Potency %,0.000148%,148,1,1489,Speed,147,147,1,1472
hwQZCtOAQxy9dJ0n8XuPiQ,156,Health,5,Cross,1,12,False,0,False,unequippedMod,,Offense,475,475,0,,Protection,98,98,1,980,Defense %,0.00012%,120,1,1206,Potency %,0.000199%,199,1,1992,Offense %,0.05%,50000,1,561420
im11bVx3RE6Bn8ZIV926GQ,156,Health,5,Cross,1,12,False,0,True,equippedStatMod,,Speed,1900,1900,0,,Offense %,0.05%,50000,1,500550,Protection %,6.07%,6070000,1,60754237,Health %,3.56%,3560000,1,35672378,Health,32,32,1,325
jifog45LRi6aXICgmHOekQ,156,Health,5,Cross,1,12,False,0,False,unequippedMod,,Potency %,0.00195%,1950,0,,Protection %,4.43%,4430000,1,44300051,Offense,98,98,1,987,Critical Avoidance %,0.43%,430000,1,4222788,Offense %,0.05%,50000,1,534030
lBMg-CTjSD-OigNHxCf62Q,156,Health,5,Cross,1,12,False,0,True,equippedStatMod,,Offense,475,475,0,,Offense %,0.05%,50000,1,512700,Defense,172,172,1,1726,Potency %,0.000122%,122,1,1221,Protection,125,125,1,1254
mTE2-ZwkRgS-n4r0_iszxg,156,Health,5,Cross,1,12,False,0,True,equippedStatMod,,Offense,475,475,0,,Tenacity %,0.06%,60000,1,696682,Offense %,0.05%,50000,1,509430,Health,32,32,1,328,Defense,130,130,1,1303
miYTOE5-TiuMCFq_qJ5tCg,156,Health,5,Cross,1,12,False,0,True,equippedStatMod,,Potency %,0.00195%,1950,0,,Health,36,36,1,366,Protection,163,163,1,1630,Offense %,0.05%,50000,1,528300,Tenacity %,0.09%,90000,1,973826
o1zqqoYkR_69wV_Y2EF0hw,156,Health,5,Cross,1,12,False,0,True,equippedStatMod,,Offense,475,475,0,,Defense,220,220,1,2206,Tenacity %,0.07%,70000,1,744457,Protection,108,108,1,1080,Critical Avoidance %,0.3%,300000,1,2904492
oTPoq2nTQh2lfI2_M3KzjQ,156,Health,5,Cross,1,12,False,0,True,equippedStatMod,,Defense %,0.00195%,1950,0,,Offense %,0.05%,50000,1,531840,Protection %,5.1%,5100000,1,51044523,Speed,183,183,1,1839,Tenacity %,0.06%,60000,1,675269
qe5aoZY9TYydADR4O3i6tg,156,Health,5,Cross,1,12,False,0,True,equippedStatMod,,Speed,1900,1900,0,,Health %,3.29%,3290000,1,32910051,Offense,86,86,1,860,Critical Avoidance %,0.45%,450000,1,4416132,Offense %,0.05%,50000,1,562290
v9CYn-EkRBKyckQDx0HnGg,156,Health,5,Cross,1,12,True,0,True,equippedStatMod,,Offense,475,475,0,,Critical Avoidance %,0.44%,440000,1,4337928,Tenacity %,0.05%,50000,1,562520,Offense %,0.05%,50000,1,536970,Protection %,5.93%,5930000,1,59304840
48wsev0XQqWCjGu53_5K-g,156,Health,5,Cross,2,9,False,0,True,equippedStatMod,,Health,363,363,0,,Health %,3.53%,3530000,1,35353071,Offense %,0.05%,50000,1,561480,Defense,166,166,1,1668,Protection %,7.46%,7460000,1,74633563
5FFJH-RnQ_ulEw7p6q91kw,156,Health,5,Cross,2,9,False,0,True,equippedStatMod,,Offense,363,363,0,,Protection,112,112,1,1123,Defense,187,187,1,1877,Offense %,0.05%,50000,1,518010,Critical Avoidance %,0.39%,390000,1,3844308
7AgpspiQRsOw5Q1ZGNCXxA,156,Health,5,Cross,2,9,False,0,True,equippedStatMod,,Protection,725,725,0,,Defense,175,175,1,1750,Health %,2.26%,2260000,1,22687941,Offense %,0.05%,50000,1,571860,Tenacity %,0.05%,50000,1,511609
Bjqa9Q9mRSCnFV9MdtvGXw,156,Health,5,Cross,2,9,False,0,True,equippedStatMod,,Offense,363,363,0,,Defense %,0.000171%,171,1,1713,Defense,189,189,1,1897,Offense %,0.05%,50000,1,562170,Health,41,41,1,416
GYnTXFpwTk2fDS1nW9viug,156,Health,5,Cross,2,9,False,0,True,equippedStatMod,,Protection,725,725,0,,Speed,145,145,1,1459,Critical Avoidance %,0.42%,420000,1,4175136,Offense %,0.05%,50000,1,546780,Health,43,43,1,430
aLJENgTXRM-JHOaEC8JQ9A,156,Health,5,Cross,2,9,False,0,False,unequippedMod,,Protection,725,725,0,,Protection %,4.69%,4690000,1,46970430,Critical Avoidance %,0.37%,370000,1,3633408,Tenacity %,0.06%,60000,1,629944,Offense %,0.05%,50000,1,588300
hUIX4lubT_CE4_fD66u4sQ,156,Health,5,Cross,2,9,False,0,True,equippedStatMod,,Speed,1450,1450,0,,Tenacity %,0.08%,80000,1,855295,Defense,128,128,1,1289,Potency %,0.000152%,152,1,1522,Critical Avoidance %,0.45%,450000,1,4454892
o_TtyN28RUaG-32P-XeEnA,156,Health,5,Cross,2,9,False,0,True,equippedStatMod,,Offense,363,363,0,,Speed,155,155,1,1555,Offense %,0.04%,40000,1,419280,Tenacity %,0.08%,80000,1,820505,Defense,129,129,1,1291
pFnDCXe0S5y6mlqZQ_y_SA,156,Health,5,Cross,2,9,False,0,True,equippedStatMod,,Offense,363,363,0,,Health,52,52,1,525,Health %,2.47%,2470000,1,24738792,Offense %,0.05%,50000,1,565020,Tenacity %,0.08%,80000,1,867202
trVBqH-TRVKCd0mdfVYYVQ,156,Health,5,Cross,2,9,False,0,True,equippedStatMod,,Health,363,363,0,,Protection %,4.52%,4520000,1,45242782,Protection,139,139,1,1397,Offense,95,95,1,956,Tenacity %,0.05%,50000,1,588980
-KwfFnvcTqKT3ZUK2c-_yA,156,Health,5,Cross,3,6,False,0,False,unequippedMod,,Defense %,0.00105%,1050,0,,Health %,3.69%,3690000,1,36951749,Speed,149,149,1,1492,Offense %,0.05%,50000,1,584610,Health,29,29,1,291
0Km7x4SOQ32aCil73mY5NA,156,Health,5,Cross,3,6,False,0,True,equippedStatMod,,Speed,1000,1000,0,,Protection,139,139,1,1392,Tenacity %,0.05%,50000,1,520625,Offense %,0.05%,50000,1,508560,Critical Avoidance %,0.44%,440000,1,4323792
1-tgUu7nTJuBDMK260AxlA,156,Health,5,Cross,3,6,False,0,True,equippedStatMod,,Offense,250,250,0,,Health %,2.9%,2900000,1,29005505,Health,50,50,1,508,Potency %,0.000138%,138,1,1388,Offense %,0.05%,50000,1,534390
1cOJ9g5eRoSlMAUrjgWQ4w,156,Health,5,Cross,3,6,False,0,True,equippedStatMod,,Offense,250,250,0,,Health %,3.71%,3710000,1,37125332,Health,41,41,1,417,Offense %,0.05%,50000,1,587790,Tenacity %,0.05%,50000,1,519106
5EYdj18hR5m4cFMh5MLuxw,156,Health,5,Cross,3,6,False,0,False,unequippedMod,,Offense,250,250,0,,Potency %,0.000128%,128,1,1284,Defense %,0.000163%,163,1,1636,Tenacity %,0.07%,70000,1,748867,Offense %,0.05%,50000,1,506970
FKZLk9B1ReayjZkMPCHepw,156,Health,5,Cross,3,6,False,0,False,unequippedMod,,Speed,1000,1000,0,,Protection %,5.23%,5230000,1,52356871,Defense %,0.0002%,200,1,2008,Offense %,0.05%,50000,1,582990,Offense,57,57,1,577
Fz2Q3OMVTdCLb0O8ZnbDmQ,156,Health,5,Cross,3,6,False,0,False,unequippedMod,,Potency %,0.00105%,1050,0,,Offense,110,110,1,1101,Speed,149,149,1,1499,Protection %,6.1%,6100000,1,61069865,Offense %,0.05%,50000,1,552030
LqmTPCJnTGOF5MZPkHqRAQ,156,Health,5,Cross,3,6,False,0,False,unequippedMod,,Health,250,250,0,,Protection %,5.87%,5870000,1,58760797,Critical Avoidance %,0.35%,350000,1,3412476,Tenacity %,0.08%,80000,1,802914,Offense %,0.05%,50000,1,539790
Mk_0d4BERQqPGuUu1CX0Jw,156,Health,5,Cross,3,6,False,0,False,unequippedMod,,Offense,250,250,0,,Tenacity %,0.09%,90000,1,910518,Health,48,48,1,482,Protection,130,130,1,1308,Offense %,0.05%,50000,1,567660
O2F0CumMS9u_y3m3XqM4CQ,156,Health,5,Cross,3,6,False,0,False,unequippedMod,,Potency %,0.00105%,1050,0,,Defense,115,115,1,1155,Health %,2.32%,2320000,1,23225834,Offense %,0.05%,50000,1,564990,Defense %,0.00019%,190,1,1905
PVUndIAeS7KO-ZfDSouC_g,156,Health,5,Cross,3,6,False,0,True,equippedStatMod,,Speed,1000,1000,0,,Offense,78,78,1,786,Health,28,28,1,286,Protection,160,160,1,1608,Defense %,0.000161%,161,1,1619
TkyTcZ07Tq6xFIVNtcKqIg,156,Health,5,Cross,3,6,False,0,True,equippedStatMod,,Offense,250,250,0,,Tenacity %,0.08%,80000,1,818349,Defense,217,217,1,2178,Critical Avoidance %,0.45%,450000,1,4471080,Offense %,0.05%,50000,1,545940
W-WcNG-CQFOL28db5ZpXrA,156,Health,5,Cross,4,3,False,0,False,unequippedMod,,Health,138,138,0,,Tenacity %,0.06%,60000,1,632933,Potency %,0.000162%,162,1,1625,Offense,80,80,1,802,Offense %,0.05%,50000,1,597060
i8KT6iqpT4-SJQ6l0gTqog,156,Health,5,Cross,4,3,False,0,False,unequippedMod,,Protection,275,275,0,,Offense,90,90,1,906,Critical Avoidance %,0.28%,280000,1,2787528,Health %,3.97%,3970000,1,39789081,Offense %,0.05%,50000,1,569550
mMt9FvMlSCO32fHF3sQNiA,156,Health,5,Cross,4,3,False,0,False,unequippedMod,,Defense %,0.0006%,600,0,,Tenacity %,0.08%,80000,1,835793,Health %,3.92%,3920000,1,39291905,Defense,145,145,1,1450,Offense %,0.05%,50000,1,558630
-UJvS94tRjq5zl6TRnyUCw,156,Health,5,Cross,3,1,False,0,False,unequippedMod,,Health,63,63,0,,Offense %,0.05%,50000,1,584940,Potency %,0.000112%,112,1,1129,,,,0,,,,,0,
2i87Nk9sQiCyGg_QWLpQXg,156,Health,5,Cross,5,1,False,0,False,unequippedMod,,Potency %,0.0003%,300,0,,Protection %,4.54%,4540000,1,45454585,Defense %,0.000176%,176,1,1763,Speed,122,122,1,1225,Offense %,0.05%,50000,1,513960
4DU4D3fzRvyr5h2A6ep1Ug,156,Health,5,Cross,5,1,False,0,True,equippedStatMod,,Potency %,0.0003%,300,0,,Health %,2.66%,2660000,1,26624632,Critical Avoidance %,0.36%,360000,1,3595104,Offense %,0.05%,50000,1,540630,Offense,83,83,1,830
6bng3eIHQRKh-aUPC44o4Q,156,Health,5,Cross,3,1,False,0,False,unequippedMod,,Health,63,63,0,,Potency %,0.000195%,195,1,1954,Offense %,0.05%,50000,1,545340,,,,0,,,,,0,
7cygpA_tRDS7BO-u1ZEYyQ,156,Health,5,Cross,5,1,False,0,False,unequippedMod,,Potency %,0.0003%,300,0,,Defense %,0.00012%,120,1,1206,Offense %,0.05%,50000,1,533640,Critical Avoidance %,0.23%,230000,1,2282508,Offense,87,87,1,877
8koHKRhzQ-K4sBlw14DvsQ,156,Health,5,Cross,3,1,False,0,False,unequippedMod,,Defense %,0.0003%,300,0,,Offense %,0.05%,50000,1,525210,Offense,66,66,1,665,,,,0,,,,,0,
CxckLO66QJO5729vjLT5Kg,156,Health,5,Cross,3,1,False,0,True,equippedStatMod,,Potency %,0.0003%,300,0,,Offense %,0.05%,50000,1,579570,Health %,3.25%,3250000,1,32515739,,,,0,,,,,0,
EfV5Gkp3Quys66M8kvD8Sw,156,Health,5,Cross,3,1,False,0,False,unequippedMod,,Defense %,0.0003%,300,0,,Defense,136,136,1,1369,Offense %,0.05%,50000,1,518100,,,,0,,,,,0,
FhKwu8AWTaGcszBi8oWaNw,156,Health,5,Cross,4,1,False,0,True,equippedStatMod,,Offense,63,63,0,,Potency %,0.000213%,213,1,2133,Offense %,0.05%,50000,1,548820,Protection %,7.74%,7740000,1,77420226,,,,0,
FrdXDiI4QdW5ha372q62aw,156,Health,5,Cross,5,1,False,0,False,unequippedMod,,Speed,250,250,0,,Defense %,0.000158%,158,1,1581,Potency %,0.000218%,218,1,2185,Offense %,0.05%,50000,1,567990,Protection %,8.25%,8250000,1,82582405
IHd9VzDiQCev35dPX13ReA,156,Health,5,Cross,3,1,False,0,True,equippedStatMod,,Offense,63,63,0,,Offense %,0.05%,50000,1,504270,Health %,3.58%,3580000,1,35865248,,,,0,,,,,0,
SPIt7MRGRfywUfAUOPQI2g,156,Health,5,Cross,2,1,False,0,False,unequippedMod,,Protection,125,125,0,,Offense %,0.05%,50000,1,538320,,,,0,,,,,0,,,,,0,
UxZcia8URIyebtR_XDdmxw,156,Health,5,Cross,2,1,False,0,True,equippedStatMod,,Protection,125,125,0,,Offense %,0.05%,50000,1,512430,,,,0,,,,,0,,,,,0,
WmBiEN8DSs20pMznWE_wUQ,156,Health,5,Cross,3,1,False,0,True,equippedStatMod,,Protection,125,125,0,,Defense,190,190,1,1903,Offense %,0.05%,50000,1,516300,,,,0,,,,,0,
XseJ4sozTleWmM3kA3Idwg,156,Health,5,Cross,3,1,False,0,False,unequippedMod,,Defense %,0.0003%,300,0,,Offense %,0.05%,50000,1,530940,Speed,209,209,1,2094,,,,0,,,,,0,
ZfjVIiGJTsCu2rQXrTpU_g,156,Health,5,Cross,3,1,False,0,True,equippedStatMod,,Protection,125,125,0,,Potency %,0.000139%,139,1,1390,Offense %,0.05%,50000,1,500280,,,,0,,,,,0,
d-Ev8adhSgiAeJkT2IAw7g,156,Health,5,Cross,4,1,False,0,True,equippedStatMod,,Health,63,63,0,,Tenacity %,0.05%,50000,1,589372,Speed,152,152,1,1525,Offense %,0.05%,50000,1,578610,,,,0,
fA7HDN4sR-GAXvwhnDbNbA,156,Health,5,Cross,3,1,False,0,True,equippedStatMod,,Speed,250,250,0,,Offense %,0.05%,50000,1,509850,Tenacity %,0.08%,80000,1,860097,,,,0,,,,,0,
hYiN_EyNQy-yeaA9phpUsg,156,Health,5,Cross,3,1,False,0,False,unequippedMod,,Defense %,0.0003%,300,0,,Offense %,0.05%,50000,1,534600,Critical Avoidance %,0.35%,350000,1,3420684,,,,0,,,,,0,
hlBUP-yTSZC0MikfUrPudA,156,Health,5,Cross,5,1,False,0,True,equippedStatMod,,Offense,63,63,0,,Health,47,47,1,470,Protection,120,120,1,1200,Offense %,0.05%,50000,1,587220,Potency %,0.000222%,222,1,2224
otAQxIceR2Gbyn7G-ZnUwg,156,Health,5,Cross,5,1,False,0,True,equippedStatMod,,Speed,250,250,0,,Defense,160,160,1,1607,Offense %,0.05%,50000,1,529680,Defense %,0.000189%,189,1,1892,Offense,102,102,1,1026
pNfA6VWES-C0yunpmHTczg,156,Health,5,Cross,5,1,False,0,True,equippedStatMod,,Health,63,63,0,,Protection,90,90,1,900,Offense %,0.05%,50000,1,516900,Defense,193,193,1,1931,Critical Avoidance %,0.39%,390000,1,3817860
r9mpjdtBSvaFM1CMfoAJ2g,156,Health,5,Cross,3,1,False,0,True,equippedStatMod,,Potency %,0.0003%,300,0,,Speed,173,173,1,1731,Offense %,0.05%,50000,1,588630,,,,0,,,,,0,
rc4VDqEVRoCzvdh4AFVXPw,156,Health,5,Cross,3,1,False,0,True,equippedStatMod,,Speed,250,250,0,,Offense %,0.05%,50000,1,526560,Tenacity %,0.06%,60000,1,659001,,,,0,,,,,0,
uLOsNtf_QYe-Ld_YJwH6zA,156,Health,5,Cross,3,1,False,0,True,equippedStatMod,,Defense %,0.0003%,300,0,,Speed,164,164,1,1644,Offense %,0.05%,50000,1,515010,,,,0,,,,,0,
wxOvJ2YuSia4N8kwtwWn6w,156,Health,5,Cross,3,1,False,0,False,unequippedMod,,Potency %,0.0003%,300,0,,Offense %,0.05%,50000,1,555570,Health,42,42,1,422,,,,0,,,,,0,
xEvm7G1_R9mCWPIReiz2Bw,156,Health,5,Cross,5,1,False,0,True,equippedStatMod,,Protection,125,125,0,,Offense %,0.05%,50000,1,527580,Critical Avoidance %,0.3%,300000,1,2933676,Speed,196,196,1,1967,Tenacity %,0.06%,60000,1,669928
zbKSpGlSSKWzAUwUoTNs6g,156,Health,5,Cross,3,1,False,0,False,unequippedMod,,Defense %,0.0003%,300,0,,Tenacity %,0.08%,80000,1,849660,Offense %,0.05%,50000,1,593700,,,,0,,,,,0,
7ZpwKmUUSGmwXGvFU2gQYA,153,Health,5,Diamond,4,15,False,0,True,equippedStatMod,,Protection,1175,1175,0,,Critical Avoidance %,0.45%,450000,1,4410660,Protection %,25%,25000000,4,55529763|72366025|43378085|78736727,Defense %,0.000216%,216,1,2163,Offense %,0.05%,50000,1,597900
EFNuZNCeRqyoQQMrjFci2w,153,Health,5,Diamond,3,15,False,0,True,equippedStatMod,,Protection,1175,1175,0,,Defense,180,180,1,1807,Speed,125,125,1,1257,Tenacity %,0.14%,140000,2,768761|718193,Offense %,0.09%,90000,2,585570|314430
EKdj0fXzSkqzujb83o2RkA,153,Health,5,Diamond,4,15,False,0,False,unequippedMod,,Protection,1175,1175,0,,Protection %,12.45%,12450000,2,50811955|73765586,Health %,4.5%,4500000,2,22572219|22480070,Defense %,0.000157%,157,1,1573,Offense %,0.09%,90000,2,564360|415470
InEPNHsXT-636FsPeOETvw,153,Health,5,Diamond,5,15,False,0,True,equippedStatMod,,Protection,1175,1175,0,,Speed,381,381,2,2027|1783,Offense,239,239,3,961|804|629,Offense %,0.09%,90000,2,512490|409200,Health %,4.25%,4250000,1,42592125
KnzfgkODQ_WwKFPo6xU4Vg,153,Health,5,Diamond,3,15,False,0,True,equippedStatMod,,Protection,1175,1175,0,,Health,69,69,2,293|403,Critical Avoidance %,0.25%,250000,1,2475852,Tenacity %,0.17%,170000,2,748426|952903,Offense %,0.05%,50000,1,503010
L34Nt9srTK2OWu22W947Gg,153,Health,5,Diamond,3,15,False,0,True,equippedStatMod,,Protection,1175,1175,0,,Defense,171,171,1,1711,Protection %,18.86%,18860000,3,71215644|69807777|47630757,Health %,2.49%,2490000,1,24961664,Offense %,0.05%,50000,1,590940
MRRa-Vj4SSyB73gSutN3sA,153,Health,5,Diamond,3,15,False,0,True,equippedStatMod,,Protection,1175,1175,0,,Health,52,52,1,524,Speed,168,168,1,1688,Defense,316,316,2,1881|1285,Offense %,0.1%,100000,2,500280|536910
MS1AFnjBRzaoVlC_n2QriA,153,Health,5,Diamond,5,15,False,0,True,equippedStatMod,,Protection,1175,1175,0,,Offense,62,62,1,622,Offense %,0.14%,140000,3,529320|462840|425610,Defense,263,263,2,1450|1182,Tenacity %,0.15%,150000,2,780864|808108
OG5zH91uS7CJ9VT0H9QyAg,153,Health,5,Diamond,3,15,False,0,True,equippedStatMod,,Protection,1175,1175,0,,Offense %,0.05%,50000,1,513420,Defense %,0.000321%,321,2,1245|1973,Speed,216,216,1,2163,Critical Avoidance %,0.8%,800000,2,4293924|3689040
QWDU0nIGSLyprn_cYhesLw,153,Health,5,Diamond,5,15,False,0,True,equippedStatMod,,Protection,1175,1175,0,,Tenacity %,0.24%,240000,3,855736|783755|783118,Offense %,0.05%,50000,1,532650,Defense %,0.00036%,360,2,1967|1641,Protection %,13.17%,13170000,2,72120998|59624621
S9yKVwbKTg-7V9ZWZU-Srg,153,Health,5,Diamond,1,15,False,0,True,equippedStatMod,,Protection,1175,1175,0,,Offense %,0.05%,50000,1,533460,Defense %,0.000137%,137,1,1377,Potency %,0.000135%,135,1,1356,Tenacity %,0.05%,50000,1,525819
Tsokb-q4Rii3nKVZCrTlVQ,153,Health,5,Diamond,1,15,False,0,True,equippedStatMod,,Protection,1175,1175,0,,Defense %,0.000186%,186,1,1867,Offense %,0.05%,50000,1,576540,Defense,190,190,1,1909,Health %,2.36%,2360000,1,23626575
TsyrVsm1TnWlXIDdGYPSyg,153,Health,5,Diamond,2,15,False,0,True,equippedStatMod,,Protection,1175,1175,0,,Offense,68,68,1,689,Potency %,0.000191%,191,1,1913,Offense %,0.05%,50000,1,524370,Speed,329,329,2,1239|2055
VgloNDoWSS2LxZ0Ac7QSVA,153,Health,5,Diamond,5,15,False,0,True,equippedStatMod,,Protection,1175,1175,0,,Offense %,0.05%,50000,1,595950,Defense %,0.000119%,119,1,1193,Offense,264,264,3,837|688|1122,Protection %,19.46%,19460000,3,54238180|59030742|81357270
ZtkwWBmvT5Cj8bn12bMV1Q,153,Health,5,Diamond,4,15,False,0,True,equippedStatMod,,Protection,1175,1175,0,,Protection %,10.88%,10880000,2,51173266|57639487,Tenacity %,0.12%,120000,2,634746|573447,Offense,72,72,1,721,Offense %,0.09%,90000,2,576060|366720
cOvE9i6KTQ2_gskDgfzWog,153,Health,5,Diamond,3,15,False,0,True,equippedStatMod,,Protection,1175,1175,0,,Offense %,0.09%,90000,2,583830|407160,Health %,3.45%,3450000,1,34528016,Critical Avoidance %,0.45%,450000,1,4476096,Potency %,0.000292%,292,2,1591|1338
excuZ34qS3yecStJsKOnxg,153,Health,5,Diamond,4,15,False,0,True,equippedStatMod,,Protection,1175,1175,0,,Defense,135,135,1,1351,Offense %,0.12%,120000,3,533340|386760|368220,Potency %,0.000342%,342,2,1550|1878,Protection %,6.02%,6020000,1,60280795
iRZ-SP9KSlSEf-ts0Zk5cw,153,Health,5,Diamond,2,15,False,0,True,equippedStatMod,,Protection,1175,1175,0,,Offense %,0.05%,50000,1,503640,Health %,3.32%,3320000,1,33222929,Tenacity %,0.09%,90000,1,974757,Critical Avoidance %,0.73%,730000,2,3666240|3569568
j4BCvwjWR_mQDDTH8HXqVw,153,Health,5,Diamond,2,15,False,0,True,equippedStatMod,,Protection,1175,1175,0,,Offense %,0.05%,50000,1,597060,Potency %,0.000119%,119,1,1193,Defense %,0.000274%,274,2,1339|1404,Health %,2.36%,2360000,1,23665149
lLxWxDhNSRmuiltZ8Qn9LQ,153,Health,5,Diamond,3,15,False,0,True,equippedStatMod,,Protection,1175,1175,0,,Defense %,0.00017%,170,1,1706,Protection %,8%,8000000,1,80036616,Offense %,0.13%,130000,3,540180|357630|461370,Critical Avoidance %,0.37%,370000,1,3698388
lvExWibiRyuGoNdTmUxIlw,153,Health,5,Diamond,5,15,False,0,True,equippedStatMod,,Protection,1175,1175,0,,Offense %,0.09%,90000,2,505500|396840,Offense,103,103,1,1031,Critical Avoidance %,0.75%,750000,2,4507560|2948268,Tenacity %,0.23%,230000,3,611030|743918|959567
pVawLY0aT-GLA4LTyUrVAw,153,Health,5,Diamond,1,15,False,0,True,equippedStatMod,,Protection,1175,1175,0,,Protection %,6.48%,6480000,1,64894778,Offense,105,105,1,1057,Offense %,0.05%,50000,1,544110,Speed,132,132,1,1328
r63lQYDqT2OHFfbYKeL9DQ,153,Health,5,Diamond,5,15,False,0,True,equippedStatMod,,Protection,1175,1175,0,,Offense %,0.05%,50000,1,586440,Health %,5.9%,5900000,2,22349347|36653872,Potency %,0.000361%,361,2,2031|1587,Protection %,17.53%,17530000,3,66709639|53299602|55317960
rRYjbh30TheO2HjHdZhn1g,153,Health,5,Diamond,1,15,False,0,True,equippedStatMod,,Protection,1175,1175,0,,Speed,176,176,1,1766,Offense %,0.05%,50000,1,554160,Offense,84,84,1,840,Health,43,43,1,436
srDIzkk7QB-44EzQQK4GdQ,153,Health,5,Diamond,5,15,False,0,True,equippedStatMod,,Protection,1175,1175,0,,Defense %,0.00038%,380,2,2038|1770,Defense,155,155,1,1550,Offense %,0.14%,140000,3,318990|599850|553770,Potency %,0.000336%,336,2,1396|1972
vZiqhmVQQ7KIhOzlulGB8Q,153,Health,5,Diamond,1,15,False,0,True,equippedStatMod,,Protection,1175,1175,0,,Potency %,0.000153%,153,1,1539,Speed,122,122,1,1227,Offense %,0.05%,50000,1,520110,Health %,3.52%,3520000,1,35286638
wvnjsUKiQrKt_hB8ex0MFg,153,Health,5,Diamond,5,15,False,0,True,equippedStatMod,,Protection,1175,1175,0,,Tenacity %,0.06%,60000,1,670859,Health,87,87,2,500|376,Offense %,0.09%,90000,2,547380|385440,Health %,9.56%,9560000,3,36836027|32779328|26035307
yhi-0At1TrWxvnwHXsn_OQ,153,Health,5,Diamond,3,15,False,0,True,equippedStatMod,,Protection,1175,1175,0,,Offense,77,77,1,775,Critical Avoidance %,0.63%,630000,2,2834268|3385572,Defense %,0.000266%,266,2,1195|1469,Offense %,0.05%,50000,1,593940
-2LVmM1US12qm8rp0s7T_Q,153,Health,5,Diamond,1,12,False,0,True,equippedStatMod,,Protection,950,950,0,,Tenacity %,0.06%,60000,1,657335,Offense %,0.05%,50000,1,556920,Critical Avoidance %,0.29%,290000,1,2812608,Speed,221,221,1,2215
1m3Bd0NhQpGknlT_lQCbRA,153,Health,5,Diamond,1,12,False,0,True,equippedStatMod,,Protection,950,950,0,,Health %,3.5%,3500000,1,35080910,Critical Avoidance %,0.37%,370000,1,3688812,Offense %,0.05%,50000,1,540780,Offense,92,92,1,926
72oPe3tXTvO-KNhX1CVHVA,153,Health,5,Diamond,1,12,False,0,True,equippedStatMod,,Protection,950,950,0,,Tenacity %,0.05%,50000,1,561638,Defense,188,188,1,1888,Potency %,0.000176%,176,1,1769,Offense %,0.05%,50000,1,537210
8BUqrej7QTChKJd5wcQClA,153,Health,5,Diamond,1,12,False,0,False,unequippedMod,,Protection,950,950,0,,Offense,56,56,1,565,Offense %,0.05%,50000,1,526860,Critical Avoidance %,0.23%,230000,1,2281368,Speed,211,211,1,2117
8grdkyRVQ2eSsPXFkuKkhg,153,Health,5,Diamond,1,12,False,0,False,unequippedMod,,Protection,950,950,0,,Offense %,0.05%,50000,1,550590,Critical Avoidance %,0.34%,340000,1,3350916,Defense,182,182,1,1822,Offense,82,82,1,829
9Iv6hfUMQ329LeMEm1Gvrw,153,Health,5,Diamond,1,12,False,0,False,unequippedMod,,Protection,950,950,0,,Offense %,0.05%,50000,1,598050,Protection %,7.89%,7890000,1,78911153,Health %,2.47%,2470000,1,24758079,Defense,178,178,1,1783
9uFQzzahSK6ehSwSQizyzw,153,Health,5,Diamond,1,12,False,0,False,unequippedMod,,Protection,950,950,0,,Tenacity %,0.04%,40000,1,491568,Offense %,0.05%,50000,1,540240,Speed,135,135,1,1353,Critical Avoidance %,0.27%,270000,1,2614932
AgElDTBPT2OkIO3JaGDIXQ,153,Health,5,Diamond,1,12,False,0,False,unequippedMod,,Protection,950,950,0,,Defense,113,113,1,1133,Offense %,0.05%,50000,1,550440,Critical Avoidance %,0.28%,280000,1,2774988,Speed,181,181,1,1814
B6ioC-0jTTa2-JwnhgXAwA,153,Health,5,Diamond,1,12,False,0,True,equippedStatMod,,Protection,950,950,0,,Offense %,0.05%,50000,1,521490,Health,40,40,1,409,Defense,205,205,1,2053,Speed,177,177,1,1775
CArTC_OERRmDo_lnJ4SvYg,153,Health,5,Diamond,1,12,False,0,False,unequippedMod,,Protection,950,950,0,,Offense %,0.05%,50000,1,519240,Protection %,8.25%,8250000,1,82507651,Potency %,0.000217%,217,1,2173,Tenacity %,0.08%,80000,1,849268
CgAyBM0MSUqXPGhNHLcLqg,153,Health,5,Diamond,1,12,False,0,True,equippedStatMod,,Protection,950,950,0,,Protection %,7.13%,7130000,1,71315316,Critical Avoidance %,0.4%,400000,1,3931404,Defense %,0.000217%,217,1,2179,Offense %,0.05%,50000,1,568710
DfJcje4pRBeTkhoxYIMY_g,153,Health,5,Diamond,1,12,False,0,False,unequippedMod,,Protection,950,950,0,,Speed,128,128,1,1281,Offense,86,86,1,867,Health,34,34,1,345,Offense %,0.05%,50000,1,510840
EySNluhNSdWdmINqGYva-g,153,Health,5,Diamond,1,12,False,0,False,unequippedMod,,Protection,950,950,0,,Offense,106,106,1,1066,Protection %,6.58%,6580000,1,65825050,Speed,200,200,1,2009,Offense %,0.05%,50000,1,530280
GKYO12EmSRWFQ6Xk30UrKQ,153,Health,5,Diamond,1,12,False,0,False,unequippedMod,,Protection,950,950,0,,Speed,113,113,1,1137,Defense,199,199,1,1993,Tenacity %,0.04%,40000,1,499114,Offense %,0.05%,50000,1,571890
GUiLB3DqQYCIXtl3Ktx2mA,153,Health,5,Diamond,1,12,False,0,True,equippedStatMod,,Protection,950,950,0,,Offense %,0.05%,50000,1,513330,Speed,220,220,1,2201,Potency %,0.000136%,136,1,1364,Health,48,48,1,488
Gpx927mMREO-jwDTTS5BlQ,153,Health,5,Diamond,1,12,False,0,False,unequippedMod,,Protection,950,950,0,,Protection %,7.79%,7790000,1,77947657,Offense %,0.05%,50000,1,559770,Health,55,55,1,553,Tenacity %,0.08%,80000,1,833588
Q3HpxDtZTT2Fqa0g4AeKVw,153,Health,5,Diamond,1,12,False,0,True,equippedStatMod,,Protection,950,950,0,,Offense %,0.05%,50000,1,547080,Health %,2.87%,2870000,1,28744059,Defense %,0.000128%,128,1,1283,Defense,162,162,1,1627
R6E4E3VhSYae_CuXhNGeVA,153,Health,5,Diamond,1,12,False,0,True,equippedStatMod,,Protection,950,950,0,,Defense,193,193,1,1938,Offense %,0.05%,50000,1,585420,Health %,3.93%,3930000,1,39334765,Health,41,41,1,411
V31o96E4RJerKilokBsiIw,153,Health,5,Diamond,1,12,False,0,False,unequippedMod,,Protection,950,950,0,,Defense %,0.000118%,118,1,1186,Health,31,31,1,312,Offense %,0.05%,50000,1,572010,Speed,168,168,1,1685
YfgRkCLFQcqCBkqPFNgzEg,153,Health,5,Diamond,1,12,False,0,True,equippedStatMod,,Protection,950,950,0,,Tenacity %,0.07%,70000,1,733383,Offense %,0.05%,50000,1,570420,Protection %,5.65%,5650000,1,56572166,Critical Avoidance %,0.36%,360000,1,3528984
_uXzvKobQQmk0U-lgWBJ-w,153,Health,5,Diamond,1,12,False,0,True,equippedStatMod,,Protection,950,950,0,,Critical Avoidance %,0.34%,340000,1,3374856,Potency %,0.000214%,214,1,2142,Offense %,0.05%,50000,1,575610,Defense %,0.000168%,168,1,1689
djZOHC8dTBqwdNfu6WR6fg,153,Health,5,Diamond,1,12,False,0,False,unequippedMod,,Protection,950,950,0,,Protection %,4.58%,4580000,1,45836661,Offense %,0.05%,50000,1,511140,Health,53,53,1,533,Defense,208,208,1,2089
eAbOFXYBTvCilLof8MpH5Q,153,Health,5,Diamond,1,12,False,0,False,unequippedMod,,Protection,950,950,0,,Potency %,0.000125%,125,1,1257,Critical Avoidance %,0.38%,380000,1,3722784,Defense,150,150,1,1506,Offense %,0.05%,50000,1,567510
fiTHg-MxTP6pTUk8vy4t9w,153,Health,5,Diamond,1,12,False,0,False,unequippedMod,,Protection,950,950,0,,Potency %,0.000128%,128,1,1282,Tenacity %,0.07%,70000,1,702415,Offense,95,95,1,957,Offense %,0.05%,50000,1,579510
gaqK4uqERfSlp_8C-kWQTA,153,Health,5,Diamond,1,12,False,0,False,unequippedMod,,Protection,950,950,0,,Defense,122,122,1,1222,Offense,64,64,1,648,Offense %,0.05%,50000,1,574830,Potency %,0.000207%,207,1,2070
gfsyUhQ6QNWK4vyGq-VQhg,153,Health,5,Diamond,1,12,False,0,False,unequippedMod,,Protection,950,950,0,,Protection %,5.28%,5280000,1,52817854,Speed,156,156,1,1560,Critical Avoidance %,0.37%,370000,1,3647772,Offense %,0.05%,50000,1,588540
kxDhlFrKTS-Br2AYLRvfdA,153,Health,5,Diamond,1,12,False,0,True,equippedStatMod,,Protection,950,950,0,,Offense %,0.05%,50000,1,567360,Offense,71,71,1,711,Defense %,0.000182%,182,1,1829,Protection %,4.22%,4220000,1,42256775
nnCDHM_7TZm1d6Ys9S8kTA,153,Health,5,Diamond,1,12,False,0,True,equippedStatMod,,Protection,950,950,0,,Offense,63,63,1,634,Critical Avoidance %,0.38%,380000,1,3744444,Health %,3.91%,3910000,1,39154753,Offense %,0.05%,50000,1,570270
v21wKJPqRHKLthe85K_3gA,153,Health,5,Diamond,1,12,False,0,True,equippedStatMod,,Protection,950,950,0,,Offense,74,74,1,749,Offense %,0.05%,50000,1,508530,Defense %,0.000197%,197,1,1976,Critical Avoidance %,0.32%,320000,1,3120408
vuDMxnaMSjOo2Ujw77zFpA,153,Health,5,Diamond,1,12,False,0,True,equippedStatMod,,Protection,950,950,0,,Defense,123,123,1,1237,Defense %,0.000214%,214,1,2146,Offense %,0.05%,50000,1,517830,Critical Avoidance %,0.37%,370000,1,3624288
x2Ko8zHaRT-mtXv3aSJG3A,153,Health,5,Diamond,1,12,False,0,True,equippedStatMod,,Protection,950,950,0,,Protection %,5.81%,5810000,1,58125388,Defense %,0.000156%,156,1,1565,Offense %,0.05%,50000,1,537360,Tenacity %,0.07%,70000,1,703689
xlLgOy3aSi2gCKCtQKmplg,153,Health,5,Diamond,1,12,False,0,True,equippedStatMod,,Protection,950,950,0,,Critical Avoidance %,0.32%,320000,1,3147084,Health %,2.72%,2720000,1,27299677,Offense %,0.05%,50000,1,500970,Health,55,55,1,552
24hhIHRKR8qHOiyBaXZBJQ,153,Health,5,Diamond,2,9,False,0,False,unequippedMod,,Protection,725,725,0,,Defense,188,188,1,1885,Offense %,0.05%,50000,1,586380,Offense,95,95,1,951,Protection %,6.58%,6580000,1,65833356
9QkNIeQnRRG9AdTfF4_KTg,153,Health,5,Diamond,2,9,False,0,True,equippedStatMod,,Protection,725,725,0,,Offense,71,71,1,715,Offense %,0.05%,50000,1,595530,Speed,211,211,1,2118,Defense,182,182,1,1827
Bhpk81mqTVas7t4ITOAqlg,153,Health,5,Diamond,2,9,False,0,True,equippedStatMod,,Protection,725,725,0,,Offense,102,102,1,1022,Offense %,0.05%,50000,1,505830,Health %,2.43%,2430000,1,24342337,Protection %,6.97%,6970000,1,69712258
Clc933PXTOSAqjHpsDHqLQ,153,Health,5,Diamond,2,9,False,0,False,unequippedMod,,Protection,725,725,0,,Tenacity %,0.07%,70000,1,774347,Defense %,0.000157%,157,1,1576,Offense %,0.05%,50000,1,588060,Defense,194,194,1,1940
Pz02UCskTgKBPa8rbgXpng,153,Health,5,Diamond,2,9,False,0,True,equippedStatMod,,Protection,725,725,0,,Tenacity %,0.08%,80000,1,877688,Health,29,29,1,292,Offense %,0.05%,50000,1,574560,Defense,117,117,1,1179
Qrv4mGHvTUGLTg8daqkuSw,153,Health,5,Diamond,2,9,False,0,True,equippedStatMod,,Protection,725,725,0,,Health %,2.36%,2360000,1,23615860,Offense %,0.05%,50000,1,551070,Critical Avoidance %,0.38%,380000,1,3769068,Offense,95,95,1,957
VktmWonNTgC60r2VkEJaLQ,153,Health,5,Diamond,2,9,False,0,True,equippedStatMod,,Protection,725,725,0,,Health,51,51,1,510,Defense %,0.000215%,215,1,2157,Protection %,7.36%,7360000,1,73640996,Offense %,0.05%,50000,1,537870
YFgUPLwXSpm48_EUGuS8jQ,153,Health,5,Diamond,2,9,False,0,True,equippedStatMod,,Protection,725,725,0,,Offense,106,106,1,1066,Offense %,0.05%,50000,1,554700,Critical Avoidance %,0.27%,270000,1,2688576,Health,44,44,1,445
dKniliOMSL-zyJUqv4kjXw,153,Health,5,Diamond,2,9,False,0,False,unequippedMod,,Protection,725,725,0,,Health,49,49,1,495,Offense,95,95,1,956,Protection %,4.35%,4350000,1,43552511,Offense %,0.05%,50000,1,567540
hAoX8Z0BThamEvy2X5qhIQ,153,Health,5,Diamond,2,9,False,0,True,equippedStatMod,,Protection,725,725,0,,Defense %,0.000142%,142,1,1423,Offense %,0.05%,50000,1,567900,Protection %,7.39%,7390000,1,73952471,Potency %,0.000145%,145,1,1457
tZYgMiBSSF-snTfkg_p01Q,153,Health,5,Diamond,2,9,False,0,True,equippedStatMod,,Protection,725,725,0,,Health,35,35,1,356,Offense %,0.05%,50000,1,559860,Defense,167,167,1,1672,Speed,168,168,1,1681
wULv2kaZRvCJct2BgUjjtw,153,Health,5,Diamond,2,9,False,0,True,equippedStatMod,,Protection,725,725,0,,Defense,117,117,1,1178,Health,32,32,1,324,Offense,110,110,1,1108,Offense %,0.05%,50000,1,592590
-hw6h440Tcm3TN8OiR6ZwA,153,Health,5,Diamond,3,6,False,0,False,unequippedMod,,Protection,500,500,0,,Speed,114,114,1,1145,Offense,76,76,1,767,Tenacity %,0.06%,60000,1,600201,Offense %,0.05%,50000,1,532440
2Zbmb-BUSDOnGEYG-RYu6g,153,Health,5,Diamond,3,6,False,0,True,equippedStatMod,,Protection,500,500,0,,Offense,75,75,1,756,Defense %,0.000124%,124,1,1243,Offense %,0.05%,50000,1,551640,Defense,124,124,1,1240
5eenO3ppTaCMYHDC5KJElw,153,Health,5,Diamond,3,6,False,0,True,equippedStatMod,,Protection,500,500,0,,Tenacity %,0.07%,70000,1,746956,Critical Avoidance %,0.36%,360000,1,3516900,Offense %,0.05%,50000,1,536910,Protection %,7.02%,7020000,1,70239689
5jnh1J15RISikgRoiKQNCg,153,Health,5,Diamond,3,6,False,0,False,unequippedMod,,Protection,500,500,0,,Protection %,5.42%,5420000,1,54200803,Speed,123,123,1,1235,Defense %,0.000161%,161,1,1619,Offense %,0.05%,50000,1,575820
Ia2vDBmgQZuF9M2XrjHGDQ,153,Health,5,Diamond,3,6,False,0,True,equippedStatMod,,Protection,500,500,0,,Health %,2.2%,2200000,1,22012896,Critical Avoidance %,0.33%,330000,1,3281376,Offense %,0.05%,50000,1,510960,Potency %,0.000221%,221,1,2215
L1l5zV_-T_qPMYK81HNmCQ,153,Health,5,Diamond,3,6,False,0,False,unequippedMod,,Protection,500,500,0,,Health,51,51,1,519,Protection %,4.64%,4640000,1,46484529,Offense %,0.05%,50000,1,555570,Defense,209,209,1,2099
SKfgDOfVQSqM3m8-7KeqWQ,153,Health,5,Diamond,3,6,False,0,True,equippedStatMod,,Protection,500,500,0,,Speed,130,130,1,1304,Health %,3.56%,3560000,1,35689522,Defense %,0.000196%,196,1,1961,Offense %,0.05%,50000,1,535710
VbBm5kiHQNOmb570o_3NsQ,153,Health,5,Diamond,3,6,False,0,False,unequippedMod,,Protection,500,500,0,,Critical Avoidance %,0.29%,290000,1,2882376,Health %,3.23%,3230000,1,32344299,Protection %,6.69%,6690000,1,66979584,Offense %,0.05%,50000,1,513870
b03xzD2yQCa3iibNq4thIA,153,Health,5,Diamond,3,6,False,0,False,unequippedMod,,Protection,500,500,0,,Protection %,4.75%,4750000,1,47556003,Defense,120,120,1,1203,Health %,2.94%,2940000,1,29485537,Offense %,0.05%,50000,1,543360
c8WxtH-3Rhe5iOEYu_U-Yg,153,Health,5,Diamond,3,6,False,0,True,equippedStatMod,,Protection,500,500,0,,Protection %,4.87%,4870000,1,48731302,Defense,142,142,1,1423,Health,36,36,1,360,Offense %,0.05%,50000,1,553770
sfiqtZQhTz6EvXoLDuYMDg,153,Health,5,Diamond,3,6,False,0,False,unequippedMod,,Protection,500,500,0,,Health,29,29,1,292,Defense %,0.000213%,213,1,2136,Tenacity %,0.08%,80000,1,866614,Offense %,0.05%,50000,1,511740
tQUHbWsNS5O6SoMrMSkG3g,153,Health,5,Diamond,3,6,False,0,False,unequippedMod,,Protection,500,500,0,,Defense,169,169,1,1697,Health %,4.11%,4110000,1,41115598,Offense %,0.05%,50000,1,596520,Critical Avoidance %,0.37%,370000,1,3601260
8ZKkt-1XQByDQKttDC8qLQ,153,Health,5,Diamond,4,3,False,0,False,unequippedMod,,Protection,275,275,0,,Offense,110,110,1,1108,Health %,3.26%,3260000,1,32676464,Tenacity %,0.05%,50000,1,577857,Offense %,0.05%,50000,1,592050
CkruiJxtSJG7fqMY0dtGFg,153,Health,5,Diamond,3,1,False,0,True,equippedStatMod,,Protection,125,125,0,,Offense %,0.05%,50000,1,548850,Speed,192,192,1,1929,,,,0,,,,,0,
HRWLh_bvTimxmGQJ-cxZPg,153,Health,5,Diamond,3,1,False,0,False,unequippedMod,,Protection,125,125,0,,Tenacity %,0.05%,50000,1,539539,Offense %,0.05%,50000,1,538290,,,,0,,,,,0,
HXiaYC7ET0GrvHFJH9oMpw,153,Health,5,Diamond,4,1,False,0,True,equippedStatMod,,Protection,125,125,0,,Offense %,0.05%,50000,1,550710,Offense,112,112,1,1122,Tenacity %,0.08%,80000,1,824621,,,,0,
LZSr7qJPQnaUMhr4khKORQ,153,Health,5,Diamond,3,1,False,0,False,unequippedMod,,Protection,125,125,0,,Health %,2.77%,2770000,1,27717562,Offense %,0.05%,50000,1,591630,,,,0,,,,,0,
Yc5wVhLDSNiGFvyTF_4Lww,153,Health,5,Diamond,5,1,False,0,True,equippedStatMod,,Protection,125,125,0,,Health,47,47,1,475,Offense %,0.05%,50000,1,588870,Critical Avoidance %,0.33%,330000,1,3243984,Speed,154,154,1,1549
_ccRFmZdRvmfb6AIuBMjAg,153,Health,5,Diamond,3,1,False,0,False,unequippedMod,,Protection,125,125,0,,Offense %,0.05%,50000,1,512280,Health,34,34,1,349,,,,0,,,,,0,
_eqxRvLXQ4iIa8vyn1pzEQ,153,Health,5,Diamond,5,1,False,0,True,equippedStatMod,,Protection,125,125,0,,Offense,97,97,1,979,Offense %,0.05%,50000,1,591960,Health,51,51,1,511,Health %,2.36%,2360000,1,23682293
_seqLRyiQ-SUp1_S4eq9Lw,153,Health,5,Diamond,4,1,False,0,False,unequippedMod,,Protection,125,125,0,,Defense,133,133,1,1333,Offense %,0.05%,50000,1,541110,Potency %,0.000119%,119,1,1192,,,,0,
d3rqAj7hRNyzzD_5NMVg8Q,153,Health,5,Diamond,2,1,False,0,True,equippedStatMod,,Protection,125,125,0,,Offense %,0.05%,50000,1,558540,,,,0,,,,,0,,,,,0,
fUsDxw2pRMmCNOgLf3mRhg,153,Health,5,Diamond,5,1,False,0,False,unequippedMod,,Protection,125,125,0,,Health,31,31,1,314,Offense %,0.05%,50000,1,553950,Speed,171,171,1,1715,Tenacity %,0.08%,80000,1,880040
gELvVQvbQsGpGFIABIa0fQ,153,Health,5,Diamond,3,1,False,0,False,unequippedMod,,Protection,125,125,0,,Health,29,29,1,297,Offense %,0.05%,50000,1,564000,,,,0,,,,,0,
hPNtcGUCR7y5YBnGjVzTLw,153,Health,5,Diamond,3,1,False,0,False,unequippedMod,,Protection,125,125,0,,Offense %,0.05%,50000,1,574380,Defense %,0.000192%,192,1,1923,,,,0,,,,,0,
kIA8IkVjTGKP8je7Y3mcpQ,153,Health,5,Diamond,2,1,False,0,False,unequippedMod,,Protection,125,125,0,,Offense %,0.05%,50000,1,593040,,,,0,,,,,0,,,,,0,
m5Cp9EETRX6TF-Fo1ZAQ2A,153,Health,5,Diamond,5,1,False,0,True,equippedStatMod,,Protection,125,125,0,,Potency %,0.000139%,139,1,1393,Protection %,4.75%,4750000,1,47551850,Offense,77,77,1,774,Offense %,0.05%,50000,1,577470
mm3bk2ZdQ9G157lvo0oDHw,153,Health,5,Diamond,3,1,False,0,False,unequippedMod,,Protection,125,125,0,,Health,28,28,1,284,Offense %,0.05%,50000,1,530160,,,,0,,,,,0,
rW73hUFHTm-VqltZfvMZIg,153,Health,5,Diamond,3,1,False,0,True,equippedStatMod,,Protection,125,125,0,,Critical Avoidance %,0.33%,330000,1,3244440,Offense %,0.05%,50000,1,516000,,,,0,,,,,0,
rYRQpKgQSlydO4WvTAjl8A,153,Health,5,Diamond,3,1,False,0,False,unequippedMod,,Protection,125,125,0,,Offense %,0.05%,50000,1,522210,Protection %,7.44%,7440000,1,74421760,,,,0,,,,,0,
vUfloBrhTOSwmtK48YXASg,153,Health,5,Diamond,3,1,False,0,False,unequippedMod,,Protection,125,125,0,,Offense %,0.05%,50000,1,538920,Defense,210,210,1,2107,,,,0,,,,,0,
wRU9tnYQSgi1uk53zoysKg,153,Health,5,Diamond,2,1,False,0,False,unequippedMod,,Protection,125,125,0,,Offense %,0.05%,50000,1,579540,,,,0,,,,,0,,,,,0,
zh6rtmvPSqazTjfJYcOAiA,153,Health,5,Diamond,3,1,False,0,False,unequippedMod,,Protection,125,125,0,,Offense %,0.05%,50000,1,507000,Health %,4.17%,4170000,1,41741354,,,,0,,,,,0,
ztIlGIC4SiSYoqFJt26F2w,153,Health,5,Diamond,3,1,False,0,True,equippedStatMod,,Protection,125,125,0,,Offense %,0.05%,50000,1,535860,Protection %,7.71%,7710000,1,77158587,,,,0,,,,,0,
-PM79mPTTyCHi3Q3KJPWQw,151,Health,5,Square,1,15,False,0,True,equippedStatMod,,Health,588,588,0,,Critical Avoidance %,0.26%,260000,1,2512560,Offense %,0.05%,50000,1,503700,Protection %,7.95%,7950000,1,79583939,Protection,123,123,1,1230
-rJUZf4WSUCSFi_qaY1CoQ,151,Health,5,Square,3,15,False,0,True,equippedStatMod,,Health,588,588,0,,Offense %,0.05%,50000,1,512640,Critical Avoidance %,0.45%,450000,1,4404732,Offense,279,279,3,805|953|1034,Defense,152,152,1,1526
1ijGas8uQxCtu5w3XCxaZA,151,Health,5,Square,5,15,False,0,True,equippedStatMod,,Health,588,588,0,,Offense %,0.2%,200000,4,534030|494370|495690|562560,Protection,140,140,1,1403,Tenacity %,0.1%,100000,2,541450|547330,Potency %,0.00018%,180,1,1805
5xMHPZzTR2WosRMSuclaaQ,151,Health,5,Square,1,15,False,0,True,equippedStatMod,,Health,588,588,0,,Protection,153,153,1,1537,Health %,4.12%,4120000,1,41259179,Protection %,4.61%,4610000,1,46193819,Offense %,0.05%,50000,1,592860
AFg-2A8MQTG0_g9DerTChg,151,Health,5,Square,5,15,False,0,True,equippedStatMod,,Health,588,588,0,,Offense %,0.13%,130000,3,574950|303090|491010,Speed,142,142,1,1422,Potency %,0.000605%,605,3,2030|2063|1960,Health %,4.07%,4070000,1,40747002
AhF1gg5TTlSfudvDg3OCyA,151,Health,5,Square,5,15,False,0,True,equippedStatMod,,Health,588,588,0,,Potency %,0.000143%,143,1,1434,Protection %,23.55%,23550000,4,44221144|45176334|69504608|76689298,Offense %,0.05%,50000,1,517560,Defense %,0.00035%,350,2,2227|1275
AoKga4F7RtGVc45vnDuG_A,151,Health,5,Square,3,15,False,0,True,equippedStatMod,,Health,588,588,0,,Speed,198,198,1,1986,Protection,233,233,2,998|1336,Defense %,0.000182%,182,1,1825,Offense %,0.09%,90000,2,532380|457050
CMKRAbD2RuSu0QI6kJxi2A,151,Health,5,Square,5,15,False,0,True,equippedStatMod,,Health,588,588,0,,Offense %,0.11%,110000,2,528900|580680,Speed,185,185,1,1857,Protection %,14.93%,14930000,2,81029183|68362533,Protection,337,337,3,1020|1314|1044
Dik7zM9UTheNQQ6RCCzmgQ,151,Health,5,Square,1,15,False,0,True,equippedStatMod,,Health,588,588,0,,Critical Avoidance %,0.33%,330000,1,3208644,Offense,91,91,1,913,Offense %,0.05%,50000,1,538980,Speed,164,164,1,1645
GbFwA1JFRr-b5qeuThoDLA,151,Health,5,Square,1,15,False,0,True,equippedStatMod,,Health,588,588,0,,Defense %,0.000159%,159,1,1591,Protection %,6.3%,6300000,1,63063305,Offense %,0.05%,50000,1,564810,Protection,126,126,1,1267
GrJ3fSwGTCOLoyb025V8pA,151,Health,5,Square,1,15,False,0,True,equippedStatMod,,Health,588,588,0,,Tenacity %,0.05%,50000,1,586481,Offense %,0.05%,50000,1,571530,Defense %,0.000225%,225,1,2250,Speed,115,115,1,1155
I4ZzWt8oRH6bQiADkqTEaw,151,Health,5,Square,3,15,False,0,True,equippedStatMod,,Health,588,588,0,,Defense %,0.000116%,116,1,1168,Protection,222,222,2,997|1225,Offense %,0.1%,100000,2,591750|455520,Tenacity %,0.08%,80000,1,852796
J7zjh4tNSWe_PZwCCxUFjg,151,Health,5,Square,4,15,False,0,True,equippedStatMod,,Health,588,588,0,,Offense,131,131,2,569|747,Protection %,9.4%,9400000,2,42638851|51389222,Offense %,0.05%,50000,1,590130,Potency %,0.000337%,337,2,1559|1820
JciV5Fk5S9KfOkGvrdGmfw,151,Health,5,Square,5,15,False,0,False,unequippedMod,,Health,588,588,0,,Health %,2.85%,2850000,1,28516901,Protection %,12.94%,12940000,2,47331741|82125575,Defense %,0.00029%,290,2,1182|1726,Offense %,0.16%,160000,3,530070|590220|487620
P2co_BnjToauVRrapnY4zQ,151,Health,5,Square,5,15,False,0,True,equippedStatMod,,Health,588,588,0,,Protection %,13.5%,13500000,2,75543070|59549867,Offense %,0.09%,90000,2,578970|409740,Protection,389,389,3,1676|1164|1055,Defense,186,186,1,1860
Q18gZp7BSfK41_HV20jQyg,151,Health,5,Square,2,15,False,0,True,equippedStatMod,,Health,588,588,0,,Speed,145,145,1,1454,Defense,256,256,2,1162|1402,Offense %,0.05%,50000,1,555450,Protection,134,134,1,1341
S--sVg6WTzCdd14tySZiaw,151,Health,5,Square,4,15,False,0,True,equippedStatMod,,Health,588,588,0,,Critical Avoidance %,0.64%,640000,2,4011204|2367324,Speed,125,125,1,1251,Offense %,0.05%,50000,1,590250,Protection,372,372,3,854|1485|1388
S9-wXFhjTd-NQr8Ofdc4Lw,151,Health,5,Square,2,15,False,0,True,equippedStatMod,,Health,588,588,0,,Defense %,0.000176%,176,1,1761,Speed,123,123,1,1239,Offense %,0.11%,110000,2,526170|580500,Protection,111,111,1,1112
S_WFdI8IS5mo-yWitErZEg,151,Health,5,Square,2,15,False,0,True,equippedStatMod,,Health,588,588,0,,Critical Avoidance %,0.42%,420000,1,4151424,Defense %,0.00018%,180,1,1801,Protection %,5.54%,5540000,1,55413479,Offense %,0.09%,90000,2,564510|369060
TIUPWbsWQ2a4bVODWmof5Q,151,Health,5,Square,5,15,False,0,True,equippedStatMod,,Health,588,588,0,,Offense,97,97,1,971,Health %,2.66%,2660000,1,26646062,Offense %,0.13%,130000,3,587640|321900|464760,Defense %,0.0005%,500,3,1441|1894|1672
X_mbctgnT2mznGM9QqQz1Q,151,Health,5,Square,5,15,False,0,True,equippedStatMod,,Health,588,588,0,,Tenacity %,0.17%,170000,2,810215|922327,Offense %,0.14%,140000,3,561390|517140|362760,Protection,277,277,2,1208|1568,Defense,220,220,1,2205
YS7pqZsrSCmYTyVD6iQbjQ,151,Health,5,Square,2,15,False,0,True,equippedStatMod,,Health,588,588,0,,Potency %,0.000207%,207,1,2077,Tenacity %,0.06%,60000,1,690165,Offense %,0.05%,50000,1,529440,Protection %,13.6%,13600000,2,65148111|70895863
YSOymFFHRheJKa0WLnGcvA,151,Health,5,Square,2,15,False,0,True,equippedStatMod,,Health,588,588,0,,Offense,155,155,2,851|704,Speed,191,191,1,1910,Offense %,0.05%,50000,1,567300,Health %,2.66%,2660000,1,26633204
Yrtmb9WVQQmV8-I-eNfjpw,151,Health,5,Square,4,15,False,0,True,equippedStatMod,,Health,588,588,0,,Defense %,0.000118%,118,1,1180,Potency %,0.000185%,185,1,1850,Offense %,0.1%,100000,2,579180|455190,Offense,255,255,3,654|1037|861
c1BkQl8uRjS4llug9KwpRg,151,Health,5,Square,3,15,False,0,True,equippedStatMod,,Health,588,588,0,,Offense %,0.09%,90000,2,537750|421530,Defense,422,422,2,1996|2231,Offense,94,94,1,942,Health %,3.93%,3930000,1,39302620
dYPN3H5XQbGk8Yt-mVa3gA,151,Health,5,Square,1,15,False,0,True,equippedStatMod,,Health,588,588,0,,Health %,2.98%,2980000,1,29824131,Protection,153,153,1,1537,Offense %,0.05%,50000,1,567000,Offense,93,93,1,936
eB5qHCeERUGWhEy1P5Sc9Q,151,Health,5,Square,2,15,False,0,True,equippedStatMod,,Health,588,588,0,,Critical Avoidance %,0.28%,280000,1,2766096,Offense %,0.05%,50000,1,563640,Defense,240,240,2,1238|1167,Potency %,0.000122%,122,1,1221
jYmgGVKKSfW6NjNH2cMPVA,151,Health,5,Square,3,15,False,0,True,equippedStatMod,,Health,588,588,0,,Health %,7.1%,7100000,2,42632842|28418323,Speed,375,375,2,2171|1579,Offense %,0.05%,50000,1,520560,Defense,170,170,1,1705
jcjdAvdWRk2yAzIRfCUIEw,151,Health,5,Square,4,15,False,0,True,equippedStatMod,,Health,588,588,0,,Critical Avoidance %,0.43%,430000,1,4263372,Offense %,0.1%,100000,2,575130|500700,Speed,388,388,2,1775|2114,Protection %,9.91%,9910000,2,54275557|44893930
kFxe9Rk1R6-QLESJnaylPw,151,Health,5,Square,5,15,False,0,True,equippedStatMod,,Health,588,588,0,,Protection %,19.25%,19250000,3,68694773|79853884|43980270,Defense %,0.000424%,424,2,2228|2022,Critical Avoidance %,0.35%,350000,1,3442344,Offense %,0.1%,100000,2,596010|447270
kT0nap_lRtOzEYQkPdmMJg,151,Health,5,Square,4,15,False,0,True,equippedStatMod,,Health,588,588,0,,Offense %,0.09%,90000,2,566010|340140,Potency %,0.000215%,215,1,2157,Defense,138,138,1,1385,Offense,234,234,3,565|1102|673
pwbHHx5RTAirNAZAPK-t5Q,151,Health,5,Square,2,15,False,0,True,equippedStatMod,,Health,588,588,0,,Protection %,11.26%,11260000,2,52111844|60583964,Potency %,0.00017%,170,1,1702,Offense %,0.05%,50000,1,577800,Health %,2.43%,2430000,1,24357338
qAc2F6zfRa6o_BIwMEdN8w,151,Health,5,Square,2,15,False,0,True,equippedStatMod,,Health,588,588,0,,Protection %,5.05%,5050000,1,50566928,Offense %,0.1%,100000,2,587790|461250,Potency %,0.000158%,158,1,1588,Speed,210,210,1,2103
qZze8gM8RIiDu7IMX0v8qg,151,Health,5,Square,3,15,False,0,True,equippedStatMod,,Health,588,588,0,,Offense %,0.12%,120000,3,415710|384480|422400,Defense %,0.000166%,166,1,1660,Protection %,7.65%,7650000,1,76556402,Offense,98,98,1,987
rTviaRuQTCqwIpu_c_TQ0Q,151,Health,5,Square,5,15,False,0,True,equippedStatMod,,Health,588,588,0,,Potency %,0.000359%,359,2,1370|2220,Offense,94,94,1,947,Defense,130,130,1,1309,Offense %,0.2%,200000,4,551820|385020|562800|571140
rnQLFhSgS-2CiaAz44mw6A,151,Health,5,Square,5,15,False,0,True,equippedStatMod,,Health,588,588,0,,Critical Avoidance %,0.96%,960000,3,3155748|3229848|3150732,Defense %,0.000604%,604,3,2089|1929|2029,Protection %,5.31%,5310000,1,53154247,Offense %,0.05%,50000,1,556470
tG1bOLvkTb2LckN_Fj2Rcw,151,Health,5,Square,2,15,False,0,True,equippedStatMod,,Health,588,588,0,,Defense %,0.000193%,193,1,1933,Speed,224,224,1,2242,Potency %,0.000221%,221,1,2210,Offense %,0.09%,90000,2,569520|425310
tXpm1KGOSL6c-yHo-gSODw,151,Health,5,Square,3,15,False,0,True,equippedStatMod,,Health,588,588,0,,Offense %,0.05%,50000,1,556860,Health %,2.94%,2940000,1,29438391,Protection %,11.67%,11670000,2,68935647|47771959,Offense,176,176,2,966|798
x6ArWO2BQzSqP_Mn_G4RwA,151,Health,5,Square,4,15,False,0,True,equippedStatMod,,Health,588,588,0,,Offense,83,83,1,837,Protection,463,463,3,1562|1563|1513,Offense %,0.09%,90000,2,519690|387570,Defense %,0.000207%,207,1,2072
xZcyqpcRR_O-q_an8089fQ,151,Health,5,Square,2,15,False,0,True,equippedStatMod,,Health,588,588,0,,Defense %,0.00013%,130,1,1307,Offense %,0.1%,100000,2,519990|569580,Potency %,0.000167%,167,1,1678,Health %,2.67%,2670000,1,26733925
yzP3YyKjQdOjetSHqLWLVA,151,Health,5,Square,4,15,False,0,True,equippedStatMod,,Health,588,588,0,,Speed,372,372,2,1594|2134,Protection %,14.96%,14960000,2,68653243|81029183,Offense %,0.09%,90000,2,510570|462540,Defense %,0.000198%,198,1,1984
zugiRQcTTB2fgN0rhNEBug,151,Health,5,Square,3,15,False,0,True,equippedStatMod,,Health,588,588,0,,Defense,346,346,2,1717|1748,Defense %,0.000349%,349,2,1763|1734,Protection,147,147,1,1472,Offense %,0.05%,50000,1,591060
09Xi_5C5TBqw2AH7vfShwg,151,Health,5,Square,1,12,False,0,True,equippedStatMod,,Health,475,475,0,,Offense %,0.05%,50000,1,521070,Potency %,0.000161%,161,1,1612,Offense,58,58,1,582,Tenacity %,0.05%,50000,1,538314
6jhnP7yxRYmNFanE5Hd-LA,151,Health,5,Square,1,12,False,0,True,equippedStatMod,,Health,475,475,0,,Offense,64,64,1,645,Speed,187,187,1,1872,Protection,89,89,1,897,Offense %,0.05%,50000,1,510000
P5ZtIlWSS0y_B3JTW-XlLg,151,Health,5,Square,1,12,False,0,True,equippedStatMod,,Health,475,475,0,,Potency %,0.00014%,140,1,1407,Offense,56,56,1,569,Offense %,0.05%,50000,1,552210,Speed,213,213,1,2134
PtuVVm7iSqGuLMsOinD15w,151,Health,5,Square,1,12,False,0,True,equippedStatMod,,Health,475,475,0,,Potency %,0.000119%,119,1,1196,Defense,141,141,1,1415,Critical Avoidance %,0.24%,240000,1,2348856,Offense %,0.05%,50000,1,507000
kax7QMcmQfuv6df3mZom7Q,151,Health,5,Square,1,12,False,0,True,equippedStatMod,,Health,475,475,0,,Defense,159,159,1,1590,Protection %,6.4%,6400000,1,64014342,Offense %,0.05%,50000,1,550860,Potency %,0.000157%,157,1,1579
otwn-uddSwuLDOxFDEoIsw,151,Health,5,Square,1,12,False,0,True,equippedStatMod,,Health,475,475,0,,Protection,87,87,1,874,Defense,148,148,1,1488,Health %,3.17%,3170000,1,31759260,Offense %,0.05%,50000,1,580470
oz1cosUiTziRAE_3lAsQZA,151,Health,5,Square,1,12,False,0,True,equippedStatMod,,Health,475,475,0,,Offense,111,111,1,1112,Tenacity %,0.05%,50000,1,589372,Offense %,0.05%,50000,1,588000,Critical Avoidance %,0.27%,270000,1,2662584
p7V4aP3OQgWnTbaur09Wfg,151,Health,5,Square,1,12,False,0,True,equippedStatMod,,Health,475,475,0,,Health %,2.59%,2590000,1,25938872,Offense %,0.05%,50000,1,566520,Potency %,0.000147%,147,1,1470,Defense %,0.000163%,163,1,1635
tR6mBN9SQom3ofmoxEWKyA,151,Health,5,Square,1,12,False,0,True,equippedStatMod,,Health,475,475,0,,Protection,122,122,1,1228,Offense,73,73,1,738,Offense %,0.05%,50000,1,504690,Defense %,0.000161%,161,1,1611
x1DhMPV5RT2ZIsz39GpdBA,151,Health,5,Square,1,12,False,0,False,unequippedMod,,Health,475,475,0,,Tenacity %,0.05%,50000,1,562520,Offense %,0.05%,50000,1,502530,Defense,180,180,1,1808,Offense,57,57,1,578
xQZAbaplSkWOxB9LTCZd3g,151,Health,5,Square,1,12,False,0,True,equippedStatMod,,Health,475,475,0,,Protection %,5.17%,5170000,1,51750533,Offense,70,70,1,701,Offense %,0.05%,50000,1,560730,Defense,223,223,1,2234
mdRjhvomRwGiwDAgddZMdQ,151,Health,5,Square,2,9,False,0,True,equippedStatMod,,Health,363,363,0,,Critical Avoidance %,0.38%,380000,1,3734868,Potency %,0.00012%,120,1,1204,Protection %,7.3%,7300000,1,73055423,Offense %,0.05%,50000,1,545580
sMvwsXLSQSKw79a4kglerg,151,Health,5,Square,2,9,False,0,True,equippedStatMod,,Health,363,363,0,,Speed,127,127,1,1273,Defense %,0.000151%,151,1,1518,Critical Avoidance %,0.41%,410000,1,4028532,Offense %,0.05%,50000,1,569850
-8XQJNGXR8GQ1FJ_gXZWjQ,151,Health,5,Square,3,6,False,0,False,unequippedMod,,Health,250,250,0,,Defense %,0.000199%,199,1,1995,Speed,131,131,1,1316,Defense,183,183,1,1834,Offense %,0.05%,50000,1,596580
-fwUYoOeQwCte5LOa6nh9Q,151,Health,5,Square,3,6,False,0,False,unequippedMod,,Health,250,250,0,,Tenacity %,0.06%,60000,1,672231,Defense %,0.000119%,119,1,1193,Health %,2.61%,2610000,1,26106026,Offense %,0.05%,50000,1,538680
2KN0DwkkTwCxVOm5uam0sw,151,Health,5,Square,3,6,False,0,True,equippedStatMod,,Health,250,250,0,,Defense,201,201,1,2019,Health %,2.71%,2710000,1,27194670,Offense %,0.05%,50000,1,553200,Tenacity %,0.07%,70000,1,731325
An-ombKaQ1iulw0rX3DJfw,151,Health,5,Square,3,6,False,0,False,unequippedMod,,Health,250,250,0,,Protection %,8.27%,8270000,1,82706995,Health %,2.16%,2160000,1,21605726,Offense %,0.05%,50000,1,531960,Critical Avoidance %,0.42%,420000,1,4106736
I_6jdDy-SZ2esicTQl9DRA,151,Health,5,Square,3,6,False,0,False,unequippedMod,,Health,250,250,0,,Speed,123,123,1,1230,Protection,154,154,1,1542,Potency %,0.000172%,172,1,1725,Offense %,0.05%,50000,1,572670
Mb6NP4-9TjKSkZmjPp5KLw,151,Health,5,Square,3,6,False,0,False,unequippedMod,,Health,250,250,0,,Defense %,0.000215%,215,1,2152,Protection %,4.64%,4640000,1,46438846,Protection,103,103,1,1030,Offense %,0.05%,50000,1,516300
S6qlxQIWRVGXfIc16T8MwQ,151,Health,5,Square,3,6,False,0,True,equippedStatMod,,Health,250,250,0,,Protection,148,148,1,1480,Speed,206,206,1,2065,Offense %,0.05%,50000,1,526620,Tenacity %,0.09%,90000,1,959616
_Z9gKQM5SEi4XGVTrv_YZw,151,Health,5,Square,3,6,False,0,False,unequippedMod,,Health,250,250,0,,Potency %,0.000204%,204,1,2042,Speed,123,123,1,1237,Protection %,4.87%,4870000,1,48743761,Offense %,0.05%,50000,1,555780
eGzS34OZRrCueg-LLwBClA,151,Health,5,Square,3,6,False,0,False,unequippedMod,,Health,250,250,0,,Offense,67,67,1,676,Speed,163,163,1,1633,Offense %,0.05%,50000,1,532110,Tenacity %,0.08%,80000,1,848974
gCB6oIpxTICnlcwnKNeVsg,151,Health,5,Square,3,6,False,0,False,unequippedMod,,Health,250,250,0,,Critical Avoidance %,0.35%,350000,1,3479736,Protection,91,91,1,918,Potency %,0.000157%,157,1,1579,Offense %,0.05%,50000,1,570060
qcVeqWoxQgW4mKyEwlpnEA,151,Health,5,Square,3,6,False,0,False,unequippedMod,,Health,250,250,0,,Critical Avoidance %,0.43%,430000,1,4292100,Tenacity %,0.06%,60000,1,652925,Protection %,4.27%,4270000,1,42713605,Offense %,0.05%,50000,1,574920
_SsKvcaRSTGn5VLKK9NXMQ,151,Health,5,Square,4,3,False,0,True,equippedStatMod,,Health,138,138,0,,Critical Avoidance %,0.24%,240000,1,2304852,Protection,119,119,1,1192,Tenacity %,0.09%,90000,1,964908,Offense %,0.05%,50000,1,580980
gx5ZUzM0T4OgYLZ27ss8-Q,151,Health,5,Square,4,3,False,0,False,unequippedMod,,Health,138,138,0,,Tenacity %,0.06%,60000,1,642978,Critical Avoidance %,0.28%,280000,1,2761536,Defense %,0.000152%,152,1,1529,Offense %,0.05%,50000,1,582810
xymthQpoTuyZZ2MW11-eiA,151,Health,5,Square,4,3,False,0,True,equippedStatMod,,Health,138,138,0,,Tenacity %,0.07%,70000,1,775719,Offense,106,106,1,1067,Protection,169,169,1,1698,Offense %,0.05%,50000,1,571410
0DqrqFTJRFOKRAZKHzcC6w,151,Health,5,Square,3,1,False,0,False,unequippedMod,,Health,63,63,0,,Protection %,8%,8000000,1,80011698,Offense %,0.05%,50000,1,545610,,,,0,,,,,0,
0Ec7HRCWQmK2G_tmcYoAdg,151,Health,5,Square,4,1,False,0,True,equippedStatMod,,Health,63,63,0,,Tenacity %,0.08%,80000,1,876659,Offense %,0.05%,50000,1,585660,Potency %,0.000134%,134,1,1344,,,,0,
0LxeukJNQPufeqkDa9KyWQ,151,Health,5,Square,5,1,False,0,False,unequippedMod,,Health,63,63,0,,Defense,197,197,1,1974,Protection %,4.59%,4590000,1,45998628,Offense %,0.05%,50000,1,546060,Defense %,0.000171%,171,1,1711
13GJC5pwR7yAD4D68wdwyw,151,Health,5,Square,3,1,False,0,False,unequippedMod,,Health,63,63,0,,Offense,72,72,1,721,Offense %,0.05%,50000,1,549420,,,,0,,,,,0,
5QH36Bc8QaKsn92MD9-ORA,151,Health,5,Square,3,1,False,0,True,equippedStatMod,,Health,63,63,0,,Offense %,0.05%,50000,1,542550,Critical Avoidance %,0.37%,370000,1,3639564,,,,0,,,,,0,
K5wsueluRIG0uEhKIo9O7Q,151,Health,5,Square,2,1,False,0,False,unequippedMod,,Health,63,63,0,,Offense %,0.05%,50000,1,523560,,,,0,,,,,0,,,,,0,
M5PLCoSBSk-oUunPPBUCgg,151,Health,5,Square,4,1,False,0,True,equippedStatMod,,Health,63,63,0,,Speed,148,148,1,1484,Health %,2.85%,2850000,1,28508329,Offense %,0.05%,50000,1,502890,,,,0,
MSEKWLRMStGD3FvnDb00aA,151,Health,5,Square,5,1,False,0,True,equippedStatMod,,Health,63,63,0,,Offense %,0.05%,50000,1,599790,Defense %,0.000121%,121,1,1218,Speed,121,121,1,1211,Defense,124,124,1,1240
MgyvL1ADSS6JID39qLpSrw,151,Health,5,Square,3,1,False,0,False,unequippedMod,,Health,63,63,0,,Offense %,0.05%,50000,1,522000,Offense,61,61,1,614,,,,0,,,,,0,
P-DeGPiFQxaYGfguMtDbgw,151,Health,5,Square,5,1,False,0,True,equippedStatMod,,Health,63,63,0,,Defense,161,161,1,1617,Speed,186,186,1,1864,Protection,116,116,1,1160,Offense %,0.05%,50000,1,567900
VaDI_Q7gQ0mPgRSBK1u9VA,151,Health,5,Square,3,1,False,0,True,equippedStatMod,,Health,63,63,0,,Offense %,0.05%,50000,1,517890,Tenacity %,0.08%,80000,1,830893,,,,0,,,,,0,
ZligkCMQRMutRwiXsh-OEg,151,Health,5,Square,3,1,False,0,True,equippedStatMod,,Health,63,63,0,,Offense %,0.05%,50000,1,554040,Protection %,7.32%,7320000,1,73263073,,,,0,,,,,0,
cTVUxI43Toy7qTRZjraP9g,151,Health,5,Square,3,1,False,0,True,equippedStatMod,,Health,63,63,0,,Potency %,0.000142%,142,1,1424,Offense %,0.05%,50000,1,513690,,,,0,,,,,0,
ffvQDApiQx-ehmNoLvpZzg,151,Health,5,Square,4,1,False,0,True,equippedStatMod,,Health,63,63,0,,Speed,196,196,1,1964,Health %,2.73%,2730000,1,27308249,Offense %,0.05%,50000,1,547890,,,,0,
jZrG_tA9SbSToH41wdaGjQ,151,Health,5,Square,3,1,False,0,True,equippedStatMod,,Health,63,63,0,,Defense %,0.00021%,210,1,2107,Offense %,0.05%,50000,1,551670,,,,0,,,,,0,
lcfs8cMxSe6tBtKlEzvNaA,151,Health,5,Square,4,1,False,0,True,equippedStatMod,,Health,63,63,0,,Protection,134,134,1,1347,Offense %,0.05%,50000,1,568710,Defense %,0.000196%,196,1,1964,,,,0,
nRWXfglRQTaP1xUwZv_ciQ,151,Health,5,Square,4,1,False,0,False,unequippedMod,,Health,63,63,0,,Protection %,6.58%,6580000,1,65800132,Offense %,0.05%,50000,1,506160,Speed,129,129,1,1297,,,,0,
nW-974v9Toq-o1NOE9n-4g,151,Health,5,Square,3,1,False,0,False,unequippedMod,,Health,63,63,0,,Offense %,0.05%,50000,1,564570,Protection %,4.59%,4590000,1,45919721,,,,0,,,,,0,
vXn7l36QQQqXv98nqfNX_A,151,Health,5,Square,4,1,False,0,True,equippedStatMod,,Health,63,63,0,,Potency %,0.000218%,218,1,2184,Offense %,0.05%,50000,1,554670,Defense,140,140,1,1409,,,,0,
wmEy4WMeSuKa4ZCLsLYWew,151,Health,5,Square,4,1,False,0,True,equippedStatMod,,Health,63,63,0,,Offense %,0.05%,50000,1,592200,Protection %,6.35%,6350000,1,63536747,Critical Avoidance %,0.4%,400000,1,3989316,,,,0,
ygHAD7RGR8KIx9mcoPIZNA,151,Health,5,Square,3,1,False,0,False,unequippedMod,,Health,63,63,0,,Offense %,0.05%,50000,1,546060,Speed,161,161,1,1617,,,,0,,,,,0,
0mq5v7WnR_2kKnmOzH8OiQ,154,Health,5,Triangle,2,15,False,0,True,equippedStatMod,,Speed,2350,2350,0,,Protection %,10.79%,10790000,2,58270743|49723869,Protection,104,104,1,1048,Offense %,0.05%,50000,1,586200,Health %,4.17%,4170000,1,41737068
1DPNygC8R-KSogcCmpbDeQ,154,Health,5,Triangle,5,15,False,0,True,equippedStatMod,,Health,588,588,0,,Offense %,0.15%,150000,3,575310|516870|413070,Defense,365,365,2,1558|2101,Critical Avoidance %,0.45%,450000,1,4485444,Speed,318,318,2,1975|1206
1ZCC67ckS7CBM8RNfugSuQ,154,Health,5,Triangle,3,15,False,0,True,equippedStatMod,,Speed,2350,2350,0,,Defense %,0.000301%,301,2,1426|1593,Defense,131,131,1,1311,Health %,3.24%,3240000,1,32404303,Offense %,0.1%,100000,2,512460|555630
1euLgkKnQ_C_hE_cu_1Vgw,154,Health,5,Triangle,2,15,False,0,True,equippedStatMod,,Critical Damage %,0.0036%,3600,0,,Protection %,6.57%,6570000,1,65729531,Offense %,0.05%,50000,1,552180,Potency %,0.000168%,168,1,1686,Health,77,77,2,373|400
6RdzNIB0S4OIuo3wOVsD3Q,154,Health,5,Triangle,3,15,False,0,True,equippedStatMod,,Defense,1200,1200,0,,Protection,302,302,2,1689|1340,Offense %,0.05%,50000,1,504000,Health,44,44,1,440,Protection %,10.04%,10040000,2,45080815|55359490
7uXIYJB6SKCjuIKHOoYhig,154,Health,5,Triangle,2,15,False,0,True,equippedStatMod,,Offense,588,588,0,,Offense %,0.05%,50000,1,517890,Potency %,0.00015%,150,1,1507,Critical Avoidance %,0.74%,740000,2,3102852|4273632,Protection %,4.18%,4180000,1,41829016
8sE9QJqxSLaZQOjUMTEsuQ,154,Health,5,Triangle,2,15,False,0,True,equippedStatMod,,Speed,2350,2350,0,,Potency %,0.000152%,152,1,1526,Health,36,36,1,361,Offense %,0.05%,50000,1,525480,Defense %,0.000397%,397,2,1747|2229
CK038Kq_SJ6BoD9hgMhEMA,154,Health,5,Triangle,3,15,False,0,True,equippedStatMod,,Critical Damage %,0.0036%,3600,0,,Protection,281,281,2,1339|1477,Defense %,0.000407%,407,2,2127|1952,Critical Avoidance %,0.46%,460000,1,4524660,Offense %,0.05%,50000,1,501720
Cp1ZfAhYSY-FGpKnSGx2Jw,154,Health,5,Triangle,5,15,False,0,True,equippedStatMod,,Offense,588,588,0,,Defense %,0.000319%,319,2,1885|1312,Speed,156,156,1,1562,Protection %,8.01%,8010000,1,80107217,Offense %,0.18%,180000,4,598320|462030|389370|429630
FUZn-wRBQZaV03OBx-WI0w,154,Health,5,Triangle,1,15,False,0,True,equippedStatMod,,Protection,1175,1175,0,,Defense,206,206,1,2063,Defense %,0.000219%,219,1,2195,Critical Avoidance %,0.32%,320000,1,3194508,Offense %,0.05%,50000,1,522810
H3CVyHNEQ0GfTyFP7z2QAg,154,Health,5,Triangle,2,15,False,0,True,equippedStatMod,,Health,588,588,0,,Offense %,0.05%,50000,1,504840,Defense %,0.000295%,295,2,1623|1330,Defense,138,138,1,1389,Critical Avoidance %,0.25%,250000,1,2430936
KXkkDOyeT9WSlC1-dVW77g,154,Health,5,Triangle,5,15,False,0,True,equippedStatMod,,Critical Damage %,0.0036%,3600,0,,Offense %,0.14%,140000,3,548820|519810|409320,Offense,144,144,2,850|598,Defense,195,195,1,1955,Critical Avoidance %,0.6%,600000,2,2467644|3476772
LlVf1ZAmRBq3kXj75JnBWw,154,Health,5,Triangle,5,15,False,0,True,equippedStatMod,,Protection,1175,1175,0,,Health %,3.27%,3270000,1,32798615,Offense,204,204,2,1109|934,Defense,328,328,2,1796|1493,Offense %,0.14%,140000,3,516270|536490|361140
MmuIkgwaTCKLfkSKVtzz9w,154,Health,5,Triangle,4,15,False,0,True,equippedStatMod,,Critical Damage %,0.0036%,3600,0,,Offense,177,177,2,646|1124,Health %,4.07%,4070000,1,40751288,Offense %,0.07%,70000,2,467580|309750,Protection,276,276,2,1142|1619
RET1wHCKTsWVjSnsww9rKQ,154,Health,5,Triangle,1,15,False,0,True,equippedStatMod,,Offense,588,588,0,,Offense %,0.05%,50000,1,562650,Protection %,7.3%,7300000,1,73047117,Health %,3.5%,3500000,1,35085196,Defense %,0.000181%,181,1,1813
SeBCvs5LRfWJd3OudUy_Gw,154,Health,5,Triangle,3,15,False,0,True,equippedStatMod,,Defense,1200,1200,0,,Health,83,83,2,325|514,Offense %,0.05%,50000,1,516630,Tenacity %,0.06%,60000,1,664685,Offense,188,188,2,994|892
StaDuS-mTcyFZZgiRVYlCA,154,Health,5,Triangle,5,15,False,0,True,equippedStatMod,,Health,588,588,0,,Offense %,0.13%,130000,3,525840|407790|404430,Protection %,5.28%,5280000,1,52822007,Potency %,0.000316%,316,2,1921|1247,Defense %,0.000331%,331,2,2052|1260
UUcODDSETI6M2AUt-5NwNA,154,Health,5,Triangle,3,15,False,0,True,equippedStatMod,,Speed,2350,2350,0,,Potency %,0.000185%,185,1,1856,Offense %,0.11%,110000,2,517890|595380,Defense,115,115,1,1159,Protection,247,247,2,1193|1279
XXSnkPwuQMaEh7eWKTbzrQ,154,Health,5,Triangle,3,15,False,0,True,equippedStatMod,,Health,588,588,0,,Potency %,0.000323%,323,2,1591|1641,Tenacity %,0.05%,50000,1,588588,Offense %,0.05%,50000,1,555870,Defense %,0.000309%,309,2,1599|1498
fybMtp1zRQi04QCoNS0ITw,154,Health,5,Triangle,1,15,False,0,True,equippedStatMod,,Speed,2350,2350,0,,Protection %,6.31%,6310000,1,63167130,Critical Avoidance %,0.42%,420000,1,4175820,Offense,95,95,1,953,Offense %,0.05%,50000,1,536100
jA_3VaooTua4rXh6EQyr9A,154,Health,5,Triangle,3,15,True,0,True,equippedStatMod,,Offense,588,588,0,,Offense %,0.11%,110000,2,516510|599910,Protection,210,210,2,989|1115,Potency %,0.000182%,182,1,1824,Tenacity %,0.05%,50000,1,588000
krA25HXOSQCGdLiJinSPDw,154,Health,5,Triangle,1,15,False,0,True,equippedStatMod,,Health,588,588,0,,Tenacity %,0.09%,90000,1,960645,Offense %,0.05%,50000,1,501420,Defense %,0.000175%,175,1,1751,Speed,125,125,1,1257
lzT4QUfmQN6x6MfRKdThgA,154,Health,5,Triangle,4,15,False,0,True,equippedStatMod,,Offense,588,588,0,,Critical Avoidance %,0.69%,690000,2,4246728|2553372,Offense %,0.08%,80000,2,563970|305130,Defense,128,128,1,1288,Speed,277,277,2,1508|1269
nx5cegY4SbSqoB9DrTPH2Q,154,Health,5,Triangle,5,15,False,0,True,equippedStatMod,,Protection,1175,1175,0,,Health,105,105,2,503|548,Offense %,0.11%,110000,2,575970|595140,Speed,292,292,2,1294|1630,Critical Avoidance %,0.59%,590000,2,2387844|3499344
qovVKfHWRQmaS6z0siIV-g,154,Health,5,Triangle,5,15,False,0,True,equippedStatMod,,Critical Damage %,0.0036%,3600,0,,Speed,583,583,3,2200|2149|1485,Offense,86,86,1,860,Offense %,0.11%,110000,2,592320|558510,Defense %,0.000291%,291,2,1331|1582
uivq8au3SACa-yqKfMqqjA,154,Health,5,Triangle,1,15,False,0,True,equippedStatMod,,Speed,2350,2350,0,,Offense,108,108,1,1087,Protection %,7%,7000000,1,70048651,Critical Avoidance %,0.4%,400000,1,3944856,Offense %,0.05%,50000,1,560040
vY8Bw4H-S0asPCRWreXmUA,154,Health,5,Triangle,5,15,False,0,True,equippedStatMod,,Defense,1200,1200,0,,Offense %,0.05%,50000,1,560640,Health,113,113,3,490|293|354,Tenacity %,0.16%,160000,2,857990|839272,Protection,206,206,2,887|1177
wxthSAvNQLmKt7NIcA_9Gw,154,Health,5,Triangle,4,15,False,0,True,equippedStatMod,,Critical Damage %,0.0036%,3600,0,,Offense %,0.03%,30000,1,350610,Potency %,0.00021%,210,1,2102,Defense,374,374,2,2094|1652,Tenacity %,0.23%,230000,3,841232|964957|562324
zluG3tYbQnucTVLKg8LXhA,154,Health,5,Triangle,5,15,False,0,True,equippedStatMod,,Offense,588,588,0,,Protection %,7.24%,7240000,1,72420014,Potency %,0.000198%,198,1,1985,Offense %,0.11%,110000,2,538740|583440,Health %,14.54%,14540000,4,35770956|39463345|32601459|37594649
3N1B_dDHRmavCgoaZmgvkg,154,Health,5,Triangle,1,12,False,0,True,equippedStatMod,,Offense,475,475,0,,Speed,124,124,1,1244,Offense %,0.05%,50000,1,511440,Tenacity %,0.05%,50000,1,506072,Critical Avoidance %,0.41%,410000,1,4063416
5OVovoZORIubT920SBTfuw,154,Health,5,Triangle,1,12,False,0,True,equippedStatMod,,Offense,475,475,0,,Health %,3.31%,3310000,1,33188641,Offense %,0.03%,30000,1,320430,Protection %,7.22%,7220000,1,72262200,Tenacity %,0.06%,60000,1,657776
6My7bsd2QEihzpwjjMOU-Q,154,Health,5,Triangle,1,12,False,0,True,equippedStatMod,,Health,475,475,0,,Offense %,0.05%,50000,1,548460,Defense %,0.000184%,184,1,1847,Protection %,5.29%,5290000,1,52971515,Critical Avoidance %,0.3%,300000,1,2986116
BIcBfoSnSLSRmXMZ3uqf4A,154,Health,5,Triangle,1,12,False,0,True,equippedStatMod,,Critical Damage %,0.002925%,2925,0,,Offense %,0.05%,50000,1,562680,Protection,162,162,1,1626,Health %,2.23%,2230000,1,22366491,Health,33,33,1,339
BTs8nSfQRPCw4YK5XGcQHA,154,Health,5,Triangle,1,12,False,0,True,equippedStatMod,,Defense,975,975,0,,Speed,167,167,1,1673,Potency %,0.000128%,128,1,1289,Tenacity %,0.08%,80000,1,859852,Offense %,0.05%,50000,1,588540
FAOFeMpHQVWI4L0OQp9gDA,154,Health,5,Triangle,1,12,False,0,True,equippedStatMod,,Critical Damage %,0.002925%,2925,0,,Health %,4.12%,4120000,1,41299896,Offense,97,97,1,977,Tenacity %,0.07%,70000,1,714910,Offense %,0.05%,50000,1,584160
IvH7E5IiTxi3_CR170PKNA,154,Health,5,Triangle,1,12,False,0,True,equippedStatMod,,Health,475,475,0,,Speed,140,140,1,1409,Potency %,0.000221%,221,1,2211,Offense %,0.05%,50000,1,509340,Critical Avoidance %,0.26%,260000,1,2583924
Ny7fsKgdQYiRQXtfLvSYsQ,154,Health,5,Triangle,1,12,False,0,True,equippedStatMod,,Defense,975,975,0,,Potency %,0.000149%,149,1,1494,Tenacity %,0.07%,70000,1,702317,Defense %,0.000144%,144,1,1447,Offense %,0.05%,50000,1,559800
Oh21iESwSoeq3HGYpF3NzQ,154,Health,5,Triangle,1,12,False,0,True,equippedStatMod,,Critical Damage %,0.002925%,2925,0,,Protection %,5.22%,5220000,1,52219822,Potency %,0.000118%,118,1,1181,Critical Avoidance %,0.44%,440000,1,4332000,Offense,65,65,1,659
OmjCxfh6TGSztrf7hmFmBQ,154,Health,5,Triangle,1,12,False,0,True,equippedStatMod,,Critical Damage %,0.002925%,2925,0,,Tenacity %,0.07%,70000,1,742595,Protection %,7.39%,7390000,1,73915094,Speed,130,130,1,1306,Offense %,0.05%,50000,1,556980
TFzuwlFtQUSHohel1B4IGw,154,Health,5,Triangle,1,12,False,0,True,equippedStatMod,,Offense,475,475,0,,Speed,159,159,1,1593,Tenacity %,0.08%,80000,1,899101,Protection %,8.12%,8120000,1,81240986,Health,31,31,1,315
Yh1u6i8GReWNsOlart_X-g,154,Health,5,Triangle,1,12,False,0,True,equippedStatMod,,Protection,950,950,0,,Tenacity %,0.08%,80000,1,883078,Offense %,0.05%,50000,1,529140,Potency %,0.000224%,224,1,2248,Defense,186,186,1,1867
fWKcYsi4Rg-ZlSDng9d4jQ,154,Health,5,Triangle,1,12,False,0,True,equippedStatMod,,Protection,950,950,0,,Tenacity %,0.08%,80000,1,882049,Health,36,36,1,360,Offense,97,97,1,972,Protection %,6.18%,6180000,1,61834017
i3nIiNW7QY6nHor_1UXQbw,154,Health,5,Triangle,1,12,False,0,True,equippedStatMod,,Health,475,475,0,,Potency %,0.000138%,138,1,1385,Critical Avoidance %,0.36%,360000,1,3587124,Protection,127,127,1,1275,Offense %,0.05%,50000,1,588930
jnLmu6akSMu6L03tT8mV3g,154,Health,5,Triangle,1,12,False,0,True,equippedStatMod,,Health,475,475,0,,Offense %,0.05%,50000,1,556890,Protection,94,94,1,944,Potency %,0.000219%,219,1,2195,Health %,3.58%,3580000,1,35845961
mhjW9bkoStWe40-ekHsD3w,154,Health,5,Triangle,1,12,False,0,True,equippedStatMod,,Critical Damage %,0.002925%,2925,0,,Defense,148,148,1,1482,Defense %,0.000158%,158,1,1581,Tenacity %,0.08%,80000,1,823200,Offense %,0.05%,50000,1,580440
o88Ebo0NQ-Kb0sPJePEbfQ,154,Health,5,Triangle,1,12,False,0,True,equippedStatMod,,Offense,475,475,0,,Tenacity %,0.05%,50000,1,535325,Protection %,5.77%,5770000,1,57764077,Protection,150,150,1,1504,Offense %,0.05%,50000,1,570120
pQ2KL0fxTqe_x_uCRTO_lA,154,Health,5,Triangle,1,12,False,0,True,equippedStatMod,,Speed,1900,1900,0,,Health,55,55,1,551,Offense %,0.05%,50000,1,525360,Potency %,0.000199%,199,1,1990,Defense,115,115,1,1153
s386TkihRk-TSy0hsGaiHA,154,Health,5,Triangle,1,12,False,0,True,equippedStatMod,,Protection,950,950,0,,Offense %,0.05%,50000,1,596400,Health,47,47,1,479,Health %,2.18%,2180000,1,21892888,Potency %,0.000141%,141,1,1418
19rZf718St6S4i9vDqjCuQ,154,Health,5,Triangle,2,9,False,0,True,equippedStatMod,,Defense,750,750,0,,Offense,99,99,1,990,Potency %,0.000154%,154,1,1544,Speed,209,209,1,2092,Offense %,0.05%,50000,1,556440
Jat2imXCT7yY_BfpbZ373A,154,Health,5,Triangle,2,9,False,0,True,equippedStatMod,,Speed,1450,1450,0,,Critical Avoidance %,0.4%,400000,1,3986808,Defense %,0.000116%,116,1,1164,Health %,4.22%,4220000,1,42232101,Offense,85,85,1,857
OUMBDlHCTVmPRLXx4gtvyg,154,Health,5,Triangle,2,9,False,0,True,equippedStatMod,,Health,363,363,0,,Health %,2.6%,2600000,1,26026735,Tenacity %,0.08%,80000,1,810901,Offense,107,107,1,1074,Offense %,0.05%,50000,1,583020
VT9jpR_rQgianDmU5yNeKg,154,Health,5,Triangle,2,9,False,0,True,equippedStatMod,,Offense,363,363,0,,Protection %,6.03%,6030000,1,60368008,Critical Avoidance %,0.3%,300000,1,2938692,Offense %,0.05%,50000,1,528060,Potency %,0.000209%,209,1,2095
a0mQHiuHREGLc2uqJwD9lw,154,Health,5,Triangle,2,9,False,0,False,unequippedMod,,Critical Damage %,0.00225%,2250,0,,Defense %,0.000119%,119,1,1197,Offense %,0.05%,50000,1,576990,Critical Avoidance %,0.29%,290000,1,2870976,Protection,152,152,1,1529
bFKh8b8WRIW7y1yyRzcJ8g,154,Health,5,Triangle,2,9,False,0,False,unequippedMod,,Health,363,363,0,,Protection,86,86,1,869,Offense,88,88,1,888,Defense,181,181,1,1810,Offense %,0.05%,50000,1,511770
qSZ5I_R3SmyVY455cmB5_w,154,Health,5,Triangle,2,9,False,0,True,equippedStatMod,,Offense,363,363,0,,Protection,88,88,1,881,Offense %,0.05%,50000,1,588630,Health %,4.08%,4080000,1,40888440,Critical Avoidance %,0.24%,240000,1,2329476
rkovhpDTR4u8XiY2S3RZdA,154,Health,5,Triangle,2,9,False,0,True,equippedStatMod,,Speed,1450,1450,0,,Protection %,5.42%,5420000,1,54258945,Offense %,0.05%,50000,1,542730,Offense,80,80,1,800,Critical Avoidance %,0.34%,340000,1,3383520
3taK8vfbQlGuA561cNz8WQ,154,Health,5,Triangle,3,6,False,0,True,equippedStatMod,,Critical Damage %,0.001575%,1575,0,,Health,33,33,1,332,Protection,108,108,1,1081,Offense %,0.05%,50000,1,588390,Defense,151,151,1,1519
5iwnBcyfRfGuzML1zMesHA,154,Health,5,Triangle,3,6,False,0,False,unequippedMod,,Defense,525,525,0,,Protection,165,165,1,1650,Potency %,0.000168%,168,1,1688,Speed,202,202,1,2027,Offense %,0.05%,50000,1,532170
8Lea5T-rQiyxNauZMvbcOQ,154,Health,5,Triangle,3,6,False,0,True,equippedStatMod,,Health,250,250,0,,Offense,93,93,1,930,Tenacity %,0.05%,50000,1,577710,Protection %,5.73%,5730000,1,57340471,Offense %,0.05%,50000,1,530850
FXCFc0B6RIyzqjAuBW_qOw,154,Health,5,Triangle,3,6,False,0,True,equippedStatMod,,Defense,525,525,0,,Tenacity %,0.08%,80000,1,831628,Defense %,0.000176%,176,1,1761,Potency %,0.000131%,131,1,1313,Offense %,0.05%,50000,1,509610
JBeilLn-R2a5XelKj4ojSA,154,Health,5,Triangle,3,6,False,0,False,unequippedMod,,Defense,525,525,0,,Offense,104,104,1,1049,Health,31,31,1,310,Health %,3.43%,3430000,1,34373720,Offense %,0.05%,50000,1,510750
MWsoIYQVQQ6MjXU5Xan8BA,154,Health,5,Triangle,3,6,False,0,True,equippedStatMod,,Protection,500,500,0,,Critical Avoidance %,0.25%,250000,1,2479272,Protection %,5.43%,5430000,1,54300475,Speed,155,155,1,1559,Tenacity %,0.05%,50000,1,542626
U4BwqVOpRh6Yd4F4fL14-w,154,Health,5,Triangle,3,6,False,0,True,equippedStatMod,,Speed,1000,1000,0,,Tenacity %,0.06%,60000,1,605542,Critical Avoidance %,0.4%,400000,1,3948048,Offense,93,93,1,937,Health,55,55,1,552
Xiffy0DkQ_KclScFfPPn4A,154,Health,5,Triangle,3,6,False,0,True,equippedStatMod,,Critical Damage %,0.001575%,1575,0,,Defense,112,112,1,1125,Speed,132,132,1,1323,Protection %,7.29%,7290000,1,72934986,Protection,164,164,1,1645
_R-F1fmGTOmPtyIMboELMg,154,Health,5,Triangle,3,6,False,0,True,equippedStatMod,,Defense,525,525,0,,Health,39,39,1,393,Protection %,7.71%,7710000,1,77162740,Health %,2.89%,2890000,1,28981932,Offense %,0.05%,50000,1,569940
g7WMMnCrRaulD0nSk3PR4w,154,Health,5,Triangle,3,6,False,0,True,equippedStatMod,,Protection,500,500,0,,Speed,138,138,1,1384,Potency %,0.000197%,197,1,1972,Offense,102,102,1,1028,Offense %,0.05%,50000,1,598620
nevT3l0mRoWwQ_WPtlnDHQ,154,Health,5,Triangle,3,6,False,0,True,equippedStatMod,,Health,250,250,0,,Defense %,0.000191%,191,1,1912,Speed,191,191,1,1917,Health %,2.62%,2620000,1,26238892,Offense %,0.05%,50000,1,514260
q-G5jtHOQ8KWcac5r2db9A,154,Health,5,Triangle,3,6,False,0,True,equippedStatMod,,Critical Damage %,0.001575%,1575,0,,Potency %,0.000149%,149,1,1493,Speed,182,182,1,1823,Health %,3.25%,3250000,1,32532883,Offense,82,82,1,826
rQPjtC-cTpC96NNYrqKhig,154,Health,5,Triangle,3,6,False,0,True,equippedStatMod,,Defense,525,525,0,,Health,48,48,1,487,Potency %,0.000161%,161,1,1615,Speed,196,196,1,1961,Offense %,0.05%,50000,1,562140
rvp-blRURguaSB55hhbehQ,154,Health,5,Triangle,3,6,False,0,True,equippedStatMod,,Offense,250,250,0,,Defense,211,211,1,2112,Protection,125,125,1,1256,Critical Avoidance %,0.31%,310000,1,3027840,Offense %,0.04%,40000,1,483240
v5p2DKlWRBqM33WtNEogFA,154,Health,5,Triangle,3,6,False,0,True,equippedStatMod,,Health,250,250,0,,Potency %,0.000209%,209,1,2093,Defense,173,173,1,1734,Speed,138,138,1,1380,Offense %,0.05%,50000,1,535200
x4TFWQQJSRyUmqa71tl1Sw,154,Health,5,Triangle,3,6,False,0,True,equippedStatMod,,Speed,1000,1000,0,,Health %,2.41%,2410000,1,24134466,Potency %,0.00013%,130,1,1309,Health,51,51,1,512,Tenacity %,0.08%,80000,1,814135
ximLd41DT4i6Jo9eFTmBdA,154,Health,5,Triangle,3,6,False,0,False,unequippedMod,,Speed,1000,1000,0,,Protection,139,139,1,1393,Potency %,0.000207%,207,1,2073,Offense %,0.05%,50000,1,511830,Tenacity %,0.08%,80000,1,808696
DQd_dT0-Te6-yrpFrMxNWw,154,Health,5,Triangle,4,3,False,0,True,equippedStatMod,,Critical Damage %,0.0009%,900,0,,Critical Avoidance %,0.36%,360000,1,3579372,Protection,89,89,1,893,Defense %,0.000191%,191,1,1919,Offense %,0.04%,40000,1,402450
JEM0ohm2Q6GOj_rMPK5Dlg,154,Health,5,Triangle,4,3,False,0,True,equippedStatMod,,Speed,550,550,0,,Protection,138,138,1,1384,Health %,3.72%,3720000,1,37247483,Potency %,0.000142%,142,1,1427,Offense %,0.04%,40000,1,425970
POz95DH7QOy_YzIpUa7fgw,154,Health,5,Triangle,4,3,False,0,True,equippedStatMod,,Speed,550,550,0,,Potency %,0.000216%,216,1,2160,Defense %,0.000221%,221,1,2211,Protection,100,100,1,1003,Offense %,0.04%,40000,1,431550
-pDcxDbATzCepTJgMrJG1A,154,Health,5,Triangle,3,1,False,0,False,unequippedMod,,Critical Damage %,0.00045%,450,0,,Offense %,0.05%,50000,1,561630,Health %,2.77%,2770000,1,27743278,,,,0,,,,,0,
3HYCeSm1Q_ukE73o3VCvkg,154,Health,5,Triangle,3,1,False,0,True,equippedStatMod,,Critical Damage %,0.00045%,450,0,,Offense,64,64,1,649,Offense %,0.05%,50000,1,555060,,,,0,,,,,0,
4vfj8akkRNW6x8PlakPvKQ,154,Health,5,Triangle,5,1,False,0,True,equippedStatMod,,Health,63,63,0,,Speed,173,173,1,1738,Defense %,0.000126%,126,1,1265,Protection,108,108,1,1087,Offense %,0.05%,50000,1,582660
91Nra5H5RSGbc05UOXMUpg,154,Health,5,Triangle,3,1,False,0,True,equippedStatMod,,Health,63,63,0,,Speed,122,122,1,1221,Offense %,0.05%,50000,1,548310,,,,0,,,,,0,
AF-kb9zNQUGsDaX47yZFFg,154,Health,5,Triangle,3,1,False,0,True,equippedStatMod,,Offense,63,63,0,,Speed,130,130,1,1307,Offense %,0.05%,50000,1,569250,,,,0,,,,,0,
BTtioLlWRkWRgrSjcBz2EQ,154,Health,5,Triangle,3,1,False,0,False,unequippedMod,,Health,63,63,0,,Offense %,0.05%,50000,1,561630,Tenacity %,0.07%,70000,1,727748,,,,0,,,,,0,
GbnjXcgwSB6Y0iabUxhxHg,154,Health,5,Triangle,3,1,False,0,False,unequippedMod,,Health,63,63,0,,Tenacity %,0.07%,70000,1,701778,Offense %,0.05%,50000,1,513480,,,,0,,,,,0,
KuSnd7b0Qs2ONlK6HJj1fQ,154,Health,5,Triangle,5,1,False,0,False,unequippedMod,,Health,63,63,0,,Defense %,0.000174%,174,1,1747,Defense,176,176,1,1768,Offense %,0.05%,50000,1,598290,Health %,3.79%,3790000,1,37999676
Og9RCNY4QeOT9o1GAZLDTA,154,Health,5,Triangle,5,1,False,0,True,equippedStatMod,,Health,63,63,0,,Tenacity %,0.05%,50000,1,598094,Offense %,0.04%,40000,1,496080,Protection %,4.32%,4320000,1,43224424,Health %,4.18%,4180000,1,41816359
S3qMgF8gS62jnaUtyNKr5w,154,Health,5,Triangle,3,1,False,0,False,unequippedMod,,Protection,125,125,0,,Offense %,0.05%,50000,1,554400,Tenacity %,0.08%,80000,1,853972,,,,0,,,,,0,
WmM_xOC4RWykecVKPHJNqA,154,Health,5,Triangle,2,1,False,0,True,equippedStatMod,,Offense,63,63,0,,Offense %,0.03%,30000,1,374490,,,,0,,,,,0,,,,,0,
Zz9GuQoMQZK5-RqfwWVoFA,154,Health,5,Triangle,5,1,False,0,False,unequippedMod,,Protection,125,125,0,,Defense %,0.000148%,148,1,1482,Offense %,0.05%,50000,1,501690,Health,41,41,1,413,Offense,87,87,1,878
bjXWbLrnS0C65c7_AoSsmQ,154,Health,5,Triangle,4,1,False,0,True,equippedStatMod,,Defense,150,150,0,,Protection,139,139,1,1397,Offense %,0.05%,50000,1,508470,Health %,3.5%,3500000,1,35023049,,,,0,
ewfgQjdGT_CSASLZpA5kwA,154,Health,5,Triangle,4,1,False,0,True,equippedStatMod,,Protection,125,125,0,,Offense %,0.04%,40000,1,435450,Potency %,0.000168%,168,1,1685,Defense,191,191,1,1913,,,,0,
f7Xfdw2UR-ixViCPaPMiFg,154,Health,5,Triangle,3,1,False,0,False,unequippedMod,,Protection,125,125,0,,Offense %,0.05%,50000,1,585390,Defense,126,126,1,1261,,,,0,,,,,0,
hpylgMfbQ5SLiRFCgbcoMg,154,Health,5,Triangle,3,1,False,0,False,unequippedMod,,Protection,125,125,0,,Offense %,0.05%,50000,1,545730,Critical Avoidance %,0.33%,330000,1,3284340,,,,0,,,,,0,
iYjlxH12Tw6g9BQrpMbOvA,154,Health,5,Triangle,4,1,False,0,True,equippedStatMod,,Health,63,63,0,,Tenacity %,0.06%,60000,1,617400,Offense %,0.05%,50000,1,570960,Speed,182,182,1,1822,,,,0,
lCs6l3YlShy7aV_2b0uYkg,154,Health,5,Triangle,4,1,False,0,False,unequippedMod,,Critical Damage %,0.00045%,450,0,,Offense %,0.05%,50000,1,563490,Speed,178,178,1,1787,Health %,3.19%,3190000,1,31932843,,,,0,
mSfmPrPzTISKAbglosyhfw,154,Health,5,Triangle,4,1,False,0,True,equippedStatMod,,Critical Damage %,0.00045%,450,0,,Offense %,0.05%,50000,1,517050,Offense,92,92,1,920,Health,34,34,1,345,,,,0,
8LT8-B68RzKsmmJF83MdPQ,162,Health,6,Arrow,5,15,False,0,True,equippedStatMod,,Offense %,0.32%,320000,0,,Defense,168,168,1,1680,Protection %,36.99%,36990000,5,49233800|60784400|87413800|82073200|90449800,Tenacity %,0.44%,440000,4,878880|821440|1346960|1413520,Protection,742,742,2,3533|3893
9J7_cDM7QmSfePd0drGLUA,162,Health,6,Arrow,1,15,False,0,False,unequippedMod,,Speed,2400,2400,0,,Offense %,0.06%,60000,1,519840,Defense %,0.00035%,350,2,1762|1746,Health,250,250,2,905|1596,Defense,661,661,3,2125|2306|2182
HyyDXHzcRmKwyL5B5oQy9Q,162,Health,6,Arrow,5,15,False,0,True,equippedStatMod,,Offense %,0.32%,320000,0,,Health,249,249,2,1137|1353,Speed,667,667,3,2272|2597|1804,Defense,994,994,5,2164|1978|1501|2032|2267,Tenacity %,0.2%,200000,2,1078560|1012960
KtrBBnDIQCmfxhDAlpylEw,162,Health,6,Arrow,1,15,False,0,True,equippedStatMod,,Offense %,0.32%,320000,0,,Health,271,271,2,1031|1684,Tenacity %,0.13%,130000,1,1301040,Defense,534,534,3,1477|2116|1753,Health %,6.99%,6990000,2,34792200|35199900
U5rcRJLySgKKhEZFBwH8jQ,162,Health,6,Arrow,5,15,False,0,True,equippedStatMod,,Critical Chance %,0.0035%,3500,0,,Protection %,40.54%,40540000,5,87326400|86940000|77468600|79000400|74699400,Defense,579,579,3,1460|2056|2281,Tenacity %,0.39%,390000,3,1183040|1299680|1448960,Offense %,0.06%,60000,1,530340
dr7qwzWiR8eLZl5DpQGBOg,162,Health,6,Arrow,1,15,False,0,True,equippedStatMod,,Offense %,0.32%,320000,0,,Defense %,0.001028%,1028,4,2524|2736|2951|2071,Protection,313,313,1,3136,Defense,249,249,2,1216|1278,Potency %,0.000164%,164,1,1649
f03EAVMZSXe8xVWNXJgBsQ,162,Health,6,Arrow,3,15,False,0,True,equippedStatMod,,Critical Chance %,0.0035%,3500,0,,Defense,443,443,2,2297|2139,Offense %,0.09%,90000,2,521250|358860,Health,427,427,4,879|938|985|1468,Tenacity %,0.26%,260000,2,1227600|1448640
wIVQrm2ySaSea78fT9rIZQ,162,Health,6,Arrow,5,15,False,0,True,equippedStatMod,,Offense %,0.32%,320000,0,,Potency %,0.000738%,738,3,2988|2093|2306,Speed,679,679,3,2109|1821|2868,Tenacity %,0.37%,370000,3,993440|1285760|1447680,Protection %,21.56%,21560000,3,66217000|65628200|83756800
wuaaxeHKRH6KhUTB_u4RZA,162,Health,6,Arrow,5,15,False,0,True,equippedStatMod,,Offense %,0.32%,320000,0,,Speed,1116,1116,5,1941|2430|2110|2667|2019,Defense %,0.00048%,480,2,2281|2525,Protection,259,259,1,2597,Health,577,577,4,1438|1354|1682|1296
-4SBg_cUT5in7asynsUPjQ,165,Health,6,Circle,1,15,False,0,True,equippedStatMod,,Speed,2400,2400,0,,Offense %,0.1%,100000,2,586680|383310,Offense,470,470,3,1963|1419|1319,Tenacity %,0.21%,210000,2,1076880|1073280,Potency %,0.000171%,171,1,1714
490Gjo_zQM-9JZhBbqoIhw,165,Health,6,Circle,1,15,False,0,True,equippedStatMod,,Offense,1600,1600,0,,Speed,550,550,2,2878|2629,Critical Avoidance %,0.42%,420000,1,4110250,Offense %,0.17%,170000,4,536730|392520|382770|382230,Defense,157,157,1,1572
4v6jAAAqRXu2nm3cxCmagw,165,Health,6,Circle,5,15,False,0,True,equippedStatMod,,Offense,1600,1600,0,,Health,601,601,5,899|1243|1294|1164|1411,Health %,16.01%,16010000,4,39584700|36512100|36487800|47603700,Tenacity %,0.23%,230000,2,977120|1414560,Offense %,0.06%,60000,1,518820
7ZBO9vYtRlyBDhuhJSc4Vg,165,Health,6,Circle,2,15,False,2,True,equippedStatMod,,Offense,1600,1600,0,,Tenacity %,0.09%,90000,1,926800,Potency %,0.000799%,799,3,2756|2338|2902,Offense %,0.09%,90000,2,523350|327240,Protection %,19%,19000000,3,67831600|61929800|60269200
CCsBzZyzT62AY52z6IxzVw,165,Health,6,Circle,5,15,False,1,True,equippedStatMod,,Offense,1600,1600,0,,Potency %,0.000716%,716,3,2386|1999|2776,Tenacity %,0.11%,110000,1,1191360,Offense %,0.24%,240000,5,578160|437130|448890|384000|520770,Protection,953,953,3,2156|3677|3704
IQoDMezQSGuK3orXtSwDnw,165,Health,6,Circle,2,15,False,0,True,equippedStatMod,,Speed,2400,2400,0,,Offense %,0.06%,60000,1,587310,Defense,518,518,3,1623|1239|2319,Potency %,0.000488%,488,2,2009|2877,Defense %,0.000647%,647,3,2711|1782|1977
M95g1C8mRTG4Tbf1RgCZiw,165,Health,6,Circle,1,15,False,0,False,unequippedMod,,Offense,1600,1600,0,,Offense %,0.09%,90000,2,514470|321450,Speed,982,982,4,2959|2250|2900|1713,Health %,5.16%,5160000,1,51605100,Defense,141,141,1,1419
OIbR_lnER-2OS0blmWbcHg,165,Health,6,Circle,5,15,False,0,True,equippedStatMod,,Speed,2400,2400,0,,Critical Avoidance %,1.07%,1070000,3,4494000|2955000|3224750,Tenacity %,0.54%,540000,4,950400|1596400|1504480|1351120,Offense %,0.11%,110000,2,503880|566070,Offense,486,486,3,1665|1737|1464
TgzfiEbXQ--qWfCl0IRxww,165,Health,6,Circle,1,15,False,0,True,equippedStatMod,,Offense,1600,1600,0,,Protection,258,258,1,2588,Health %,10.19%,10190000,2,49491000|52490700,Speed,532,532,2,2711|2608,Offense %,0.16%,160000,3,504720|448800|586920
Vv_gaa_sRRyNv9cilyobBA,165,Health,6,Circle,5,15,False,4,True,equippedStatMod,,Offense,1600,1600,0,,Speed,445,445,2,1989|2463,Health %,11.55%,11550000,3,44922600|34641000|36004500,Offense %,0.11%,110000,2,519810|562050,Tenacity %,0.64%,640000,5,1063680|1158000|1415600|1569680|1202560
WjKm_xSGSzKTzxg204HDcA,165,Health,6,Circle,5,15,False,4,True,equippedStatMod,,Offense,1600,1600,0,,Protection,281,281,1,2817,Defense,406,406,2,1935|2130,Health %,18.18%,18180000,4,46537200|43715700|41887800|49688100,Offense %,0.22%,220000,5,549330|335400|351690|430230|462570
Zg_FNsAFQJu6tgS_zcDTIg,165,Health,6,Circle,5,15,False,2,True,equippedStatMod,,Offense,1600,1600,0,,Defense %,0.001107%,1107,5,2860|1764|2166|1953|2332,Critical Avoidance %,1.25%,1250000,3,4638250|4520000|3316500,Tenacity %,0.23%,230000,2,813440|1514240,Offense %,0.09%,90000,2,551370|326550
bBXB7QldSA6VEg_qFCc-Kg,165,Health,6,Circle,1,15,False,0,True,equippedStatMod,,Speed,2400,2400,0,,Offense %,0.15%,150000,3,571380|510180|374940,Protection %,17.3%,17300000,2,83807400|89221600,Health,280,280,2,1392|1414,Tenacity %,0.14%,140000,1,1485040
bUhNNukSRUCLLw6ReAFu0A,165,Health,6,Circle,3,15,False,0,True,equippedStatMod,,Offense,1600,1600,0,,Health,252,252,2,1330|1197,Defense %,0.000533%,533,3,1620|1521|2198,Potency %,0.000253%,253,1,2534,Offense %,0.19%,190000,4,427980|396210|431760|566850
s-xwI00LTfydMayJMlWhVg,165,Health,6,Circle,1,15,False,0,True,equippedStatMod,,Offense,1600,1600,0,,Defense %,0.00075%,750,3,2732|2197|2573,Potency %,0.000462%,462,2,2017|2603,Offense %,0.1%,100000,2,521340|461700,Health,152,152,1,1529
xisTcrJQQHmmoNJyuvijpw,165,Health,6,Circle,1,15,False,0,True,equippedStatMod,,Speed,2400,2400,0,,Health,118,118,1,1181,Protection %,11.11%,11110000,2,60186400|50968000,Defense %,0.000714%,714,3,1989|2837|2320,Offense %,0.1%,100000,2,562260|392730
ADr96SRKTtuqXZ1mkQvtZQ,166,Health,6,Cross,1,15,False,0,True,equippedStatMod,,Speed,2400,2400,0,,Health %,5.22%,5220000,1,52218000,Offense %,0.08%,80000,2,353940|416700,Defense %,0.000693%,693,3,2534|1746|2654,Health,190,190,2,958|948
DTrIFH6xRHWBJ7KnUClglQ,166,Health,6,Cross,3,15,False,0,True,equippedStatMod,,Speed,2400,2400,0,,Offense,455,455,3,1511|1957|1086,Offense %,0.1%,100000,2,587400|316350,Protection,978,978,3,3387|3220|3176,Tenacity %,0.27%,270000,2,1274160|1433120
EKgIVvZ9RVmUFxwsdT-Z6Q,166,Health,6,Cross,1,15,False,0,True,equippedStatMod,,Offense,1600,1600,0,,Speed,680,680,3,2682|1544|2578,Offense %,0.1%,100000,2,549930|422850,Health %,8.46%,8460000,2,41056200|43629300,Defense,125,125,1,1253
GCRGSCzhQemmZ1MPo7A1ig,166,Health,6,Cross,1,15,False,1,True,equippedStatMod,,Offense,1600,1600,0,,Critical Avoidance %,0.76%,760000,2,4423000|3173000,Tenacity %,0.23%,230000,2,1571120|807120,Potency %,0.000319%,319,2,1616|1580,Offense %,0.09%,90000,2,512580|342150
HtNxefV8T2Ozs34jW4-PWg,166,Health,6,Cross,5,15,False,5,True,equippedStatMod,,Health,850,850,0,,Speed,975,975,4,2434|2403|2205|2713,Defense %,0.000482%,482,2,2533|2292,Offense %,0.1%,100000,2,586380|385590,Tenacity %,0.41%,410000,4,1256800|944800|1007760|974640
MNQKiGgvTOOW1nhjYcxlZA,166,Health,6,Cross,5,15,False,2,True,equippedStatMod,,Health,850,850,0,,Defense %,0.000512%,512,2,2865|2257,Protection,592,592,2,2999|2922,Offense %,0.19%,190000,4,551640|342870|426480|496320,Speed,1077,1077,4,2496|2736|2755|2793
MQE2tTxgSp62EEZOgAfvZA,166,Health,6,Cross,5,15,False,0,False,unequippedMod,,Defense %,0.003%,3000,0,,Offense %,0.1%,100000,2,455940|480180,Speed,1078,1078,5,1969|2046|2922|1701|2142,Health %,12.62%,12620000,3,39690000|38626200|47946600,Potency %,0.000376%,376,2,2100|1666
TBpgwtEwSbe7K_VZrMT5KA,166,Health,6,Cross,4,15,False,0,True,equippedStatMod,,Speed,2400,2400,0,,Tenacity %,0.24%,240000,2,1325280|1122320,Offense %,0.22%,220000,5,536850|445230|465240|389550|343680,Defense,397,397,2,1646|2328,Offense,288,288,2,1624|1265
UFBWz36yT7SMqvxSFD9GCQ,166,Health,6,Cross,1,15,False,0,True,equippedStatMod,,Speed,2400,2400,0,,Offense %,0.09%,90000,2,574050|312600,Tenacity %,0.39%,390000,3,1442880|1172880|1355360,Protection %,10.77%,10770000,2,61621600|46151800,Defense,158,158,1,1581
ZkFIpPgURRuvy3jgvuzWEw,166,Health,6,Cross,5,15,False,2,True,equippedStatMod,,Health,850,850,0,,Defense %,0.000878%,878,4,2380|1655|1844|2906,Offense %,0.17%,170000,3,597480|597360|413550,Tenacity %,0.24%,240000,2,1330400|1086320,Defense,585,585,3,2325|1461|2072
bXZOqhzoQCCpI_n76W0fCA,166,Health,6,Cross,1,15,False,0,True,equippedStatMod,,Protection,2000,2000,0,,Speed,427,427,2,2338|1934,Protection %,21.53%,21530000,3,46000000|84101800|85242600,Offense %,0.06%,60000,1,513720,Critical Avoidance %,0.7%,700000,2,3037750|3887500
e7sEZyaUTsSZVBDhnhZ0ZQ,166,Health,6,Cross,5,15,False,0,True,equippedStatMod,,Offense,1600,1600,0,,Health,237,237,2,1507|866,Defense %,0.000853%,853,4,1986|1935|2813|1795,Offense %,0.17%,170000,3,541440|548760|570810,Protection,788,788,3,2345|2302|3240
eZMEfKkCTSWPPCq67z4d4w,166,Health,6,Cross,1,15,False,0,True,equippedStatMod,,Potency %,0.0035%,3500,0,,Tenacity %,0.29%,290000,3,1023280|940720|1004800,Critical Avoidance %,1.13%,1130000,3,3330750|4892000|2986750,Offense %,0.06%,60000,1,547050,Protection %,6.65%,6650000,1,66585000
gzpAQikYQt-5as5ch3eZxw,166,Health,6,Cross,5,15,False,0,True,equippedStatMod,,Offense,1600,1600,0,,Health %,6.94%,6940000,2,35777700|33679800,Protection %,17.43%,17430000,2,89148000|85173600,Offense %,0.2%,200000,5,576660|427620|320160|315210|357750,Critical Avoidance %,1.16%,1160000,3,4145250|3213000|4156000
hmDCqwXpQ3W_8qsZgTj6jg,166,Health,6,Cross,1,15,False,0,True,equippedStatMod,,Defense %,0.003%,3000,0,,Health %,6.27%,6270000,2,34870500|27831600,Potency %,0.000554%,554,3,1501|2180|1867,Speed,462,462,2,2526|2102,Offense %,0.06%,60000,1,509820
kBT3tvD7RwKo-iM0hzIWWA,166,Health,6,Cross,2,15,False,0,True,equippedStatMod,,Defense %,0.003%,3000,0,,Defense,721,721,4,1605|1621|2207|1782,Tenacity %,0.28%,280000,2,1433680|1430480,Critical Avoidance %,0.26%,260000,1,2516000,Offense %,0.1%,100000,2,500340|480600
qdTJ8rjOS2KzL-_u3BmTQA,166,Health,6,Cross,2,15,False,0,True,equippedStatMod,,Health,850,850,0,,Potency %,0.000708%,708,3,2454|2644|1987,Defense,403,403,2,2175|1855,Defense %,0.000233%,233,1,2333,Offense %,0.16%,160000,3,543060|599220|445620
qnLqEYmrRvWm1CC7YrjF7A,166,Health,6,Cross,1,15,False,0,True,equippedStatMod,,Health,850,850,0,,Defense,191,191,1,1916,Offense %,0.06%,60000,1,574230,Tenacity %,0.45%,450000,4,1498960|1282160|877920|911200,Offense,354,354,2,1724|1818
v1BAOSQUQDWeiFLlr0C9Gg,166,Health,6,Cross,5,15,False,0,True,equippedStatMod,,Defense %,0.003%,3000,0,,Health %,8.08%,8080000,2,33139800|47660400,Potency %,0.000659%,659,3,1750|2559|2285,Protection,1115,1115,4,3435|2427|2134|3156,Offense %,0.15%,150000,3,532200|499890|401430
z7GLX75CQje7K5qkwoZ36A,166,Health,6,Cross,1,15,False,0,True,equippedStatMod,,Potency %,0.0035%,3500,0,,Offense %,0.06%,60000,1,508110,Offense,549,549,4,1660|1231|1112|1490,Speed,160,160,1,1600,Health %,6.97%,6970000,2,32067900|37675800
CH6eXnCKQg-W6VfI1e9IUw,163,Health,6,Diamond,1,15,False,0,True,equippedStatMod,,Protection,2000,2000,0,,Defense %,0.000284%,284,1,2849,Offense,345,345,2,1462|1995,Offense %,0.06%,60000,1,537300,Defense,670,670,4,1722|2082|1240|1663
EUc-hZQVRp2NblDjinvWOA,163,Health,6,Diamond,5,15,False,0,True,equippedStatMod,,Protection,2000,2000,0,,Offense,658,658,4,1753|1824|1066|1941,Offense %,0.1%,100000,2,530190|398640,Health,416,416,3,1699|853|1617,Tenacity %,0.35%,350000,3,1116880|830000|1555840
H4SU3Wv5Qn6OueLcex5NhA,163,Health,6,Diamond,2,15,False,0,True,equippedStatMod,,Protection,2000,2000,0,,Protection %,25.34%,25340000,4,51225600|82427400|46933800|72818000,Offense %,0.05%,50000,1,475680,Health %,4.94%,4940000,1,49437000,Tenacity %,0.34%,340000,3,1421680|1192160|853920
ON7E7tBwRE61AmV6TGlAYw,163,Health,6,Diamond,1,15,False,1,True,equippedStatMod,,Protection,2000,2000,0,,Critical Avoidance %,0.61%,610000,2,2616500|3445500,Defense,359,359,2,2052|1543,Health %,13.35%,13350000,3,39938400|42668100|50935500,Offense %,0.06%,60000,1,527190
OjHjOEysRUOZf1xJ0rS7sw,163,Health,6,Diamond,3,15,False,0,True,equippedStatMod,,Protection,2000,2000,0,,Offense %,0.15%,150000,3,557670|470010|386310,Defense,454,454,3,1622|1673|1246,Speed,385,385,2,2161|1693,Potency %,0.000462%,462,2,1724|2903
Q6kUpc_vR66Y4hRcEHWBFg,163,Health,6,Diamond,1,15,False,0,True,equippedStatMod,,Protection,2000,2000,0,,Defense %,0.000658%,658,3,2102|2106|2372,Offense %,0.06%,60000,1,595320,Speed,206,206,1,2061,Critical Avoidance %,1.12%,1120000,3,2795750|4513000|3791250
Y0U2gD7xRyGBvn7A0g-SQw,163,Health,6,Diamond,5,15,False,0,True,equippedStatMod,,Protection,2000,2000,0,,Defense,865,865,4,2338|2030|1952|2339,Protection %,15.37%,15370000,2,70978000|82754000,Offense %,0.18%,180000,4,503340|376050|593850|317790,Health,304,304,2,1421|1620
caa0xFw5QuiDmNOuzOvG1A,163,Health,6,Diamond,2,15,False,0,True,equippedStatMod,,Protection,2000,2000,0,,Critical Avoidance %,0.8%,800000,2,4323500|3635000,Defense %,0.000457%,457,2,2345|2233,Health %,2.78%,2780000,1,27842400,Offense %,0.2%,200000,4,537630|498990|565890|323700
cyZFJOROQX2UIOHYMHi9lg,163,Health,6,Diamond,1,15,False,0,True,equippedStatMod,,Protection,2000,2000,0,,Offense,265,265,2,1349|1309,Defense %,0.00049%,490,2,2609|2297,Defense,381,381,2,2184|1627,Offense %,0.11%,110000,2,581040|441570
o64hRAOgQ_ONCLqqpbnS4A,163,Health,6,Diamond,3,15,False,0,True,equippedStatMod,,Protection,2000,2000,0,,Tenacity %,0.33%,330000,3,958000|986960|1376800,Health %,3.01%,3010000,1,30159000,Offense,425,425,3,1617|1474|1165,Offense %,0.12%,120000,3,530790|312420|305010
6v_cC4VNQ1uQa8qoIaXRzg,161,Health,6,Square,1,15,False,1,True,equippedStatMod,,Health,850,850,0,,Protection,603,603,2,2833|3205,Speed,833,833,4,1782|2423|2249|1885,Offense %,0.06%,60000,1,583770,Defense %,0.000174%,174,1,1746
8yXsjCfmRxO5O0wOoyY-ew,161,Health,6,Square,2,15,False,0,True,equippedStatMod,,Health,850,850,0,,Protection,1139,1139,4,2107|3012|3573|2698,Defense %,0.000543%,543,2,2692|2744,Protection %,12.19%,12190000,2,67739600|54238600,Offense %,0.06%,60000,1,581580
BrqcXUVqRnS88X5P9fhf3g,161,Health,6,Square,1,15,False,0,True,equippedStatMod,,Health,850,850,0,,Protection,579,579,2,3538|2258,Protection %,15.53%,15530000,2,70651400|84663000,Offense %,0.11%,110000,2,535920|507720,Critical Avoidance %,0.67%,670000,2,3190250|3502750
O_CYvLkqRdenEUvpEJKuRw,161,Health,6,Square,2,15,False,0,True,equippedStatMod,,Health,850,850,0,,Defense %,0.000691%,691,3,1605|2774|2538,Defense,421,421,2,2236|1975,Potency %,0.000473%,473,2,2282|2448,Offense %,0.12%,120000,2,596610|577590
P9LuyW8nSf-1exG2EaOP6A,161,Health,6,Square,5,15,False,0,True,equippedStatMod,,Health,850,850,0,,Health %,13.26%,13260000,3,53160300|30696300|48748500,Offense %,0.14%,140000,3,571890|485250|307890,Potency %,0.000763%,763,4,1502|1655|1564|2913,Tenacity %,0.22%,220000,2,1411120|807200
PXFrfWIHTnyC9Gu_cNl9BQ,161,Health,6,Square,3,15,False,0,True,equippedStatMod,,Health,850,850,0,,Tenacity %,0.11%,110000,1,1163120,Offense %,0.06%,60000,1,595920,Critical Avoidance %,1.01%,1010000,3,2557000|4717500|2814000,Defense,975,975,5,1610|2311|2106|2338|1393
RY_nl00NR2Oc30C5gj3H3w,161,Health,6,Square,2,15,False,0,True,equippedStatMod,,Health,850,850,0,,Offense %,0.09%,90000,2,542430|344400,Health %,13.62%,13620000,3,52722900|52423200|31128300,Defense,346,346,2,1234|2232,Offense,380,380,2,1891|1910
RlQSwtzPSRmicwF9uoRcwA,161,Health,6,Square,1,15,False,0,True,equippedStatMod,,Health,850,850,0,,Defense %,0.000165%,165,1,1657,Critical Avoidance %,0.68%,680000,2,2804250|3908750,Offense %,0.14%,140000,3,547620|412830|416070,Potency %,0.000468%,468,2,1814|2865
ns5e63OASSiVLNJy0n9acw,161,Health,6,Square,5,15,False,5,True,equippedStatMod,,Health,850,850,0,,Tenacity %,0.36%,360000,3,933760|1482560|1276640,Defense %,0.000416%,416,2,1532|2631,Offense,418,418,3,1802|1273|1113,Offense %,0.22%,220000,4,560310|537300|505290|569910
reb-rl4-TeKV3w5wY8JVKw,161,Health,6,Square,5,15,False,0,True,equippedStatMod,,Health,850,850,0,,Tenacity %,0.44%,440000,4,1105120|1477200|1018160|897200,Critical Avoidance %,1.14%,1140000,3,4357000|3089000|3926500,Offense %,0.06%,60000,1,520350,Health %,18.12%,18120000,4,43807500|39436200|45848700|52201800
AvuLusROQMKaeD4XYCckkw,164,Health,6,Triangle,1,15,False,0,True,equippedStatMod,,Offense,1600,1600,0,,Health %,15.78%,15780000,4,44450100|37945800|28209600|47231100,Offense %,0.06%,60000,1,504330,Protection %,14.47%,14470000,2,74377400|70398400,Defense %,0.000181%,181,1,1810
DnJcZb_gR0CPWITBFd5BZQ,164,Health,6,Triangle,2,15,False,0,True,equippedStatMod,,Offense,1600,1600,0,,Health,258,258,2,1316|1272,Tenacity %,0.37%,370000,3,1456400|942240|1339120,Speed,409,409,2,1795|2295,Critical Avoidance %,0.62%,620000,2,3077250|3117750
FaY7gmqHRYWw9IEJxYouaw,164,Health,6,Triangle,5,15,False,0,True,equippedStatMod,,Defense,2000,2000,0,,Protection %,8.93%,8930000,1,89332000,Offense %,0.15%,150000,3,526770|516690|420810,Health %,19.05%,19050000,5,29994300|48899700|47865600|32659200|31095900,Offense,429,429,3,1396|1354|1546
GzfJFUQvQVCk0QEFfWyQzw,164,Health,6,Triangle,5,15,False,0,True,equippedStatMod,,Critical Damage %,0.0042%,4200,0,,Protection %,7.64%,7640000,1,76498000,Offense %,0.23%,230000,5,520830|512190|480360|317430|455310,Speed,406,406,2,1899|2163,Protection,1303,1303,4,2487|3840|3387|3317
UFvi9_X6SaWGMP7HApw8nw,164,Health,6,Triangle,1,15,False,0,True,equippedStatMod,,Speed,2400,2400,0,,Potency %,0.000659%,659,3,2016|1802|2776,Health,314,314,2,1650|1493,Defense %,0.000298%,298,1,2985,Offense %,0.12%,120000,2,572430|539640
ZPmKU-6TQJKziLewzwMeUw,164,Health,6,Triangle,5,15,False,0,True,equippedStatMod,,Critical Damage %,0.0042%,4200,0,,Health,521,521,4,1566|924|1029|1697,Tenacity %,0.12%,120000,1,1203280,Offense %,0.11%,110000,2,509670|581910,Defense %,0.001035%,1035,5,1562|2089|2941|1592|2171
eigOsAxHS-eT13hiMYNRXg,164,Health,6,Triangle,5,15,False,0,True,equippedStatMod,,Speed,2400,2400,0,,Tenacity %,0.24%,240000,2,1006960|1397600,Health,592,592,5,1281|1028|1600|914|1104,Offense %,0.13%,130000,3,428040|397950|458820,Health %,9.83%,9830000,2,52312500|45994500
kaLa8vytR8WJhzUeiJQfbw,164,Health,6,Triangle,2,15,False,0,True,equippedStatMod,,Health,850,850,0,,Protection,553,553,2,3494|2045,Offense,245,245,2,1154|1296,Offense %,0.09%,90000,2,505650|340410,Speed,708,708,3,2063|2418|2598
oRfiO6_TTBajQOjs_iTHEQ,164,Health,6,Triangle,4,15,False,0,True,equippedStatMod,,Speed,2400,2400,0,,Protection,1363,1363,4,3693|2851|3723|3365,Critical Avoidance %,1.72%,1720000,4,4248500|4735000|4964750|3240000,Health %,4.81%,4810000,1,48157200,Offense %,0.07%,70000,2,355830|303360
rYXkC-iQRsKUdwYANcQFLQ,164,Health,6,Triangle,1,15,False,0,True,equippedStatMod,,Critical Damage %,0.0042%,4200,0,,Critical Avoidance %,0.76%,760000,2,4448000|3146000,Offense %,0.12%,120000,2,547710|563220,Health %,12.19%,12190000,3,39044700|30931200|52015500,Offense,180,180,1,1807
0xEeYTIUTqGaXUl8aauanA,252,Offense,5,Arrow,2,15,False,0,True,equippedStatMod,,Offense %,0.3%,300000,0,,Defense %,0.000161%,161,1,1612,Speed,216,216,1,2166,Tenacity %,0.07%,70000,1,703346,Protection %,11.58%,11580000,2,50575234|65239477
4mnHqq6JQPGVFcpwsSpEVw,252,Offense,5,Arrow,4,15,False,0,True,equippedStatMod,,Offense %,0.3%,300000,0,,Offense,82,82,1,825,Potency %,0.00049%,490,3,1855|1427|1624,Speed,377,377,2,2103|1667,Defense,202,202,1,2020
U2AlrZEdSd2MAxa0VVpvGw,252,Offense,5,Arrow,4,15,False,0,True,equippedStatMod,,Offense %,0.3%,300000,0,,Health %,9.38%,9380000,3,22000038|30929919|40907727,Health,87,87,2,355|524,Defense,152,152,1,1528,Offense,70,70,1,703
VXHSINM-TfW1lWhA4tKrzQ,252,Offense,5,Arrow,1,15,False,0,True,equippedStatMod,,Offense %,0.3%,300000,0,,Tenacity %,0.08%,80000,1,862498,Speed,149,149,1,1494,Protection,157,157,1,1576,Critical Avoidance %,0.35%,350000,1,3469476
Ymxxt96VQRSAEUaNxVlkMw,252,Offense,5,Arrow,2,15,False,0,True,equippedStatMod,,Offense %,0.3%,300000,0,,Defense,130,130,1,1305,Protection %,14.37%,14370000,2,61543307|82183717,Tenacity %,0.08%,80000,1,833931,Offense,64,64,1,648
yG8f5OP_Q-CZNIxwS3xyJQ,252,Offense,5,Arrow,4,15,False,0,True,equippedStatMod,,Offense %,0.3%,300000,0,,Protection,300,300,2,1310|1692,Health %,4.87%,4870000,2,23785157|24923090,Protection %,4.47%,4470000,1,44773493,Speed,347,347,2,2082|1388
-XQ5W4JUQmuBJdx3B-adXQ,252,Offense,5,Arrow,1,12,False,0,True,equippedStatMod,,Health,475,475,0,,Defense,198,198,1,1989,Protection,148,148,1,1480,Speed,141,141,1,1413,Offense %,0.05%,50000,1,507630
-wknWllPRjyHvg578cw7Mg,252,Offense,5,Arrow,1,12,False,0,True,equippedStatMod,,Offense,475,475,0,,Health,29,29,1,295,Offense %,0.05%,50000,1,550470,Potency %,0.000162%,162,1,1621,Protection,119,119,1,1193
3XYE00BjR-G0fwa12lE4Qw,252,Offense,5,Arrow,1,12,False,0,False,unequippedMod,,Offense,475,475,0,,Protection,149,149,1,1492,Offense %,0.05%,50000,1,588450,Protection %,4.64%,4640000,1,46434693,Defense %,0.000142%,142,1,1420
6Ct5uYglSJuP7FR51fKnKQ,252,Offense,5,Arrow,1,12,False,0,False,unequippedMod,,Speed,1900,1900,0,,Defense %,0.000154%,154,1,1544,Offense %,0.05%,50000,1,517140,Offense,64,64,1,644,Health,38,38,1,385
C41ikpuISOajs0bQHkydAQ,252,Offense,5,Arrow,1,12,False,0,False,unequippedMod,,Speed,1900,1900,0,,Tenacity %,0.06%,60000,1,667184,Protection %,4.24%,4240000,1,42427048,Offense %,0.05%,50000,1,531240,Defense,165,165,1,1653
Hz7aiPt2SOGZacB26RyWoA,252,Offense,5,Arrow,1,12,False,0,False,unequippedMod,,Speed,1900,1900,0,,Protection,104,104,1,1040,Offense %,0.05%,50000,1,557010,Critical Avoidance %,0.24%,240000,1,2317620,Potency %,0.000189%,189,1,1898
5rgm9svcTZGksFw5lAFP4w,252,Offense,5,Arrow,3,6,False,0,True,equippedStatMod,,Health,250,250,0,,Health %,2.71%,2710000,1,27164668,Defense,201,201,1,2011,Offense %,0.05%,50000,1,550890,Protection,102,102,1,1020
8DWE4RbTRY-Y-2QVYLDbgQ,252,Offense,5,Arrow,1,1,False,0,True,equippedStatMod,,Offense %,0.04%,40000,0,,,,,0,,,,,0,,,,,0,,,,,0,
E5zxDXgRTjOR-8q_URJLvQ,252,Offense,5,Arrow,3,1,False,0,True,equippedStatMod,,Offense %,0.04%,40000,0,,Protection %,7.73%,7730000,1,77345472,Protection,163,163,1,1636,,,,0,,,,,0,
GCyEpmjmS-qq7-kow-DJjA,252,Offense,5,Arrow,1,1,False,0,True,equippedStatMod,,Offense %,0.04%,40000,0,,,,,0,,,,,0,,,,,0,,,,,0,
NBGXgVmXTd6CkfhLksIb4A,252,Offense,5,Arrow,1,1,False,0,True,equippedStatMod,,Offense %,0.04%,40000,0,,,,,0,,,,,0,,,,,0,,,,,0,
SZjiNca5RzmEZqORvc10nw,252,Offense,5,Arrow,3,1,False,0,True,equippedStatMod,,Speed,250,250,0,,Potency %,0.000131%,131,1,1318,Offense %,0.05%,50000,1,566130,,,,0,,,,,0,
UNDZHUJlQLekEJIYuUenXA,252,Offense,5,Arrow,5,1,False,0,True,equippedStatMod,,Health,63,63,0,,Potency %,0.000188%,188,1,1888,Critical Avoidance %,0.24%,240000,1,2362308,Offense %,0.05%,50000,1,577860,Defense,176,176,1,1760
aK-VZRz2R1SdXhqb5vg7SA,252,Offense,5,Arrow,1,1,False,0,True,equippedStatMod,,Offense %,0.04%,40000,0,,,,,0,,,,,0,,,,,0,,,,,0,
i3IWeJAsTBGJzZVN5VfYMg,252,Offense,5,Arrow,3,1,False,0,True,equippedStatMod,,Offense %,0.04%,40000,0,,Defense,164,164,1,1641,Health,33,33,1,332,,,,0,,,,,0,
poAbt6A7Q160pAno6k3Hnw,252,Offense,5,Arrow,5,1,False,0,True,equippedStatMod,,Offense %,0.04%,40000,0,,Potency %,0.000171%,171,1,1711,Protection %,6.35%,6350000,1,63574124,Protection,145,145,1,1451,Defense,161,161,1,1612
ylpRgazqSiWnAf0-3xIE6Q,252,Offense,5,Arrow,2,1,False,0,True,equippedStatMod,,Speed,250,250,0,,Offense %,0.05%,50000,1,523980,,,,0,,,,,0,,,,,0,
Feort3myTma26JP2LZEDwg,255,Offense,5,Circle,5,15,False,0,True,equippedStatMod,,Offense,588,588,0,,Critical Avoidance %,0.43%,430000,1,4295292,Health,42,42,1,428,Offense %,0.15%,150000,3,593310|397950|581670,Protection %,20.69%,20690000,3,68765374|70754661|67448873
NoA_1qRRRC6Y8dJOoehPgA,255,Offense,5,Circle,2,15,False,0,True,equippedStatMod,,Speed,2350,2350,0,,Protection %,4.16%,4160000,1,41604754,Health,55,55,1,550,Defense %,0.00031%,310,2,1755|1345,Critical Avoidance %,0.27%,270000,1,2694732
TCFRPX0eSfGbgGclectSog,255,Offense,5,Circle,3,15,False,0,True,equippedStatMod,,Speed,2350,2350,0,,Tenacity %,0.04%,40000,1,498379,Protection %,4.65%,4650000,1,46559283,Defense,566,566,3,2115|1808|1740,Health %,3.27%,3270000,1,32760041
WebP87q3Tvi3LNSLXDQsiA,255,Offense,5,Circle,1,15,False,0,True,equippedStatMod,,Speed,2350,2350,0,,Protection,92,92,1,921,Offense %,0.05%,50000,1,502110,Defense %,0.000172%,172,1,1720,Potency %,0.000207%,207,1,2072
X8srIlS2TkuadS6eOutqCQ,255,Offense,5,Circle,5,15,False,0,True,equippedStatMod,,Offense,588,588,0,,Health,85,85,2,320|532,Protection %,5.35%,5350000,1,53544629,Offense %,0.15%,150000,3,526920|384870|593310,Critical Avoidance %,0.68%,680000,2,4282068|2494320
nf9XcAnsScqhN7XL14CDWg,255,Offense,5,Circle,5,15,False,0,True,equippedStatMod,,Speed,2350,2350,0,,Protection %,6.21%,6210000,1,62199481,Defense,277,277,2,1624|1147,Health,72,72,2,320|403,Offense %,0.16%,160000,3,513900|583230|566790
96NDkibPT5CVrsTyIw0cvw,255,Offense,5,Circle,1,12,False,0,True,equippedStatMod,,Speed,1900,1900,0,,Health,40,40,1,408,Potency %,0.000203%,203,1,2039,Defense,211,211,1,2116,Defense %,0.000149%,149,1,1491
EISENBMKS7G2dId_7A5_VQ,255,Offense,5,Circle,1,12,False,0,True,equippedStatMod,,Offense,475,475,0,,Critical Avoidance %,0.39%,390000,1,3895380,Defense %,0.000221%,221,1,2214,Offense %,0.05%,50000,1,542730,Health %,3.88%,3880000,1,38854733
HATVQw7mRHmCAXdUiNegIg,255,Offense,5,Circle,1,12,False,0,True,equippedStatMod,,Offense,475,475,0,,Protection %,4.5%,4500000,1,45060050,Health,49,49,1,493,Protection,111,111,1,1114,Offense %,0.03%,30000,1,394080
N58zlQ5cTzWx6BDgDgm-Hg,255,Offense,5,Circle,1,12,False,0,True,equippedStatMod,,Speed,1900,1900,0,,Health %,3.74%,3740000,1,37431781,Tenacity %,0.06%,60000,1,623917,Health,50,50,1,500,Offense,96,96,1,960
QTGYg9BhQSWk_4ziCItTMw,255,Offense,5,Circle,1,12,False,0,True,equippedStatMod,,Speed,1900,1900,0,,Offense %,0.03%,30000,1,378090,Offense,82,82,1,821,Health %,4.06%,4060000,1,40699856,Potency %,0.000117%,117,1,1170
_T9SHnwLR42KDJ-6dU3kRw,255,Offense,5,Circle,1,12,False,0,True,equippedStatMod,,Offense,475,475,0,,Protection %,4.67%,4670000,1,46775239,Offense %,0.05%,50000,1,538890,Protection,106,106,1,1063,Potency %,0.000145%,145,1,1450
bWgVDRg5TSOVOOnVtDtf0g,255,Offense,5,Circle,1,12,False,0,True,equippedStatMod,,Offense,475,475,0,,Potency %,0.000145%,145,1,1459,Offense %,0.03%,30000,1,355830,Protection,91,91,1,914,Health %,3.32%,3320000,1,33240073
eh-Ix8SrTbWvEGuompA8mA,255,Offense,5,Circle,1,12,False,0,True,equippedStatMod,,Speed,1900,1900,0,,Health %,2.47%,2470000,1,24760222,Offense %,0.04%,40000,1,435480,Defense %,0.000142%,142,1,1424,Critical Avoidance %,0.44%,440000,1,4308516
muImF9uJTAWGiREjEXEMLQ,255,Offense,5,Circle,1,12,False,0,True,equippedStatMod,,Offense,475,475,0,,Defense,130,130,1,1302,Offense %,0.05%,50000,1,579930,Health %,2.5%,2500000,1,25032383,Defense %,0.000218%,218,1,2188
uugyMaM-QNKflTjspa8ZbQ,255,Offense,5,Circle,1,12,False,0,True,equippedStatMod,,Offense,475,475,0,,Offense %,0.05%,50000,1,538740,Tenacity %,0.05%,50000,1,562961,Health %,3.61%,3610000,1,36135266,Critical Avoidance %,0.29%,290000,1,2834496
w_Py7wTETaKSEiMGQewqOQ,255,Offense,5,Circle,1,12,False,0,True,equippedStatMod,,Offense,475,475,0,,Offense %,0.05%,50000,1,544020,Speed,207,207,1,2071,Health %,3.06%,3060000,1,30694189,Potency %,0.000204%,204,1,2045
FuDo_Q6lQUycPIJ_nr2C2w,255,Offense,5,Circle,2,9,False,0,True,equippedStatMod,,Offense,363,363,0,,Health,55,55,1,552,Offense %,0.05%,50000,1,597450,Protection %,7.8%,7800000,1,78043176,Potency %,0.000196%,196,1,1968
efaf0eALTFu07fzjSooaaw,255,Offense,5,Circle,2,9,False,0,True,equippedStatMod,,Speed,1450,1450,0,,Defense %,0.000205%,205,1,2059,Tenacity %,0.09%,90000,1,940947,Offense %,0.05%,50000,1,523050,Critical Avoidance %,0.25%,250000,1,2452368
mBj9cY96RyekIhDe9gTjAg,255,Offense,5,Circle,2,9,False,0,True,equippedStatMod,,Offense,363,363,0,,Protection,156,156,1,1565,Offense %,0.05%,50000,1,540420,Tenacity %,0.07%,70000,1,796397,Health %,2.68%,2680000,1,26862505
o1H-dlkYSj-DsutHgYCGaw,255,Offense,5,Circle,2,9,False,0,True,equippedStatMod,,Offense,363,363,0,,Critical Avoidance %,0.38%,380000,1,3762912,Defense %,0.000173%,173,1,1739,Offense %,0.05%,50000,1,536640,Tenacity %,0.08%,80000,1,835303
JK0a6TLNReuTJKDdN014UA,255,Offense,5,Circle,3,6,False,0,True,equippedStatMod,,Offense,250,250,0,,Defense,157,157,1,1574,Potency %,0.00014%,140,1,1407,Health,54,54,1,542,Offense %,0.05%,50000,1,506070
NWp3cJkPTR2VJNIiqR9ogA,255,Offense,5,Circle,3,6,False,0,True,equippedStatMod,,Speed,1000,1000,0,,Potency %,0.000205%,205,1,2058,Health %,3.48%,3480000,1,34843037,Protection %,7.57%,7570000,1,75713343,Offense,105,105,1,1056
fM6FnvOMQoWMVtjyUCxdkw,255,Offense,5,Circle,3,6,False,0,True,equippedStatMod,,Offense,250,250,0,,Protection,162,162,1,1627,Health,40,40,1,404,Offense %,0.05%,50000,1,586320,Speed,140,140,1,1407
tjShDen9R_-CzdygE8yzNQ,255,Offense,5,Circle,3,6,False,0,True,equippedStatMod,,Offense,250,250,0,,Defense,151,151,1,1513,Potency %,0.000134%,134,1,1341,Defense %,0.000182%,182,1,1820,Offense %,0.05%,50000,1,571710
yMhRoER0RhGsD-43ehfn0A,255,Offense,5,Circle,3,6,False,0,True,equippedStatMod,,Speed,1000,1000,0,,Critical Avoidance %,0.32%,320000,1,3194280,Potency %,0.000116%,116,1,1168,Protection %,5.49%,5490000,1,54952496,Health %,2.72%,2720000,1,27237530
4OMT5fEDSxe0_k_sXD7lFQ,255,Offense,5,Circle,4,3,False,0,True,equippedStatMod,,Offense,138,138,0,,Protection,126,126,1,1267,Potency %,0.00022%,220,1,2205,Health,50,50,1,507,Defense %,0.000177%,177,1,1774
8lY8_2S5RmWgb7_C8jmARw,255,Offense,5,Circle,4,1,False,0,True,equippedStatMod,,Speed,250,250,0,,Critical Avoidance %,0.25%,250000,1,2467644,Offense %,0.05%,50000,1,570840,Potency %,0.000196%,196,1,1965,,,,0,
dMDiDu94TRGTH-1s4O59kw,255,Offense,5,Circle,5,1,False,0,True,equippedStatMod,,Offense,63,63,0,,Offense %,0.05%,50000,1,530100,Defense,118,118,1,1183,Speed,172,172,1,1729,Potency %,0.000137%,137,1,1376
xc_yI4bBSVeB4rkLtFZG0A,255,Offense,5,Circle,5,1,False,0,True,equippedStatMod,,Speed,250,250,0,,Critical Avoidance %,0.32%,320000,1,3152556,Offense %,0.05%,50000,1,598530,Defense,126,126,1,1264,Health %,2.84%,2840000,1,28459040
yWeOq6dfQTi0rTZx0Q4Fng,255,Offense,5,Circle,2,1,False,0,True,equippedStatMod,,Speed,250,250,0,,Offense %,0.04%,40000,1,478980,,,,0,,,,,0,,,,,0,
-XM_roDmRba9fUIoQyCjlA,256,Offense,5,Cross,5,15,False,0,True,equippedStatMod,,Protection,1175,1175,0,,Defense %,0.000623%,623,4,1323|1832|1259|1818,Health,97,97,2,527|445,Speed,218,218,1,2180,Offense %,0.03%,30000,1,389490
36xgCMGZQeGe_ZanWRwFJw,256,Offense,5,Cross,3,15,False,0,True,equippedStatMod,,Potency %,0.0024%,2400,0,,Tenacity %,0.08%,80000,1,812616,Protection,104,104,1,1047,Offense %,0.13%,130000,3,531750|407850|406080,Health %,2.44%,2440000,1,24494490
8UTSvzQdRFK6tTeEfNaa0w,256,Offense,5,Cross,5,15,False,0,True,equippedStatMod,,Protection,1175,1175,0,,Tenacity %,0.13%,130000,2,530572|841232,Potency %,0.000436%,436,2,2249|2118,Speed,207,207,1,2073,Offense %,0.16%,160000,3,563100|546990|583320
GvmIiCWBRuGrC5O0rAyMkA,256,Offense,5,Cross,2,15,False,0,True,equippedStatMod,,Offense,588,588,0,,Defense,156,156,1,1567,Protection,265,265,2,1036|1620,Potency %,0.000162%,162,1,1620,Offense %,0.05%,50000,1,577740
IS5dLYmTQbGuxfGdja1B4Q,256,Offense,5,Cross,4,15,False,0,True,equippedStatMod,,Offense,588,588,0,,Offense %,0.05%,50000,1,514650,Protection,277,277,2,1093|1684,Potency %,0.000377%,377,2,1564|2213,Defense,404,404,2,2033|2015
jqAwSCfFQ56SxXfIusFayw,256,Offense,5,Cross,2,15,False,0,True,equippedStatMod,,Defense %,0.0024%,2400,0,,Critical Avoidance %,0.26%,260000,1,2576628,Defense,351,351,2,1487|2031,Offense %,0.05%,50000,1,541860,Protection,108,108,1,1082
kY0CqzH8Qcaqr9EzPHKJwA,256,Offense,5,Cross,3,15,False,0,True,equippedStatMod,,Protection,1175,1175,0,,Offense %,0.1%,100000,2,549000|457590,Potency %,0.00016%,160,1,1608,Critical Avoidance %,0.39%,390000,1,3862776,Offense,169,169,2,596|1094
l8rVz6xiS9G0QufSM9LLxw,256,Offense,5,Cross,4,15,False,0,True,equippedStatMod,,Speed,2350,2350,0,,Defense,154,154,1,1546,Protection %,5.83%,5830000,1,58341344,Offense %,0.09%,90000,2,557550|361170,Health,122,122,3,414|419|390
poE9AiGKSF64kq67TklRJg,256,Offense,5,Cross,5,15,False,0,True,equippedStatMod,,Health,588,588,0,,Defense,316,316,2,1720|1442,Tenacity %,0.09%,90000,1,966133,Health %,12.05%,12050000,3,40633423|40601278|39356195,Protection,206,206,2,1180|881
rODfAv21TQSAWXzx1TnIOQ,256,Offense,5,Cross,3,15,False,0,True,equippedStatMod,,Defense %,0.0024%,2400,0,,Offense %,0.05%,50000,1,506490,Speed,120,120,1,1202,Defense,311,311,2,1170|1946,Health,87,87,2,489|385
zo3f-_jWQuC2KbKwhNjTuQ,256,Offense,5,Cross,2,15,False,0,True,equippedStatMod,,Protection,1175,1175,0,,Defense,178,178,1,1781,Offense %,0.05%,50000,1,549420,Speed,142,142,1,1429,Critical Avoidance %,0.69%,690000,2,4380564|2513016
211HDle7RYiuWVRWTDEVxg,256,Offense,5,Cross,1,12,False,0,True,equippedStatMod,,Protection,950,950,0,,Health,33,33,1,335,Tenacity %,0.09%,90000,1,911694,Offense %,0.03%,30000,1,328020,Defense,212,212,1,2122
5wI8YTTDRVyKceGWYGgoLg,256,Offense,5,Cross,1,12,False,0,True,equippedStatMod,,Offense,475,475,0,,Defense,220,220,1,2207,Potency %,0.00021%,210,1,2108,Offense %,0.05%,50000,1,557370,Defense %,0.000218%,218,1,2180
9LFTD7pTTNudsVQSHaOZXw,256,Offense,5,Cross,1,12,False,0,True,equippedStatMod,,Offense,475,475,0,,Speed,124,124,1,1248,Critical Avoidance %,0.3%,300000,1,2967192,Offense %,0.05%,50000,1,578310,Protection %,6.9%,6900000,1,69060237
GOnOpB8PQl2yjBy5hArOCg,256,Offense,5,Cross,1,12,False,0,True,equippedStatMod,,Speed,1900,1900,0,,Tenacity %,0.08%,80000,1,824621,Defense %,0.00022%,220,1,2208,Protection %,7.44%,7440000,1,74488208,Offense %,0.05%,50000,1,598290
QOqhaOeJRzehd3QYAhEmEA,256,Offense,5,Cross,1,12,False,0,True,equippedStatMod,,Potency %,0.00195%,1950,0,,Defense,150,150,1,1501,Offense %,0.05%,50000,1,511200,Defense %,0.000123%,123,1,1239,Offense,82,82,1,827
dvYDZwufR0S9yPZX72UeZg,256,Offense,5,Cross,1,12,False,0,True,equippedStatMod,,Speed,1900,1900,0,,Defense %,0.000196%,196,1,1960,Protection %,8.17%,8170000,1,81772570,Potency %,0.000196%,196,1,1963,Offense %,0.05%,50000,1,589950
nidd6ZrxT7aKTP-nh_KdQg,256,Offense,5,Cross,1,12,False,0,True,equippedStatMod,,Speed,1900,1900,0,,Health %,4%,4000000,1,40020525,Tenacity %,0.06%,60000,1,664146,Defense,114,114,1,1145,Offense %,0.05%,50000,1,577440
ssgGI019SOqiHnU5SJwFBg,256,Offense,5,Cross,1,12,False,0,True,equippedStatMod,,Potency %,0.00195%,1950,0,,Offense %,0.05%,50000,1,522810,Health,29,29,1,291,Defense,211,211,1,2111,Protection,106,106,1,1061
uyjIjSlfSjqItWw8XHfIkg,256,Offense,5,Cross,1,12,False,0,True,equippedStatMod,,Defense %,0.00195%,1950,0,,Speed,151,151,1,1515,Offense,106,106,1,1065,Protection,133,133,1,1337,Tenacity %,0.07%,70000,1,724710
xCTCBcMETqy-EmDkB9P-8g,256,Offense,5,Cross,1,12,False,0,True,equippedStatMod,,Speed,1900,1900,0,,Tenacity %,0.08%,80000,1,862204,Offense %,0.03%,30000,1,348150,Protection %,7.86%,7860000,1,78678585,Critical Avoidance %,0.39%,390000,1,3846588
0n2X6lUjSV-j0rP09g7PkQ,256,Offense,5,Cross,2,9,False,0,True,equippedStatMod,,Offense,363,363,0,,Speed,118,118,1,1181,Critical Avoidance %,0.42%,420000,1,4119276,Protection,140,140,1,1408,Offense %,0.05%,50000,1,598860
BqexE_4zRiqDGAY5yWyGbQ,256,Offense,5,Cross,2,9,False,0,True,equippedStatMod,,Health,363,363,0,,Critical Avoidance %,0.37%,370000,1,3633180,Potency %,0.000114%,114,1,1149,Speed,125,125,1,1255,Offense %,0.05%,50000,1,544230
HKoaXlc0SFmqIsUubwArUA,256,Offense,5,Cross,2,9,False,0,True,equippedStatMod,,Offense,363,363,0,,Defense %,0.000117%,117,1,1171,Offense %,0.04%,40000,1,455640,Protection %,5.27%,5270000,1,52755559,Speed,216,216,1,2169
KpHHKxPRRDiTBOiGYAPAZA,256,Offense,5,Cross,2,9,False,0,True,equippedStatMod,,Potency %,0.0015%,1500,0,,Health %,2.88%,2880000,1,28810492,Health,33,33,1,336,Protection %,4.53%,4530000,1,45367372,Defense %,0.000134%,134,1,1348
X7oiuM4KRJ6H1y47eIQT9w,256,Offense,5,Cross,2,9,False,0,True,equippedStatMod,,Speed,1450,1450,0,,Defense,121,121,1,1210,Defense %,0.000163%,163,1,1635,Offense %,0.05%,50000,1,566910,Tenacity %,0.09%,90000,1,919583
oSYbKrtjQx2wk3fbV1PxJA,256,Offense,5,Cross,2,9,False,0,True,equippedStatMod,,Speed,1450,1450,0,,Tenacity %,0.05%,50000,1,560511,Offense %,0.05%,50000,1,592440,Protection,164,164,1,1641,Potency %,0.000177%,177,1,1774
qURMKiSCTDy73NXCuWxZ9g,256,Offense,5,Cross,2,9,False,0,True,equippedStatMod,,Protection,725,725,0,,Speed,150,150,1,1509,Offense %,0.05%,50000,1,558870,Defense %,0.000129%,129,1,1294,Potency %,0.000147%,147,1,1470
x0h3HZcvQfy0C_suOcl3qw,256,Offense,5,Cross,2,9,False,0,True,equippedStatMod,,Offense,363,363,0,,Health,33,33,1,338,Protection %,5.51%,5510000,1,55172605,Potency %,0.000178%,178,1,1780,Offense %,0.05%,50000,1,581280
ioE7ZE7VSAGWyNyYM_6nPQ,256,Offense,5,Cross,4,1,False,0,True,equippedStatMod,,Health,63,63,0,,Offense %,0.03%,30000,1,394740,Health %,2.72%,2720000,1,27216100,Defense %,0.000181%,181,1,1815,,,,0,
sM45WMUlR2yllDW8N0_RKQ,256,Offense,5,Cross,5,1,False,0,True,equippedStatMod,,Health,63,63,0,,Health %,2.49%,2490000,1,24931662,Protection %,5%,5000000,1,50060262,Offense %,0.03%,30000,1,314250,Critical Avoidance %,0.32%,320000,1,3174672
udcWc5QqSxChL6lrI_R_qQ,256,Offense,5,Cross,2,1,False,0,True,equippedStatMod,,Protection,125,125,0,,Offense %,0.05%,50000,1,523110,,,,0,,,,,0,,,,,0,
1ozTNiJOSy-mxJKFQ5qyDw,253,Offense,5,Diamond,5,15,False,0,True,equippedStatMod,,Protection,1175,1175,0,,Defense %,0.000213%,213,1,2132,Defense,262,262,2,1159|1468,Speed,468,468,3,1682|1314|1691,Tenacity %,0.16%,160000,2,756070|931147
4ZOXzTFHQi2GnqJdpAi8Sw,253,Offense,5,Diamond,4,15,False,0,True,equippedStatMod,,Protection,1175,1175,0,,Health,31,31,1,316,Tenacity %,0.12%,120000,2,613382|670271,Health %,2.42%,2420000,1,24230901,Offense %,0.16%,160000,3,573330|551310|534120
6QH3TIt_SoyIQxDwZr-55A,253,Offense,5,Diamond,3,15,False,0,True,equippedStatMod,,Protection,1175,1175,0,,Offense %,0.05%,50000,1,586590,Defense %,0.000551%,551,3,1842|1602|2065,Health %,3.2%,3200000,1,32035707,Potency %,0.000184%,184,1,1845
H9hNujMlQyKlBnqh8dQP8g,253,Offense,5,Diamond,4,15,False,0,True,equippedStatMod,,Protection,1175,1175,0,,Offense %,0.1%,100000,2,578070|521820,Potency %,0.00035%,350,2,1811|1695,Defense,147,147,1,1471,Critical Avoidance %,0.79%,790000,2,3363000|4513260
U6mXstvHSYeU9gkZVfbjeg,253,Offense,5,Diamond,5,15,False,0,True,equippedStatMod,,Protection,1175,1175,0,,Tenacity %,0.24%,240000,3,810901|853531|808941,Health,73,73,2,413|319,Offense %,0.1%,100000,2,497160|568590,Protection %,6.26%,6260000,1,62685382
BOOk6zVQQtWFoxXsllIzVw,253,Offense,5,Diamond,1,12,False,0,True,equippedStatMod,,Protection,950,950,0,,Defense %,0.000171%,171,1,1718,Tenacity %,0.05%,50000,1,547281,Protection %,8.12%,8120000,1,81211915,Offense %,0.04%,40000,1,463140
DW2hrmYESwmb0o368h8bVA,253,Offense,5,Diamond,1,12,False,0,True,equippedStatMod,,Protection,950,950,0,,Potency %,0.000212%,212,1,2129,Offense %,0.04%,40000,1,454050,Speed,151,151,1,1516,Defense %,0.000198%,198,1,1987
NcgiADhNTmy9IgK6nRb8OQ,253,Offense,5,Diamond,1,12,False,0,True,equippedStatMod,,Protection,950,950,0,,Offense %,0.05%,50000,1,526260,Potency %,0.000169%,169,1,1696,Critical Avoidance %,0.38%,380000,1,3742620,Offense,96,96,1,962
YJCg-4cgSzmhkcDBk_-Lkw,253,Offense,5,Diamond,1,12,False,0,True,equippedStatMod,,Protection,950,950,0,,Offense %,0.05%,50000,1,501450,Potency %,0.000157%,157,1,1576,Offense,62,62,1,626,Defense %,0.000215%,215,1,2154
k2nw_j_1QwOFsnl7g-4qxw,253,Offense,5,Diamond,1,12,False,0,True,equippedStatMod,,Protection,950,950,0,,Tenacity %,0.07%,70000,1,712166,Speed,196,196,1,1960,Offense %,0.05%,50000,1,580170,Health %,3.79%,3790000,1,37931100
mPERkHTCTS21iGM3u2Ej1w,253,Offense,5,Diamond,1,12,False,0,True,equippedStatMod,,Protection,950,950,0,,Protection %,5.81%,5810000,1,58179377,Tenacity %,0.05%,50000,1,508620,Offense %,0.05%,50000,1,586710,Potency %,0.000137%,137,1,1372
piaQBqYWRui3qT3HfmydnQ,253,Offense,5,Diamond,1,12,False,0,True,equippedStatMod,,Protection,950,950,0,,Health %,2.77%,2770000,1,27764708,Offense,61,61,1,619,Defense,114,114,1,1144,Protection %,4.47%,4470000,1,44798411
ANrSNLTeRcOiDLKFGvrY-Q,253,Offense,5,Diamond,2,9,False,0,True,equippedStatMod,,Protection,725,725,0,,Tenacity %,0.06%,60000,1,630189,Offense %,0.05%,50000,1,592710,Protection %,7.73%,7730000,1,77312248,Health,36,36,1,362
NqsFJxuuRFiIL4RVB78_CQ,253,Offense,5,Diamond,2,9,False,0,True,equippedStatMod,,Protection,725,725,0,,Potency %,0.000146%,146,1,1468,Offense %,0.03%,30000,1,305820,Defense %,0.000166%,166,1,1662,Speed,118,118,1,1186
VpXRx-TpQRqF9-5u0KXQDw,253,Offense,5,Diamond,2,9,False,0,True,equippedStatMod,,Protection,725,725,0,,Defense,120,120,1,1206,Offense %,0.05%,50000,1,545220,Speed,134,134,1,1340,Tenacity %,0.05%,50000,1,544733
QBY0lWNRQHatalKc0VGZxQ,253,Offense,5,Diamond,3,6,True,0,True,equippedStatMod,,Protection,500,500,0,,Health %,2.67%,2670000,1,26712495,Protection %,7.11%,7110000,1,71111819,Tenacity %,0.09%,90000,1,900522,Offense %,0.05%,50000,1,528810
Vzv7oLIERPiFjUTbXeWipw,253,Offense,5,Diamond,3,6,False,0,True,equippedStatMod,,Protection,500,500,0,,Protection %,8.22%,8220000,1,82225247,Health %,2.98%,2980000,1,29832703,Critical Avoidance %,0.4%,400000,1,3928896,Offense %,0.03%,30000,1,369900
jJPugLb7Qo6Q3j36yNzI7Q,253,Offense,5,Diamond,3,6,False,0,True,equippedStatMod,,Protection,500,500,0,,Offense,97,97,1,973,Tenacity %,0.06%,60000,1,629895,Offense %,0.04%,40000,1,460740,Protection %,6.76%,6760000,1,67644064
Ah-pQa_kRSWsPlbrwZ08dg,253,Offense,5,Diamond,4,3,False,0,True,equippedStatMod,,Protection,275,275,0,,Potency %,0.0002%,200,1,2009,Health,37,37,1,371,Health %,3.77%,3770000,1,37785376,Defense,177,177,1,1772
6L9xrXYCSDSewbyoEji_3Q,253,Offense,5,Diamond,3,1,False,0,True,equippedStatMod,,Protection,125,125,0,,Tenacity %,0.06%,60000,1,664734,Offense %,0.05%,50000,1,587250,,,,0,,,,,0,
XdPLJGqNSZaqsL_iQ9l-Ng,253,Offense,5,Diamond,5,1,False,0,True,equippedStatMod,,Protection,125,125,0,,Offense,57,57,1,578,Health,54,54,1,543,Critical Avoidance %,0.43%,430000,1,4277052,Offense %,0.05%,50000,1,539160
meGVjX-ZQSCBdCPPD4Y4RQ,253,Offense,5,Diamond,5,1,False,0,True,equippedStatMod,,Protection,125,125,0,,Offense %,0.05%,50000,1,570150,Potency %,0.000135%,135,1,1354,Offense,71,71,1,713,Protection %,7.03%,7030000,1,70368432
iJlYwJ_ySLqiDSf6wTRJfg,251,Offense,5,Square,4,15,False,0,True,equippedStatMod,,Health,588,588,0,,Speed,513,513,3,1717|2226|1187,Tenacity %,0.07%,70000,1,706776,Defense,429,429,2,2181|2115,Offense %,0.05%,50000,1,507720
k-OonwWRR1WksHWFTwEUdA,251,Offense,5,Square,2,15,False,0,True,equippedStatMod,,Health,588,588,0,,Critical Avoidance %,0.72%,720000,2,4243764|2902212,Offense %,0.05%,50000,1,561390,Health %,3.44%,3440000,1,34416580,Defense %,0.000173%,173,1,1736
yq_KeV4PTMWZLELNoXEGcg,251,Offense,5,Square,2,15,False,0,True,equippedStatMod,,Health,588,588,0,,Offense %,0.05%,50000,1,561300,Defense,130,130,1,1305,Defense %,0.000222%,222,1,2229,Tenacity %,0.14%,140000,2,622398|862204
6dSCdGPRTrOP_ov9z_iz1w,251,Offense,5,Square,1,12,False,0,True,equippedStatMod,,Health,475,475,0,,Speed,145,145,1,1454,Protection %,6.63%,6630000,1,66385705,Offense %,0.03%,30000,1,362970,Defense,152,152,1,1527
7C7zkJ0zRVSigVLlvepGIA,251,Offense,5,Square,1,12,False,0,True,equippedStatMod,,Health,475,475,0,,Speed,189,189,1,1893,Potency %,0.000206%,206,1,2064,Offense %,0.05%,50000,1,561990,Critical Avoidance %,0.39%,390000,1,3833364
8ALx2gQ-QPCccSFAkq52KA,251,Offense,5,Square,1,12,False,0,True,equippedStatMod,,Health,475,475,0,,Speed,177,177,1,1777,Protection %,4.93%,4930000,1,49325181,Offense %,0.05%,50000,1,500430,Health %,2.72%,2720000,1,27226815
A8US_TCfQB6XTobMHBNdbA,251,Offense,5,Square,1,12,False,0,True,equippedStatMod,,Health,475,475,0,,Health %,3.97%,3970000,1,39780509,Offense %,0.05%,50000,1,510360,Protection %,5.07%,5070000,1,50782884,Speed,174,174,1,1749
SKLKeBoVSt6odBzKe7eU8A,251,Offense,5,Square,1,12,False,0,True,equippedStatMod,,Health,475,475,0,,Defense %,0.000206%,206,1,2067,Offense %,0.05%,50000,1,587880,Speed,168,168,1,1681,Offense,88,88,1,888
SL0m8HP9T5SVrvEMczRHfg,251,Offense,5,Square,1,12,False,0,True,equippedStatMod,,Health,475,475,0,,Protection %,5.29%,5290000,1,52979821,Offense %,0.05%,50000,1,576120,Speed,112,112,1,1125,Health %,3.75%,3750000,1,37577505
ZUkF29HMRGOkB0Z8cKSlxg,251,Offense,5,Square,1,12,False,0,True,equippedStatMod,,Health,475,475,0,,Critical Avoidance %,0.25%,250000,1,2462856,Protection %,4.33%,4330000,1,43357320,Protection,112,112,1,1129,Offense %,0.05%,50000,1,542760
aP2J8-DfSbCI0mjgxAcewQ,251,Offense,5,Square,1,12,False,0,True,equippedStatMod,,Health,475,475,0,,Offense %,0.04%,40000,1,425700,Health %,3.51%,3510000,1,35115198,Critical Avoidance %,0.44%,440000,1,4340664,Speed,220,220,1,2205
bbB6mjNBQwiAVMj5RGaTGw,251,Offense,5,Square,1,12,False,0,True,equippedStatMod,,Health,475,475,0,,Defense,206,206,1,2066,Offense %,0.05%,50000,1,532470,Defense %,0.000164%,164,1,1645,Tenacity %,0.07%,70000,1,725347
dpAsBXpiReepjKDrgW-EFA,251,Offense,5,Square,1,12,False,0,True,equippedStatMod,,Health,475,475,0,,Offense,109,109,1,1098,Defense,178,178,1,1785,Critical Avoidance %,0.31%,310000,1,3086436,Offense %,0.04%,40000,1,409380
gwLEtmbSRe6bKpcmKXs53g,251,Offense,5,Square,1,12,False,0,True,equippedStatMod,,Health,475,475,0,,Health %,2.57%,2570000,1,25733144,Protection %,4.31%,4310000,1,43182894,Offense %,0.05%,50000,1,563700,Critical Avoidance %,0.37%,370000,1,3677184
ktFNwxZBRmqtItUkh3yI_A,251,Offense,5,Square,1,12,False,0,True,equippedStatMod,,Health,475,475,0,,Protection,155,155,1,1559,Potency %,0.000142%,142,1,1422,Health %,3.91%,3910000,1,39178326,Offense %,0.05%,50000,1,511320
xaNFEJlmRuiAx10jItpsIg,251,Offense,5,Square,1,12,False,0,True,equippedStatMod,,Health,475,475,0,,Offense %,0.05%,50000,1,569760,Offense,99,99,1,998,Defense %,0.000157%,157,1,1578,Protection,132,132,1,1320
4g3GqMbERJay_CwW7oYxaQ,251,Offense,5,Square,2,9,False,0,True,equippedStatMod,,Health,363,363,0,,Defense,148,148,1,1485,Potency %,0.000146%,146,1,1467,Offense %,0.05%,50000,1,508230,Speed,196,196,1,1963
86GNIJG6SUOVxsm-WowHgQ,251,Offense,5,Square,2,9,False,0,True,equippedStatMod,,Health,363,363,0,,Health %,2.94%,2940000,1,29476965,Defense %,0.00012%,120,1,1202,Offense %,0.05%,50000,1,545340,Protection,87,87,1,879
P_nqJXmLSYuC4_Ql7POIfw,251,Offense,5,Square,2,9,False,0,True,equippedStatMod,,Health,363,363,0,,Health %,2.65%,2650000,1,26592487,Defense %,0.00022%,220,1,2204,Offense %,0.05%,50000,1,585300,Protection %,5.06%,5060000,1,50620917
Bf2ZYySESKWZa8yPrGDtCg,251,Offense,5,Square,3,6,False,0,True,equippedStatMod,,Health,250,250,0,,Defense,202,202,1,2025,Protection,135,135,1,1354,Offense %,0.03%,30000,1,346200,Protection %,5.49%,5490000,1,54948343
a7nrNpTxQOWcp79KALXSgA,251,Offense,5,Square,3,6,False,0,True,equippedStatMod,,Health,250,250,0,,Speed,126,126,1,1261,Protection,139,139,1,1398,Offense %,0.05%,50000,1,588270,Tenacity %,0.07%,70000,1,782138
8YlE3xjKSi6MfvmBpgcjTg,251,Offense,5,Square,2,1,False,0,True,equippedStatMod,,Health,63,63,0,,Offense %,0.05%,50000,1,599370,,,,0,,,,,0,,,,,0,
cHvJCdJnRi-FxB6Za9loYQ,251,Offense,5,Square,4,1,False,0,True,equippedStatMod,,Health,63,63,0,,Speed,132,132,1,1327,Offense %,0.04%,40000,1,430080,Health %,3.33%,3330000,1,33379368,,,,0,
me0unlIdSamY3dRKNDuzJQ,251,Offense,5,Square,5,1,False,0,True,equippedStatMod,,Health,63,63,0,,Critical Avoidance %,0.46%,460000,1,4518048,Offense,57,57,1,570,Offense %,0.05%,50000,1,517350,Speed,208,208,1,2089
ydXOUzmZRrKONPZzYcceTg,251,Offense,5,Square,4,1,False,0,True,equippedStatMod,,Health,63,63,0,,Offense %,0.04%,40000,1,437520,Protection,113,113,1,1139,Potency %,0.000138%,138,1,1387,,,,0,
KnAlYeykTpG3URN5EYbHbQ,254,Offense,5,Triangle,3,15,False,0,True,equippedStatMod,,Health,588,588,0,,Offense %,0.05%,50000,1,565890,Protection %,7.67%,7670000,1,76730828,Protection,251,251,2,1165|1354,Potency %,0.000309%,309,2,1295|1801
U2eQ9XDjS6qcADgJKd8z1Q,254,Offense,5,Triangle,3,15,False,0,True,equippedStatMod,,Health,588,588,0,,Defense,183,183,1,1837,Offense %,0.05%,50000,1,572880,Defense %,0.000402%,402,2,1812|2212,Offense,167,167,2,774|899
eG7087ObRnKtuagko-VM6Q,254,Offense,5,Triangle,3,15,False,0,True,equippedStatMod,,Defense,1200,1200,0,,Offense,106,106,1,1060,Offense %,0.1%,100000,2,512790|507180,Protection %,9.59%,9590000,2,51509659|44449559,Tenacity %,0.05%,50000,1,598633
n0aLswGTS1mdI8qGfSacuA,254,Offense,5,Triangle,5,15,False,0,True,equippedStatMod,,Critical Damage %,0.0036%,3600,0,,Speed,336,336,2,2006|1362,Potency %,0.000125%,125,1,1250,Defense %,0.000305%,305,2,1510|1541,Protection,358,358,3,1128|1393|1063
pZOvUboeT8SKHxt2MfAgzg,254,Offense,5,Triangle,5,15,False,0,True,equippedStatMod,,Speed,2350,2350,0,,Offense %,0.23%,230000,5,575130|556500|473400|359310|420450,Defense %,0.000173%,173,1,1735,Health,33,33,1,337,Health %,2.67%,2670000,1,26736068
-Wsup_iJSNm76QqaW10L8w,254,Offense,5,Triangle,1,12,False,0,True,equippedStatMod,,Protection,950,950,0,,Offense,106,106,1,1064,Defense,161,161,1,1619,Defense %,0.00012%,120,1,1205,Offense %,0.05%,50000,1,519510
51ovItIeQt-_WU67bsi2mg,254,Offense,5,Triangle,1,12,False,0,True,equippedStatMod,,Offense,475,475,0,,Health,46,46,1,467,Offense %,0.05%,50000,1,537600,Speed,137,137,1,1373,Protection,145,145,1,1452
8-6QaXgvRD2vA1DAGY51Bg,254,Offense,5,Triangle,1,12,False,0,True,equippedStatMod,,Critical Damage %,0.002925%,2925,0,,Critical Avoidance %,0.38%,380000,1,3761088,Offense %,0.04%,40000,1,448350,Protection %,7.16%,7160000,1,71697392,Health,41,41,1,419
RE0DLLATTguWzG6JDhLEuQ,254,Offense,5,Triangle,1,12,False,0,True,equippedStatMod,,Speed,1900,1900,0,,Potency %,0.000126%,126,1,1261,Offense %,0.05%,50000,1,596670,Defense %,0.000198%,198,1,1987,Defense,135,135,1,1356
Soe1TT9ZTQmyxvU71kXh8A,254,Offense,5,Triangle,1,12,False,0,True,equippedStatMod,,Speed,1900,1900,0,,Potency %,0.000117%,117,1,1172,Defense %,0.000186%,186,1,1861,Defense,139,139,1,1393,Offense %,0.03%,30000,1,318180
XpNeLSoGTGOv5CoR5awqdw,254,Offense,5,Triangle,1,12,False,0,True,equippedStatMod,,Offense,475,475,0,,Speed,168,168,1,1680,Offense %,0.05%,50000,1,550260,Critical Avoidance %,0.45%,450000,1,4486584,Health %,3.69%,3690000,1,36998895
Yb1DmpcJTMaHsDWe32IfxA,254,Offense,5,Triangle,1,12,False,0,True,equippedStatMod,,Speed,1900,1900,0,,Health,46,46,1,460,Tenacity %,0.05%,50000,1,561246,Protection %,5.88%,5880000,1,58843857,Offense %,0.04%,40000,1,472230
fFstPfcdRtmoOu4YJGWiwQ,254,Offense,5,Triangle,1,12,False,0,True,equippedStatMod,,Critical Damage %,0.002925%,2925,0,,Offense,57,57,1,576,Defense %,0.000219%,219,1,2190,Speed,155,155,1,1556,Critical Avoidance %,0.26%,260000,1,2545392
i_Xo4rSmSFCJqusESMR_PA,254,Offense,5,Triangle,1,12,False,0,True,equippedStatMod,,Critical Damage %,0.002925%,2925,0,,Health,55,55,1,553,Offense %,0.05%,50000,1,539850,Speed,168,168,1,1684,Offense,96,96,1,966
e-OwrDV6SDOLLoX67D7mQQ,254,Offense,5,Triangle,2,9,False,0,True,equippedStatMod,,Offense,363,363,0,,Defense %,0.000196%,196,1,1960,Health,41,41,1,414,Offense %,0.05%,50000,1,582120,Speed,165,165,1,1659
kKb_0GqyRo-PbrqVxjSMNQ,254,Offense,5,Triangle,2,9,False,0,True,equippedStatMod,,Health,363,363,0,,Tenacity %,0.08%,80000,1,874013,Protection %,7.93%,7930000,1,79355524,Speed,170,170,1,1704,Defense %,0.000191%,191,1,1916
tKRlFSfWTtGNDigPIeZyww,254,Offense,5,Triangle,2,9,False,0,True,equippedStatMod,,Offense,363,363,0,,Speed,113,113,1,1131,Offense %,0.03%,30000,1,361260,Protection %,5.73%,5730000,1,57386154,Health %,3.85%,3850000,1,38528997
JqXVIahnSP-r6Mh9hguQmg,254,Offense,5,Triangle,4,3,False,0,True,equippedStatMod,,Critical Damage %,0.0009%,900,0,,Defense,218,218,1,2189,Critical Avoidance %,0.23%,230000,1,2288892,Health %,3.41%,3410000,1,34133704,Offense %,0.04%,40000,1,433170
dev6sHdvSPayiYH9IveQfQ,254,Offense,5,Triangle,4,3,False,0,True,equippedStatMod,,Health,138,138,0,,Health %,3.84%,3840000,1,38406846,Potency %,0.000143%,143,1,1436,Protection,119,119,1,1194,Speed,221,221,1,2216
2XqCDf4GThKOaoMoJDMLSQ,254,Offense,5,Triangle,4,1,False,0,True,equippedStatMod,,Defense,150,150,0,,Offense %,0.05%,50000,1,517890,Protection %,7.79%,7790000,1,77985034,Defense %,0.000132%,132,1,1324,,,,0,
AjAAR2MRSaarJD6wh9gT5A,254,Offense,5,Triangle,2,1,False,0,True,equippedStatMod,,Health,63,63,0,,Offense %,0.05%,50000,1,543630,,,,0,,,,,0,,,,,0,
KllLOLZeTaaA5u3CLhq5fQ,254,Offense,5,Triangle,4,1,False,0,True,equippedStatMod,,Speed,250,250,0,,Offense %,0.05%,50000,1,552480,Defense,161,161,1,1616,Health,28,28,1,287,,,,0,
dbOVy2LAQX2ioeKt-NCoyw,254,Offense,5,Triangle,4,1,False,0,True,equippedStatMod,,Protection,125,125,0,,Defense %,0.000208%,208,1,2084,Offense %,0.04%,40000,1,477690,Health,40,40,1,403,,,,0,
28gCCrQKRfufvBLbhzd7Kg,262,Offense,6,Arrow,3,15,False,0,True,equippedStatMod,,Offense %,0.32%,320000,0,,Health,308,308,3,1012|1047|1021,Protection %,13.18%,13180000,2,52081200|79791600,Speed,397,397,2,2219|1760,Defense %,0.000762%,762,3,2162|2889|2577
6oLXFefnQJ-tw43KcVTVOA,262,Offense,6,Arrow,2,15,False,0,True,equippedStatMod,,Offense %,0.32%,320000,0,,Critical Avoidance %,0.31%,310000,1,3091250,Health,164,164,1,1649,Defense %,0.000593%,593,3,1797|2166|1968,Health %,18%,18000000,4,50838300|39906000|37910700|51397200
DLR5YG-JRz6nLtwcZSXlfA,262,Offense,6,Arrow,1,15,False,0,True,equippedStatMod,,Offense %,0.32%,320000,0,,Potency %,0.000238%,238,1,2383,Tenacity %,0.25%,250000,2,1069360|1453440,Speed,292,292,1,2922,Health %,17.69%,17690000,4,52525800|29257200|47684700|47514600
TPPLSX7zTDOyGAwPI63ICg,262,Offense,6,Arrow,5,15,False,4,True,equippedStatMod,,Health,850,850,0,,Offense %,0.14%,140000,3,493410|399630|458790,Protection,889,889,3,3374|3484|2041,Health %,15.16%,15160000,4,31176900|46826100|40211100|33399000,Protection %,15.76%,15760000,2,69128800|88494800
m8-vRQwoSeaK9Ephx5HkNQ,262,Offense,6,Arrow,1,15,False,0,True,equippedStatMod,,Offense %,0.32%,320000,0,,Protection %,16.9%,16900000,3,64726600|55016000|49307400,Critical Avoidance %,0.9%,900000,2,4411750|4568500,Protection,270,270,1,2701,Offense,246,246,2,1092|1377
nfHSwGSRTBOa08KpklYCAw,262,Offense,6,Arrow,5,15,False,0,True,equippedStatMod,,Offense %,0.32%,320000,0,,Protection %,23.56%,23560000,3,73199800|80145800|82340000,Speed,771,771,4,2510|1762|1588|1851,Potency %,0.000581%,581,3,2345|1566|1904,Defense,366,366,2,1834|1832
qe0MpUWSTsuvJgzRjjha2w,262,Offense,6,Arrow,3,15,False,0,False,unequippedMod,,Offense,1600,1600,0,,Critical Avoidance %,1.17%,1170000,3,4204500|4448000|3016000,Defense,516,516,3,1680|2043|1445,Health,140,140,1,1402,Offense %,0.16%,160000,3,529590|422640|557850
r_7PQ8kRTKeQDHzRsfAF8A,262,Offense,6,Arrow,2,15,False,0,True,equippedStatMod,,Health,850,850,0,,Defense %,0.000713%,713,3,2404|1791|2941,Potency %,0.000711%,711,3,2009|2833|2274,Defense,358,358,2,1884|1703,Offense %,0.06%,60000,1,540840
4HsXPBEATIKrlSyPAIMzXQ,265,Offense,6,Circle,5,15,False,0,True,equippedStatMod,,Speed,2400,2400,0,,Health %,11%,11000000,3,27680400|32157000|50184900,Health,265,265,2,1330|1330,Protection,600,600,2,2444|3563,Offense %,0.24%,240000,5,539880|375720|466020|435180|513720
fSyBUzI0TxqGcr3khcR9cQ,265,Offense,6,Circle,1,15,False,2,True,equippedStatMod,,Offense,1600,1600,0,,Defense,293,293,2,1204|1731,Health,420,420,3,1646|1224|1331,Critical Avoidance %,0.58%,580000,2,3150250|2596250,Offense %,0.05%,50000,1,401910
W8Y5C82qTfS0tNLkTXH8FQ,266,Offense,6,Cross,5,15,False,0,True,equippedStatMod,,Health,850,850,0,,Offense %,0.1%,100000,2,570180|362310,Health %,8.45%,8450000,2,43343100|41193900,Defense %,0.000721%,721,3,1693|2811|2705,Defense,1017,1017,5,2261|2051|1479|2246|2141
5IILJh7KQ-WCyM8bVD6Q7w,263,Offense,6,Diamond,5,15,False,0,True,equippedStatMod,,Protection,2000,2000,0,,Offense %,0.21%,210000,4,534150|534000|548790|398070,Health,576,576,5,936|1181|1153|1319|1181,Tenacity %,0.22%,220000,2,1128960|1124000,Defense,208,208,1,2087
Q-6HySyJR_u-P0fwByW0Ug,263,Offense,6,Diamond,3,15,False,0,True,equippedStatMod,,Protection,2000,2000,0,,Speed,688,688,3,1827|2745|2309,Offense %,0.06%,60000,1,569070,Health,392,392,3,891|1647|1391,Defense %,0.000727%,727,3,2092|2678|2508
Z5EMaTYeRm6jr4ftasuviA,263,Offense,6,Diamond,5,15,False,0,True,equippedStatMod,,Protection,2000,2000,0,,Critical Avoidance %,0.98%,980000,3,2955000|3084750|3737250,Health %,5.91%,5910000,2,29232900|29878200,Offense %,0.28%,280000,5,557730|531600|572310|531480|556140,Defense,287,287,2,1559|1318
glWCrNfKTgOR1ufbNzIoyA,263,Offense,6,Diamond,2,15,False,0,True,equippedStatMod,,Protection,2000,2000,0,,Potency %,0.000477%,477,2,2976|1796,Speed,1095,1095,4,2979|2969|2855|2149,Defense %,0.000189%,189,1,1896,Offense %,0.11%,110000,2,565440|524610
c6ERSGMtThy-LYtneg91HA,261,Offense,6,Square,2,15,False,0,True,equippedStatMod,,Health,850,850,0,,Speed,697,697,3,1634|2738|2603,Offense %,0.1%,100000,2,540690|407010,Health %,12.91%,12910000,3,44876700|52323300|31946400,Defense %,0.000297%,297,1,2975
dcDo-zEBTtiAiNSyFHNiRg,261,Offense,6,Square,5,15,False,0,True,equippedStatMod,,Health,850,850,0,,Potency %,0.000759%,759,3,2626|2832|2133,Offense %,0.2%,200000,4,512250|462810|427980|589680,Protection %,18.81%,18810000,3,60301400|60503800|67344000,Defense,353,353,2,1524|2005
hGqL5bLTS86uChJvBE0t0w,261,Offense,6,Square,1,15,False,1,True,equippedStatMod,,Health,850,850,0,,Protection %,4.62%,4620000,1,46257600,Offense %,0.06%,60000,1,523890,Critical Avoidance %,1.55%,1550000,4,4124250|3266000|4350750|3757750,Tenacity %,0.21%,210000,2,1268240|888000
kuGK2A1KQduKYUvgYNt8Pg,261,Offense,6,Square,2,15,False,0,True,equippedStatMod,,Health,850,850,0,,Offense %,0.14%,140000,3,453900|400230|540720,Defense %,0.000652%,652,3,2081|2604|1838,Protection %,15.21%,15210000,2,88789200|63388000,Offense,191,191,1,1918
lZbiD0koRyquT42gmNME4Q,261,Offense,6,Square,5,15,False,3,True,equippedStatMod,,Health,850,850,0,,Tenacity %,0.39%,390000,4,850000|917280|1076640|1134560,Offense %,0.12%,120000,2,512970|594540,Critical Avoidance %,0.26%,260000,1,2524500,Offense,812,812,5,1829|1781|1639|1837|1044
y1lyxHvsR_OJckw0LtAgpg,261,Offense,6,Square,5,15,False,4,True,equippedStatMod,,Health,850,850,0,,Protection %,4.88%,4880000,1,48884200,Offense %,0.24%,240000,5,553890|454050|495450|397770|462450,Critical Avoidance %,0.96%,960000,3,2714250|3455000|3423500,Protection,817,817,3,2259|2309|3604
CH7fdpiiRo2EEoB2x5kEgw,264,Offense,6,Triangle,5,15,False,3,True,equippedStatMod,,Health,850,850,0,,Critical Avoidance %,1.39%,1390000,4,3104500|3786750|2924750|4029250,Offense %,0.15%,150000,3,479430|537090|436470,Potency %,0.000365%,365,2,2094|1560,Tenacity %,0.34%,340000,3,1379840|815280|1303680
GaUnhN8JSRqEBbDl70wkUw,264,Offense,6,Triangle,1,15,False,0,True,equippedStatMod,,Defense,2000,2000,0,,Speed,334,334,2,1559|1787,Critical Avoidance %,0.48%,480000,1,4761000,Defense %,0.000269%,269,1,2690,Offense %,0.18%,180000,4,506250|501480|423750|323250
cE7ee9xmTaiDhKNn2sfKlA,264,Offense,6,Triangle,2,15,False,0,True,equippedStatMod,,Critical Damage %,0.0042%,4200,0,,Offense %,0.16%,160000,3,541830|569100|391500,Protection,602,602,2,2191|3830,Health,322,322,2,1563|1661,Potency %,0.000333%,333,2,1782|1548
KJZqcEEoQ5uLrqppMaIrpQ,752,Potency,5,Arrow,4,15,False,0,True,equippedStatMod,,Offense %,0.3%,300000,0,,Offense,246,246,3,572|957|934,Tenacity %,0.06%,60000,1,639450,Potency %,0.00022%,220,1,2205,Defense,345,345,2,2203|1250
O20953XqQtCGFl6Nod1Jog,752,Potency,5,Arrow,2,15,False,0,True,equippedStatMod,,Offense %,0.3%,300000,0,,Tenacity %,0.09%,90000,1,910861,Critical Avoidance %,0.81%,810000,2,4349328|3672852,Defense %,0.000161%,161,1,1617,Offense,86,86,1,866
OWNxIPApQjKEI-9cHr1Uhw,752,Potency,5,Arrow,2,15,False,0,True,equippedStatMod,,Offense %,0.3%,300000,0,,Offense,89,89,1,894,Defense %,0.000171%,171,1,1713,Critical Avoidance %,0.69%,690000,2,2464908|4421376,Health,42,42,1,420
_7tCfXyGQcStpPJuXOQzgw,752,Potency,5,Arrow,1,15,False,0,True,equippedStatMod,,Offense %,0.3%,300000,0,,Health %,2.91%,2910000,1,29170516,Defense,192,192,1,1926,Protection,143,143,1,1431,Critical Avoidance %,0.32%,320000,1,3113340
e-d7KUoVTECIh_kP6ZQLMQ,752,Potency,5,Arrow,2,15,False,0,True,equippedStatMod,,Offense %,0.3%,300000,0,,Tenacity %,0.14%,140000,2,910420|561981,Critical Avoidance %,0.44%,440000,1,4370076,Offense,74,74,1,743,Protection,94,94,1,945
ksEMMbm4TLSSnpSzW-L6_g,752,Potency,5,Arrow,3,15,False,0,True,equippedStatMod,,Critical Chance %,0.0024%,2400,0,,Health,88,88,2,436|449,Defense,134,134,1,1345,Protection,253,253,2,1631|905,Offense %,0.05%,50000,1,523260
n89exxmkSCGHuTeBVVGRmQ,752,Potency,5,Arrow,1,15,False,0,True,equippedStatMod,,Offense %,0.3%,300000,0,,Protection,90,90,1,903,Critical Avoidance %,0.37%,370000,1,3649140,Health,45,45,1,459,Offense,64,64,1,649
y1Ng9NwnQte08jJttvERSg,752,Potency,5,Arrow,3,15,False,0,True,equippedStatMod,,Offense %,0.3%,300000,0,,Health,88,88,2,343|540,Defense,388,388,2,1762|2123,Speed,153,153,1,1536,Tenacity %,0.07%,70000,1,764155
zFuOG8xdQgW4vnSHOV2F0g,752,Potency,5,Arrow,1,15,False,0,True,equippedStatMod,,Offense %,0.3%,300000,0,,Protection,155,155,1,1550,Defense,217,217,1,2170,Offense,111,111,1,1116,Health,47,47,1,470
4drrFCenSyaHEfEk3gJD1Q,752,Potency,5,Arrow,1,12,False,0,False,unequippedMod,,Offense,475,475,0,,Health %,3.33%,3330000,1,33379368,Potency %,0.000142%,142,1,1422,Defense %,0.000176%,176,1,1766,Offense %,0.05%,50000,1,503070
cO9WGQ_aSvGGSgZxkfW4NQ,752,Potency,5,Arrow,1,12,False,0,False,unequippedMod,,Offense,475,475,0,,Protection %,5.51%,5510000,1,55172605,Potency %,0.000157%,157,1,1577,Offense %,0.05%,50000,1,580710,Protection,100,100,1,1004
nWwHTIPNR6WTX7NVaOG6JA,752,Potency,5,Arrow,1,12,False,0,False,unequippedMod,,Offense,475,475,0,,Critical Avoidance %,0.26%,260000,1,2540376,Offense %,0.05%,50000,1,569820,Protection %,7.1%,7100000,1,71086901,Speed,209,209,1,2097
YiJr4tpISH633zgLakeDFw,752,Potency,5,Arrow,2,9,False,0,False,unequippedMod,,Offense,363,363,0,,Critical Avoidance %,0.4%,400000,1,3993876,Tenacity %,0.04%,40000,1,492891,Potency %,0.000203%,203,1,2038,Offense %,0.05%,50000,1,500700
1mwRwTVbR3qYbi--7-RDKA,752,Potency,5,Arrow,4,1,True,0,True,equippedStatMod,,Offense %,0.04%,40000,0,,Health %,2.56%,2560000,1,25683855,Protection %,6.98%,6980000,1,69890837,Tenacity %,0.06%,60000,1,610246,,,,0,
5sdeUHeKSd6-hXX9CwLSFg,752,Potency,5,Arrow,3,1,False,0,False,unequippedMod,,Critical Chance %,0.0003%,300,0,,Defense,189,189,1,1898,Offense %,0.05%,50000,1,545550,,,,0,,,,,0,
A5peSMm5Q32mjohdpXkimQ,752,Potency,5,Arrow,4,1,False,0,False,unequippedMod,,Health,63,63,0,,Tenacity %,0.08%,80000,1,862498,Protection %,6.5%,6500000,1,65085816,Offense %,0.05%,50000,1,541770,,,,0,
CmVIBXgzREGuhDj_3Nb6oA,752,Potency,5,Arrow,1,1,False,0,False,unequippedMod,,Offense %,0.04%,40000,0,,,,,0,,,,,0,,,,,0,,,,,0,
EkwRlQK3SyGWuUcef7Bw4g,752,Potency,5,Arrow,2,1,False,0,False,unequippedMod,,Offense,63,63,0,,Offense %,0.05%,50000,1,533370,,,,0,,,,,0,,,,,0,
EwmalbGCRCmKN1-9oCl2CA,752,Potency,5,Arrow,5,1,False,0,False,unequippedMod,,Health,63,63,0,,Offense %,0.05%,50000,1,598560,Defense,128,128,1,1285,Potency %,0.000125%,125,1,1251,Protection,100,100,1,1005
FGSGbw0cTvilKzpYmYVxjQ,752,Potency,5,Arrow,5,1,False,0,False,unequippedMod,,Offense,63,63,0,,Defense,128,128,1,1284,Offense %,0.05%,50000,1,516480,Protection,154,154,1,1540,Tenacity %,0.07%,70000,1,764351
IDd0KvTMRnihaaM3-yzJFg,752,Potency,5,Arrow,4,1,False,0,False,unequippedMod,,Speed,250,250,0,,Defense,220,220,1,2203,Offense %,0.05%,50000,1,501570,Protection %,5.32%,5320000,1,53295449,,,,0,
OVWB4FD_SGqDnSgjgpAxUw,752,Potency,5,Arrow,2,1,False,0,True,equippedStatMod,,Offense %,0.04%,40000,0,,Potency %,0.00017%,170,1,1703,,,,0,,,,,0,,,,,0,
RfY6fPxxRom1KKj4Vq8w-A,752,Potency,5,Arrow,1,1,False,0,True,equippedStatMod,,Offense %,0.04%,40000,0,,,,,0,,,,,0,,,,,0,,,,,0,
bSSKGUuBQ0aZPnrkEu_8SA,752,Potency,5,Arrow,4,1,False,0,True,equippedStatMod,,Offense %,0.04%,40000,0,,Speed,163,163,1,1637,Defense %,0.000215%,215,1,2157,Offense,89,89,1,899,,,,0,
dEiON4RMSB-KKdT0Xq7-9Q,752,Potency,5,Arrow,1,1,False,0,False,unequippedMod,,Offense %,0.04%,40000,0,,,,,0,,,,,0,,,,,0,,,,,0,
defyqImiRSetve6bj9hXUw,752,Potency,5,Arrow,5,1,False,0,False,unequippedMod,,Offense %,0.04%,40000,0,,Health %,3.63%,3630000,1,36330279,Defense %,0.000203%,203,1,2039,Protection,138,138,1,1386,Offense,110,110,1,1101
hkEzw2ogT-WFq1xIAfXkTA,752,Potency,5,Arrow,1,1,False,0,False,unequippedMod,,Offense %,0.04%,40000,0,,,,,0,,,,,0,,,,,0,,,,,0,
hnLTCMOJR0-IlyePWyCQKQ,752,Potency,5,Arrow,5,1,False,0,False,unequippedMod,,Offense,63,63,0,,Health,28,28,1,282,Offense %,0.05%,50000,1,536460,Critical Avoidance %,0.38%,380000,1,3724608,Defense %,0.0002%,200,1,2002
hpzBkgAGRMyiaVeLeP6sXA,752,Potency,5,Arrow,5,1,False,0,False,unequippedMod,,Offense %,0.04%,40000,0,,Speed,177,177,1,1774,Tenacity %,0.06%,60000,1,668899,Critical Avoidance %,0.33%,330000,1,3254472,Potency %,0.000134%,134,1,1340
icie9L48Q22QHQcChry8QA,752,Potency,5,Arrow,1,1,False,0,False,unequippedMod,,Offense %,0.04%,40000,0,,,,,0,,,,,0,,,,,0,,,,,0,
lhzQQYCiTNyiT1OOcK6weA,752,Potency,5,Arrow,1,1,False,0,True,equippedStatMod,,Offense %,0.04%,40000,0,,,,,0,,,,,0,,,,,0,,,,,0,
nCXhJU_HQjm46ENBza_qOQ,752,Potency,5,Arrow,5,1,False,0,False,unequippedMod,,Offense %,0.04%,40000,0,,Protection %,4.19%,4190000,1,41920382,Defense %,0.000135%,135,1,1359,Defense,182,182,1,1828,Offense,99,99,1,990
uAwKOqz7RsKG1YHktLMa7A,752,Potency,5,Arrow,3,1,False,0,True,equippedStatMod,,Offense %,0.04%,40000,0,,Protection,113,113,1,1139,Potency %,0.000151%,151,1,1511,,,,0,,,,,0,
wgJn6NmHRgqoVKGdmITnhg,752,Potency,5,Arrow,5,1,False,0,True,equippedStatMod,,Offense %,0.04%,40000,0,,Health %,3.21%,3210000,1,32117141,Protection,90,90,1,903,Potency %,0.000117%,117,1,1178,Health,49,49,1,491
y4VzE3CSRZKgaLd2lkuoRA,752,Potency,5,Arrow,1,1,False,0,True,equippedStatMod,,Offense %,0.04%,40000,0,,,,,0,,,,,0,,,,,0,,,,,0,
yDxHOQweRjyTPNfXSZCgBQ,752,Potency,5,Arrow,4,1,False,0,True,equippedStatMod,,Offense %,0.04%,40000,0,,Protection,100,100,1,1004,Defense,129,129,1,1297,Potency %,0.000154%,154,1,1548,,,,0,
yhUCoqkuSnGoINih91zcFg,752,Potency,5,Arrow,1,1,False,0,True,equippedStatMod,,Offense %,0.04%,40000,0,,,,,0,,,,,0,,,,,0,,,,,0,
McZV18ldTq61jwx1-FAaEw,755,Potency,5,Circle,5,15,False,0,True,equippedStatMod,,Offense,588,588,0,,Health,125,125,3,329|369|555,Protection %,21.09%,21090000,3,45952945|82582405|82461968,Speed,162,162,1,1625,Offense %,0.05%,50000,1,513390
hPGzjctdTjG8azVwO0NoYw,755,Potency,5,Circle,3,15,False,0,True,equippedStatMod,,Speed,2350,2350,0,,Potency %,0.00015%,150,1,1506,Offense,189,189,2,1121|769,Offense %,0.11%,110000,2,589500|544680,Protection %,7.31%,7310000,1,73117718
1A0LqZWGT4WExuQhAk9g1g,755,Potency,5,Circle,1,12,True,0,True,equippedStatMod,,Speed,1900,1900,0,,Offense %,0.05%,50000,1,587550,Potency %,0.00017%,170,1,1703,Critical Avoidance %,0.26%,260000,1,2549268,Defense %,0.000137%,137,1,1376
E3oecnaURVq1ZIB-mlezKQ,755,Potency,5,Circle,1,12,False,0,False,unequippedMod,,Offense,475,475,0,,Offense %,0.05%,50000,1,566520,Health,31,31,1,311,Protection %,6.81%,6810000,1,68134118,Health %,2.52%,2520000,1,25283114
_TxuPm4zQlyNo02qvTYQ4w,755,Potency,5,Circle,1,12,False,0,True,equippedStatMod,,Speed,1900,1900,0,,Protection,85,85,1,858,Offense %,0.05%,50000,1,505380,Health,48,48,1,486,Critical Avoidance %,0.3%,300000,1,2989536
rjc6GFMgQhObwy96iD42QQ,755,Potency,5,Circle,1,12,False,0,True,equippedStatMod,,Offense,475,475,0,,Offense %,0.05%,50000,1,562020,Speed,199,199,1,1991,Health %,3.58%,3580000,1,35858819,Protection,105,105,1,1053
sDidG1lDSM6KmzBeeKwKng,755,Potency,5,Circle,1,12,False,0,True,equippedStatMod,,Speed,1900,1900,0,,Potency %,0.000189%,189,1,1899,Offense %,0.05%,50000,1,500640,Health,47,47,1,470,Protection,92,92,1,921
tER44FKRRtq2ZwPhtrH6JA,755,Potency,5,Circle,1,12,False,0,False,unequippedMod,,Offense,475,475,0,,Health %,3.6%,3600000,1,36036688,Offense %,0.05%,50000,1,580560,Protection %,7.66%,7660000,1,76676839,Potency %,0.000161%,161,1,1611
y3itIHIrSQ66Nq1bKpFA_w,755,Potency,5,Circle,1,12,False,0,True,equippedStatMod,,Speed,1900,1900,0,,Defense,167,167,1,1671,Health %,3.56%,3560000,1,35618803,Protection %,6.11%,6110000,1,61194455,Offense %,0.05%,50000,1,566340
ZkJucJjmSxyKEt4cahdI5g,755,Potency,5,Circle,2,9,False,0,True,equippedStatMod,,Speed,1450,1450,0,,Tenacity %,0.05%,50000,1,568694,Defense %,0.000124%,124,1,1242,Health %,2.86%,2860000,1,28688341,Health,44,44,1,441
bhYmanbBTDKTUsWGi-nyGQ,755,Potency,5,Circle,3,6,False,0,True,equippedStatMod,,Speed,1000,1000,0,,Defense,210,210,1,2100,Protection %,4.58%,4580000,1,45803437,Offense %,0.05%,50000,1,540630,Health,53,53,1,534
m9oO7nl8RTyIO5_2Ukpj1w,755,Potency,5,Circle,3,6,False,0,True,equippedStatMod,,Speed,1000,1000,0,,Defense,224,224,1,2246,Defense %,0.000181%,181,1,1813,Health %,2.43%,2430000,1,24368053,Offense %,0.05%,50000,1,519780
qBUmCpRlTACndRdbGGfH6A,755,Potency,5,Circle,4,3,False,0,True,equippedStatMod,,Offense,138,138,0,,Protection %,6.93%,6930000,1,69317723,Defense,123,123,1,1236,Potency %,0.000146%,146,1,1467,Offense %,0.05%,50000,1,580800
Nq7ppoRZRx-RfQG8uObEaw,755,Potency,5,Circle,2,1,False,0,False,unequippedMod,,Offense,63,63,0,,Offense %,0.05%,50000,1,528090,,,,0,,,,,0,,,,,0,
R_kAPcwjRPGlYRlPdVFFaA,755,Potency,5,Circle,4,1,False,0,True,equippedStatMod,,Offense,63,63,0,,Speed,203,203,1,2032,Health %,2.56%,2560000,1,25647424,Offense %,0.05%,50000,1,520590,,,,0,
VusymyikRv2dmFDEVZLByg,755,Potency,5,Circle,4,1,False,0,False,unequippedMod,,Offense,63,63,0,,Offense %,0.05%,50000,1,596370,Speed,123,123,1,1239,Protection,96,96,1,965,,,,0,
_WRSeqqnRTOh_GC5Oc_GwA,755,Potency,5,Circle,2,1,False,0,False,unequippedMod,,Offense,63,63,0,,Offense %,0.05%,50000,1,520170,,,,0,,,,,0,,,,,0,
qq3aHRT_R32fC4gNJiF8ig,755,Potency,5,Circle,5,1,False,0,False,unequippedMod,,Offense,63,63,0,,Health,30,30,1,301,Speed,188,188,1,1885,Offense %,0.05%,50000,1,530340,Protection %,4.38%,4380000,1,43809997
rRGaxmcHS0i0hFqpEUCC1w,755,Potency,5,Circle,2,1,False,0,False,unequippedMod,,Offense,63,63,0,,Offense %,0.05%,50000,1,573540,,,,0,,,,,0,,,,,0,
v_DsWx_8QaOLRX9FrePfYQ,755,Potency,5,Circle,5,1,False,0,True,equippedStatMod,,Speed,250,250,0,,Defense,116,116,1,1162,Offense,78,78,1,785,Defense %,0.000171%,171,1,1714,Offense %,0.03%,30000,1,306810
zxPmv7qCSNmhodr5uSnaHg,755,Potency,5,Circle,5,1,False,0,False,unequippedMod,,Offense,63,63,0,,Health,36,36,1,363,Offense %,0.05%,50000,1,503400,Speed,205,205,1,2057,Protection,119,119,1,1199
HwXF5YR4QKatx2787JKZvQ,756,Potency,5,Cross,5,15,False,0,True,equippedStatMod,,Defense %,0.0024%,2400,0,,Speed,487,487,3,1617|1484|1769,Defense,124,124,1,1245,Health %,2.35%,2350000,1,23506567,Offense %,0.15%,150000,3,568560|470460|535080
KLzSPk7mRuu5RkrOAsQYDg,756,Potency,5,Cross,2,15,False,0,True,equippedStatMod,,Defense %,0.0024%,2400,0,,Offense %,0.05%,50000,1,514860,Potency %,0.00017%,170,1,1702,Offense,111,111,1,1118,Speed,381,381,2,1847|1969
Mf_JdZKNRyi96DG_0xfARQ,756,Potency,5,Cross,2,15,False,0,True,equippedStatMod,,Defense %,0.0024%,2400,0,,Critical Avoidance %,0.33%,330000,1,3253560,Offense,87,87,1,879,Tenacity %,0.16%,160000,2,818888|867594,Offense %,0.05%,50000,1,550530
PkjCXp3JRlqWPUr2sNpKFg,756,Potency,5,Cross,5,15,False,0,True,equippedStatMod,,Defense %,0.0024%,2400,0,,Protection %,6.22%,6220000,1,62295000,Health,42,42,1,422,Offense,253,253,3,844|844|844,Offense %,0.15%,150000,3,500010|500010|500010
6Iq5iArcRSiRXlSVFviI-w,756,Potency,5,Cross,1,12,False,0,False,unequippedMod,,Potency %,0.00195%,1950,0,,Offense %,0.05%,50000,1,521700,Health %,3.68%,3680000,1,36881030,Defense %,0.000195%,195,1,1950,Offense,89,89,1,897
8FuA-Xv7S32aURc8Z-KFcw,756,Potency,5,Cross,1,12,False,0,False,unequippedMod,,Potency %,0.00195%,1950,0,,Defense,193,193,1,1932,Defense %,0.000219%,219,1,2196,Offense %,0.05%,50000,1,532950,Tenacity %,0.08%,80000,1,850738
9gnNslYvTPeuiQjtA1a3xg,756,Potency,5,Cross,1,12,False,0,False,unequippedMod,,Offense,475,475,0,,Offense %,0.05%,50000,1,504300,Health,32,32,1,326,Critical Avoidance %,0.32%,320000,1,3133404,Health %,2.23%,2230000,1,22300058
ExpIeLXKQJeY2TG1Nhoc6A,756,Potency,5,Cross,1,12,False,0,False,unequippedMod,,Offense,475,475,0,,Protection,149,149,1,1492,Offense %,0.05%,50000,1,564570,Health %,2.44%,2440000,1,24481632,Defense,145,145,1,1459
Fi31hmSBQ3mEz4NOiSK9WA,756,Potency,5,Cross,1,12,False,0,False,unequippedMod,,Offense,475,475,0,,Offense %,0.05%,50000,1,526770,Critical Avoidance %,0.35%,350000,1,3446448,Protection %,8.16%,8160000,1,81668745,Speed,161,161,1,1613
PhoJsuXeQm-_hTX5qcCAiQ,756,Potency,5,Cross,1,12,False,0,False,unequippedMod,,Potency %,0.00195%,1950,0,,Offense %,0.05%,50000,1,594480,Critical Avoidance %,0.37%,370000,1,3681972,Health %,4.04%,4040000,1,40489842,Health,32,32,1,323
aViLUbClRCyQVSDj5gLjUQ,756,Potency,5,Cross,1,12,False,0,True,equippedStatMod,,Health,475,475,0,,Health %,3.58%,3580000,1,35850247,Tenacity %,0.09%,90000,1,966133,Speed,141,141,1,1417,Offense %,0.05%,50000,1,582180
fwO4u_lcQV6wKhmxU7D3gQ,756,Potency,5,Cross,1,12,False,0,False,unequippedMod,,Protection,950,950,0,,Critical Avoidance %,0.4%,400000,1,3981336,Offense %,0.05%,50000,1,545520,Defense %,0.000204%,204,1,2046,Potency %,0.000198%,198,1,1988
spXle4PpSN6n1Bav67HGNA,756,Potency,5,Cross,1,12,False,0,True,equippedStatMod,,Speed,1900,1900,0,,Health,54,54,1,541,Defense %,0.000199%,199,1,1998,Offense %,0.05%,50000,1,503880,Critical Avoidance %,0.26%,260000,1,2540376
xUO7OQEDTh6qsNkNxkTjGQ,756,Potency,5,Cross,1,12,False,0,True,equippedStatMod,,Potency %,0.00195%,1950,0,,Tenacity %,0.06%,60000,1,609658,Defense,195,195,1,1957,Offense,92,92,1,923,Offense %,0.05%,50000,1,545160
O6F80aCnQ9OiO6gELI0knw,756,Potency,5,Cross,2,9,False,0,False,unequippedMod,,Protection,725,725,0,,Health %,2.56%,2560000,1,25645281,Offense %,0.05%,50000,1,530640,Critical Avoidance %,0.42%,420000,1,4151880,Health,35,35,1,355
eYOosJhESzCF4sdD4dx9EA,756,Potency,5,Cross,2,9,False,0,False,unequippedMod,,Offense,363,363,0,,Speed,187,187,1,1870,Offense %,0.05%,50000,1,597210,Health,46,46,1,460,Health %,3.48%,3480000,1,34838751
sryhDFqFRh-cIyahQ15K0A,756,Potency,5,Cross,3,6,False,0,False,unequippedMod,,Speed,1000,1000,0,,Defense,224,224,1,2245,Protection %,6.97%,6970000,1,69728870,Protection,142,142,1,1427,Offense %,0.05%,50000,1,531540
EkU6vAtKTlSiEwEqPc-cLw,756,Potency,5,Cross,4,3,False,0,True,equippedStatMod,,Potency %,0.0006%,600,0,,Defense,164,164,1,1645,Tenacity %,0.05%,50000,1,576730,Health %,2.15%,2150000,1,21580010,Offense %,0.05%,50000,1,583530
6AlP6_L4S32HKspAz4WTkw,756,Potency,5,Cross,4,1,False,0,False,unequippedMod,,Health,63,63,0,,Offense %,0.05%,50000,1,565770,Critical Avoidance %,0.44%,440000,1,4309656,Protection %,6.3%,6300000,1,63096529,,,,0,
XgUq9_dWQuOBmRW0cbXxwA,756,Potency,5,Cross,5,1,False,0,True,equippedStatMod,,Speed,250,250,0,,Health %,3.46%,3460000,1,34645881,Protection,148,148,1,1487,Defense,171,171,1,1718,Offense %,0.05%,50000,1,547650
kOO5py2xSveku5th_xLgPQ,756,Potency,5,Cross,3,1,False,0,True,equippedStatMod,,Offense,63,63,0,,Protection,151,151,1,1512,Offense %,0.05%,50000,1,574140,,,,0,,,,,0,
IljeMbRcQu2649HVdwCqGg,753,Potency,5,Diamond,2,15,False,0,True,equippedStatMod,,Protection,1175,1175,0,,Offense %,0.05%,50000,1,599190,Defense,143,143,1,1439,Protection %,14.57%,14570000,2,63665490|82092351,Critical Avoidance %,0.28%,280000,1,2779320
SPCait6xScmlJ1Zj9mO-RA,753,Potency,5,Diamond,3,15,False,0,True,equippedStatMod,,Protection,1175,1175,0,,Health,95,95,2,485|468,Critical Avoidance %,0.4%,400000,1,3995700,Offense %,0.09%,90000,2,553560|369570,Health %,3.78%,3780000,1,37834665
ehAc8sigQUGZUbfLT4h66A,753,Potency,5,Diamond,1,15,False,0,True,equippedStatMod,,Protection,1175,1175,0,,Protection %,7.22%,7220000,1,72299577,Health %,3.08%,3080000,1,30837770,Potency %,0.000133%,133,1,1331,Offense %,0.05%,50000,1,500610
elN-NjC2RgChl8YR8SEdVg,753,Potency,5,Diamond,3,15,False,0,True,equippedStatMod,,Protection,1175,1175,0,,Critical Avoidance %,0.74%,740000,2,3262224|4119732,Offense %,0.05%,50000,1,590400,Health %,7.79%,7790000,2,35509510|42399255,Defense %,0.000182%,182,1,1824
l3t4iWXkTgCcDtxgVnkhjQ,753,Potency,5,Diamond,3,15,False,0,True,equippedStatMod,,Protection,1175,1175,0,,Offense %,0.05%,50000,1,571680,Health,147,147,3,493|551|432,Tenacity %,0.04%,40000,1,493038,Offense,57,57,1,578
-RqayzobTJapUUMTf4it3w,753,Potency,5,Diamond,1,12,False,0,True,equippedStatMod,,Protection,950,950,0,,Critical Avoidance %,0.42%,420000,1,4192236,Protection %,6.42%,6420000,1,64238604,Tenacity %,0.08%,80000,1,801444,Offense %,0.05%,50000,1,580920
5kX7LCduTKu9bxgYK7nQTw,753,Potency,5,Diamond,1,12,False,0,True,equippedStatMod,,Protection,950,950,0,,Tenacity %,0.05%,50000,1,537236,Speed,141,141,1,1410,Potency %,0.000136%,136,1,1364,Offense %,0.05%,50000,1,539310
9NcR4lF_QNieErdAv6Ia1Q,753,Potency,5,Diamond,1,12,False,0,True,equippedStatMod,,Protection,950,950,0,,Protection %,5.67%,5670000,1,56709215,Potency %,0.000192%,192,1,1925,Health,32,32,1,329,Offense,60,60,1,608
BYqpwa7ETQSXynLqkcWykw,753,Potency,5,Diamond,1,12,False,0,True,equippedStatMod,,Protection,950,950,0,,Health %,3.96%,3960000,1,39606926,Potency %,0.000195%,195,1,1955,Offense %,0.05%,50000,1,596160,Tenacity %,0.05%,50000,1,546105
SJIbkybeQq6ngpdnyzgxkw,753,Potency,5,Diamond,1,12,False,0,False,unequippedMod,,Protection,950,950,0,,Tenacity %,0.08%,80000,1,821338,Offense %,0.05%,50000,1,581400,Offense,112,112,1,1120,Health,44,44,1,445
XYHmMuzOQ4-fvlcrOIhymQ,753,Potency,5,Diamond,1,12,False,0,True,equippedStatMod,,Protection,950,950,0,,Offense,88,88,1,886,Tenacity %,0.07%,70000,1,796446,Offense %,0.05%,50000,1,529470,Critical Avoidance %,0.31%,310000,1,3058164
cRLW1fRpQYyjq8nkSmsvcw,753,Potency,5,Diamond,1,12,False,0,True,equippedStatMod,,Protection,950,950,0,,Health %,2.71%,2710000,1,27166811,Speed,171,171,1,1714,Offense %,0.05%,50000,1,590460,Defense %,0.0002%,200,1,2005
ltGWhfmyRNeIdLGcdw_WdA,753,Potency,5,Diamond,2,9,False,0,True,equippedStatMod,,Protection,725,725,0,,Tenacity %,0.07%,70000,1,737352,Offense %,0.05%,50000,1,570900,Health,51,51,1,519,Speed,131,131,1,1317
0SlxtSXsSkCdkaLXffJCzA,753,Potency,5,Diamond,4,1,False,0,True,equippedStatMod,,Protection,125,125,0,,Offense,90,90,1,907,Speed,146,146,1,1468,Offense %,0.05%,50000,1,513240,,,,0,
42n0uF-KTSe8T7PeQuq6Ng,753,Potency,5,Diamond,3,1,False,0,True,equippedStatMod,,Protection,125,125,0,,Protection %,7.39%,7390000,1,73989848,Offense %,0.05%,50000,1,529440,,,,0,,,,,0,
9c6OjW3WQ26JWJao_SgaCQ,753,Potency,5,Diamond,4,1,False,0,False,unequippedMod,,Protection,125,125,0,,Offense %,0.05%,50000,1,594930,Speed,127,127,1,1277,Protection %,7.03%,7030000,1,70318596,,,,0,
Iv9nTSA6QgmU3KFnIdVKow,753,Potency,5,Diamond,5,1,False,0,False,unequippedMod,,Protection,125,125,0,,Offense %,0.05%,50000,1,518910,Defense,223,223,1,2234,Potency %,0.000208%,208,1,2080,Health,31,31,1,316
LbT5tNAjT6S7pu-BZwUEpA,753,Potency,5,Diamond,5,1,False,0,True,equippedStatMod,,Protection,125,125,0,,Offense %,0.05%,50000,1,585000,Protection %,4.52%,4520000,1,45238629,Tenacity %,0.05%,50000,1,538510,Health %,2.81%,2810000,1,28191165
iyPWiRQySpuce4SaiL-6eQ,753,Potency,5,Diamond,4,1,False,0,False,unequippedMod,,Protection,125,125,0,,Protection %,6.57%,6570000,1,65725378,Health,51,51,1,518,Offense %,0.05%,50000,1,574170,,,,0,
0I3PyG3_RYmvtG3iUUdqOg,751,Potency,5,Square,2,15,False,0,True,equippedStatMod,,Health,588,588,0,,Defense %,0.000157%,157,1,1576,Offense %,0.05%,50000,1,558330,Tenacity %,0.06%,60000,1,611618,Offense,192,192,2,1032|895
66gh7c7tQACmzGhfFHOfTg,751,Potency,5,Square,3,15,False,0,True,equippedStatMod,,Health,588,588,0,,Critical Avoidance %,0.55%,550000,2,3040608|2457840,Potency %,0.000165%,165,1,1659,Speed,204,204,1,2047,Offense %,0.08%,80000,2,553380|318510
EyWJb1lWRuuRiX-a8YHGHg,751,Potency,5,Square,2,15,False,0,True,equippedStatMod,,Health,588,588,0,,Protection,125,125,1,1252,Offense %,0.05%,50000,1,583020,Protection %,7.55%,7550000,1,75538917,Offense,124,124,2,634|614
F377dNmFRO2UnQfmvLEldQ,751,Potency,5,Square,4,15,False,0,True,equippedStatMod,,Health,588,588,0,,Tenacity %,0.13%,130000,2,731668|667380,Offense %,0.05%,50000,1,517590,Defense,311,311,2,1412|1698,Protection %,12.77%,12770000,2,73275532|54470748
VbrvwfJ6T8yukkEZ8W-hfw,751,Potency,5,Square,1,15,False,0,True,equippedStatMod,,Health,588,588,0,,Health %,2.74%,2740000,1,27481832,Speed,150,150,1,1500,Protection %,7.57%,7570000,1,75767332,Offense %,0.05%,50000,1,590790
rVsAGN7qRlWzIh-eyAlaSQ,751,Potency,5,Square,4,15,False,0,True,equippedStatMod,,Health,588,588,0,,Potency %,0.000153%,153,1,1538,Health %,7.75%,7750000,2,38205404|39296191,Offense,78,78,1,783,Offense %,0.12%,120000,3,527160|341040|403170
sUpeHOtaR3uyJenjUOsvKw,751,Potency,5,Square,5,15,False,0,True,equippedStatMod,,Health,588,588,0,,Defense,127,127,1,1272,Protection %,18.63%,18630000,3,46588354|57589651|82167105,Potency %,0.000275%,275,2,1602|1156,Offense %,0.1%,100000,2,503790|532950
zwhQzjSGSr-4qCSyMoaN2g,751,Potency,5,Square,3,15,False,0,True,equippedStatMod,,Health,588,588,0,,Offense %,0.1%,100000,2,574020|521760,Offense,101,101,1,1019,Tenacity %,0.16%,160000,2,774543|838292,Defense,117,117,1,1175
zzFMtjR9QJeh7KDnE3SVUg,751,Potency,5,Square,2,15,False,0,True,equippedStatMod,,Health,588,588,0,,Potency %,0.00019%,190,1,1903,Protection,152,152,1,1529,Defense,294,294,2,1578|1367,Offense %,0.05%,50000,1,583290
6ZBvJeIRQY6qpJpi9ci0fQ,751,Potency,5,Square,1,12,False,0,True,equippedStatMod,,Health,475,475,0,,Health %,3.76%,3760000,1,37688941,Defense,173,173,1,1736,Protection,145,145,1,1457,Offense %,0.05%,50000,1,575700
7FbwRzoJR-mcikM4Sd9cmQ,751,Potency,5,Square,1,12,False,0,True,equippedStatMod,,Health,475,475,0,,Health %,3.96%,3960000,1,39649786,Protection %,7.14%,7140000,1,71498048,Defense,212,212,1,2128,Offense %,0.05%,50000,1,551490
9o55Ih8HTR-bG95TZMyvFw,751,Potency,5,Square,1,12,False,0,True,equippedStatMod,,Health,475,475,0,,Defense,210,210,1,2105,Offense %,0.05%,50000,1,533760,Health %,2.98%,2980000,1,29871277,Tenacity %,0.06%,60000,1,660814
HgJ4_m52QZOumXGJnuJWEQ,751,Potency,5,Square,1,12,False,0,False,unequippedMod,,Health,475,475,0,,Protection %,4.3%,4300000,1,43062457,Tenacity %,0.08%,80000,1,851179,Offense %,0.05%,50000,1,598500,Defense %,0.000124%,124,1,1242
KaQxuNGDSe-j6Tp9BUMfiQ,751,Potency,5,Square,1,12,False,0,True,equippedStatMod,,Health,475,475,0,,Offense %,0.05%,50000,1,509760,Defense,216,216,1,2161,Protection,157,157,1,1575,Critical Avoidance %,0.27%,270000,1,2653008
RbzyoxHrQ86bEDkpPsPLGA,751,Potency,5,Square,1,12,False,0,True,equippedStatMod,,Health,475,475,0,,Critical Avoidance %,0.46%,460000,1,4523748,Tenacity %,0.08%,80000,1,890624,Defense,212,212,1,2124,Offense %,0.05%,50000,1,559530
V4l3HPCITGik05m4fqWmFg,751,Potency,5,Square,1,12,False,0,True,equippedStatMod,,Health,475,475,0,,Protection,109,109,1,1091,Offense %,0.05%,50000,1,540390,Potency %,0.00016%,160,1,1600,Defense,168,168,1,1688
ZILX0KG4RdqFnbAt-KKQ7g,751,Potency,5,Square,1,12,False,0,True,equippedStatMod,,Health,475,475,0,,Offense %,0.05%,50000,1,502470,Defense %,0.000113%,113,1,1133,Offense,95,95,1,952,Potency %,0.000153%,153,1,1530
x2E952EnQ_W8m5Byfx-tQw,751,Potency,5,Square,1,12,False,0,True,equippedStatMod,,Health,475,475,0,,Tenacity %,0.05%,50000,1,510237,Protection %,7.05%,7050000,1,70530399,Offense %,0.05%,50000,1,567900,Health %,3.99%,3990000,1,39951949
YKPULmcIT2i1VXNPG0N5Ig,751,Potency,5,Square,3,6,False,0,False,unequippedMod,,Health,250,250,0,,Health %,3.97%,3970000,1,39714076,Defense %,0.000144%,144,1,1448,Offense %,0.05%,50000,1,548970,Potency %,0.000161%,161,1,1613
re-qhuOZQQCRW5CVechkXA,751,Potency,5,Square,3,6,False,0,False,unequippedMod,,Health,250,250,0,,Speed,142,142,1,1420,Tenacity %,0.09%,90000,1,972062,Offense %,0.05%,50000,1,553080,Offense,104,104,1,1040
Mfzp9UphQ1CrJggHZHmzfg,751,Potency,5,Square,3,1,False,0,False,unequippedMod,,Health,63,63,0,,Offense %,0.05%,50000,1,598800,Offense,57,57,1,571,,,,0,,,,,0,
W3cuWzjCSr6tgF5ilb6SOg,751,Potency,5,Square,5,1,False,0,False,unequippedMod,,Health,63,63,0,,Health %,3.15%,3150000,1,31553532,Offense %,0.05%,50000,1,511110,Potency %,0.000122%,122,1,1229,Offense,77,77,1,775
bxNvMxUERs6RFv2IUUYcYQ,751,Potency,5,Square,3,1,False,0,True,equippedStatMod,,Health,63,63,0,,Defense,134,134,1,1342,Offense %,0.05%,50000,1,563100,,,,0,,,,,0,
2XdnDwLeTninuQU7ENiEuQ,754,Potency,5,Triangle,2,15,False,0,True,equippedStatMod,,Offense,588,588,0,,Offense %,0.05%,50000,1,578220,Tenacity %,0.06%,60000,1,612843,Potency %,0.000155%,155,1,1554,Critical Avoidance %,0.65%,650000,2,3303264|3156204
3siOG6RrR3KC-5vHqVIcsw,754,Potency,5,Triangle,3,15,False,0,True,equippedStatMod,,Speed,2350,2350,0,,Health,47,47,1,479,Offense %,0.14%,140000,3,580290|529950|335820,Offense,87,87,1,873,Critical Avoidance %,0.27%,270000,1,2680824
58kQMyx7SjKY4bTzBxMdPQ,754,Potency,5,Triangle,5,15,False,0,True,equippedStatMod,,Speed,2350,2350,0,,Offense %,0.1%,100000,2,512820|569730,Protection %,14.42%,14420000,3,46845840|46060923|51360151,Critical Avoidance %,0.64%,640000,2,2705448|3690864,Protection,146,146,1,1464
8L4LOa76TPGDcKf-RQkfmg,754,Potency,5,Triangle,3,15,False,0,True,equippedStatMod,,Speed,2350,2350,0,,Critical Avoidance %,1.05%,1050000,3,2452596|4431408|3614484,Health,36,36,1,361,Defense %,0.00014%,140,1,1406,Defense,190,190,1,1903
DnDdk5UIT96ZYOK2nBqsAg,754,Potency,5,Triangle,1,15,False,0,True,equippedStatMod,,Defense,1200,1200,0,,Offense %,0.05%,50000,1,544500,Offense,67,67,1,671,Protection,95,95,1,958,Defense %,0.000167%,167,1,1671
SO4BieiFRSi6DJAXyLtQiQ,754,Potency,5,Triangle,2,15,False,0,True,equippedStatMod,,Health,588,588,0,,Defense,165,165,1,1650,Offense %,0.11%,110000,2,556050|589740,Health %,2.45%,2450000,1,24554494,Protection %,6.26%,6260000,1,62664617
2QBURyAwSyKf-IUY2dL0Jg,754,Potency,5,Triangle,1,12,False,0,True,equippedStatMod,,Offense,475,475,0,,Protection,134,134,1,1349,Defense %,0.000181%,181,1,1811,Offense %,0.05%,50000,1,571440,Tenacity %,0.06%,60000,1,668115
FXznnY7VRsmGTwDc29nq1Q,754,Potency,5,Triangle,1,12,False,0,True,equippedStatMod,,Health,475,475,0,,Offense,82,82,1,827,Tenacity %,0.06%,60000,1,689626,Offense %,0.05%,50000,1,524040,Speed,119,119,1,1193
PlZf0VFqRA-d0t5yaIeUeQ,754,Potency,5,Triangle,1,12,False,0,True,equippedStatMod,,Critical Damage %,0.002925%,2925,0,,Health,48,48,1,485,Defense %,0.000136%,136,1,1368,Health %,3.14%,3140000,1,31474241,Offense %,0.05%,50000,1,584430
T_pW-N0yQey8FrN0Pn4Lmg,754,Potency,5,Triangle,1,12,True,0,True,equippedStatMod,,Speed,1900,1900,0,,Offense,106,106,1,1061,Defense,114,114,1,1145,Offense %,0.05%,50000,1,587520,Critical Avoidance %,0.27%,270000,1,2685612
VX2NnNCvQjGtNPcsqcrSOA,754,Potency,5,Triangle,1,12,False,0,True,equippedStatMod,,Defense,975,975,0,,Critical Avoidance %,0.37%,370000,1,3651420,Speed,177,177,1,1776,Protection,131,131,1,1310,Offense %,0.05%,50000,1,549630
ihqWF2D0T7uNpZ8gNCoB1w,754,Potency,5,Triangle,1,12,False,0,True,equippedStatMod,,Defense,975,975,0,,Protection,96,96,1,963,Health,31,31,1,314,Health %,4.14%,4140000,1,41437048,Offense %,0.05%,50000,1,520770
kA5ceWI1TF6f1a4hzVnVTg,754,Potency,5,Triangle,1,12,False,0,True,equippedStatMod,,Defense,975,975,0,,Speed,136,136,1,1363,Offense,90,90,1,903,Health,29,29,1,297,Offense %,0.05%,50000,1,545040
vJxet22nTCG816X1v7C1KQ,754,Potency,5,Triangle,1,12,False,0,True,equippedStatMod,,Protection,950,950,0,,Defense,189,189,1,1897,Health,42,42,1,426,Critical Avoidance %,0.4%,400000,1,3974952,Offense %,0.05%,50000,1,529470
xNXTfc4hSJeK56HEKF58Ag,754,Potency,5,Triangle,1,12,False,0,True,equippedStatMod,,Defense,975,975,0,,Offense %,0.05%,50000,1,575520,Tenacity %,0.06%,60000,1,672966,Health %,3.47%,3470000,1,34723029,Speed,209,209,1,2098
ajpSo3crTJuCLp0kRxQe7Q,754,Potency,5,Triangle,2,9,False,0,False,unequippedMod,,Speed,1450,1450,0,,Health %,3.91%,3910000,1,39199756,Defense,152,152,1,1525,Offense %,0.05%,50000,1,594540,Protection %,5.95%,5950000,1,59549867
IY1NAUClRkmCdaFc_ybQ4A,754,Potency,5,Triangle,3,6,False,0,True,equippedStatMod,,Health,250,250,0,,Health %,2.18%,2180000,1,21856457,Critical Avoidance %,0.42%,420000,1,4193376,Offense %,0.03%,30000,1,343200,Defense,121,121,1,1212
iRyPV_-NSMWtuRM1QzKNmQ,754,Potency,5,Triangle,3,6,False,0,True,equippedStatMod,,Speed,1000,1000,0,,Potency %,0.000166%,166,1,1666,Health,49,49,1,495,Critical Avoidance %,0.25%,250000,1,2406312,Offense,65,65,1,650
nJ6VPWh8TtWcWYSgloKq1A,754,Potency,5,Triangle,3,6,False,0,False,unequippedMod,,Defense,525,525,0,,Tenacity %,0.08%,80000,1,856373,Protection %,7.36%,7360000,1,73653455,Protection,116,116,1,1169,Offense %,0.05%,50000,1,591600
Dw1mltDiTyitB4R0iTChOA,754,Potency,5,Triangle,4,3,False,0,True,equippedStatMod,,Speed,550,550,0,,Health,31,31,1,310,Defense,151,151,1,1518,Potency %,0.000151%,151,1,1512,Offense %,0.05%,50000,1,505770
2Wd9uEUvT1uFOSTJ-MKGIQ,754,Potency,5,Triangle,3,1,False,0,True,equippedStatMod,,Critical Damage %,0.00045%,450,0,,Offense %,0.03%,30000,1,390840,Protection %,5.53%,5530000,1,55351184,,,,0,,,,,0,
IuefNC39TPuO86IOEmHT3w,754,Potency,5,Triangle,3,1,False,0,False,unequippedMod,,Offense,63,63,0,,Potency %,0.000137%,137,1,1372,Offense %,0.05%,50000,1,504090,,,,0,,,,,0,
X5ut8toJSOSyFTVRcUhIAQ,754,Potency,5,Triangle,2,1,False,0,True,equippedStatMod,,Offense,63,63,0,,Offense %,0.05%,50000,1,589200,,,,0,,,,,0,,,,,0,
ZtBnzbuYRhuvfC6KZwkMPA,754,Potency,5,Triangle,3,1,False,0,True,equippedStatMod,,Health,63,63,0,,Offense %,0.05%,50000,1,509970,Protection %,5.56%,5560000,1,55666812,,,,0,,,,,0,
ys9wUI0-TFup3n5n8c2YGw,762,Potency,6,Arrow,5,15,False,0,True,equippedStatMod,,Offense %,0.32%,320000,0,,Speed,420,420,2,2632|1573,Protection,1127,1127,4,2265|2768|3856|2386,Offense,318,318,2,1360|1824,Defense %,0.000861%,861,4,2721|1708|2440|1748
FzXCH59kSV-8iR7RAGvUsQ,765,Potency,6,Circle,1,15,False,0,True,equippedStatMod,,Speed,2400,2400,0,,Potency %,0.000425%,425,2,1691|2566,Protection %,15.01%,15010000,2,67946600|82206600,Offense %,0.09%,90000,2,505140|378570,Defense %,0.000424%,424,2,1599|2650
dT3UaynpT0aAsVG4nup1GQ,765,Potency,6,Circle,5,15,False,0,True,equippedStatMod,,Speed,2400,2400,0,,Offense,715,715,5,1710|1253|1887|1215|1093,Health %,13.17%,13170000,3,42789600|45665100|43264800,Offense %,0.09%,90000,2,501810|330990,Defense %,0.000513%,513,2,2194|2944
gcGtgkkLQvaCisKwrmBHgw,765,Potency,6,Circle,5,15,False,0,True,equippedStatMod,,Speed,2400,2400,0,,Health %,2.98%,2980000,1,29826900,Offense %,0.17%,170000,4,412770|391710|526440|358170,Potency %,0.000864%,864,4,1729|2520|2734|1661,Offense,509,509,3,1500|1770|1827
uJGRV4yJQv69xPOaJGwkdA,765,Potency,6,Circle,1,15,False,0,True,equippedStatMod,,Offense,1600,1600,0,,Offense %,0.13%,130000,3,535320|399420|321900,Health,123,123,1,1233,Protection %,22.24%,22240000,3,55296600|88352200|78765800,Potency %,0.000193%,193,1,1936
AOue8YQFSc2RkMYmXEcxzg,766,Potency,6,Cross,1,15,False,0,True,equippedStatMod,,Protection,2000,2000,0,,Tenacity %,0.17%,170000,2,886160|841360,Health,229,229,2,1408|883,Critical Avoidance %,0.41%,410000,1,4097250,Offense %,0.16%,160000,3,572610|399210|533850
uCGxMeUPTqy8qmYgvtbgTw,766,Potency,6,Cross,2,15,False,0,True,equippedStatMod,,Defense %,0.003%,3000,0,,Protection %,17.43%,17430000,3,57789800|57661000|58903000,Offense %,0.1%,100000,2,313050|589530,Offense,531,531,3,1660|1716|1938,Critical Avoidance %,0.4%,400000,1,3929250
WOnQWH88RwOFQH2g1HZhtg,763,Potency,6,Diamond,2,15,False,0,True,equippedStatMod,,Protection,2000,2000,0,,Offense %,0.14%,140000,3,584550|450780|315240,Tenacity %,0.24%,240000,2,1458720|952640,Offense,172,172,1,1727,Speed,604,604,3,2374|2108|1567
3BTkCRPpQdmYLgBYTombfQ,761,Potency,6,Square,5,15,False,2,True,equippedStatMod,,Health,850,850,0,,Health %,13.76%,13760000,3,44987400|43337700|49356000,Offense,289,289,2,1397|1500,Offense %,0.16%,160000,3,556890|490110|500820,Defense %,0.000957%,957,4,2439|2481|2355|2296
aqsLlJf2R4qYwugy7ne8fg,761,Potency,6,Square,5,15,False,0,True,equippedStatMod,,Health,850,850,0,,Defense,727,727,5,1777|1275|1261|1283|1677,Protection %,5.31%,5310000,1,53107000,Offense %,0.14%,140000,3,504420|475860|403770,Health %,12.76%,12760000,3,32297400|44919900|50452200
vRzQLXJmRcGCio4CcGPCvg,761,Potency,6,Square,5,15,False,0,True,equippedStatMod,,Health,850,850,0,,Offense %,0.19%,190000,4,511350|400380|572610|375150,Defense,697,697,4,1622|2237|1790|1323,Offense,154,154,1,1540,Speed,892,892,3,2960|2968|2998
ZIzCA2awRQmMJruxN-WUNQ,764,Potency,6,Triangle,5,15,False,0,True,equippedStatMod,,Critical Damage %,0.0042%,4200,0,,Offense,516,516,3,1631|1636|1901,Potency %,0.000433%,433,2,2565|1766,Critical Avoidance %,0.67%,670000,2,4094500|2514750,Offense %,0.21%,210000,5,538590|331230|302700|534270|389310
h5CUIHYXS_mnz0yKwx5p6w,764,Potency,6,Triangle,5,15,False,0,False,unequippedMod,,Offense,1600,1600,0,,Speed,829,829,4,1965|2303|1539|2488,Protection %,13.68%,13680000,2,82565400|54280000,Offense %,0.17%,170000,3,597180|555930|480720,Defense,558,558,3,1266|1978|2343
03Q6jZy_QLW4A3IliZMgCw,452,Speed,5,Arrow,2,15,False,0,True,equippedStatMod,,Offense %,0.3%,300000,0,,Protection,154,154,1,1545,Health,34,34,1,347,Offense,58,58,1,589,Defense,278,278,2,1519|1269
2dbgcRpfSIe8JLxdwbh8wg,452,Speed,5,Arrow,5,15,False,0,True,equippedStatMod,,Offense %,0.3%,300000,0,,Health,102,102,2,493|534,Potency %,0.000166%,166,1,1660,Critical Avoidance %,1.07%,1070000,3,2697696|3633180|4269756,Defense,360,360,2,1421|2180
4YCDFbQLRV2E-w2R7jSzfw,452,Speed,5,Arrow,1,15,False,0,True,equippedStatMod,,Offense %,0.3%,300000,0,,Offense,70,70,1,700,Speed,194,194,1,1941,Defense,192,192,1,1928,Critical Avoidance %,0.39%,390000,1,3832452
60cOwYE3Tq6XGGxXKKF2Ng,452,Speed,5,Arrow,4,15,False,0,True,equippedStatMod,,Offense %,0.3%,300000,0,,Defense,318,318,2,1203|1985,Potency %,0.000168%,168,1,1685,Health,34,34,1,342,Critical Avoidance %,0.75%,750000,3,2513928|2365272|2591448
6Exoc0N3RzGRfdSazxUdzA,452,Speed,5,Arrow,3,15,False,0,True,equippedStatMod,,Offense %,0.3%,300000,0,,Offense,200,200,2,1051|951,Protection,230,230,2,1066|1239,Potency %,0.000207%,207,1,2072,Health,48,48,1,485
6ryIiR98RMextyYbNY0mww,452,Speed,5,Arrow,5,15,False,0,True,equippedStatMod,,Offense %,0.3%,300000,0,,Protection,268,268,2,1545|1139,Tenacity %,0.06%,60000,1,600495,Offense,286,286,3,980|959|929,Critical Avoidance %,0.6%,600000,2,2849772|3077544
9uIqvWQqSzmKx5w25MZfdQ,452,Speed,5,Arrow,5,15,False,0,True,equippedStatMod,,Offense %,0.3%,300000,0,,Speed,420,420,3,1159|1828|1213,Offense,67,67,1,676,Critical Avoidance %,0.55%,550000,2,2658480|2781144,Health %,7.02%,7020000,2,27586839|42697132
Bi4zDd7MT8uc53nar7D56A,452,Speed,5,Arrow,1,15,False,0,True,equippedStatMod,,Offense %,0.3%,300000,0,,Protection,161,161,1,1617,Defense %,0.000195%,195,1,1952,Health %,2.9%,2900000,1,29031221,Health,53,53,1,532
D8u9GtesSBW9u2JG4lL_TQ,452,Speed,5,Arrow,1,15,False,0,True,equippedStatMod,,Offense %,0.3%,300000,0,,Tenacity %,0.07%,70000,1,777434,Protection,115,115,1,1156,Defense %,0.000119%,119,1,1190,Potency %,0.000203%,203,1,2034
EYX611goQuiT8hT_qYF0Ug,452,Speed,5,Arrow,1,15,False,0,True,equippedStatMod,,Offense %,0.3%,300000,0,,Protection %,7.38%,7380000,1,73869411,Health %,4.23%,4230000,1,42373539,Speed,129,129,1,1292,Defense %,0.000141%,141,1,1417
JJFeTF35Qy68cVDESkeO_w,452,Speed,5,Arrow,2,15,False,0,True,equippedStatMod,,Offense %,0.3%,300000,0,,Defense %,0.000158%,158,1,1581,Health %,3.3%,3300000,1,33021487,Protection %,6.54%,6540000,1,65472045,Critical Avoidance %,0.6%,600000,2,3171936|2749452
LLvavvNsSAC8Tqs3OkHyfw,452,Speed,5,Arrow,3,15,False,0,True,equippedStatMod,,Offense %,0.3%,300000,0,,Speed,383,383,2,1793|2036,Health %,3.17%,3170000,1,31701399,Defense %,0.000134%,134,1,1349,Potency %,0.00041%,410,2,1992|2107
Oa3jJIyTRR6oYt6HRsteaA,452,Speed,5,Arrow,2,15,False,0,True,equippedStatMod,,Offense %,0.3%,300000,0,,Speed,317,317,2,1881|1292,Potency %,0.000138%,138,1,1386,Defense %,0.000215%,215,1,2157,Protection,162,162,1,1629
OvjIN2kBSMOVghd2QCUQ_A,452,Speed,5,Arrow,1,15,False,0,True,equippedStatMod,,Offense %,0.3%,300000,0,,Critical Avoidance %,0.27%,270000,1,2643888,Health,50,50,1,502,Health %,3.6%,3600000,1,36075262,Speed,207,207,1,2073
QOfLQzofTqmdTXEPHyVCfA,452,Speed,5,Arrow,5,15,False,0,True,equippedStatMod,,Offense %,0.3%,300000,0,,Defense,540,540,3,1853|2070|1484,Health,92,92,2,370|554,Health %,6.35%,6350000,2,35102340|28416180,Protection,153,153,1,1530
S_wONSrfS2qCoVoBBELL-A,452,Speed,5,Arrow,5,15,False,0,True,equippedStatMod,,Offense %,0.3%,300000,0,,Defense,495,495,3,2017|1417|1524,Health,50,50,1,507,Critical Avoidance %,1.01%,1010000,3,2998200|4505508|2526240,Potency %,0.000223%,223,1,2234
e7g674S_TiGMPqyEvZQuIQ,452,Speed,5,Arrow,1,15,False,0,True,equippedStatMod,,Offense %,0.3%,300000,0,,Health %,4.03%,4030000,1,40393407,Tenacity %,0.04%,40000,1,497301,Speed,142,142,1,1421,Health,32,32,1,327
g8dLMiERRyuej_Q0kScoKQ,452,Speed,5,Arrow,5,15,False,0,True,equippedStatMod,,Offense %,0.3%,300000,0,,Protection %,17.03%,17030000,3,61223526|51044523|58100470,Defense %,0.00021%,210,1,2106,Health %,7.23%,7230000,2,40161963|32226434,Critical Avoidance %,0.54%,540000,2,2792088|2582328
kWSoU8P9QTeKWwSMr2OXoQ,452,Speed,5,Arrow,2,15,False,0,True,equippedStatMod,,Offense %,0.3%,300000,0,,Defense,411,411,2,1946|2165,Health,38,38,1,387,Health %,3.76%,3760000,1,37663225,Offense,73,73,1,736
lZMxKkZiRnSVp4R113g-Bg,452,Speed,5,Arrow,1,15,False,0,True,equippedStatMod,,Offense %,0.3%,300000,0,,Protection %,7.28%,7280000,1,72876844,Speed,192,192,1,1925,Health,56,56,1,562,Potency %,0.000193%,193,1,1939
omxmrP8vTeK3rrDVLhQV9A,452,Speed,5,Arrow,2,15,False,0,True,equippedStatMod,,Offense %,0.3%,300000,0,,Health,45,45,1,454,Critical Avoidance %,0.27%,270000,1,2631804,Offense,190,190,2,1006|900,Speed,166,166,1,1668
piHDpwIHTOq3f_yT0YrRnQ,452,Speed,5,Arrow,1,15,False,0,True,equippedStatMod,,Offense %,0.3%,300000,0,,Protection %,5.27%,5270000,1,52792936,Health %,3.76%,3760000,1,37611793,Defense %,0.000153%,153,1,1535,Speed,114,114,1,1148
qf7LAlyUQo2Z2NQR8gegpQ,452,Speed,5,Arrow,2,15,False,0,True,equippedStatMod,,Offense %,0.3%,300000,0,,Critical Avoidance %,0.53%,530000,2,2293908|2932308,Tenacity %,0.08%,80000,1,822906,Defense,224,224,1,2243,Offense,91,91,1,910
rq7VpGe5TXm_soKgelNxeA,452,Speed,5,Arrow,2,15,False,0,True,equippedStatMod,,Offense %,0.3%,300000,0,,Protection,98,98,1,984,Speed,118,118,1,1185,Offense,209,209,2,984|1111,Potency %,0.000157%,157,1,1579
zXAByuqHSFig6Dk9SN2ArQ,452,Speed,5,Arrow,3,15,False,0,True,equippedStatMod,,Offense %,0.3%,300000,0,,Critical Avoidance %,0.76%,760000,2,3257892|4286400,Potency %,0.000117%,117,1,1177,Speed,300,300,2,1881|1127,Tenacity %,0.09%,90000,1,926884
0Wz3wQMPTbmUCpz-wZLQYg,452,Speed,5,Arrow,1,12,False,0,True,equippedStatMod,,Offense %,0.25%,250000,0,,Defense,117,117,1,1177,Critical Avoidance %,0.25%,250000,1,2443476,Potency %,0.000124%,124,1,1249,Defense %,0.000188%,188,1,1889
2Uk8J7wTRDSxkUCkbbYqfQ,452,Speed,5,Arrow,1,12,False,0,False,unequippedMod,,Offense,475,475,0,,Protection %,4.98%,4980000,1,49889989,Offense %,0.05%,50000,1,591780,Defense %,0.000124%,124,1,1243,Protection,147,147,1,1473
4aBVu-eKTF-YMUxyz3XcaQ,452,Speed,5,Arrow,1,12,False,0,False,unequippedMod,,Health,475,475,0,,Health %,3.53%,3530000,1,35338070,Critical Avoidance %,0.27%,270000,1,2644800,Offense %,0.05%,50000,1,557550,Speed,159,159,1,1599
AXn6t_1HT56Owm90vlS7Fw,452,Speed,5,Arrow,1,12,False,0,False,unequippedMod,,Speed,1900,1900,0,,Health,52,52,1,527,Health %,2.29%,2290000,1,22921528,Offense,57,57,1,570,Offense %,0.05%,50000,1,586050
Ai1HhC_DSCiKn6S_IpObaw,452,Speed,5,Arrow,1,12,False,0,False,unequippedMod,,Speed,1900,1900,0,,Offense %,0.05%,50000,1,532170,Offense,65,65,1,654,Health %,3.12%,3120000,1,31225653,Protection,97,97,1,971
Ft01yprESBS-ug8WZpj4ug,452,Speed,5,Arrow,1,12,False,0,False,unequippedMod,,Health,475,475,0,,Tenacity %,0.09%,90000,1,954030,Protection %,5.07%,5070000,1,50762119,Protection,108,108,1,1086,Offense %,0.05%,50000,1,551040
HZtvfY0yQauQfRV3_ajbRg,452,Speed,5,Arrow,1,12,False,0,False,unequippedMod,,Speed,1900,1900,0,,Critical Avoidance %,0.45%,450000,1,4469256,Offense %,0.05%,50000,1,553380,Health,55,55,1,553,Tenacity %,0.09%,90000,1,914879
O1ARApWERSSypin2naHcHQ,452,Speed,5,Arrow,1,12,False,0,False,unequippedMod,,Speed,1900,1900,0,,Offense %,0.05%,50000,1,535980,Tenacity %,0.05%,50000,1,534296,Offense,74,74,1,741,Protection %,7.02%,7020000,1,70256301
awjBoMPWT6eMZoKycTPsEw,452,Speed,5,Arrow,1,12,False,0,True,equippedStatMod,,Offense %,0.25%,250000,0,,Defense,154,154,1,1540,Health,56,56,1,560,Speed,201,201,1,2014,Defense %,0.000155%,155,1,1559
g7aRXTgwSlaoe6Osjk_kmA,452,Speed,5,Arrow,1,12,False,0,False,unequippedMod,,Health,475,475,0,,Offense %,0.05%,50000,1,512880,Defense %,0.000122%,122,1,1220,Tenacity %,0.07%,70000,1,765037,Protection %,8.27%,8270000,1,82748525
sPD-vDucTLqNn5NJRdMEHg,452,Speed,5,Arrow,1,12,False,0,True,equippedStatMod,,Speed,1900,1900,0,,Offense %,0.05%,50000,1,507360,Defense %,0.000151%,151,1,1510,Health %,2.64%,2640000,1,26457478,Offense,103,103,1,1030
8NMbCyLYSr-pnBsTpTACQw,452,Speed,5,Arrow,2,9,False,0,False,unequippedMod,,Offense,363,363,0,,Potency %,0.00012%,120,1,1207,Offense %,0.05%,50000,1,558450,Health %,2.91%,2910000,1,29164087,Protection,157,157,1,1576
GmVc0zHhSay82b0Ru7dyng,452,Speed,5,Arrow,2,9,False,0,False,unequippedMod,,Health,363,363,0,,Defense %,0.000149%,149,1,1496,Defense,214,214,1,2145,Offense %,0.05%,50000,1,594600,Potency %,0.000143%,143,1,1439
lyuHx8MWT6uYFUUCbdoz_w,452,Speed,5,Arrow,2,9,False,0,False,unequippedMod,,Offense,363,363,0,,Tenacity %,0.05%,50000,1,556836,Protection %,6.27%,6270000,1,62710300,Critical Avoidance %,0.45%,450000,1,4458768,Offense %,0.05%,50000,1,584010
nKPeXvGJRS2bcrGG4FmNgQ,452,Speed,5,Arrow,2,9,False,0,True,equippedStatMod,,Speed,1450,1450,0,,Health %,3.79%,3790000,1,37997533,Offense,75,75,1,756,Offense %,0.05%,50000,1,573150,Protection,94,94,1,942
2LyBQeWyTl-8PZEIj7LCug,452,Speed,5,Arrow,3,6,False,0,False,unequippedMod,,Health,250,250,0,,Defense %,0.000114%,114,1,1149,Protection %,5.63%,5630000,1,56306374,Tenacity %,0.05%,50000,1,530082,Offense %,0.05%,50000,1,555480
EA91AXxwS6epIpRPlFk7lQ,452,Speed,5,Arrow,3,6,False,0,False,unequippedMod,,Offense,250,250,0,,Health %,3.06%,3060000,1,30672759,Speed,126,126,1,1267,Offense %,0.05%,50000,1,502590,Protection,100,100,1,1009
-XpiOvsgQcuxfLdr5mQqXQ,452,Speed,5,Arrow,3,1,False,0,True,equippedStatMod,,Offense %,0.04%,40000,0,,Potency %,0.000221%,221,1,2214,Protection,100,100,1,1002,,,,0,,,,,0,
1fdKxdcFQ9GcDBJz3MD4ZA,452,Speed,5,Arrow,1,1,False,0,True,equippedStatMod,,Offense %,0.04%,40000,0,,,,,0,,,,,0,,,,,0,,,,,0,
2t1qlMp4QW2efDvCL2j9RQ,452,Speed,5,Arrow,1,1,False,0,True,equippedStatMod,,Offense %,0.04%,40000,0,,,,,0,,,,,0,,,,,0,,,,,0,
8pZuxanSQkaZ0zh8gE5GUg,452,Speed,5,Arrow,2,1,False,0,True,equippedStatMod,,Offense %,0.04%,40000,0,,Health %,3.52%,3520000,1,35222348,,,,0,,,,,0,,,,,0,
IgjxGsQPSdKng1jrb_6EwQ,452,Speed,5,Arrow,5,1,False,0,True,equippedStatMod,,Offense %,0.04%,40000,0,,Potency %,0.000197%,197,1,1974,Health %,3.77%,3770000,1,37742516,Offense,97,97,1,970,Defense,174,174,1,1741
KibOifhgSKCOhLSbRkDYPQ,452,Speed,5,Arrow,4,1,False,0,True,equippedStatMod,,Offense %,0.04%,40000,0,,Protection %,6.71%,6710000,1,67133245,Health,49,49,1,491,Critical Avoidance %,0.3%,300000,1,2932992,,,,0,
MS5IxmveTTuOOVr0jyY4bA,452,Speed,5,Arrow,1,1,False,0,True,equippedStatMod,,Offense %,0.04%,40000,0,,,,,0,,,,,0,,,,,0,,,,,0,
QNV0v44NSq2bZcYnHPeQ3A,452,Speed,5,Arrow,3,1,False,0,True,equippedStatMod,,Offense %,0.04%,40000,0,,Potency %,0.000207%,207,1,2079,Speed,114,114,1,1142,,,,0,,,,,0,
REaP1K5fTIW-JUAyUM3ZSA,452,Speed,5,Arrow,2,1,False,0,True,equippedStatMod,,Offense %,0.04%,40000,0,,Speed,114,114,1,1144,,,,0,,,,,0,,,,,0,
Spfa4LiaR42ss7pDOvawMw,452,Speed,5,Arrow,4,1,False,0,True,equippedStatMod,,Offense %,0.04%,40000,0,,Potency %,0.00018%,180,1,1805,Offense,73,73,1,737,Defense,176,176,1,1764,,,,0,
Ue7pS2J8TdC-S6Gs7lxZ_g,452,Speed,5,Arrow,4,1,False,0,False,unequippedMod,,Health,63,63,0,,Defense,143,143,1,1437,Offense %,0.05%,50000,1,574950,Speed,156,156,1,1566,,,,0,
ZYFE8wUfSomxcT08-T8SXw,452,Speed,5,Arrow,4,1,False,0,True,equippedStatMod,,Offense,63,63,0,,Offense %,0.05%,50000,1,559050,Protection,87,87,1,870,Protection %,4.17%,4170000,1,41779180,,,,0,
_63Iq5AmTf6YOrG_NTgrzQ,452,Speed,5,Arrow,1,1,False,0,True,equippedStatMod,,Offense %,0.04%,40000,0,,,,,0,,,,,0,,,,,0,,,,,0,
b3IstGXdSeOrpsKNtMNYXA,452,Speed,5,Arrow,5,1,False,0,True,equippedStatMod,,Health,63,63,0,,Defense,117,117,1,1174,Offense %,0.05%,50000,1,512100,Offense,103,103,1,1038,Speed,200,200,1,2009
b3ShqR-6T-yWkPhgH3Xxfw,452,Speed,5,Arrow,3,1,False,0,True,equippedStatMod,,Offense %,0.04%,40000,0,,Protection %,8.16%,8160000,1,81681204,Defense,148,148,1,1482,,,,0,,,,,0,
bKcOTluNRcqePLgEImksYg,452,Speed,5,Arrow,2,1,False,0,True,equippedStatMod,,Offense %,0.04%,40000,0,,Tenacity %,0.07%,70000,1,737107,,,,0,,,,,0,,,,,0,
dB9mzQcLSFyaTdZQbIJZ5A,452,Speed,5,Arrow,2,1,False,0,True,equippedStatMod,,Offense %,0.04%,40000,0,,Defense %,0.000184%,184,1,1847,,,,0,,,,,0,,,,,0,
dcQnaS4NSrS-wkWFYJTr0A,452,Speed,5,Arrow,4,1,False,0,False,unequippedMod,,Offense,63,63,0,,Offense %,0.05%,50000,1,533280,Speed,165,165,1,1658,Protection %,5.4%,5400000,1,54026377,,,,0,
hK_Dw_LKQgGpmCeQqKzezg,452,Speed,5,Arrow,3,1,False,0,True,equippedStatMod,,Offense %,0.04%,40000,0,,Tenacity %,0.08%,80000,1,877443,Protection %,4.35%,4350000,1,43589888,,,,0,,,,,0,
jOyHHQugSLeQuJMF5XKS2A,452,Speed,5,Arrow,1,1,False,0,True,equippedStatMod,,Offense %,0.04%,40000,0,,,,,0,,,,,0,,,,,0,,,,,0,
kcFDjh_iTSerM2KkwPvn0w,452,Speed,5,Arrow,3,1,False,0,True,equippedStatMod,,Offense %,0.04%,40000,0,,Offense,76,76,1,767,Protection %,6.5%,6500000,1,65031827,,,,0,,,,,0,
oxh3GO4vTMel8nOpDcOTYA,452,Speed,5,Arrow,1,1,False,0,True,equippedStatMod,,Offense %,0.04%,40000,0,,,,,0,,,,,0,,,,,0,,,,,0,
p3V21U33RCCVzfOErBHhaA,452,Speed,5,Arrow,4,1,False,0,False,unequippedMod,,Offense,63,63,0,,Offense %,0.05%,50000,1,551850,Protection %,7.04%,7040000,1,70493022,Defense,125,125,1,1253,,,,0,
p8xUwe8mQHeFyK2AbuH26g,452,Speed,5,Arrow,1,1,False,0,True,equippedStatMod,,Offense %,0.04%,40000,0,,,,,0,,,,,0,,,,,0,,,,,0,
pGbzSgesQ065dITasxkkSw,452,Speed,5,Arrow,1,1,False,0,True,equippedStatMod,,Offense %,0.04%,40000,0,,,,,0,,,,,0,,,,,0,,,,,0,
pK0F53jWS3CWst7JFTKNQw,452,Speed,5,Arrow,2,1,False,0,True,equippedStatMod,,Offense %,0.04%,40000,0,,Critical Avoidance %,0.44%,440000,1,4334508,,,,0,,,,,0,,,,,0,
tjS6PTOjRTKmHh8WnKJVqw,452,Speed,5,Arrow,5,1,False,0,True,equippedStatMod,,Offense %,0.04%,40000,0,,Health,47,47,1,471,Potency %,0.000114%,114,1,1144,Health %,3.22%,3220000,1,32280009,Protection %,6.97%,6970000,1,69728870
wWkxOtULQ3uhMXAE03ti6g,452,Speed,5,Arrow,5,1,False,0,True,equippedStatMod,,Critical Chance %,0.0003%,300,0,,Tenacity %,0.09%,90000,1,964026,Protection %,5.06%,5060000,1,50699824,Offense %,0.05%,50000,1,547140,Critical Avoidance %,0.28%,280000,1,2785932
-CRQz6W-QcCUlmeqTHbnCw,455,Speed,5,Circle,2,15,False,0,True,equippedStatMod,,Offense,588,588,0,,Offense %,0.05%,50000,1,588870,Defense,151,151,1,1512,Health %,6.82%,6820000,2,41561342|26643919,Protection %,8.23%,8230000,1,82387214
2s3OIrzpRgyvErP7U4GLow,455,Speed,5,Circle,2,15,False,0,True,equippedStatMod,,Offense,588,588,0,,Tenacity %,0.07%,70000,1,787479,Speed,175,175,1,1751,Defense,123,123,1,1233,Offense %,0.09%,90000,2,585000|342870
308iI-P8SlSPcQPFBOqPPg,455,Speed,5,Circle,1,15,False,0,True,equippedStatMod,,Speed,2350,2350,0,,Tenacity %,0.06%,60000,1,641018,Offense %,0.05%,50000,1,563700,Offense,64,64,1,647,Critical Avoidance %,0.34%,340000,1,3380784
3e1ymXZlSoOqiwFVRrgzjg,455,Speed,5,Circle,2,15,False,0,True,equippedStatMod,,Offense,588,588,0,,Offense %,0.05%,50000,1,510930,Potency %,0.000166%,166,1,1666,Protection %,10.92%,10920000,2,57240799|51983101,Health %,4.25%,4250000,1,42540693
6FSEHq_fREKaJBEBjwPm_w,455,Speed,5,Circle,5,15,False,0,True,equippedStatMod,,Speed,2350,2350,0,,Offense %,0.14%,140000,3,559170|328380|562380,Defense,469,469,3,1437|1199|2062,Health,47,47,1,476,Tenacity %,0.06%,60000,1,638519
8T0GtUqNSgmP1CnPe5AQvg,455,Speed,5,Circle,3,15,False,0,True,equippedStatMod,,Speed,2350,2350,0,,Health %,2.4%,2400000,1,24098035,Tenacity %,0.08%,80000,1,858235,Protection,380,380,3,863|1562|1375,Offense %,0.04%,40000,1,413880
FWrtQkP9RMCWShGkgwtqXg,455,Speed,5,Circle,2,15,False,0,True,equippedStatMod,,Offense,588,588,0,,Potency %,0.000343%,343,2,1680|1754,Offense %,0.05%,50000,1,518220,Tenacity %,0.06%,60000,1,608090,Critical Avoidance %,0.45%,450000,1,4444176
Ga3Ax2UvR2aHIFwWaF1CWw,455,Speed,5,Circle,5,15,False,0,True,equippedStatMod,,Offense,588,588,0,,Speed,196,196,1,1962,Defense,348,348,2,1642|1842,Offense %,0.05%,50000,1,534570,Protection,509,509,4,1350|1082|1273|1387
Hchpso3uRkeeW3-kCOEXCA,455,Speed,5,Circle,3,15,False,0,True,equippedStatMod,,Offense,588,588,0,,Critical Avoidance %,0.66%,660000,2,3107868|3398340,Health %,2.8%,2800000,1,28015439,Offense %,0.11%,110000,2,568590|589020,Tenacity %,0.08%,80000,1,820456
MXkwBoSKQq-7MwQ3jZhjDA,455,Speed,5,Circle,2,15,False,0,True,equippedStatMod,,Offense,588,588,0,,Speed,145,145,1,1451,Defense %,0.000152%,152,1,1522,Potency %,0.000367%,367,2,1616|2055,Offense %,0.05%,50000,1,523440
SBe3MyoyR1a4zSBSpdCrpA,455,Speed,5,Circle,2,15,False,0,True,equippedStatMod,,Speed,2350,2350,0,,Health %,2.35%,2350000,1,23562285,Offense %,0.05%,50000,1,571770,Potency %,0.00022%,220,1,2203,Critical Avoidance %,0.59%,590000,2,2800980|3001848
Ur_6y5xzRCq-FHeryzof_A,455,Speed,5,Circle,3,15,False,0,True,equippedStatMod,,Speed,2350,2350,0,,Offense %,0.05%,50000,1,571920,Health %,2.49%,2490000,1,24985237,Protection %,12.19%,12190000,2,46285185|75617824,Protection,314,314,2,1461|1685
bJaxXqgySIWi2Y3JscVO-w,455,Speed,5,Circle,4,15,False,0,True,equippedStatMod,,Speed,2350,2350,0,,Protection,258,258,2,1569|1016,Defense %,0.000469%,469,3,1766|1592|1332,Offense,88,88,1,880,Offense %,0.05%,50000,1,536220
eBZ5UEJ6RkOMzfcsaj15NA,455,Speed,5,Circle,5,15,False,0,True,equippedStatMod,,Speed,2350,2350,0,,Protection %,6.83%,6830000,1,68354227,Protection,241,241,2,963|1446,Offense %,0.1%,100000,2,515100|530130,Defense,515,515,3,2056|1641|1460
jyeahh9-TPW37ZNusBoANQ,455,Speed,5,Circle,2,15,False,0,True,equippedStatMod,,Speed,2350,2350,0,,Critical Avoidance %,0.42%,420000,1,4153248,Health %,2.7%,2700000,1,27014658,Defense,296,296,2,1287|1679,Tenacity %,0.07%,70000,1,703395
kaqxN8W6S56oty5dFUYkjw,455,Speed,5,Circle,5,15,False,0,True,equippedStatMod,,Offense,588,588,0,,Potency %,0.000411%,411,3,1251|1655|1203,Health,45,45,1,453,Offense %,0.05%,50000,1,528570,Defense %,0.000589%,589,3,2066|1656|2171
lMemI_N8R5WMFNHG9Wk-Tw,455,Speed,5,Circle,2,15,False,0,True,equippedStatMod,,Offense,588,588,0,,Offense %,0.05%,50000,1,527310,Defense,125,125,1,1259,Potency %,0.000121%,121,1,1212,Health %,5.89%,5890000,2,32442877|26506767
qJirssrrRU-ACPYLREZHMA,455,Speed,5,Circle,3,15,False,0,True,equippedStatMod,,Offense,588,588,0,,Offense %,0.09%,90000,2,518400|419490,Potency %,0.000139%,139,1,1397,Critical Avoidance %,0.77%,770000,2,3859584|3833820,Health %,4.24%,4240000,1,42467831
qzM-qmEbQ-mS_g6VN2R02Q,455,Speed,5,Circle,2,15,False,0,True,equippedStatMod,,Offense,588,588,0,,Health %,8.19%,8190000,2,39864086|42047803,Defense,181,181,1,1812,Tenacity %,0.08%,80000,1,864213,Offense %,0.05%,50000,1,522720
r4wGzef6RqK61moUGGmj7g,455,Speed,5,Circle,2,15,False,0,True,equippedStatMod,,Offense,588,588,0,,Protection,90,90,1,902,Offense %,0.09%,90000,2,553560|368490,Potency %,0.00012%,120,1,1209,Health %,2.81%,2810000,1,28159020
t-xZGGbuRlyVesjyiCPRMQ,455,Speed,5,Circle,2,15,False,0,True,equippedStatMod,,Speed,2350,2350,0,,Potency %,0.000337%,337,2,1145|2231,Defense %,0.000174%,174,1,1740,Health,53,53,1,534,Offense %,0.05%,50000,1,597720
xWcqG0JlSVKmESpCYcOiEg,455,Speed,5,Circle,5,15,False,0,True,equippedStatMod,,Speed,2350,2350,0,,Health %,2.25%,2250000,1,22516501,Protection %,11.99%,11990000,2,50076874|69919908,Offense %,0.17%,170000,4,586260|307740|437490|433260,Critical Avoidance %,0.3%,300000,1,2931852
c1DuToULQrW9UmBKLvU7BA,455,Speed,5,Circle,1,13,False,0,True,equippedStatMod,,Speed,2050,2050,0,,Health %,3.11%,3110000,1,31133504,Critical Avoidance %,0.32%,320000,1,3178776,Offense %,0.05%,50000,1,527460,Offense,85,85,1,851
-BLhi0ZWQzKoSZsirbLhJg,455,Speed,5,Circle,1,12,False,0,True,equippedStatMod,,Speed,1900,1900,0,,Health,41,41,1,416,Critical Avoidance %,0.37%,370000,1,3658488,Defense,123,123,1,1238,Offense,99,99,1,990
7VA10Mp1TUOmgyipxAIHOg,455,Speed,5,Circle,1,12,False,0,True,equippedStatMod,,Speed,1900,1900,0,,Offense %,0.05%,50000,1,593880,Tenacity %,0.09%,90000,1,900914,Protection %,7.71%,7710000,1,77166893,Defense %,0.000189%,189,1,1897
I5POOhoGSL27rN6gq5izgQ,455,Speed,5,Circle,1,12,False,0,True,equippedStatMod,,Speed,1900,1900,0,,Protection,100,100,1,1009,Defense,150,150,1,1505,Offense %,0.05%,50000,1,597210,Health,47,47,1,474
NpXjcZLqQ4yAPKisiW6sZQ,455,Speed,5,Circle,1,12,False,0,True,equippedStatMod,,Speed,1900,1900,0,,Critical Avoidance %,0.46%,460000,1,4550652,Offense %,0.05%,50000,1,572160,Protection %,6.09%,6090000,1,60945275,Protection,122,122,1,1220
Pc2ASNFxRPe7z3hhYX_xQg,455,Speed,5,Circle,1,12,False,0,True,equippedStatMod,,Speed,1900,1900,0,,Defense,191,191,1,1918,Offense %,0.05%,50000,1,563070,Protection,106,106,1,1064,Health %,3.03%,3030000,1,30310592
U40xw1E5So25Bi6-COPYqg,455,Speed,5,Circle,1,12,False,0,True,equippedStatMod,,Speed,1900,1900,0,,Offense %,0.03%,30000,1,358500,Tenacity %,0.06%,60000,1,609609,Defense %,0.000181%,181,1,1814,Critical Avoidance %,0.43%,430000,1,4215720
Uy2SBhyAQSa4tqAXo9Vn1Q,455,Speed,5,Circle,1,12,False,0,True,equippedStatMod,,Offense,475,475,0,,Defense %,0.000152%,152,1,1527,Offense %,0.05%,50000,1,571530,Tenacity %,0.09%,90000,1,961282,Potency %,0.000146%,146,1,1469
Xm6ZfjdFQ8SD_XJzHAka-Q,455,Speed,5,Circle,1,12,False,0,True,equippedStatMod,,Speed,1900,1900,0,,Health %,3.63%,3630000,1,36368853,Protection %,4.76%,4760000,1,47647369,Critical Avoidance %,0.34%,340000,1,3377592,Offense %,0.05%,50000,1,583710
_E1QhK5jQ-K3aP3qYuNzVQ,455,Speed,5,Circle,1,12,False,0,True,equippedStatMod,,Speed,1900,1900,0,,Health %,3.08%,3080000,1,30829198,Offense %,0.05%,50000,1,565800,Protection,150,150,1,1501,Defense,181,181,1,1818
e8iJYsacTQmWK1-E-ZDk9A,455,Speed,5,Circle,1,12,False,0,True,equippedStatMod,,Speed,1900,1900,0,,Tenacity %,0.05%,50000,1,566783,Offense,71,71,1,717,Protection %,8.3%,8300000,1,83039235,Offense %,0.05%,50000,1,536520
xkGbHRq5Sbel2a1Ye7QmxA,455,Speed,5,Circle,1,12,False,0,True,equippedStatMod,,Offense,475,475,0,,Tenacity %,0.07%,70000,1,771162,Offense %,0.05%,50000,1,505710,Defense,165,165,1,1652,Speed,140,140,1,1402
ylEbfLRLRv2JIbZ_5HM2rw,455,Speed,5,Circle,1,12,False,0,True,equippedStatMod,,Offense,475,475,0,,Protection,113,113,1,1136,Offense %,0.05%,50000,1,559740,Health %,3.35%,3350000,1,33559380,Health,42,42,1,424
-TLaTjdkTZW0RynnGFkikw,455,Speed,5,Circle,2,9,False,0,True,equippedStatMod,,Speed,1450,1450,0,,Potency %,0.000223%,223,1,2230,Defense,137,137,1,1373,Offense %,0.04%,40000,1,473760,Offense,63,63,1,639
8iP0VlutR1iyzHG3Dyk4nA,455,Speed,5,Circle,2,9,False,0,True,equippedStatMod,,Speed,1450,1450,0,,Health %,3.22%,3220000,1,32299296,Protection %,8.14%,8140000,1,81419565,Critical Avoidance %,0.43%,430000,1,4250832,Offense %,0.05%,50000,1,579960
HpqVS8EcTf2yMrqLuJu9Ew,455,Speed,5,Circle,2,9,False,0,True,equippedStatMod,,Speed,1450,1450,0,,Defense,147,147,1,1479,Offense %,0.05%,50000,1,598980,Potency %,0.000184%,184,1,1844,Protection,152,152,1,1528
QHeolkMrQ7Gqo3zm32l2uQ,455,Speed,5,Circle,2,9,False,0,True,equippedStatMod,,Speed,1450,1450,0,,Potency %,0.000173%,173,1,1730,Health,46,46,1,469,Protection,111,111,1,1116,Health %,2.17%,2170000,1,21727877
QJi9vyAJS3-zzj9EUcKY3w,455,Speed,5,Circle,2,9,False,0,True,equippedStatMod,,Offense,363,363,0,,Health %,3.87%,3870000,1,38734725,Protection,95,95,1,959,Offense %,0.05%,50000,1,596700,Defense %,0.000168%,168,1,1684
RB0o3sKzSJuib2fjDL85wQ,455,Speed,5,Circle,2,9,False,0,True,equippedStatMod,,Speed,1450,1450,0,,Tenacity %,0.06%,60000,1,660177,Defense %,0.000196%,196,1,1969,Defense,150,150,1,1502,Offense %,0.05%,50000,1,549990
Y3Y6blZERYG1DnvnFi7DDQ,455,Speed,5,Circle,2,9,False,0,True,equippedStatMod,,Offense,363,363,0,,Defense,116,116,1,1160,Health %,3.29%,3290000,1,32916480,Critical Avoidance %,0.41%,410000,1,4010748,Offense %,0.05%,50000,1,516150
dz40-5ATTj2dIPPUD70XQw,455,Speed,5,Circle,2,9,True,0,True,equippedStatMod,,Offense,363,363,0,,Defense %,0.000136%,136,1,1363,Health,29,29,1,291,Offense %,0.05%,50000,1,592530,Critical Avoidance %,0.38%,380000,1,3725064
JFW9Yyw5Riu_rq1yorjgVg,455,Speed,5,Circle,3,6,False,0,True,equippedStatMod,,Speed,1000,1000,0,,Potency %,0.00013%,130,1,1308,Tenacity %,0.09%,90000,1,953344,Offense %,0.05%,50000,1,597210,Critical Avoidance %,0.27%,270000,1,2634768
Z9BMO1waRJKonOFUoAHPRA,455,Speed,5,Circle,3,6,False,0,True,equippedStatMod,,Speed,1000,1000,0,,Offense,109,109,1,1094,Health,39,39,1,398,Offense %,0.05%,50000,1,561780,Protection %,5.21%,5210000,1,52161680
dYnobrDsSMaRa3l6tBSZZA,455,Speed,5,Circle,3,6,False,0,True,equippedStatMod,,Offense,250,250,0,,Tenacity %,0.08%,80000,1,863576,Protection %,4.27%,4270000,1,42701146,Defense %,0.000112%,112,1,1126,Offense %,0.05%,50000,1,505860
jsK0awhCS2asHL7fLwey6w,455,Speed,5,Circle,3,6,False,0,True,equippedStatMod,,Offense,250,250,0,,Health,50,50,1,502,Defense %,0.000216%,216,1,2168,Health %,3.37%,3370000,1,33752250,Protection %,4.49%,4490000,1,44972837
ndAepy-LSdiA36INXlB4fA,455,Speed,5,Circle,4,3,False,0,True,equippedStatMod,,Speed,550,550,0,,Offense,78,78,1,781,Protection,139,139,1,1399,Defense,130,130,1,1301,Offense %,0.05%,50000,1,518460
w3tS2EOwRricrBUVQa_eug,455,Speed,5,Circle,4,3,False,0,True,equippedStatMod,,Offense,138,138,0,,Potency %,0.000224%,224,1,2241,Health %,2.45%,2450000,1,24567352,Defense %,0.000169%,169,1,1698,Offense %,0.04%,40000,1,426750
1cu3Ry4hQYedU23rB96nGw,455,Speed,5,Circle,5,1,False,0,True,equippedStatMod,,Offense,63,63,0,,Defense,142,142,1,1426,Protection,124,124,1,1248,Health,45,45,1,453,Offense %,0.05%,50000,1,517770
1h1Nm1nsS7CUgk7kNokIkw,455,Speed,5,Circle,4,1,False,0,True,equippedStatMod,,Offense,63,63,0,,Defense %,0.000166%,166,1,1666,Offense %,0.05%,50000,1,571950,Critical Avoidance %,0.3%,300000,1,2945760,,,,0,
3FOMfrWiQoyeOJ7vu8NhnA,455,Speed,5,Circle,2,1,False,0,True,equippedStatMod,,Speed,250,250,0,,Offense %,0.04%,40000,1,453270,,,,0,,,,,0,,,,,0,
CVyknAHdRMC9fKtL7NHMAw,455,Speed,5,Circle,4,1,False,0,True,equippedStatMod,,Speed,250,250,0,,Tenacity %,0.06%,60000,1,684677,Offense %,0.05%,50000,1,532350,Offense,58,58,1,589,,,,0,
GPqlnE-aTkqxKEpICklESw,455,Speed,5,Circle,5,1,False,0,True,equippedStatMod,,Offense,63,63,0,,Defense %,0.000138%,138,1,1385,Offense %,0.05%,50000,1,532530,Protection,147,147,1,1479,Health %,3.23%,3230000,1,32322869
SIh_AoRBSl2DYY1WsdsMow,455,Speed,5,Circle,2,1,False,0,True,equippedStatMod,,Speed,250,250,0,,Offense %,0.05%,50000,1,503400,,,,0,,,,,0,,,,,0,
apKhOePzR7usd7OatPC85Q,455,Speed,5,Circle,3,1,False,0,True,equippedStatMod,,Speed,250,250,0,,Defense %,0.000161%,161,1,1611,Offense %,0.05%,50000,1,547830,,,,0,,,,,0,
fM62KmW6SVOQ2sV12_ZHow,455,Speed,5,Circle,2,1,False,0,True,equippedStatMod,,Speed,250,250,0,,Offense %,0.04%,40000,1,481470,,,,0,,,,,0,,,,,0,
oF_05ANbTtqUp3Ee3ujLvg,455,Speed,5,Circle,5,1,False,0,True,equippedStatMod,,Speed,250,250,0,,Protection,132,132,1,1327,Critical Avoidance %,0.24%,240000,1,2380092,Protection %,7.28%,7280000,1,72897609,Offense %,0.04%,40000,1,475230
x1GhzdcPSHaY_6Tu78pohA,455,Speed,5,Circle,2,1,False,0,True,equippedStatMod,,Offense,63,63,0,,Offense %,0.05%,50000,1,510210,,,,0,,,,,0,,,,,0,
3IFABCx0Q1ujNoSjCNeRQg,456,Speed,5,Cross,2,15,False,0,True,equippedStatMod,,Protection,1175,1175,0,,Tenacity %,0.06%,60000,1,668409,Defense,151,151,1,1510,Critical Avoidance %,0.44%,440000,1,4380108,Offense %,0.08%,80000,2,540300|323160
9kP5U3OtRf6kMDJUpQ7Lqw,456,Speed,5,Cross,3,15,False,0,True,equippedStatMod,,Defense %,0.0024%,2400,0,,Speed,119,119,1,1196,Offense %,0.1%,100000,2,589350|453960,Offense,183,183,2,1030|808,Health %,3.03%,3030000,1,30364167
Jtu1KXGXRsCSBMCNbpRNvQ,456,Speed,5,Cross,1,15,False,0,True,equippedStatMod,,Potency %,0.0024%,2400,0,,Offense,89,89,1,897,Health %,4.14%,4140000,1,41445620,Tenacity %,0.09%,90000,1,912135,Offense %,0.05%,50000,1,531900
N_g8KJ6qQ0qoI36Xnq4JOA,456,Speed,5,Cross,5,15,False,0,True,equippedStatMod,,Protection,1175,1175,0,,Defense %,0.000304%,304,2,1264|1777,Protection %,15.65%,15650000,2,79583939|76938478,Critical Avoidance %,0.65%,650000,2,2561124|3899028,Offense %,0.1%,100000,2,575130|492360
NaIQwNykSS66XNFvEILnkQ,456,Speed,5,Cross,5,15,False,0,True,equippedStatMod,,Speed,2350,2350,0,,Offense %,0.05%,50000,1,591270,Defense,357,357,2,1959|1611,Health %,12.19%,12190000,4,23716581|31163506|35588801|31442096,Offense,97,97,1,977
OiDC-KAnQN6FrZjZMjQL0A,456,Speed,5,Cross,2,15,False,0,True,equippedStatMod,,Health,588,588,0,,Offense,82,82,1,829,Speed,144,144,1,1442,Protection %,5.83%,5830000,1,58366262,Defense,387,387,2,1868|2007
Q9v8KVQzSw-vNo4h_dGsMA,456,Speed,5,Cross,5,15,False,0,True,equippedStatMod,,Defense %,0.0024%,2400,0,,Defense,308,308,2,1820|1269,Critical Avoidance %,0.74%,740000,2,4143900|3171936,Potency %,0.00038%,380,3,1137|1293|1373,Offense %,0.05%,50000,1,583860
WU7Y1DM6SjaNB_h97UaC-A,456,Speed,5,Cross,5,15,False,0,True,equippedStatMod,,Offense,588,588,0,,Offense %,0.05%,50000,1,589530,Tenacity %,0.06%,60000,1,655424,Defense %,0.000433%,433,2,2249|2089,Critical Avoidance %,1.29%,1290000,4,3754020|2514384|4266792|2301204
oKUCoQ-HSFq6tDFOKmfIIQ,456,Speed,5,Cross,2,15,False,0,True,equippedStatMod,,Offense,588,588,0,,Critical Avoidance %,0.42%,420000,1,4159404,Protection %,10.99%,10990000,2,64329970|45599940,Offense %,0.04%,40000,1,451680,Protection,95,95,1,953
q1A5YG6QQNSLi2aFVFbzdg,456,Speed,5,Cross,3,15,False,0,True,equippedStatMod,,Offense,588,588,0,,Potency %,0.000303%,303,2,1530|1504,Critical Avoidance %,0.63%,630000,2,2863452|3429804,Offense %,0.05%,50000,1,530220,Health %,2.24%,2240000,1,22405065
s2a_msq1TKGT1x1eQEH9eg,456,Speed,5,Cross,4,15,False,0,True,equippedStatMod,,Defense %,0.0024%,2400,0,,Defense,372,372,2,1604|2124,Offense,188,188,2,794|1089,Offense %,0.05%,50000,1,569940,Protection %,10.9%,10900000,2,64599915|44453712
sPCk4bVlSFuyljdLRfQWFg,456,Speed,5,Cross,2,15,False,0,True,equippedStatMod,,Protection,1175,1175,0,,Offense %,0.05%,50000,1,544440,Defense %,0.000158%,158,1,1583,Defense,140,140,1,1407,Tenacity %,0.12%,120000,2,507248|758471
tQwPmJFHRFGpLmT_4CEz1w,456,Speed,5,Cross,3,15,False,0,True,equippedStatMod,,Potency %,0.0024%,2400,0,,Speed,143,143,1,1437,Protection %,19.96%,19960000,3,75567988|67062644|57049761,Health %,4.11%,4110000,1,41130599,Offense %,0.05%,50000,1,545430
tWvY8OrbTC2Ioi06IAl2ZA,456,Speed,5,Cross,4,15,False,0,True,equippedStatMod,,Health,588,588,0,,Protection %,6.86%,6860000,1,68632478,Offense %,0.12%,120000,3,423810|499080|317130,Defense %,0.000162%,162,1,1626,Potency %,0.000333%,333,2,1870|1462
v9ps4V_uRaWTh3ZEJvkdXw,456,Speed,5,Cross,1,15,False,0,True,equippedStatMod,,Speed,2350,2350,0,,Defense %,0.000117%,117,1,1177,Protection %,7.63%,7630000,1,76394435,Critical Avoidance %,0.25%,250000,1,2463084,Offense %,0.05%,50000,1,509880
yBavVtFyRkeByXOuXmZa3A,456,Speed,5,Cross,5,15,False,0,True,equippedStatMod,,Protection,1175,1175,0,,Health %,8.76%,8760000,3,36270275|28099016|23294410,Offense %,0.11%,110000,2,514740|586170,Speed,202,202,1,2021,Health,81,81,2,433|383
1JGtvD3OQ22Ss-8chKPW9w,456,Speed,5,Cross,1,12,False,0,True,equippedStatMod,,Offense,475,475,0,,Speed,181,181,1,1813,Potency %,0.000125%,125,1,1256,Protection %,4.97%,4970000,1,49703104,Offense %,0.05%,50000,1,593910
3DdRtJXFSPS_c6VSDjFdLg,456,Speed,5,Cross,1,12,False,0,True,equippedStatMod,,Protection,950,950,0,,Offense,57,57,1,575,Health,30,30,1,300,Offense %,0.05%,50000,1,591570,Health %,2.97%,2970000,1,29772699
6a74FPXsSpGDDBnGTpLgqA,456,Speed,5,Cross,1,12,False,0,True,equippedStatMod,,Protection,950,950,0,,Potency %,0.000114%,114,1,1140,Offense %,0.05%,50000,1,581340,Offense,103,103,1,1035,Critical Avoidance %,0.33%,330000,1,3212976
8rm3y08uTrO2iMv8z6kpTA,456,Speed,5,Cross,1,12,True,0,True,equippedStatMod,,Health,475,475,0,,Tenacity %,0.05%,50000,1,513226,Defense,147,147,1,1476,Offense %,0.05%,50000,1,543870,Offense,63,63,1,635
Av69C7qNRymhNyjgkdtOSw,456,Speed,5,Cross,1,12,False,0,True,equippedStatMod,,Protection,950,950,0,,Health,33,33,1,339,Offense %,0.05%,50000,1,551220,Health %,2.22%,2220000,1,22291486,Protection %,5.05%,5050000,1,50554469
DnmRYydLQ1KH3EuU-n5gjQ,456,Speed,5,Cross,1,12,True,0,True,equippedStatMod,,Defense %,0.00195%,1950,0,,Offense %,0.05%,50000,1,503160,Protection %,6.14%,6140000,1,61497624,Health,49,49,1,490,Potency %,0.000201%,201,1,2018
HY-6dINfTPO_5fKmLnfCxA,456,Speed,5,Cross,1,12,False,0,True,equippedStatMod,,Speed,1900,1900,0,,Defense %,0.000142%,142,1,1425,Offense %,0.05%,50000,1,589020,Protection,111,111,1,1116,Protection %,7.54%,7540000,1,75493234
Hs684l02T3S5Nu48yYvhmw,456,Speed,5,Cross,1,12,False,0,True,equippedStatMod,,Speed,1900,1900,0,,Offense,76,76,1,764,Critical Avoidance %,0.43%,430000,1,4252200,Offense %,0.05%,50000,1,571680,Defense %,0.000132%,132,1,1320
IfnQ9HuETemVQXdercVnyg,456,Speed,5,Cross,1,12,False,0,True,equippedStatMod,,Defense %,0.00195%,1950,0,,Speed,218,218,1,2184,Tenacity %,0.05%,50000,1,502789,Potency %,0.000122%,122,1,1222,Protection %,6.86%,6860000,1,68644937
L679hy_ISOWyS-IiCHLr0A,456,Speed,5,Cross,1,12,False,0,True,equippedStatMod,,Protection,950,950,0,,Tenacity %,0.06%,60000,1,681933,Health %,2.99%,2990000,1,29986999,Offense %,0.05%,50000,1,538470,Health,40,40,1,404
OwsdIG4ZQHifm9X-YLCCMA,456,Speed,5,Cross,1,12,False,0,True,equippedStatMod,,Speed,1900,1900,0,,Offense,79,79,1,791,Protection %,4.74%,4740000,1,47423107,Health,45,45,1,455,Tenacity %,0.06%,60000,1,627102
POZoji2cTG2a8lQVgGXoJw,456,Speed,5,Cross,1,12,False,0,True,equippedStatMod,,Defense %,0.00195%,1950,0,,Health %,2.22%,2220000,1,22263627,Critical Avoidance %,0.36%,360000,1,3505956,Offense %,0.05%,50000,1,513570,Potency %,0.00015%,150,1,1505
QL6H18WrSMGuoLd9YuHxYA,456,Speed,5,Cross,1,12,False,0,True,equippedStatMod,,Health,475,475,0,,Critical Avoidance %,0.39%,390000,1,3843624,Offense %,0.05%,50000,1,559500,Protection,134,134,1,1341,Defense %,0.000155%,155,1,1554
UOWNUnSVSGamPsh0xkM1OA,456,Speed,5,Cross,1,12,False,0,True,equippedStatMod,,Defense %,0.00195%,1950,0,,Offense,72,72,1,729,Potency %,0.000166%,166,1,1662,Health %,2.47%,2470000,1,24702361,Offense %,0.05%,50000,1,547770
V0BdCiHJT3mDPPWmpDUcng,456,Speed,5,Cross,1,12,False,0,True,equippedStatMod,,Defense %,0.00195%,1950,0,,Offense %,0.05%,50000,1,539730,Speed,212,212,1,2125,Potency %,0.000137%,137,1,1373,Health,44,44,1,449
ZOLIQd1_RYSOIhs_BpvZjw,456,Speed,5,Cross,1,12,False,0,True,equippedStatMod,,Protection,950,950,0,,Defense,127,127,1,1278,Health %,2.51%,2510000,1,25107388,Critical Avoidance %,0.46%,460000,1,4545180,Offense %,0.04%,40000,1,428700
ckT7J2TXTTyRS_FXdip1zA,456,Speed,5,Cross,1,12,False,0,True,equippedStatMod,,Speed,1900,1900,0,,Tenacity %,0.09%,90000,1,908754,Defense,187,187,1,1870,Critical Avoidance %,0.26%,260000,1,2508000,Protection %,5.88%,5880000,1,58872928
gOV6dwu6RlWh0s9a9mAxHg,456,Speed,5,Cross,1,12,False,0,True,equippedStatMod,,Potency %,0.00195%,1950,0,,Defense,208,208,1,2084,Speed,219,219,1,2190,Offense %,0.05%,50000,1,533400,Health %,3.08%,3080000,1,30829198
hiw_RYsVRM2QV56HnvFtlQ,456,Speed,5,Cross,1,12,False,0,True,equippedStatMod,,Protection,950,950,0,,Defense,202,202,1,2025,Potency %,0.000181%,181,1,1811,Offense %,0.04%,40000,1,446430,Offense,110,110,1,1108
ks098q74Tfm6ddaXSC805A,456,Speed,5,Cross,1,12,False,0,True,equippedStatMod,,Protection,950,950,0,,Potency %,0.000192%,192,1,1929,Protection %,6.22%,6220000,1,62224399,Defense,190,190,1,1902,Offense %,0.05%,50000,1,520530
lkskWc89RXq608H4Ivudfg,456,Speed,5,Cross,1,12,False,0,True,equippedStatMod,,Offense,475,475,0,,Defense,144,144,1,1444,Offense %,0.05%,50000,1,562830,Health %,2.44%,2440000,1,24462345,Critical Avoidance %,0.4%,400000,1,3920916
n9zFSy5MQZWjgmbvwNoFCw,456,Speed,5,Cross,1,12,False,0,True,equippedStatMod,,Defense %,0.00195%,1950,0,,Offense %,0.05%,50000,1,537030,Offense,108,108,1,1082,Tenacity %,0.07%,70000,1,781501,Potency %,0.000172%,172,1,1721
oYgDmglqRVW_EjdgLLUFGQ,456,Speed,5,Cross,1,12,False,0,True,equippedStatMod,,Defense %,0.00195%,1950,0,,Offense %,0.05%,50000,1,579630,Protection,116,116,1,1169,Health,32,32,1,324,Tenacity %,0.05%,50000,1,559825
okk2-FJ8TCqq7uHG1Xgz3Q,456,Speed,5,Cross,1,12,False,0,True,equippedStatMod,,Potency %,0.00195%,1950,0,,Offense %,0.05%,50000,1,542490,Critical Avoidance %,0.33%,330000,1,3296196,Protection %,6.8%,6800000,1,68001222,Defense %,0.000192%,192,1,1926
qPJGrl0CQG-nl1zb_DbVag,456,Speed,5,Cross,1,12,False,0,True,equippedStatMod,,Defense %,0.00195%,1950,0,,Offense %,0.04%,40000,1,465210,Critical Avoidance %,0.28%,280000,1,2723916,Offense,73,73,1,735,Defense,119,119,1,1196
wHMtMw6oTHydGi_a0XSGVw,456,Speed,5,Cross,1,12,False,0,True,equippedStatMod,,Offense,475,475,0,,Tenacity %,0.07%,70000,1,755139,Critical Avoidance %,0.35%,350000,1,3409284,Offense %,0.05%,50000,1,593820,Speed,118,118,1,1180
5oCEEMHkT_yaAaJhaPqEeA,456,Speed,5,Cross,2,9,False,0,True,equippedStatMod,,Potency %,0.0015%,1500,0,,Critical Avoidance %,0.31%,310000,1,3095556,Offense,64,64,1,643,Defense,185,185,1,1855,Offense %,0.05%,50000,1,540990
AOeUJEHTQ9a2KI7tumkjMw,456,Speed,5,Cross,2,9,False,0,True,equippedStatMod,,Protection,725,725,0,,Critical Avoidance %,0.25%,250000,1,2466960,Offense %,0.05%,50000,1,543150,Health,33,33,1,338,Offense,105,105,1,1054
_rRC6gPkRF6t0MS2zWhjrg,456,Speed,5,Cross,2,9,False,0,True,equippedStatMod,,Offense,363,363,0,,Critical Avoidance %,0.3%,300000,1,2967192,Speed,204,204,1,2042,Offense %,0.05%,50000,1,587760,Protection,133,133,1,1337
fjg5cnccRP2P79wfp0GsZw,456,Speed,5,Cross,2,9,False,0,True,equippedStatMod,,Protection,725,725,0,,Critical Avoidance %,0.28%,280000,1,2755152,Tenacity %,0.04%,40000,1,496076,Protection %,6.85%,6850000,1,68545265,Offense %,0.05%,50000,1,556590
tCemzpqvRTG73Dqdd25Ipg,456,Speed,5,Cross,2,9,False,0,True,equippedStatMod,,Speed,1450,1450,0,,Health,42,42,1,424,Protection %,5.8%,5800000,1,58025716,Defense,138,138,1,1381,Protection,157,157,1,1577
Fj_rp2zhT1SraTzsolF-Nw,456,Speed,5,Cross,3,6,False,0,True,equippedStatMod,,Defense %,0.00105%,1050,0,,Tenacity %,0.07%,70000,1,760774,Health %,4.14%,4140000,1,41443477,Offense %,0.05%,50000,1,531030,Health,48,48,1,486
GaJbskakRSCmnFY3UVXAZA,456,Speed,5,Cross,3,6,False,0,True,equippedStatMod,,Health,250,250,0,,Critical Avoidance %,0.43%,430000,1,4257216,Tenacity %,0.07%,70000,1,777679,Offense %,0.05%,50000,1,569100,Health %,2.47%,2470000,1,24717362
FnbMvd-LQtmhqEs-NB270w,456,Speed,5,Cross,4,3,False,0,True,equippedStatMod,,Speed,550,550,0,,Protection %,4.74%,4740000,1,47423107,Critical Avoidance %,0.24%,240000,1,2359344,Potency %,0.000178%,178,1,1787,Offense %,0.04%,40000,1,496890
6QKaivp3Q4GLs-n6GbzmmQ,456,Speed,5,Cross,2,1,False,0,True,equippedStatMod,,Protection,125,125,0,,Offense %,0.05%,50000,1,590820,,,,0,,,,,0,,,,,0,
COq2qzfFSP2qyehPV5gRMg,456,Speed,5,Cross,2,1,False,0,True,equippedStatMod,,Protection,125,125,0,,Offense %,0.05%,50000,1,545640,,,,0,,,,,0,,,,,0,
JqNKMdkfQWG6PHYCRM7wUg,456,Speed,5,Cross,5,1,False,0,True,equippedStatMod,,Offense,63,63,0,,Critical Avoidance %,0.32%,320000,1,3191316,Offense %,0.05%,50000,1,504090,Tenacity %,0.05%,50000,1,520429,Defense,138,138,1,1386
VGl-rVqXQMm3RHq7FOtLuA,456,Speed,5,Cross,3,1,False,0,True,equippedStatMod,,Speed,250,250,0,,Offense %,0.05%,50000,1,518130,Potency %,0.000166%,166,1,1662,,,,0,,,,,0,
jxoxCL7CSX65LDBF8zcr5g,456,Speed,5,Cross,5,1,False,0,True,equippedStatMod,,Protection,125,125,0,,Offense %,0.04%,40000,1,433830,Critical Avoidance %,0.42%,420000,1,4145952,Offense,81,81,1,816,Defense,116,116,1,1163
lX5WSLqDSZeQT74rQaRwXA,456,Speed,5,Cross,3,1,False,0,True,equippedStatMod,,Potency %,0.0003%,300,0,,Speed,125,125,1,1256,Offense %,0.05%,50000,1,563910,,,,0,,,,,0,
0pHL4QP9ROWgRT8aej3ZMA,453,Speed,5,Diamond,1,15,False,0,True,equippedStatMod,,Protection,1175,1175,0,,Offense %,0.05%,50000,1,575580,Speed,145,145,1,1451,Potency %,0.000168%,168,1,1687,Tenacity %,0.09%,90000,1,934283
1_kCCiCgTz-N4t0aa-RnuA,453,Speed,5,Diamond,4,15,False,0,True,equippedStatMod,,Protection,1175,1175,0,,Defense %,0.000188%,188,1,1886,Offense,165,165,2,791|859,Defense,362,362,2,1386|2242,Offense %,0.08%,80000,2,593280|304710
2C0T1vAbRNiVfR34S4Rlwg,453,Speed,5,Diamond,1,15,False,0,True,equippedStatMod,,Protection,1175,1175,0,,Offense %,0.05%,50000,1,503820,Protection %,5.48%,5480000,1,54861130,Tenacity %,0.07%,70000,1,760970,Health %,3.67%,3670000,1,36773880
59kslETKRHiYlmFwnljVdw,453,Speed,5,Diamond,2,15,False,0,True,equippedStatMod,,Protection,1175,1175,0,,Defense %,0.000203%,203,1,2036,Health %,3.18%,3180000,1,31834265,Offense,202,202,2,1072|954,Offense %,0.05%,50000,1,521070
6ZQZzrwSQkqLSfgty-Z0lg,453,Speed,5,Diamond,5,15,False,0,True,equippedStatMod,,Protection,1175,1175,0,,Offense %,0.1%,100000,2,575130|454470,Tenacity %,0.14%,140000,2,670712|787920,Health,73,73,2,428|310,Offense,179,179,2,1121|670
7YTTVQg-TFOsLM4E-919Dg,453,Speed,5,Diamond,3,15,False,0,True,equippedStatMod,,Protection,1175,1175,0,,Defense,119,119,1,1191,Offense %,0.05%,50000,1,575730,Speed,443,443,3,1647|1369|1416,Defense %,0.0002%,200,1,2007
7y0PQ-h2QH-6gjyxAJXceg,453,Speed,5,Diamond,1,15,False,0,True,equippedStatMod,,Protection,1175,1175,0,,Offense %,0.05%,50000,1,511050,Health %,2.16%,2160000,1,21607869,Speed,148,148,1,1483,Defense,141,141,1,1411
BvIzKk61RkiqnGVC9zodLg,453,Speed,5,Diamond,3,15,False,0,True,equippedStatMod,,Protection,1175,1175,0,,Offense %,0.05%,50000,1,546540,Defense,140,140,1,1409,Critical Avoidance %,0.34%,340000,1,3399480,Health %,8.98%,8980000,3,28086158|35895250|25868153
IIi3XyR3Qyy9bO_LfbbLKg,453,Speed,5,Diamond,5,15,False,0,True,equippedStatMod,,Protection,1175,1175,0,,Offense,137,137,2,621|757,Critical Avoidance %,0.81%,810000,2,4109700|3904500,Tenacity %,0.08%,80000,1,885283,Offense %,0.12%,120000,3,548280|400260|340410
K3uRnkAVQkeg9bMgnYiBgQ,453,Speed,5,Diamond,4,15,False,0,True,equippedStatMod,,Protection,1175,1175,0,,Defense %,0.000499%,499,3,1339|1996|1658,Offense %,0.05%,50000,1,555600,Health,43,43,1,438,Health %,5.77%,5770000,2,30372739|27374682
LFmselPZQyqo8p5A7QDwhQ,453,Speed,5,Diamond,5,15,False,0,True,equippedStatMod,,Protection,1175,1175,0,,Health,106,106,3,398|368|303,Potency %,0.000425%,425,2,2150|2102,Defense %,0.000199%,199,1,1999,Offense %,0.1%,100000,2,582210|474510
NKW_cxihQBOXvATbIVG7Qw,453,Speed,5,Diamond,5,15,False,0,True,equippedStatMod,,Protection,1175,1175,0,,Critical Avoidance %,0.82%,820000,2,4499808|3684708,Tenacity %,0.1%,100000,2,501074|517342,Offense %,0.15%,150000,3,579240|543900|386310,Defense %,0.000149%,149,1,1490
O0mMT7YuTey_aesnVShEAw,453,Speed,5,Diamond,2,15,False,0,True,equippedStatMod,,Protection,1175,1175,0,,Protection %,7.88%,7880000,1,78886235,Offense,73,73,1,736,Health,93,93,2,392|546,Offense %,0.05%,50000,1,525570
PBAjYRPqRPuqj8BCCUDybw,453,Speed,5,Diamond,4,15,False,0,True,equippedStatMod,,Protection,1175,1175,0,,Offense %,0.05%,50000,1,523530,Potency %,0.000199%,199,1,1991,Critical Avoidance %,1.21%,1210000,3,3352512|4393104|4296660,Tenacity %,0.17%,170000,2,893270|901453
X6QBjmp5TxGWZSGkW9BU8g,453,Speed,5,Diamond,1,15,False,0,True,equippedStatMod,,Protection,1175,1175,0,,Offense %,0.05%,50000,1,533010,Tenacity %,0.06%,60000,1,675661,Speed,186,186,1,1868,Defense %,0.000215%,215,1,2159
_BZke8O0ToCkyUQOQkQRkQ,453,Speed,5,Diamond,2,15,False,0,True,equippedStatMod,,Protection,1175,1175,0,,Defense,149,149,1,1492,Defense %,0.000211%,211,1,2117,Critical Avoidance %,0.7%,700000,2,3403812|3556116,Offense %,0.05%,50000,1,599700
asXgShM2QYuYubPs7_e9nw,453,Speed,5,Diamond,3,15,False,0,True,equippedStatMod,,Protection,1175,1175,0,,Defense,142,142,1,1424,Offense,111,111,1,1118,Tenacity %,0.17%,170000,2,845985|942858,Offense %,0.08%,80000,2,521490|306360
c_bR_GxwRsy3KlLe1OxHJQ,453,Speed,5,Diamond,1,15,False,0,True,equippedStatMod,,Protection,1175,1175,0,,Defense,209,209,1,2095,Health,42,42,1,425,Offense %,0.05%,50000,1,549240,Speed,214,214,1,2147
gCVJoLbQQRihxi9hleDeZw,453,Speed,5,Diamond,5,15,False,0,True,equippedStatMod,,Protection,1175,1175,0,,Potency %,0.000487%,487,3,1403|2090|1378,Defense %,0.00019%,190,1,1903,Critical Avoidance %,0.76%,760000,2,4292556|3289128,Offense %,0.1%,100000,2,509760|518910
hdUVJCd1QmOXklh2-kzyjg,453,Speed,5,Diamond,2,15,False,0,True,equippedStatMod,,Protection,1175,1175,0,,Defense %,0.000294%,294,2,1396|1550,Defense,119,119,1,1198,Potency %,0.000143%,143,1,1437,Offense %,0.05%,50000,1,554580
mlW8nqDhSXCRaCqv2EWacw,453,Speed,5,Diamond,2,15,False,0,True,equippedStatMod,,Protection,1175,1175,0,,Tenacity %,0.08%,80000,1,818006,Speed,404,404,2,1928|2111,Offense %,0.05%,50000,1,529950,Health %,4.04%,4040000,1,40440553
qgXV9DeWTfSa0uY6XWK6Xw,453,Speed,5,Diamond,4,15,False,0,True,equippedStatMod,,Protection,1175,1175,0,,Defense %,0.000296%,296,2,1489|1472,Critical Avoidance %,0.4%,400000,1,3907236,Offense %,0.05%,50000,1,508890,Defense,505,505,3,1790|1903|1358
w8WEp_MeQP2g0BRdyHsnUA,453,Speed,5,Diamond,5,15,False,0,True,equippedStatMod,,Protection,1175,1175,0,,Potency %,0.000389%,389,2,2104|1787,Offense %,0.11%,110000,2,597900|579150,Tenacity %,0.19%,190000,2,950110|973483,Offense,150,150,2,612|889
wsBKAoqDSK6FOoWBBcfX-w,453,Speed,5,Diamond,2,15,False,0,True,equippedStatMod,,Protection,1175,1175,0,,Offense %,0.05%,50000,1,503730,Tenacity %,0.11%,110000,2,578151|529053,Speed,138,138,1,1387,Critical Avoidance %,0.37%,370000,1,3698844
zLUEOtxpQtCvu9bBeCcmXQ,453,Speed,5,Diamond,3,15,False,0,True,equippedStatMod,,Protection,1175,1175,0,,Offense %,0.05%,50000,1,558090,Offense,153,153,2,687|847,Defense %,0.000401%,401,2,2154|1858,Protection %,7.57%,7570000,1,75788097
0D6MlvxtTj-h_JhLtYpF_w,453,Speed,5,Diamond,1,12,False,0,True,equippedStatMod,,Protection,950,950,0,,Offense %,0.05%,50000,1,515580,Health,51,51,1,517,Tenacity %,0.05%,50000,1,512981,Health %,3.6%,3600000,1,36070976
B3dyvQxlQtaQvJxjUXmQKQ,453,Speed,5,Diamond,1,12,False,0,True,equippedStatMod,,Protection,950,950,0,,Speed,129,129,1,1293,Offense,98,98,1,984,Health %,2.62%,2620000,1,26236749,Offense %,0.05%,50000,1,506640
CrC7drQRQR6bwq-74hf7HA,453,Speed,5,Diamond,1,12,False,0,True,equippedStatMod,,Protection,950,950,0,,Offense %,0.05%,50000,1,573930,Tenacity %,0.06%,60000,1,605738,Defense,117,117,1,1176,Offense,56,56,1,568
HtsThih6TG-HGbMepcgWgQ,453,Speed,5,Diamond,1,12,False,0,True,equippedStatMod,,Protection,950,950,0,,Potency %,0.000167%,167,1,1678,Critical Avoidance %,0.33%,330000,1,3261996,Speed,224,224,1,2240,Protection %,6.24%,6240000,1,62469426
K4cy0uZzS92rtdRyN97ZHw,453,Speed,5,Diamond,1,12,False,0,True,equippedStatMod,,Protection,950,950,0,,Tenacity %,0.09%,90000,1,961282,Protection %,6.91%,6910000,1,69118379,Offense,104,104,1,1049,Offense %,0.05%,50000,1,534900
KPVhTEJZSueUo41X4HQNLw,453,Speed,5,Diamond,1,12,False,0,True,equippedStatMod,,Protection,950,950,0,,Tenacity %,0.08%,80000,1,839517,Speed,194,194,1,1948,Offense %,0.05%,50000,1,558840,Offense,58,58,1,589
LF3-ScriThWvHA23UaVq5Q,453,Speed,5,Diamond,1,12,False,0,True,equippedStatMod,,Protection,950,950,0,,Health,55,55,1,558,Offense %,0.05%,50000,1,548130,Critical Avoidance %,0.37%,370000,1,3635460,Health %,2.14%,2140000,1,21468574
SFmGW9aGSbaMO44HZPBA_w,453,Speed,5,Diamond,1,12,False,0,True,equippedStatMod,,Protection,950,950,0,,Protection %,4.18%,4180000,1,41824863,Offense,92,92,1,921,Offense %,0.04%,40000,1,417750,Health,50,50,1,507
WsSkLM8kTBqVRD7kepv69w,453,Speed,5,Diamond,1,12,False,0,True,equippedStatMod,,Protection,950,950,0,,Critical Avoidance %,0.24%,240000,1,2343384,Defense,213,213,1,2134,Health,36,36,1,364,Offense %,0.05%,50000,1,550800
__oVLFc-TdWuDkWbiEZGVQ,453,Speed,5,Diamond,1,12,False,0,True,equippedStatMod,,Protection,950,950,0,,Offense,71,71,1,715,Offense %,0.04%,40000,1,423600,Critical Avoidance %,0.32%,320000,1,3123372,Speed,172,172,1,1721
dDcKuQnPTR2hRutnr02wuA,453,Speed,5,Diamond,1,12,False,0,True,equippedStatMod,,Protection,950,950,0,,Critical Avoidance %,0.26%,260000,1,2565228,Offense,82,82,1,822,Offense %,0.05%,50000,1,503370,Protection %,5.64%,5640000,1,56455882
dnXFo2dLTAqLHn6RMHM60w,453,Speed,5,Diamond,1,12,False,0,True,equippedStatMod,,Protection,950,950,0,,Offense,59,59,1,596,Protection %,7.16%,7160000,1,71635097,Health %,2.54%,2540000,1,25456697,Offense %,0.05%,50000,1,592140
iIaTDvUJQHilh45Cq9UUsA,453,Speed,5,Diamond,1,12,False,0,True,equippedStatMod,,Protection,950,950,0,,Speed,175,175,1,1750,Health %,2.76%,2760000,1,27616841,Offense %,0.05%,50000,1,539460,Tenacity %,0.07%,70000,1,744261
mLYVl-g6T1mS-Ixrlr2Now,453,Speed,5,Diamond,1,12,False,0,True,equippedStatMod,,Protection,950,950,0,,Health,37,37,1,374,Defense,133,133,1,1334,Health %,4.19%,4190000,1,41992085,Offense %,0.05%,50000,1,567750
n7ZmC_bHRXSUmQJIZxj-7Q,453,Speed,5,Diamond,1,12,False,0,True,equippedStatMod,,Protection,950,950,0,,Potency %,0.000123%,123,1,1230,Offense %,0.04%,40000,1,488850,Protection %,7.95%,7950000,1,79542409,Health,41,41,1,410
pgAW6Z1iQjeyAN6FLakYkA,453,Speed,5,Diamond,1,12,False,0,True,equippedStatMod,,Protection,950,950,0,,Critical Avoidance %,0.34%,340000,1,3331080,Potency %,0.000156%,156,1,1563,Defense %,0.000128%,128,1,1289,Offense,86,86,1,861
qA94VuCBT1iblkAaAvu-lA,453,Speed,5,Diamond,1,12,False,0,True,equippedStatMod,,Protection,950,950,0,,Speed,172,172,1,1729,Offense %,0.05%,50000,1,591810,Offense,69,69,1,698,Health,36,36,1,363
qCIpADZFRXmw6fU1v1mOcw,453,Speed,5,Diamond,1,12,False,0,True,equippedStatMod,,Protection,950,950,0,,Health %,3.45%,3450000,1,34577305,Offense,67,67,1,678,Offense %,0.05%,50000,1,565890,Health,55,55,1,556
sPx3zjUbRsmvICHZIMif9Q,453,Speed,5,Diamond,1,12,False,0,True,equippedStatMod,,Protection,950,950,0,,Potency %,0.000221%,221,1,2210,Offense %,0.05%,50000,1,509910,Defense,178,178,1,1782,Offense,86,86,1,868
t5HBg5BNTzSaPQtz2C7-Eg,453,Speed,5,Diamond,1,12,False,0,True,equippedStatMod,,Protection,950,950,0,,Tenacity %,0.09%,90000,1,923307,Offense %,0.05%,50000,1,534900,Defense %,0.000125%,125,1,1253,Defense,205,205,1,2058
vwXxpy1vSI66u7RvqdqSeg,453,Speed,5,Diamond,1,12,False,0,True,equippedStatMod,,Protection,950,950,0,,Defense %,0.000157%,157,1,1579,Potency %,0.000195%,195,1,1951,Offense %,0.04%,40000,1,470730,Speed,146,146,1,1461
yQ3saPd6TlmX2WDkxUdXag,453,Speed,5,Diamond,1,12,False,0,True,equippedStatMod,,Protection,950,950,0,,Offense %,0.05%,50000,1,516150,Health %,3.61%,3610000,1,36143838,Critical Avoidance %,0.28%,280000,1,2707500,Protection %,8.21%,8210000,1,82158799
9CF-FEhPQSmwm0KhY2RR4g,453,Speed,5,Diamond,2,9,False,0,True,equippedStatMod,,Protection,725,725,0,,Offense,98,98,1,989,Defense,184,184,1,1841,Offense %,0.05%,50000,1,545100,Health %,2.42%,2420000,1,24218043
B0Uzl1LXQUy04d5AcI03Rw,453,Speed,5,Diamond,2,9,False,0,True,equippedStatMod,,Protection,725,725,0,,Defense %,0.000115%,115,1,1158,Health %,4.24%,4240000,1,42474260,Offense %,0.05%,50000,1,564450,Critical Avoidance %,0.26%,260000,1,2569104
GSj3UG0xS_KCi6Q-ME0Vpg,453,Speed,5,Diamond,2,9,False,0,True,equippedStatMod,,Protection,725,725,0,,Defense %,0.000207%,207,1,2078,Offense %,0.05%,50000,1,531150,Tenacity %,0.06%,60000,1,686441,Health,55,55,1,555
MHaBVvhAScWNAC7DiX2tQg,453,Speed,5,Diamond,2,9,False,0,True,equippedStatMod,,Protection,725,725,0,,Potency %,0.000124%,124,1,1249,Defense,183,183,1,1830,Health,43,43,1,430,Offense %,0.05%,50000,1,520170
Mtrow4i5S26CT-5BoqOdVQ,453,Speed,5,Diamond,2,9,False,0,True,equippedStatMod,,Protection,725,725,0,,Potency %,0.000141%,141,1,1416,Health %,4.12%,4120000,1,41231320,Speed,175,175,1,1757,Defense,179,179,1,1796
NVSAOKzpQIGGtIkOzPwNlg,453,Speed,5,Diamond,2,9,False,0,True,equippedStatMod,,Protection,725,725,0,,Health %,4.19%,4190000,1,41902079,Potency %,0.000146%,146,1,1467,Offense %,0.05%,50000,1,566760,Speed,198,198,1,1987
SvbBg5ACSoyP8qZXbXbfpg,453,Speed,5,Diamond,2,9,False,0,True,equippedStatMod,,Protection,725,725,0,,Tenacity %,0.07%,70000,1,702464,Critical Avoidance %,0.25%,250000,1,2486568,Offense %,0.05%,50000,1,551730,Potency %,0.000128%,128,1,1288
9veLDopySued0y4fbsT8CA,453,Speed,5,Diamond,3,6,False,0,True,equippedStatMod,,Protection,500,500,0,,Critical Avoidance %,0.34%,340000,1,3316260,Protection %,4.83%,4830000,1,48340920,Defense,127,127,1,1274,Offense,99,99,1,994
FoHdhKHrSvWFurxHQ5bf3w,453,Speed,5,Diamond,3,6,False,0,True,equippedStatMod,,Protection,500,500,0,,Defense %,0.000148%,148,1,1488,Critical Avoidance %,0.46%,460000,1,4506420,Potency %,0.000187%,187,1,1878,Health,54,54,1,540
fUJq4hLiSaCkLPw7dqNYtg,453,Speed,5,Diamond,3,6,False,0,True,equippedStatMod,,Protection,500,500,0,,Potency %,0.000147%,147,1,1474,Offense,67,67,1,671,Health,50,50,1,506,Offense %,0.05%,50000,1,506610
nrOkOmSHQGKTXqenPRbRJg,453,Speed,5,Diamond,3,6,False,0,True,equippedStatMod,,Protection,500,500,0,,Tenacity %,0.09%,90000,1,955990,Defense %,0.000188%,188,1,1888,Offense %,0.05%,50000,1,548790,Health,50,50,1,503
pzw5kI4KTAW-r55eIyMPlg,453,Speed,5,Diamond,3,6,False,0,True,equippedStatMod,,Protection,500,500,0,,Tenacity %,0.08%,80000,1,824425,Potency %,0.0002%,200,1,2001,Offense,103,103,1,1031,Critical Avoidance %,0.26%,260000,1,2508912
zOXESUw0Q8eABtjW7dQf_g,453,Speed,5,Diamond,3,6,False,0,True,equippedStatMod,,Protection,500,500,0,,Defense,126,126,1,1260,Offense,104,104,1,1047,Speed,176,176,1,1762,Potency %,0.000171%,171,1,1718
J6YP_i5OTBGVikCFe9sbLQ,453,Speed,5,Diamond,4,3,False,0,True,equippedStatMod,,Protection,275,275,0,,Critical Avoidance %,0.33%,330000,1,3222096,Protection %,4.92%,4920000,1,49254580,Defense %,0.000224%,224,1,2243,Offense %,0.04%,40000,1,449550
-BpZpFOAQG6AXN-2Kvh_5Q,453,Speed,5,Diamond,2,1,False,0,True,equippedStatMod,,Protection,125,125,0,,Offense %,0.05%,50000,1,508740,,,,0,,,,,0,,,,,0,
0r0ZBWuFQpiwVXUaoYkl4Q,453,Speed,5,Diamond,5,1,False,0,True,equippedStatMod,,Protection,125,125,0,,Defense %,0.000222%,222,1,2220,Defense,189,189,1,1898,Speed,197,197,1,1975,Offense %,0.05%,50000,1,518400
4BkCqKViSW64Wk3vIzrcmg,453,Speed,5,Diamond,4,1,False,0,True,equippedStatMod,,Protection,125,125,0,,Offense,102,102,1,1026,Speed,209,209,1,2098,Offense %,0.05%,50000,1,530430,,,,0,
8el83rMtRp2wxJmJiPQKMw,453,Speed,5,Diamond,4,1,False,0,True,equippedStatMod,,Protection,125,125,0,,Defense %,0.000135%,135,1,1353,Offense %,0.05%,50000,1,562980,Health,38,38,1,384,,,,0,
Qiyxb5sOSp-MsH1BChjaSQ,453,Speed,5,Diamond,3,1,False,0,True,equippedStatMod,,Protection,125,125,0,,Defense %,0.000154%,154,1,1546,Offense %,0.05%,50000,1,519870,,,,0,,,,,0,
VAHJG81NTKiZN1gQ_ooG7Q,453,Speed,5,Diamond,5,1,False,0,True,equippedStatMod,,Protection,125,125,0,,Offense %,0.05%,50000,1,530340,Speed,127,127,1,1278,Defense %,0.000142%,142,1,1421,Critical Avoidance %,0.37%,370000,1,3653928
cTIWf9fxQKif6xVIu3Ph4A,453,Speed,5,Diamond,3,1,False,0,True,equippedStatMod,,Protection,125,125,0,,Offense %,0.05%,50000,1,588090,Health %,3.97%,3970000,1,39726934,,,,0,,,,,0,
uKkeMNd-Rr-_w6Vb4iVjnQ,453,Speed,5,Diamond,4,1,False,0,True,equippedStatMod,,Protection,125,125,0,,Health %,2.9%,2900000,1,29059080,Offense,65,65,1,658,Offense %,0.05%,50000,1,535650,,,,0,
1aw4wTHuSbi7e2XNpVWsIA,451,Speed,5,Square,1,15,False,0,True,equippedStatMod,,Health,588,588,0,,Health %,2.83%,2830000,1,28336889,Offense %,0.05%,50000,1,512190,Defense,205,205,1,2053,Protection %,5.14%,5140000,1,51493047
1d941hgOQs-pWcc-O19A6Q,451,Speed,5,Square,3,15,False,0,True,equippedStatMod,,Health,588,588,0,,Defense,529,529,3,1975|2114|1208,Offense %,0.05%,50000,1,537570,Offense,99,99,1,995,Health %,3.89%,3890000,1,38927595
38TiBWzaTtKHjuNJmD1QGQ,451,Speed,5,Square,5,15,False,0,True,equippedStatMod,,Health,588,588,0,,Offense %,0.08%,80000,2,521010|339720,Defense,331,331,2,1801|1510,Health %,8.52%,8520000,3,28420466|35359500|21442858,Protection,86,86,1,863
3TMSZ2raQzCDwOwU8VKd3w,451,Speed,5,Square,5,15,False,0,True,equippedStatMod,,Health,588,588,0,,Health %,6.7%,6700000,2,34133704|32871477,Offense %,0.12%,120000,3,565230|335670|357900,Offense,84,84,1,849,Defense %,0.000373%,373,2,1806|1928
8GBv9IWST-az7tJPClGcFQ,451,Speed,5,Square,2,15,False,0,True,equippedStatMod,,Health,588,588,0,,Defense,321,321,2,1970|1245,Health %,3.64%,3640000,1,36471717,Defense %,0.000155%,155,1,1553,Offense %,0.05%,50000,1,553860
9kEPghhTSV-NhjdgmQtJ9A,451,Speed,5,Square,4,15,False,0,True,equippedStatMod,,Health,588,588,0,,Health %,6.13%,6130000,2,23103683|38276123,Offense %,0.08%,80000,2,509700|324510,Defense %,0.000173%,173,1,1734,Tenacity %,0.12%,120000,2,679777|549829
D-h7kxYXTlubEICrP_K4_w,451,Speed,5,Square,5,15,False,0,True,equippedStatMod,,Health,588,588,0,,Critical Avoidance %,0.94%,940000,3,3259944|2767464|3273168,Offense %,0.05%,50000,1,506460,Potency %,0.000332%,332,2,1861|1459,Speed,299,299,2,1187|1806
HQHNmpBbT-expxkSZHqViw,451,Speed,5,Square,3,15,False,0,True,equippedStatMod,,Health,588,588,0,,Protection %,17.01%,17010000,3,57901126|62785054|49453924,Offense,82,82,1,825,Protection,167,167,1,1671,Offense %,0.05%,50000,1,591930
JoSLYKEOTsS3Mu-X8L_Axw,451,Speed,5,Square,5,15,False,0,True,equippedStatMod,,Health,588,588,0,,Offense %,0.15%,150000,3,535710|595620|448500,Speed,491,491,3,2215|1348|1347,Potency %,0.000224%,224,1,2246,Critical Avoidance %,0.25%,250000,1,2425008
OMbLk7bjQXiyk7cfOAia1g,451,Speed,5,Square,5,15,False,0,True,equippedStatMod,,Health,588,588,0,,Speed,513,513,3,1135|2054|1942,Protection,220,220,2,1291|915,Tenacity %,0.05%,50000,1,515333,Critical Avoidance %,0.68%,680000,2,2854332|3911568
R-iH2sjUQEuQf-_jKy4gFw,451,Speed,5,Square,2,15,False,0,True,equippedStatMod,,Health,588,588,0,,Defense %,0.000124%,124,1,1244,Critical Avoidance %,0.63%,630000,2,3296424|2912472,Offense %,0.05%,50000,1,511170,Speed,142,142,1,1428
TyVxS8e_SW2rWzgJBbMJFg,451,Speed,5,Square,2,15,False,0,True,equippedStatMod,,Health,588,588,0,,Protection,156,156,1,1563,Defense %,0.000322%,322,2,1713|1516,Tenacity %,0.07%,70000,1,798553,Offense %,0.05%,50000,1,576330
Y5opi31JTHCSwIgZqLFATA,451,Speed,5,Square,2,15,False,0,True,equippedStatMod,,Health,588,588,0,,Tenacity %,0.05%,50000,1,522242,Protection,108,108,1,1089,Defense,169,169,1,1698,Offense %,0.1%,100000,2,564510|504300
cFhwAxpTRCaB7aJGcEIkyA,451,Speed,5,Square,2,15,False,0,True,equippedStatMod,,Health,588,588,0,,Offense %,0.05%,50000,1,560490,Defense,214,214,1,2143,Tenacity %,0.13%,130000,2,571487|756462,Offense,75,75,1,752
eOvt-sR4Sv20rH1HCmzU_w,451,Speed,5,Square,3,15,False,0,True,equippedStatMod,,Health,588,588,0,,Offense %,0.08%,80000,2,516030|321450,Protection,130,130,1,1303,Defense %,0.000317%,317,2,1897|1277,Tenacity %,0.08%,80000,1,876904
ed4nOr7pQt2FGOQJ7H__2Q,451,Speed,5,Square,2,15,False,0,True,equippedStatMod,,Health,588,588,0,,Offense %,0.09%,90000,2,592170|309180,Potency %,0.000214%,214,1,2148,Offense,84,84,1,840,Protection,140,140,1,1406
iGlaXXxNRXWC-4m4JeLCbw,451,Speed,5,Square,4,15,False,0,True,equippedStatMod,,Health,588,588,0,,Offense %,0.05%,50000,1,595890,Offense,64,64,1,641,Defense,316,316,2,1236|1932,Defense %,0.000495%,495,3,1181|1982|1788
iagWqv--RESsZgbUuQ1pDw,451,Speed,5,Square,4,15,False,0,True,equippedStatMod,,Health,588,588,0,,Defense %,0.00042%,420,2,2065|2142,Critical Avoidance %,0.77%,770000,2,3319452|4283892,Offense %,0.05%,50000,1,505980,Offense,145,145,2,575|880
rG5FSNDmQbmyE66tNQt8GA,451,Speed,5,Square,5,15,False,0,True,equippedStatMod,,Health,588,588,0,,Speed,395,395,2,1964|1991,Offense,57,57,1,574,Potency %,0.000559%,559,3,2066|1923|1609,Offense %,0.08%,80000,2,504120|355980
shOyYqGwSdmjeL178zLl3w,451,Speed,5,Square,2,15,False,0,True,equippedStatMod,,Health,588,588,0,,Potency %,0.000403%,403,2,1863|2176,Offense %,0.05%,50000,1,565290,Defense %,0.000148%,148,1,1486,Speed,180,180,1,1804
w8m2BkmrSzGkTGZWRK2-9w,451,Speed,5,Square,5,15,False,0,True,equippedStatMod,,Health,588,588,0,,Offense,58,58,1,584,Health %,5.92%,5920000,2,29316240|29901279,Tenacity %,0.17%,170000,2,919240|858284,Offense %,0.12%,120000,3,495450|317850|484440
-3USVK8GTDGnHKHD4kpmNg,451,Speed,5,Square,1,12,False,0,True,equippedStatMod,,Health,475,475,0,,Offense %,0.05%,50000,1,500310,Health %,2.33%,2330000,1,23350128,Offense,83,83,1,830,Defense,136,136,1,1364
7qputqZzSq6OufKtkQr9pQ,451,Speed,5,Square,1,12,False,0,True,equippedStatMod,,Health,475,475,0,,Offense %,0.05%,50000,1,589560,Health %,2.49%,2490000,1,24901660,Potency %,0.00015%,150,1,1505,Tenacity %,0.09%,90000,1,952168
Adv4_yxITfiVh6XJnKEf0w,451,Speed,5,Square,1,12,False,0,True,equippedStatMod,,Health,475,475,0,,Health %,3.86%,3860000,1,38659720,Potency %,0.000153%,153,1,1531,Defense %,0.000146%,146,1,1469,Offense %,0.05%,50000,1,597030
F-kJMOMhRzaJfOmMrzyfUA,451,Speed,5,Square,1,12,False,0,True,equippedStatMod,,Health,475,475,0,,Offense %,0.03%,30000,1,384030,Offense,79,79,1,796,Critical Avoidance %,0.44%,440000,1,4385124,Protection %,4.67%,4670000,1,46700485
N85dOwgOSOyycn9dJ_aSyA,451,Speed,5,Square,1,12,False,0,True,equippedStatMod,,Health,475,475,0,,Offense %,0.04%,40000,1,411720,Defense %,0.000223%,223,1,2234,Critical Avoidance %,0.43%,430000,1,4277052,Speed,173,173,1,1738
On8kLCbyS6ivxd9M8lQLGQ,451,Speed,5,Square,1,12,False,0,True,equippedStatMod,,Health,475,475,0,,Offense,70,70,1,701,Defense,152,152,1,1521,Defense %,0.000211%,211,1,2113,Offense %,0.04%,40000,1,433020
QIAZ_IX7RA2YQX69ICsnDQ,451,Speed,5,Square,1,12,False,0,True,equippedStatMod,,Health,475,475,0,,Offense,98,98,1,982,Offense %,0.05%,50000,1,562410,Protection,136,136,1,1363,Defense %,0.000189%,189,1,1892
TZO9wKFDRk60JUmY0UZOTA,451,Speed,5,Square,1,12,False,0,True,equippedStatMod,,Health,475,475,0,,Protection,150,150,1,1503,Offense,93,93,1,938,Potency %,0.000178%,178,1,1786,Health %,4.09%,4090000,1,40984875
X-D5AdU4QTGgpdP9z6yEvQ,451,Speed,5,Square,1,12,False,0,True,equippedStatMod,,Health,475,475,0,,Tenacity %,0.09%,90000,1,973924,Offense %,0.03%,30000,1,389280,Protection,101,101,1,1017,Speed,161,161,1,1615
c5RGMBqnRkC3_tC7mD2dNQ,451,Speed,5,Square,1,12,False,0,True,equippedStatMod,,Health,475,475,0,,Offense,93,93,1,933,Offense %,0.05%,50000,1,516690,Critical Avoidance %,0.24%,240000,1,2369832,Potency %,0.000122%,122,1,1221
c9HEbzhTRGOHHz7fE7yiWw,451,Speed,5,Square,1,12,False,0,True,equippedStatMod,,Health,475,475,0,,Protection %,7.68%,7680000,1,76822194,Offense %,0.05%,50000,1,579210,Defense %,0.000186%,186,1,1861,Protection,141,141,1,1416
d8aeT7SRTR2YWGzUiwWgnQ,451,Speed,5,Square,1,12,False,0,True,equippedStatMod,,Health,475,475,0,,Offense %,0.05%,50000,1,593610,Offense,91,91,1,910,Protection,165,165,1,1654,Health %,3.84%,3840000,1,38415418
maYuQTYvTIGW_W4Jc2tIHg,451,Speed,5,Square,1,12,False,0,True,equippedStatMod,,Health,475,475,0,,Protection,89,89,1,894,Offense %,0.05%,50000,1,549240,Defense %,0.000143%,143,1,1430,Potency %,0.000151%,151,1,1515
mvq43pG9SS6RkgTVxyBtVg,451,Speed,5,Square,1,12,False,0,True,equippedStatMod,,Health,475,475,0,,Speed,169,169,1,1695,Critical Avoidance %,0.26%,260000,1,2517348,Defense,183,183,1,1834,Offense %,0.05%,50000,1,504600
oJaprM3uQnq4hGCpEoU8CQ,451,Speed,5,Square,1,12,False,0,True,equippedStatMod,,Health,475,475,0,,Speed,134,134,1,1346,Offense %,0.05%,50000,1,547410,Protection %,5.02%,5020000,1,50222229,Tenacity %,0.06%,60000,1,624603
p1BDuHx8RDCCC_z90R7-tA,451,Speed,5,Square,1,12,False,0,True,equippedStatMod,,Health,475,475,0,,Critical Avoidance %,0.33%,330000,1,3257892,Offense %,0.05%,50000,1,507120,Health %,3.5%,3500000,1,35042336,Offense,101,101,1,1017
xQ76kbsySm-cBt9uhFgXbw,451,Speed,5,Square,1,12,False,0,True,equippedStatMod,,Health,475,475,0,,Health %,3.34%,3340000,1,33432943,Offense,92,92,1,929,Protection %,5.33%,5330000,1,53361897,Offense %,0.04%,40000,1,435630
zbwzMyJQTKesDcl3-XdCPg,451,Speed,5,Square,1,12,False,0,True,equippedStatMod,,Health,475,475,0,,Speed,196,196,1,1966,Critical Avoidance %,0.38%,380000,1,3780924,Protection,113,113,1,1137,Offense %,0.05%,50000,1,566010
2zTvl2kbSpyHMBY24xaEeA,451,Speed,5,Square,2,9,False,0,True,equippedStatMod,,Health,363,363,0,,Protection,131,131,1,1313,Offense %,0.05%,50000,1,522360,Offense,80,80,1,800,Potency %,0.000162%,162,1,1622
5ytDIRkKRoeRoAV4SIe0Hg,451,Speed,5,Square,2,9,False,0,True,equippedStatMod,,Health,363,363,0,,Protection,162,162,1,1623,Critical Avoidance %,0.28%,280000,1,2739876,Defense,116,116,1,1169,Offense %,0.05%,50000,1,503970
9-lAwRBlTdyldDOeZ2TxnA,451,Speed,5,Square,2,9,False,0,True,equippedStatMod,,Health,363,363,0,,Critical Avoidance %,0.41%,410000,1,4009836,Speed,175,175,1,1756,Offense %,0.04%,40000,1,461910,Defense,161,161,1,1614
9dCR1H2dT-yV6XoNPB0dOg,451,Speed,5,Square,2,9,False,0,True,equippedStatMod,,Health,363,363,0,,Protection %,6.44%,6440000,1,64479478,Tenacity %,0.09%,90000,1,948983,Critical Avoidance %,0.4%,400000,1,3999348,Offense %,0.05%,50000,1,509940
CfjB1-0_QzW5HkyI2hZCDQ,451,Speed,5,Square,2,9,False,0,True,equippedStatMod,,Health,363,363,0,,Protection,131,131,1,1314,Offense %,0.05%,50000,1,590700,Speed,138,138,1,1386,Critical Avoidance %,0.42%,420000,1,4175136
WcQJA-uKRxmd95WPXTd9sw,451,Speed,5,Square,2,9,False,0,True,equippedStatMod,,Health,363,363,0,,Health %,2.68%,2680000,1,26851790,Offense,80,80,1,808,Defense,136,136,1,1369,Offense %,0.05%,50000,1,587580
kiDxELgdRC2dmemL_Nyl-Q,451,Speed,5,Square,2,9,False,0,True,equippedStatMod,,Health,363,363,0,,Protection %,4.48%,4480000,1,44819176,Defense,138,138,1,1389,Potency %,0.000125%,125,1,1255,Offense %,0.04%,40000,1,414660
n91un1ekQ36Hc2zB4LbN_Q,451,Speed,5,Square,2,9,False,0,True,equippedStatMod,,Health,363,363,0,,Defense %,0.000122%,122,1,1222,Speed,193,193,1,1934,Potency %,0.000178%,178,1,1786,Protection,155,155,1,1559
p3QtZekrSw-KOjEnqBsQ3A,451,Speed,5,Square,2,9,False,0,True,equippedStatMod,,Health,363,363,0,,Protection %,6.81%,6810000,1,68138271,Defense %,0.000138%,138,1,1386,Offense %,0.05%,50000,1,588360,Protection,168,168,1,1689
uCfKxfXQRK6d_Emzig5U7g,451,Speed,5,Square,2,9,False,0,True,equippedStatMod,,Health,363,363,0,,Offense,74,74,1,744,Speed,129,129,1,1295,Critical Avoidance %,0.32%,320000,1,3139332,Potency %,0.000202%,202,1,2026
CwxgBdQWRhG8PglzsrK6zA,451,Speed,5,Square,3,6,False,0,True,equippedStatMod,,Health,250,250,0,,Offense,66,66,1,662,Defense,150,150,1,1500,Offense %,0.04%,40000,1,404850,Speed,141,141,1,1419
lhj2t6IzRZ6eUdik-RrFbw,451,Speed,5,Square,4,3,False,0,True,equippedStatMod,,Health,138,138,0,,Tenacity %,0.06%,60000,1,668458,Speed,200,200,1,2005,Protection,151,151,1,1514,Protection %,5.48%,5480000,1,54856977
7jWSx0SHQkeQ7kMzoWUIjQ,451,Speed,5,Square,4,1,False,0,True,equippedStatMod,,Health,63,63,0,,Tenacity %,0.05%,50000,1,544733,Critical Avoidance %,0.39%,390000,1,3860724,Offense %,0.05%,50000,1,521940,,,,0,
ZK8taL1FRVSvcF29mb9hYg,451,Speed,5,Square,5,1,False,0,True,equippedStatMod,,Health,63,63,0,,Offense %,0.05%,50000,1,523590,Offense,58,58,1,585,Protection,107,107,1,1078,Tenacity %,0.06%,60000,1,643419
a1Urnj4tQ5SiDScqq9I9Kw,451,Speed,5,Square,5,1,False,0,True,equippedStatMod,,Health,63,63,0,,Potency %,0.000205%,205,1,2055,Tenacity %,0.05%,50000,1,589421,Health %,2.85%,2850000,1,28521187,Offense %,0.05%,50000,1,596730
eQZPGIfTTRuZlaRLKHOf0g,451,Speed,5,Square,4,1,False,0,True,equippedStatMod,,Health,63,63,0,,Offense %,0.05%,50000,1,543900,Tenacity %,0.09%,90000,1,941927,Offense,95,95,1,952,,,,0,
iKlStxgmTr2GIpN8MKgaXw,451,Speed,5,Square,4,1,False,0,True,equippedStatMod,,Health,63,63,0,,Offense %,0.04%,40000,1,452910,Protection %,7.34%,7340000,1,73408428,Defense %,0.000144%,144,1,1448,,,,0,
wJbzJ6yfTY-3VElBtZSItQ,451,Speed,5,Square,2,1,False,0,True,equippedStatMod,,Health,63,63,0,,Offense %,0.05%,50000,1,528090,,,,0,,,,,0,,,,,0,
4nzj_TIFTGyu-AcJakbCHQ,454,Speed,5,Triangle,1,15,False,0,True,equippedStatMod,,Protection,1175,1175,0,,Health,40,40,1,406,Critical Avoidance %,0.45%,450000,1,4473360,Defense %,0.000195%,195,1,1953,Offense %,0.05%,50000,1,507270
4usuu6ZZT4uCc72IUSIZ4w,454,Speed,5,Triangle,4,15,False,0,True,equippedStatMod,,Defense,1200,1200,0,,Health %,3.34%,3340000,1,33462945,Speed,114,114,1,1149,Defense %,0.000222%,222,1,2223,Offense %,0.2%,200000,4,454620|533700|438360|573330
4uuoH5UuR8CQZUd3qFj9KQ,454,Speed,5,Triangle,2,15,False,0,True,equippedStatMod,,Speed,2350,2350,0,,Tenacity %,0.14%,140000,2,697711|702758,Offense %,0.05%,50000,1,515820,Defense,219,219,1,2192,Offense,87,87,1,878
5p8WIHZHTfujMeaGE_akRQ,454,Speed,5,Triangle,3,15,False,0,True,equippedStatMod,,Speed,2350,2350,0,,Potency %,0.000126%,126,1,1263,Offense,110,110,1,1100,Critical Avoidance %,1.01%,1010000,3,4158036|3323328|2614704,Tenacity %,0.06%,60000,1,654444
A9GLVeFoTMWRp65_6j155g,454,Speed,5,Triangle,5,15,False,0,True,equippedStatMod,,Health,588,588,0,,Health %,6.62%,6620000,2,37290343|28934786,Potency %,0.000159%,159,1,1592,Offense %,0.14%,140000,3,534690|337320|550500,Speed,311,311,2,1218|1895
PrKpodlHRo-LY5CPf5xCLg,454,Speed,5,Triangle,1,15,False,0,True,equippedStatMod,,Defense,1200,1200,0,,Speed,195,195,1,1951,Critical Avoidance %,0.35%,350000,1,3492276,Defense %,0.000191%,191,1,1914,Offense %,0.05%,50000,1,567210
RbzEAFWjQz-Jxz6fznN1JQ,454,Speed,5,Triangle,4,15,False,0,True,equippedStatMod,,Defense,1200,1200,0,,Health,136,136,3,484|403|482,Offense %,0.05%,50000,1,571380,Critical Avoidance %,0.82%,820000,2,3768612|4377828,Protection,105,105,1,1051
U_JyXddeTEi7X2s67METOQ,454,Speed,5,Triangle,4,15,False,0,True,equippedStatMod,,Offense,588,588,0,,Offense %,0.08%,80000,2,462960|383460,Defense,112,112,1,1128,Potency %,0.000255%,255,2,1409|1147,Defense %,0.00035%,350,2,1454|2049
XQdZqVyzR52gZdIDgxvRKA,454,Speed,5,Triangle,4,15,False,0,True,equippedStatMod,,Defense,1200,1200,0,,Protection,259,259,2,1269|1325,Offense,79,79,1,797,Offense %,0.09%,90000,2,587790|341760,Protection %,11.59%,11590000,2,43170435|72785478
XwWL5G0_SVGY2W5-Fec20w,454,Speed,5,Triangle,5,15,False,0,True,equippedStatMod,,Protection,1175,1175,0,,Offense %,0.05%,50000,1,514290,Tenacity %,0.05%,50000,1,511462,Health %,11.54%,11540000,3,41214176|37528216|36671016,Potency %,0.000493%,493,3,1555|1189|2187
_Hv_qS7SQ3KGnVx_lRXYkA,454,Speed,5,Triangle,2,15,False,0,True,equippedStatMod,,Offense,588,588,0,,Protection %,7.83%,7830000,1,78300662,Speed,114,114,1,1140,Potency %,0.000415%,415,2,2050|2109,Offense %,0.05%,50000,1,546240
bIYnCZ-JS0ihfiRHeCRn0Q,454,Speed,5,Triangle,2,15,False,0,True,equippedStatMod,,Offense,588,588,0,,Tenacity %,0.07%,70000,1,734363,Offense %,0.09%,90000,2,543060|401910,Health %,2.67%,2670000,1,26731782,Protection,164,164,1,1643
bJeUTSxNRfmdFXoMASgB8A,454,Speed,5,Triangle,3,15,False,0,True,equippedStatMod,,Protection,1175,1175,0,,Offense %,0.09%,90000,2,514110|387330,Defense,172,172,1,1720,Offense,82,82,1,822,Protection %,12.47%,12470000,2,60675330|64076637
c9ghsWihTVGRr0RAkGHA6A,454,Speed,5,Triangle,2,15,False,0,True,equippedStatMod,,Defense,1200,1200,0,,Protection,141,141,1,1410,Critical Avoidance %,0.24%,240000,1,2394684,Offense %,0.09%,90000,2,579990|352380,Protection %,4.44%,4440000,1,44499395
fC6zfdbdS8CQ69m7_idlhg,454,Speed,5,Triangle,2,15,False,0,True,equippedStatMod,,Speed,2350,2350,0,,Tenacity %,0.05%,50000,1,559335,Critical Avoidance %,0.4%,400000,1,3947136,Offense %,0.05%,50000,1,522240,Protection,323,323,2,1575|1659
gfs2j_0rTCeyM5f2eBgDeA,454,Speed,5,Triangle,4,15,False,0,True,equippedStatMod,,Health,588,588,0,,Protection,229,229,2,1110|1185,Health %,2.23%,2230000,1,22375063,Defense %,0.000181%,181,1,1815,Offense %,0.11%,110000,3,519780|320520|324210
hHk-PbWBRAOC-0hiBN221A,454,Speed,5,Triangle,2,15,False,0,True,equippedStatMod,,Offense,588,588,0,,Speed,157,157,1,1575,Health %,6.59%,6590000,2,26369615|39579067,Defense %,0.000114%,114,1,1142,Defense,121,121,1,1213
rt2XLFZBRQWrsVVmho3vBw,454,Speed,5,Triangle,4,15,False,0,True,equippedStatMod,,Critical Damage %,0.0036%,3600,0,,Offense,190,190,2,1030|871,Protection,288,288,3,1095|886|902,Defense,174,174,1,1748,Critical Avoidance %,0.28%,280000,1,2721636
sl2gnWhhTByLDjF01R1K0A,454,Speed,5,Triangle,5,15,True,0,True,equippedStatMod,,Health,588,588,0,,Speed,374,374,2,1561|2186,Protection,397,397,3,897|1579|1501,Offense %,0.08%,80000,2,546750|320730,Health %,3.06%,3060000,1,30623470
v1eRz9m2S3K-4tK6Tukjxg,454,Speed,5,Triangle,1,15,False,0,True,equippedStatMod,,Critical Damage %,0.0036%,3600,0,,Health,50,50,1,505,Defense %,0.00012%,120,1,1208,Critical Avoidance %,0.37%,370000,1,3634092,Offense %,0.03%,30000,1,340440
x9THPLw9QZ2wcdB4JuXgug,454,Speed,5,Triangle,5,15,False,0,True,equippedStatMod,,Speed,2350,2350,0,,Defense,162,162,1,1624,Potency %,0.000552%,552,3,2157|2162|1207,Protection,159,159,1,1590,Protection %,18.66%,18660000,3,44229450|64030954|78429405
1Kqi7zB1TE29eSi4kYv5zw,454,Speed,5,Triangle,1,12,False,0,True,equippedStatMod,,Critical Damage %,0.002925%,2925,0,,Protection %,4.4%,4400000,1,44034259,Tenacity %,0.06%,60000,1,610589,Speed,205,205,1,2051,Protection,150,150,1,1500
31c7_nRLQWCu2QGksZkoaw,454,Speed,5,Triangle,1,12,False,0,True,equippedStatMod,,Protection,950,950,0,,Health %,2.56%,2560000,1,25638852,Offense %,0.05%,50000,1,502860,Offense,87,87,1,876,Potency %,0.000189%,189,1,1894
5LDIwwgYTOuxrCVryEEDzw,454,Speed,5,Triangle,1,12,False,0,True,equippedStatMod,,Critical Damage %,0.002925%,2925,0,,Offense %,0.04%,40000,1,488310,Tenacity %,0.09%,90000,1,928893,Potency %,0.000193%,193,1,1933,Critical Avoidance %,0.25%,250000,1,2439828
5tCZAy1WQlyUI4PPFb4p1A,454,Speed,5,Triangle,1,12,False,0,True,equippedStatMod,,Critical Damage %,0.002925%,2925,0,,Protection,124,124,1,1240,Potency %,0.000203%,203,1,2030,Critical Avoidance %,0.25%,250000,1,2443248,Offense %,0.05%,50000,1,543330
7IB0yQ_9TWKToCrmneOyDA,454,Speed,5,Triangle,1,12,False,0,True,equippedStatMod,,Speed,1900,1900,0,,Defense,196,196,1,1967,Protection %,7.65%,7650000,1,76506566,Health,54,54,1,540,Offense,78,78,1,785
8pcTsapSTgmn0kSaIE-7vQ,454,Speed,5,Triangle,1,12,False,0,True,equippedStatMod,,Critical Damage %,0.002925%,2925,0,,Health,51,51,1,513,Critical Avoidance %,0.44%,440000,1,4383756,Offense %,0.05%,50000,1,528870,Potency %,0.000151%,151,1,1518
8xQoffhIRMCywnT_Su04qw,454,Speed,5,Triangle,1,12,False,0,True,equippedStatMod,,Speed,1900,1900,0,,Critical Avoidance %,0.37%,370000,1,3654384,Tenacity %,0.09%,90000,1,922229,Offense %,0.04%,40000,1,439710,Protection %,7.81%,7810000,1,78167766
92diyHNtSiKrjGSTXuVs-g,454,Speed,5,Triangle,1,12,False,0,True,equippedStatMod,,Speed,1900,1900,0,,Tenacity %,0.05%,50000,1,564529,Health,35,35,1,358,Offense %,0.05%,50000,1,513030,Defense,214,214,1,2148
BWW01sSYTBmAaS44aJq2ew,454,Speed,5,Triangle,1,12,False,0,True,equippedStatMod,,Health,475,475,0,,Protection,147,147,1,1471,Offense %,0.05%,50000,1,555780,Tenacity %,0.09%,90000,1,968779,Protection %,8.03%,8030000,1,80310714
FN6moBk_TkGpXG9_emvw-A,454,Speed,5,Triangle,1,12,False,0,True,equippedStatMod,,Offense,475,475,0,,Speed,130,130,1,1303,Offense %,0.05%,50000,1,593640,Critical Avoidance %,0.25%,250000,1,2460348,Tenacity %,0.07%,70000,1,794731
H2pmFAkNRtmNrjp7F6j0Tg,454,Speed,5,Triangle,1,12,False,0,True,equippedStatMod,,Critical Damage %,0.002925%,2925,0,,Protection,161,161,1,1613,Health,42,42,1,428,Health %,4.15%,4150000,1,41546341,Speed,165,165,1,1659
I1S8BEZ6T_KTY_tf03iB9A,454,Speed,5,Triangle,1,12,False,0,True,equippedStatMod,,Health,475,475,0,,Defense,197,197,1,1975,Offense %,0.05%,50000,1,560460,Critical Avoidance %,0.26%,260000,1,2549952,Potency %,0.000167%,167,1,1671
LURPB3lVSxKkku2UGW8F5A,454,Speed,5,Triangle,1,12,False,0,True,equippedStatMod,,Offense,475,475,0,,Health,53,53,1,536,Critical Avoidance %,0.37%,370000,1,3681744,Defense %,0.000169%,169,1,1696,Protection %,5.86%,5860000,1,58602983
QWT14toCRBWMxij9MW0c2g,454,Speed,5,Triangle,1,12,False,0,True,equippedStatMod,,Speed,1900,1900,0,,Protection,103,103,1,1032,Offense %,0.05%,50000,1,555960,Health,51,51,1,512,Critical Avoidance %,0.46%,460000,1,4530816
UFb6qRtYS3SvSMEjM7Rg8w,454,Speed,5,Triangle,3,12,False,0,True,equippedStatMod,,Speed,1900,1900,0,,Offense %,0.05%,50000,1,558000,Critical Avoidance %,0.25%,250000,1,2422272,Health %,5.83%,5830000,2,22527216|35828817,Defense %,0.000269%,269,2,1274|1419
Z621sMLKRyu9PGJBsrav8g,454,Speed,5,Triangle,1,12,False,0,True,equippedStatMod,,Speed,1900,1900,0,,Critical Avoidance %,0.44%,440000,1,4321056,Offense %,0.05%,50000,1,573390,Defense %,0.000139%,139,1,1395,Protection %,7.65%,7650000,1,76589626
acx_grmwR8ekoSfM8EmPxw,454,Speed,5,Triangle,1,12,False,0,True,equippedStatMod,,Health,475,475,0,,Offense %,0.05%,50000,1,584760,Offense,97,97,1,975,Speed,164,164,1,1644,Protection %,4.24%,4240000,1,42402130
hFKX1RuSTV-mEqRAU2evZA,454,Speed,5,Triangle,1,12,False,0,True,equippedStatMod,,Offense,475,475,0,,Protection %,6.84%,6840000,1,68433134,Health,43,43,1,433,Protection,91,91,1,916,Tenacity %,0.07%,70000,1,762734
iOUW_r1RRNSW0aKI6t-meQ,454,Speed,5,Triangle,1,12,False,0,True,equippedStatMod,,Speed,1900,1900,0,,Offense,100,100,1,1000,Offense %,0.05%,50000,1,569460,Protection,94,94,1,941,Defense %,0.000132%,132,1,1323
kUFHOr9PSVuqNO2vCOtNBw,454,Speed,5,Triangle,1,12,False,0,True,equippedStatMod,,Speed,1900,1900,0,,Tenacity %,0.06%,60000,1,620585,Potency %,0.000114%,114,1,1142,Health,28,28,1,289,Offense %,0.05%,50000,1,537390
xNeb6eZRQSaJ-jNIJ-e0zA,454,Speed,5,Triangle,1,12,False,0,True,equippedStatMod,,Offense,475,475,0,,Offense %,0.04%,40000,1,492330,Speed,192,192,1,1927,Defense,123,123,1,1232,Tenacity %,0.07%,70000,1,717850
xee0o44fQrqWwQdv-IrLwA,454,Speed,5,Triangle,1,12,False,0,True,equippedStatMod,,Defense,975,975,0,,Offense,92,92,1,921,Protection %,4.16%,4160000,1,41637978,Potency %,0.000144%,144,1,1443,Offense %,0.03%,30000,1,376110
2JBVL8XwQwe__oahYoZCAA,454,Speed,5,Triangle,2,9,False,0,True,equippedStatMod,,Protection,725,725,0,,Potency %,0.000207%,207,1,2070,Offense %,0.05%,50000,1,555090,Protection %,7.47%,7470000,1,74799683,Health,39,39,1,395
Pp0osBdyS0ybExvdo9I8TQ,454,Speed,5,Triangle,2,9,False,0,True,equippedStatMod,,Health,363,363,0,,Defense,199,199,1,1992,Protection %,4.32%,4320000,1,43241036,Offense %,0.05%,50000,1,500010,Protection,153,153,1,1539
krIJh9xLRBWNyRkPi8R99w,454,Speed,5,Triangle,2,9,False,0,True,equippedStatMod,,Critical Damage %,0.00225%,2250,0,,Speed,188,188,1,1884,Health,52,52,1,522,Health %,3.9%,3900000,1,39075462,Critical Avoidance %,0.44%,440000,1,4332684
na_nV9GwQ0-LunmFLI4MnA,454,Speed,5,Triangle,2,9,False,0,True,equippedStatMod,,Offense,363,363,0,,Potency %,0.000178%,178,1,1781,Health %,2.21%,2210000,1,22160763,Protection,132,132,1,1320,Defense %,0.000186%,186,1,1861
v72CV5FWQaCWQ91ZCJTBEA,454,Speed,5,Triangle,2,9,False,0,True,equippedStatMod,,Protection,725,725,0,,Critical Avoidance %,0.41%,410000,1,4038564,Health,33,33,1,339,Speed,173,173,1,1733,Offense %,0.05%,50000,1,572880
70ZrCfo-Q5ud9BKYR8Xw9Q,454,Speed,5,Triangle,3,6,False,0,True,equippedStatMod,,Health,250,250,0,,Defense %,0.000114%,114,1,1142,Offense,72,72,1,721,Offense %,0.05%,50000,1,503460,Critical Avoidance %,0.29%,290000,1,2826060
cKNz7lXVRkuvCQ_BjKwQgQ,454,Speed,5,Triangle,3,6,False,0,True,equippedStatMod,,Defense,525,525,0,,Offense,61,61,1,613,Protection,134,134,1,1340,Offense %,0.05%,50000,1,569190,Health %,3.06%,3060000,1,30677045
m4Z9ILXeSD6EoPLQLm9pPw,454,Speed,5,Triangle,3,6,False,0,True,equippedStatMod,,Critical Damage %,0.001575%,1575,0,,Offense,64,64,1,643,Defense,175,175,1,1757,Health,43,43,1,438,Tenacity %,0.06%,60000,1,614313
RpLe5YkJSZK-VTOuvJDGFg,454,Speed,5,Triangle,2,1,False,0,True,equippedStatMod,,Speed,250,250,0,,Offense %,0.05%,50000,1,581850,,,,0,,,,,0,,,,,0,
V4QLNLdWQE2PYUDORVgPPg,454,Speed,5,Triangle,5,1,False,0,True,equippedStatMod,,Offense,63,63,0,,Critical Avoidance %,0.4%,400000,1,3909972,Offense %,0.03%,30000,1,302340,Defense,170,170,1,1702,Health %,2.2%,2200000,1,22085758
fOcbD0W4SvyT2EpEPHPdcw,454,Speed,5,Triangle,2,1,False,0,True,equippedStatMod,,Health,63,63,0,,Offense %,0.05%,50000,1,582630,,,,0,,,,,0,,,,,0,
hhpitXWsTHWe_9p60Vb9Kg,454,Speed,5,Triangle,5,1,False,0,True,equippedStatMod,,Defense,150,150,0,,Health,52,52,1,521,Offense %,0.05%,50000,1,581310,Health %,3.65%,3650000,1,36566009,Protection,107,107,1,1070
mRpJM837RDCB2snKDJawwA,454,Speed,5,Triangle,4,1,False,0,True,equippedStatMod,,Health,63,63,0,,Protection %,6.74%,6740000,1,67423955,Potency %,0.000202%,202,1,2026,Offense %,0.05%,50000,1,520710,,,,0,
4Z4WBREIQTWvaUxVcqg88A,462,Speed,6,Arrow,5,15,False,0,True,equippedStatMod,,Offense %,0.32%,320000,0,,Potency %,0.000694%,694,3,1527|2776|2642,Defense,878,878,5,1419|2013|2206|1402|1749,Protection,604,604,2,2516|3527,Defense %,0.000368%,368,2,1849|1832
HRfnUW9PSFGTmeIKM55qYg,462,Speed,6,Arrow,5,15,False,0,True,equippedStatMod,,Speed,2400,2400,0,,Health %,7.7%,7700000,2,41293800|35788500,Protection,948,948,3,3124|3509|2849,Protection %,10.35%,10350000,2,48097600|55485200,Offense %,0.24%,240000,5,596340|422670|405210|483900|412260
K48l4EzuTl-_YKiSf1RYMA,462,Speed,6,Arrow,5,15,False,0,True,equippedStatMod,,Offense %,0.32%,320000,0,,Protection %,11.87%,11870000,2,49114200|69648600,Defense,789,789,4,1420|2264|2280|1933,Speed,513,513,2,2880|2258,Protection,1302,1302,4,3370|3834|2886|2935
NDNnje0hTJy13oDqueK1WQ,462,Speed,6,Arrow,5,15,False,0,True,equippedStatMod,,Offense %,0.32%,320000,0,,Defense,928,928,5,2317|1870|2022|1744|1331,Defense %,0.000153%,153,1,1532,Health %,11.22%,11220000,3,50292900|29961900|32030100,Protection,845,845,3,2531|3711|2208
QXuTdLyIRRCUbc-dMus7Ew,462,Speed,6,Arrow,5,15,False,0,True,equippedStatMod,,Speed,2400,2400,0,,Critical Avoidance %,0.74%,740000,2,3428250|3926250,Potency %,0.000469%,469,2,1777|2917,Offense %,0.17%,170000,4,485430|491820|317910|308640,Protection,1052,1052,4,2671|3363|2129|2363
Z5C5sQ8KRCeGjqKu6NPRlQ,462,Speed,6,Arrow,5,15,False,0,True,equippedStatMod,,Offense %,0.32%,320000,0,,Defense %,0.00078%,780,4,1628|1947|2729|1500,Defense,151,151,1,1516,Tenacity %,0.44%,440000,4,1024800|1144160|1051680|1228880,Protection %,21.51%,21510000,3,81116400|71042400|62964800
b34KBmWUQWePQlVtENh-XA,462,Speed,6,Arrow,1,15,False,0,True,equippedStatMod,,Offense %,0.32%,320000,0,,Health %,5.26%,5260000,1,52677000,Defense %,0.000576%,576,3,1540|2519|1710,Speed,614,614,3,2095|1677|2371,Potency %,0.000254%,254,1,2545
ef8Jt6eOQtKiY6yv62wPAA,462,Speed,6,Arrow,1,15,False,0,True,equippedStatMod,,Offense %,0.32%,320000,0,,Defense,627,627,3,2111|2027|2139,Health,144,144,1,1445,Offense,259,259,2,1153|1444,Critical Avoidance %,0.82%,820000,2,3903750|4286250
lqmwwRvSTnGDNKa0jaGegA,462,Speed,6,Arrow,5,15,False,0,True,equippedStatMod,,Offense %,0.32%,320000,0,,Health %,15.4%,15400000,4,34727400|51756300|27488700|40030200,Potency %,0.000191%,191,1,1918,Defense %,0.001235%,1235,5,2669|2630|2641|1575|2836,Critical Avoidance %,0.77%,770000,2,4077000|3601250
qE1JXlz1RySjhUnspzgUYw,462,Speed,6,Arrow,1,15,False,0,True,equippedStatMod,,Offense %,0.32%,320000,0,,Critical Avoidance %,0.89%,890000,2,4357250|4495500,Speed,541,541,3,1643|1599|2170,Health,237,237,2,1115|1256,Tenacity %,0.15%,150000,1,1571200
QbRLuOfCSLCvxcr0DZ5PKQ,465,Speed,6,Circle,5,15,False,5,True,equippedStatMod,,Speed,2400,2400,0,,Protection,1526,1526,4,3615|3907|3749|3992,Offense %,0.16%,160000,3,596070|479910|519690,Health %,11.81%,11810000,3,40929300|39492900|37751400,Defense,293,293,2,1595|1342
S9UsgYemSNmj72tx_QDbSA,465,Speed,6,Circle,5,15,False,0,True,equippedStatMod,,Offense,1600,1600,0,,Defense,151,151,1,1512,Offense %,0.16%,160000,3,544350|536820|518730,Tenacity %,0.48%,480000,4,1452160|940080|1533280|922160,Critical Avoidance %,1.52%,1520000,4,3393750|2946750|4002250|4788000
VuGro-_oSHSFImKVy4hPeg,465,Speed,6,Circle,5,15,False,0,True,equippedStatMod,,Speed,2400,2400,0,,Critical Avoidance %,0.3%,300000,1,2964250,Protection,1012,1012,3,3840|3667|2622,Protection %,31.36%,31360000,4,71962400|85426600|72454600|83807400,Offense %,0.17%,170000,4,529440|355650|436620|363750
tG3IXTi8SVe5-8y-QAd0-g,465,Speed,6,Circle,5,15,False,3,True,equippedStatMod,,Offense,1600,1600,0,,Offense %,0.11%,110000,2,518550|558660,Critical Avoidance %,1.13%,1130000,3,3554500|4499000|3159750,Health,507,507,4,1315|1621|882|1251,Protection,936,936,3,3956|2469|2935
uaW3hz4vSau7Lrcr79BmFA,465,Speed,6,Circle,5,15,False,0,True,equippedStatMod,,Speed,2400,2400,0,,Offense,516,516,3,1589|1690|1884,Health,406,406,3,1227|1203|1633,Offense %,0.18%,180000,4,532710|459330|409410|359310,Health %,7.87%,7870000,2,49059000|29691900
wgcA7jTtS-C-l_WJMuh8wA,465,Speed,6,Circle,3,15,False,0,True,equippedStatMod,,Offense,1600,1600,0,,Offense %,0.15%,150000,3,546450|544560|373440,Protection,575,575,2,3447|2307,Health %,9.37%,9370000,3,29651400|34576200|29551500,Tenacity %,0.21%,210000,2,1371280|801200
zeQdKt-yQC-X2vJ9Rh0kww,465,Speed,6,Circle,5,15,False,0,True,equippedStatMod,,Speed,2400,2400,0,,Protection %,15.81%,15810000,2,88701800|69460000,Health,544,544,5,1152|1010|1025|1253|1002,Offense %,0.09%,90000,2,552090|346650,Critical Avoidance %,1.14%,1140000,3,3967250|3460750|3913000
3sIVpMR5QDOWNi_W0KShvA,466,Speed,6,Cross,5,15,False,0,True,equippedStatMod,,Defense %,0.003%,3000,0,,Protection,1386,1386,4,3489|2696|3687|3993,Offense,325,325,2,1723|1531,Offense %,0.12%,120000,2,518730|593280,Health,494,494,4,1257|1526|879|1285
8UPXb-VeSU-S0hQrQIC_hw,466,Speed,6,Cross,3,15,False,1,True,equippedStatMod,,Speed,2400,2400,0,,Health,154,154,1,1545,Defense %,0.000662%,662,3,2399|2421|1800,Offense %,0.1%,100000,2,546330|408000,Critical Avoidance %,1.5%,1500000,4,2913500|3149000|3978500|4912750
KCWp-MSUTSiUKBHum9UUBA,466,Speed,6,Cross,5,15,False,4,True,equippedStatMod,,Defense %,0.003%,3000,0,,Critical Avoidance %,1.99%,1990000,5,3636250|3310500|4320250|4265500|4334500,Protection %,19.13%,19130000,3,50434400|86070600|54822800,Offense %,0.1%,100000,2,573120|420630,Protection,594,594,2,3209|2730
OObOJrGIT0en4UmOyD1gTA,466,Speed,6,Cross,5,15,False,3,True,equippedStatMod,,Health,850,850,0,,Protection %,21.64%,21640000,3,66594200|68572200|81254400,Offense %,0.09%,90000,2,525870|329160,Potency %,0.000768%,768,4,2346|2050|1502|1787,Speed,703,703,3,1544|2571|2915
QmBvpiKmQMGWRzrftPaGPg,466,Speed,6,Cross,5,15,False,0,True,equippedStatMod,,Defense %,0.003%,3000,0,,Tenacity %,0.15%,150000,1,1506560,Health %,20.82%,20820000,5,50201100|38202300|37197900|28863000|53802900,Offense,360,360,2,1665|1938,Offense %,0.19%,190000,4,570450|455730|366870|442410
Wmr3DxuwR3-01ZxFrEFHKg,466,Speed,6,Cross,5,15,False,3,True,equippedStatMod,,Protection,2000,2000,0,,Offense,612,612,4,1052|1887|1288|1899,Protection %,17.84%,17840000,3,48893400|50199800|79354600,Offense %,0.1%,100000,2,534720|375720,Tenacity %,0.32%,320000,3,916640|870240|1443280
qt2YN8alRK-ss4z_EZjQmw,466,Speed,6,Cross,3,15,False,0,True,equippedStatMod,,Health,850,850,0,,Protection,590,590,2,3728|2177,Defense %,0.000202%,202,1,2021,Offense %,0.1%,100000,2,537330|411570,Protection %,42.02%,42020000,5,90707400|90500400|89723000|65987000|83342800
uP6NXHexSEmTdt5m2fVADw,466,Speed,6,Cross,5,15,False,0,True,equippedStatMod,,Potency %,0.0035%,3500,0,,Health,418,418,3,1099|1676|1407,Offense %,0.2%,200000,4,585540|433620|550590|379530,Health %,13.79%,13790000,3,31041900|53335800|53603100,Defense %,0.000437%,437,2,1953|2418
xmIKFvRvQUWXOFl6CMx_iQ,466,Speed,6,Cross,5,15,False,1,True,equippedStatMod,,Speed,2400,2400,0,,Offense %,0.15%,150000,3,480180|473550|512250,Defense,543,543,3,1686|1899|1851,Health %,10.18%,10180000,3,35712900|36053100|30123900,Defense %,0.000607%,607,3,2022|2286|1768
9kyKRDeASVWicVQhUVxrqg,463,Speed,6,Diamond,5,15,False,0,True,equippedStatMod,,Protection,2000,2000,0,,Tenacity %,0.39%,390000,4,964800|854880|978960|1175280,Offense,381,381,2,1978|1833,Offense %,0.14%,140000,3,524640|336870|476490,Critical Avoidance %,1.03%,1030000,3,2777500|4907000|2572000
C5_k1xDPSNy_7ZR5WfbzHw,463,Speed,6,Diamond,5,15,False,0,True,equippedStatMod,,Protection,2000,2000,0,,Defense,428,428,2,2051|2233,Offense %,0.19%,190000,4,575160|420630|426030|435120,Offense,437,437,3,1421|1144|1810,Health,385,385,3,1478|1061|1315
KzZHLTMZTG-UFGShG0RJTw,463,Speed,6,Diamond,5,15,False,0,True,equippedStatMod,,Protection,2000,2000,0,,Potency %,0.000513%,513,2,2388|2744,Defense %,0.000346%,346,2,1965|1503,Offense %,0.21%,210000,5,515670|439470|380880|407520|309420,Protection %,19.94%,19940000,3,75407800|59491800|64593200
LWqHt_tzQyqiagdwAJNy2Q,463,Speed,6,Diamond,5,15,False,0,True,equippedStatMod,,Protection,2000,2000,0,,Tenacity %,0.21%,210000,2,1246000|880640,Offense %,0.13%,130000,3,453510|395460|447720,Potency %,0.001301%,1301,5,2147|2768|2800|2317|2981,Critical Avoidance %,0.71%,710000,2,2816750|4278750
Rm4zb4CgR1yTaWwqEAdzfQ,463,Speed,6,Diamond,5,15,False,0,True,equippedStatMod,,Protection,2000,2000,0,,Critical Avoidance %,1.16%,1160000,3,4163000|2996750|4357500,Speed,598,598,3,2087|1724|2174,Offense,546,546,3,1911|1762|1787,Offense %,0.16%,160000,3,594390|525660|441090
ekWQaTR-TimBvRNpxNTxAA,463,Speed,6,Diamond,5,15,False,0,True,equippedStatMod,,Protection,2000,2000,0,,Defense %,0.00057%,570,3,1654|2241|1808,Offense,510,510,3,1612|1669|1826,Offense %,0.16%,160000,3,558480|495630|541560,Speed,762,762,3,2640|2737|2247
fUhCgz8sQ4yODzdM4P5r5A,463,Speed,6,Diamond,5,15,False,0,True,equippedStatMod,,Protection,2000,2000,0,,Potency %,0.000831%,831,3,2923|2525|2865,Health,133,133,1,1335,Offense %,0.19%,190000,4,445920|497310|538080|391770,Health %,15.6%,15600000,4,35823600|30596400|38874600|50803200
i7-pvglSR8SnaEI6jiA4aA,463,Speed,6,Diamond,3,15,False,0,True,equippedStatMod,,Protection,2000,2000,0,,Defense %,0.000191%,191,1,1913,Offense %,0.12%,120000,2,587670|552450,Tenacity %,0.43%,430000,3,1231040|1568720|1538160,Potency %,0.000962%,962,4,2408|2228|2296|2688
mRzNeAqbT2uX5J_TGJOnpg,463,Speed,6,Diamond,5,15,False,0,True,equippedStatMod,,Protection,2000,2000,0,,Tenacity %,0.2%,200000,2,997200|1005680,Protection %,16.18%,16180000,3,52987400|61037400|47812400,Offense %,0.15%,150000,3,354720|498390|550980,Critical Avoidance %,1.69%,1690000,4,3855000|4778250|3390000|4875250
ok8L5i3bR8aqhsz_XdF7lw,463,Speed,6,Diamond,5,15,False,0,True,equippedStatMod,,Protection,2000,2000,0,,Defense %,0.000253%,253,1,2534,Offense %,0.23%,230000,5,552900|517170|305100|358980|473580,Protection %,12.47%,12470000,2,63756000|61032800,Tenacity %,0.46%,460000,4,1401200|1219360|948800|1117840
tdrq4uKeRvOtzPxc7-nACg,463,Speed,6,Diamond,5,15,False,0,True,equippedStatMod,,Protection,2000,2000,0,,Critical Avoidance %,1.15%,1150000,3,4321250|4045000|3051500,Defense %,0.000502%,502,2,2610|2412,Health %,11.44%,11440000,3,36020700|38998800|39425400,Offense %,0.19%,190000,4,561540|475890|458130|361980
vJJPNpKiQgqD7KjKm0WqXA,463,Speed,6,Diamond,5,15,False,0,True,equippedStatMod,,Protection,2000,2000,0,,Defense %,0.001194%,1194,5,1975|2843|2732|1610|2786,Health %,3.56%,3560000,1,35677800,Offense %,0.14%,140000,3,509880|447450|376980,Critical Avoidance %,1.13%,1130000,3,4036000|3268250|3952750
xJV49ACHSw-ayUbLz06cIg,463,Speed,6,Diamond,1,15,False,0,True,equippedStatMod,,Protection,2000,2000,0,,Offense %,0.06%,60000,1,547140,Protection %,24.85%,24850000,4,56423600|55149400|70053400|66966800,Defense,178,178,1,1785,Defense %,0.000468%,468,2,1827|2859
-r_Q6a9-Qj63IPCAQ9J10A,461,Speed,6,Square,5,15,False,0,True,equippedStatMod,,Health,850,850,0,,Offense %,0.1%,100000,2,518400|480300,Defense,497,497,3,1845|1491|1637,Health %,7.84%,7840000,2,35305200|43191900,Potency %,0.001081%,1081,5,2456|2232|2719|1787|1625
07e1oNuQQ5SaoWbtbrvA4g,461,Speed,6,Square,5,15,False,1,True,equippedStatMod,,Health,850,850,0,,Protection,1303,1303,4,3787|3170|2288|3785,Tenacity %,0.25%,250000,2,1013520|1570800,Offense %,0.11%,110000,2,525600|516210,Defense %,0.000944%,944,4,2889|2150|2887|1523
K-WlWrVHQO6QIxLbelSBmw,461,Speed,6,Square,5,15,False,1,True,equippedStatMod,,Health,850,850,0,,Potency %,0.000725%,725,3,2490|2912|1853,Health %,14.38%,14380000,4,28433700|28069200|48932100|38461500,Offense %,0.12%,120000,2,545730|565590,Protection %,22.82%,22820000,3,63562800|75288200|89424000
SV1TrR8_TiyyQRNw-AMq_g,461,Speed,6,Square,5,15,False,0,True,equippedStatMod,,Health,850,850,0,,Offense %,0.09%,90000,2,407640|405390,Defense,802,802,5,1388|1944|1424|1392|1876,Speed,467,467,2,1868|2808,Critical Avoidance %,1.29%,1290000,3,4162250|4095000|4604250
TaVQtdvISCCDT3mkREn6Ag,461,Speed,6,Square,5,15,False,0,True,equippedStatMod,,Health,850,850,0,,Defense,369,369,2,1541|2158,Offense,458,458,3,1022|1845|1722,Potency %,0.000612%,612,3,2202|2303|1619,Offense %,0.22%,220000,4,576210|558060|586500|450660
U4tBLOZ_SRmmdA4IDx_0LA,461,Speed,6,Square,5,15,False,0,True,equippedStatMod,,Health,850,850,0,,Defense %,0.000871%,871,4,2636|1593|2906|1578,Health %,6.98%,6980000,2,27899100|41987700,Potency %,0.000438%,438,2,2014|2375,Offense %,0.17%,170000,4,561180|333930|345240|400710
Zy1-NjfsQy2_1vMmY2tLmg,461,Speed,6,Square,1,15,False,0,True,equippedStatMod,,Health,850,850,0,,Offense %,0.09%,90000,2,570060|306600,Tenacity %,0.08%,80000,1,870080,Health %,7.76%,7760000,2,42327900|35305200,Defense %,0.000734%,734,3,2632|2773|1938
anGPsp8XRc2aIb4SoeoVXA,461,Speed,6,Square,3,15,False,0,True,equippedStatMod,,Health,850,850,0,,Defense %,0.000695%,695,3,1974|2710|2273,Speed,884,884,4,2660|2084|2391|1705,Offense %,0.06%,60000,1,562650,Tenacity %,0.23%,230000,2,1253040|1126960
uQbjV3YQR0SJV7o3_tbCJw,461,Speed,6,Square,5,15,False,0,True,equippedStatMod,,Health,850,850,0,,Protection %,17.74%,17740000,2,89612600|87841600,Potency %,0.000252%,252,1,2520,Tenacity %,0.38%,380000,4,846800|1083760|914000|985280,Offense %,0.26%,260000,5,591030|385230|559260|505170|478620
vFTU_5SsTs2GraaNKnuZBA,461,Speed,6,Square,5,15,False,0,True,equippedStatMod,,Health,850,850,0,,Speed,607,607,3,1765|2062|2249,Offense %,0.18%,180000,4,532080|416400|542280|305280,Defense,386,386,3,1342|1236|1289,Protection %,11.09%,11090000,2,57256200|53741800
-chnTVVfTY2fpcqcOXUuUw,464,Speed,6,Triangle,3,15,False,0,True,equippedStatMod,,Critical Damage %,0.0042%,4200,0,,Health,252,252,2,1455|1074,Defense %,0.000967%,967,4,2960|2227|2919|1572,Defense,360,360,2,2006|1604,Offense %,0.12%,120000,2,558780|554970
9YzNPS-tTS2oaOx8FKw3GQ,464,Speed,6,Triangle,5,15,False,0,True,equippedStatMod,,Speed,2400,2400,0,,Health,386,386,3,1638|1085|1145,Offense %,0.06%,60000,1,585120,Tenacity %,0.68%,680000,5,1502480|1455520|1457520|1405920|1054560,Potency %,0.000681%,681,3,2561|2066|2189
Iub3RvzwShyt4Tfje9JjUA,464,Speed,6,Triangle,3,15,False,0,True,equippedStatMod,,Critical Damage %,0.0042%,4200,0,,Health,367,367,3,1360|1320|994,Offense %,0.1%,100000,2,569880|354090,Critical Avoidance %,1.19%,1190000,3,3917500|4802500|3119750,Protection %,13.97%,13970000,2,83430200|56331600
Rq1Ne6QITIOTgTYgQx_0nw,464,Speed,6,Triangle,5,15,False,0,True,equippedStatMod,,Offense,1600,1600,0,,Offense %,0.19%,190000,4,419250|507780|453300|467520,Tenacity %,0.33%,330000,3,1544960|916560|861280,Defense,391,391,2,2332|1586,Health %,10.07%,10070000,3,27315900|39233700|34209000
kBtOz85TQh6XCtjkMfwQ9g,464,Speed,6,Triangle,5,15,False,0,True,equippedStatMod,,Offense,1600,1600,0,,Health,456,456,4,925|1357|967|1312,Tenacity %,0.47%,470000,4,1459440|1323200|837440|1117920,Defense,323,323,2,1533|1699,Offense %,0.08%,80000,2,432840|331350
mdSnmWAoTwql_yJFzDCquw,464,Speed,6,Triangle,5,15,False,0,True,equippedStatMod,,Speed,2400,2400,0,,Health,430,430,3,1236|1451|1620,Potency %,0.000581%,581,3,1826|1815|2173,Critical Avoidance %,1.13%,1130000,3,3684250|2996000|4556250,Offense %,0.17%,170000,3,573660|586470|536310
q_3ZS294SMaaZOHBwGk6wg,464,Speed,6,Triangle,5,15,False,0,True,equippedStatMod,,Speed,2400,2400,0,,Protection %,24.97%,24970000,3,89276800|87869200|72560400,Protection,1519,1519,5,3141|2325|2941|3797|2989,Tenacity %,0.2%,200000,2,1011360|1012080,Offense %,0.1%,100000,2,520230|421890
xOF_mILcSRmq5CeUkM4vtw,464,Speed,6,Triangle,5,15,False,0,True,equippedStatMod,,Critical Damage %,0.0042%,4200,0,,Speed,332,332,2,1765|1554,Protection,967,967,3,3573|2733|3372,Offense %,0.19%,190000,4,576930|301980|476610|539700,Defense %,0.000608%,608,3,2082|2432|1566
fATMVjauRQO5mHHzd8TVlA,852,Tenacity,5,Arrow,3,15,False,0,True,equippedStatMod,,Offense %,0.3%,300000,0,,Defense %,0.000176%,176,1,1766,Tenacity %,0.11%,110000,2,506513|680953,Protection,235,235,2,1269|1087,Critical Avoidance %,0.26%,260000,1,2582784
vf2GaRxiRJm4mGH64eqVTA,852,Tenacity,5,Arrow,3,15,False,0,True,equippedStatMod,,Offense %,0.3%,300000,0,,Defense %,0.000345%,345,2,1940|1518,Offense,69,69,1,697,Health,66,66,2,340|322,Health %,3.93%,3930000,1,39330479
25pDuM2oTgmj30XOAvwn4Q,852,Tenacity,5,Arrow,1,12,False,0,False,unequippedMod,,Health,475,475,0,,Critical Avoidance %,0.29%,290000,1,2853420,Offense %,0.05%,50000,1,597540,Tenacity %,0.05%,50000,1,565411,Offense,110,110,1,1101
2LCPG1iFQvK1dTCeTW528w,852,Tenacity,5,Arrow,4,1,False,0,False,unequippedMod,,Offense,63,63,0,,Offense %,0.05%,50000,1,580380,Speed,176,176,1,1768,Health %,3.18%,3180000,1,31823550,,,,0,
4fxy_3cxRf23VMAUdtfDCw,852,Tenacity,5,Arrow,4,1,False,0,False,unequippedMod,,Health,63,63,0,,Protection,105,105,1,1059,Offense %,0.05%,50000,1,546420,Offense,82,82,1,826,,,,0,
FBNzLkTsT8mB32I9zXk2uA,852,Tenacity,5,Arrow,1,1,True,0,True,equippedStatMod,,Offense %,0.04%,40000,0,,,,,0,,,,,0,,,,,0,,,,,0,
SLzgdwGYRUWoYD5vzjZdfQ,852,Tenacity,5,Arrow,2,1,False,0,False,unequippedMod,,Offense %,0.04%,40000,0,,Offense,72,72,1,720,,,,0,,,,,0,,,,,0,
YCjYCqEaSyWNABB3tu7KMQ,852,Tenacity,5,Arrow,1,1,False,0,False,unequippedMod,,Offense %,0.04%,40000,0,,,,,0,,,,,0,,,,,0,,,,,0,
bOacp6m8RKiRMUWEpi6RPA,852,Tenacity,5,Arrow,4,1,False,0,False,unequippedMod,,Health,63,63,0,,Speed,190,190,1,1902,Defense,171,171,1,1719,Offense %,0.05%,50000,1,542880,,,,0,
bk8wIubGS7e60LCbexEeOg,852,Tenacity,5,Arrow,5,1,False,0,False,unequippedMod,,Offense %,0.04%,40000,0,,Protection,150,150,1,1508,Defense %,0.000176%,176,1,1763,Critical Avoidance %,0.35%,350000,1,3440520,Health,45,45,1,456
cYSH612HTPSTMAmOurkqmA,852,Tenacity,5,Arrow,2,1,False,0,False,unequippedMod,,Offense %,0.04%,40000,0,,Protection,88,88,1,884,,,,0,,,,,0,,,,,0,
n177gW73SqW0vVubYSAxvQ,852,Tenacity,5,Arrow,3,1,False,0,False,unequippedMod,,Health,63,63,0,,Offense %,0.05%,50000,1,515370,Defense %,0.000117%,117,1,1179,,,,0,,,,,0,
pXurFA6zSVCcUZUFfDV6ww,852,Tenacity,5,Arrow,4,1,False,0,True,equippedStatMod,,Offense %,0.04%,40000,0,,Health %,4.27%,4270000,1,42748564,Health,53,53,1,534,Offense,79,79,1,794,,,,0,
q6J6DJYmRiyDp8DVtBn8lg,852,Tenacity,5,Arrow,1,1,False,0,False,unequippedMod,,Offense %,0.04%,40000,0,,,,,0,,,,,0,,,,,0,,,,,0,
w_19eG2_RQKYLOzJCkmXoA,852,Tenacity,5,Arrow,4,1,False,0,True,equippedStatMod,,Offense %,0.04%,40000,0,,Tenacity %,0.05%,50000,1,531895,Defense,153,153,1,1530,Potency %,0.000169%,169,1,1696,,,,0,
-beNMk5xTMeeTnVBYdds1Q,855,Tenacity,5,Circle,5,15,False,0,True,equippedStatMod,,Speed,2350,2350,0,,Health %,2.68%,2680000,1,26832503,Protection %,9.67%,9670000,2,42522567|54180038,Defense,527,527,3,2146|1126|2000,Offense %,0.09%,90000,2,557520|421530
IoJ3UUCpR-i1Ye7P5LHgvw,855,Tenacity,5,Circle,5,15,False,0,True,equippedStatMod,,Speed,2350,2350,0,,Protection %,24.47%,24470000,4,57813913|59147026|72033785|55754025,Defense %,0.000144%,144,1,1441,Protection,167,167,1,1676,Health,94,94,2,451|497
ZuOMzwuzTsKeK0qE5-dNjw,855,Tenacity,5,Circle,2,15,False,0,True,equippedStatMod,,Offense,588,588,0,,Protection %,7.06%,7060000,1,70688213,Critical Avoidance %,0.73%,730000,2,4210248|3062040,Offense %,0.05%,50000,1,589740,Defense %,0.000121%,121,1,1214
OuHlR_ZGSV-uGTXVrF9Jqg,855,Tenacity,5,Circle,1,12,False,0,True,equippedStatMod,,Speed,1900,1900,0,,Offense,63,63,1,630,Offense %,0.05%,50000,1,578880,Critical Avoidance %,0.4%,400000,1,3968796,Potency %,0.000162%,162,1,1629
fe7RIQliQ6KUXuzCAzUZwA,855,Tenacity,5,Circle,1,12,False,0,False,unequippedMod,,Offense,475,475,0,,Tenacity %,0.07%,70000,1,794535,Offense %,0.05%,50000,1,575490,Protection %,7.92%,7920000,1,79214322,Defense %,0.000151%,151,1,1519
yW_FvowJQY24nX5qHT--Fg,855,Tenacity,5,Circle,1,12,False,0,False,unequippedMod,,Offense,475,475,0,,Offense %,0.05%,50000,1,575040,Critical Avoidance %,0.43%,430000,1,4294836,Defense %,0.000179%,179,1,1795,Protection %,4.63%,4630000,1,46347480
zAinOQ63RDC3bb_XT--pRQ,855,Tenacity,5,Circle,1,12,False,0,False,unequippedMod,,Offense,475,475,0,,Health %,3.69%,3690000,1,36958178,Potency %,0.000158%,158,1,1586,Offense %,0.05%,50000,1,530640,Speed,211,211,1,2119
3Q7yBG1lTga_79W8LLZR5w,855,Tenacity,5,Circle,2,9,False,0,True,equippedStatMod,,Speed,1450,1450,0,,Health,28,28,1,283,Protection,102,102,1,1020,Offense %,0.05%,50000,1,505950,Offense,71,71,1,710
0ecuKNERTw2dOy4RlrqlMw,855,Tenacity,5,Circle,3,6,False,0,True,equippedStatMod,,Offense,250,250,0,,Protection,130,130,1,1300,Tenacity %,0.07%,70000,1,735000,Offense %,0.05%,50000,1,512970,Health,32,32,1,321
N1FmfoR0Rz-BSNM2sndk2g,855,Tenacity,5,Circle,4,3,False,0,False,unequippedMod,,Offense,138,138,0,,Protection,129,129,1,1290,Speed,164,164,1,1644,Protection %,5.34%,5340000,1,53440804,Offense %,0.05%,50000,1,570720
FH71GjS8TXqA3yUrYLPTVw,855,Tenacity,5,Circle,5,1,False,0,False,unequippedMod,,Offense,63,63,0,,Offense %,0.05%,50000,1,554160,Health %,2.18%,2180000,1,21854314,Protection %,5.75%,5750000,1,57548121,Protection,100,100,1,1002
uj-F2YJLRDuR9uDvfACdwA,855,Tenacity,5,Circle,4,1,False,0,True,equippedStatMod,,Speed,250,250,0,,Defense,173,173,1,1738,Health %,2.93%,2930000,1,29361243,Offense %,0.05%,50000,1,529080,,,,0,
P9RW3XftSR62a-A_abn_MQ,856,Tenacity,5,Cross,2,15,False,0,True,equippedStatMod,,Defense %,0.0024%,2400,0,,Protection,97,97,1,979,Potency %,0.000165%,165,1,1653,Health %,6.3%,6300000,2,39017601|23988742,Offense %,0.05%,50000,1,572760
R1WfZNJVRrq7ug-Y5NC-zQ,856,Tenacity,5,Cross,5,15,False,0,True,equippedStatMod,,Defense %,0.0024%,2400,0,,Tenacity %,0.2%,200000,3,873523|531503|663950,Offense %,0.13%,130000,3,558240|353880|426960,Health,45,45,1,452,Protection %,5.06%,5060000,1,50637529
0_fXX476SxOuEgGIinJbhg,856,Tenacity,5,Cross,1,12,False,0,True,equippedStatMod,,Speed,1900,1900,0,,Protection,142,142,1,1424,Tenacity %,0.05%,50000,1,595007,Offense %,0.05%,50000,1,564810,Critical Avoidance %,0.32%,320000,1,3168288
57V_EAIeSh6DZu11jdNNfw,856,Tenacity,5,Cross,1,12,False,0,True,equippedStatMod,,Health,475,475,0,,Critical Avoidance %,0.25%,250000,1,2402892,Offense %,0.05%,50000,1,528450,Protection %,5.23%,5230000,1,52302882,Defense,116,116,1,1165
gCyDv-1gSW6_W6cAuhZlIw,856,Tenacity,5,Cross,1,12,False,0,True,equippedStatMod,,Offense,475,475,0,,Offense %,0.05%,50000,1,538620,Health,36,36,1,369,Defense,195,195,1,1955,Potency %,0.000164%,164,1,1641
z1PwvmHzR5SIUmYe8PaR6w,856,Tenacity,5,Cross,1,12,False,0,True,equippedStatMod,,Potency %,0.00195%,1950,0,,Protection %,5.7%,5700000,1,57004078,Health,31,31,1,310,Offense %,0.05%,50000,1,528870,Protection,152,152,1,1528
v8dQMlUvT5-BDy8WELl7WA,856,Tenacity,5,Cross,3,6,False,0,True,equippedStatMod,,Health,250,250,0,,Offense,93,93,1,932,Defense,171,171,1,1717,Protection,146,146,1,1463,Offense %,0.05%,50000,1,503400
BO96i32cQS-3WcsaXOjR6A,856,Tenacity,5,Cross,5,1,False,0,False,unequippedMod,,Offense,63,63,0,,Health %,3.47%,3470000,1,34761603,Tenacity %,0.05%,50000,1,544537,Offense %,0.05%,50000,1,548280,Health,31,31,1,316
rJMH-IBaQnmAyYeO7v_JqA,856,Tenacity,5,Cross,4,1,False,0,False,unequippedMod,,Health,63,63,0,,Offense %,0.05%,50000,1,528810,Defense %,0.000143%,143,1,1437,Protection %,6.95%,6950000,1,69566903,,,,0,
IzHk_EZ8R1GQ1prf3N5P3A,853,Tenacity,5,Diamond,5,15,False,0,True,equippedStatMod,,Protection,1175,1175,0,,Critical Avoidance %,0.56%,560000,2,2337228|3189492,Tenacity %,0.05%,50000,1,588637,Offense %,0.16%,160000,3,561570|482280|556260,Potency %,0.000338%,338,2,2233|1156
lE8HmBtvTd2kchhAf2UNXg,853,Tenacity,5,Diamond,3,15,False,0,True,equippedStatMod,,Protection,1175,1175,0,,Offense %,0.09%,90000,2,589050|371430,Potency %,0.00015%,150,1,1503,Critical Avoidance %,0.39%,390000,1,3850236,Speed,369,369,2,1791|1901
mygA-grCSmiQ_AHESu2joQ,853,Tenacity,5,Diamond,4,15,False,0,True,equippedStatMod,,Protection,1175,1175,0,,Offense,109,109,1,1094,Potency %,0.000533%,533,3,2226|1332|1782,Speed,146,146,1,1463,Offense %,0.1%,100000,2,514410|583830
qN-tHwWkRy-rldtssRKVbQ,853,Tenacity,5,Diamond,5,15,False,0,True,equippedStatMod,,Protection,1175,1175,0,,Tenacity %,0.07%,70000,1,762391,Offense %,0.05%,50000,1,501720,Health,208,208,5,294|448|494|434|416,Health %,2.76%,2760000,1,27638271
FrcbHVjtRDCQvr37TbJwJg,853,Tenacity,5,Diamond,1,12,False,0,True,equippedStatMod,,Protection,950,950,0,,Potency %,0.000123%,123,1,1230,Offense %,0.05%,50000,1,561480,Defense %,0.000154%,154,1,1545,Protection %,7.73%,7730000,1,77312248
Yb6BV6DTRDCoUFF5odxykQ,853,Tenacity,5,Diamond,2,9,False,0,True,equippedStatMod,,Protection,725,725,0,,Potency %,0.000171%,171,1,1715,Defense %,0.00022%,220,1,2205,Defense,132,132,1,1322,Offense %,0.05%,50000,1,582840
pO1s8u0eRZekR-m08k08QQ,853,Tenacity,5,Diamond,5,1,False,0,True,equippedStatMod,,Protection,125,125,0,,Tenacity %,0.06%,60000,1,603582,Potency %,0.000161%,161,1,1618,Health,38,38,1,387,Offense %,0.05%,50000,1,582930
dNmJYxosRH-b84d1lsLhLQ,851,Tenacity,5,Square,2,15,False,0,True,equippedStatMod,,Health,588,588,0,,Defense,302,302,2,1162|1860,Offense %,0.05%,50000,1,558840,Protection %,6.76%,6760000,1,67606687,Protection,129,129,1,1297
o6jT4i3tTeiKPj3pCws9jg,851,Tenacity,5,Square,5,15,False,0,True,equippedStatMod,,Health,588,588,0,,Potency %,0.000139%,139,1,1390,Tenacity %,0.05%,50000,1,522046,Protection,554,554,4,1162|1364|1479|1536,Offense %,0.09%,90000,2,526740|437010
zTlg5a36Q6esxvDXHqKbmQ,851,Tenacity,5,Square,2,15,False,0,True,equippedStatMod,,Health,588,588,0,,Potency %,0.000202%,202,1,2025,Protection,161,161,1,1613,Defense %,0.000141%,141,1,1410,Offense %,0.09%,90000,2,550260|442560
JshX53mmQ7WVoDjA_lv1-g,851,Tenacity,5,Square,1,12,False,0,False,unequippedMod,,Health,475,475,0,,Offense,62,62,1,621,Potency %,0.00016%,160,1,1604,Offense %,0.05%,50000,1,526470,Health %,3.76%,3760000,1,37646081
a0tA7xCPTMmQkcQNeclZwA,851,Tenacity,5,Square,1,12,False,0,False,unequippedMod,,Health,475,475,0,,Defense,214,214,1,2140,Tenacity %,0.09%,90000,1,920906,Offense,101,101,1,1018,Offense %,0.05%,50000,1,524370
bwheswurT-aqVQ0I9T8k3w,851,Tenacity,5,Square,1,12,False,0,False,unequippedMod,,Health,475,475,0,,Protection %,8.15%,8150000,1,81523390,Offense %,0.05%,50000,1,515880,Defense,167,167,1,1672,Speed,159,159,1,1595
eCV2X7W2Tp6ax07lsrkKOA,851,Tenacity,5,Square,1,12,False,0,True,equippedStatMod,,Health,475,475,0,,Potency %,0.000219%,219,1,2190,Offense %,0.05%,50000,1,552240,Offense,86,86,1,862,Defense,215,215,1,2153
zZHHTwyzSraYI71hkH-UTA,851,Tenacity,5,Square,3,1,False,0,False,unequippedMod,,Health,63,63,0,,Offense %,0.05%,50000,1,565290,Defense %,0.000115%,115,1,1158,,,,0,,,,,0,
HTk22yBmR9a4RJprybH44g,854,Tenacity,5,Triangle,5,15,False,0,True,equippedStatMod,,Critical Damage %,0.0036%,3600,0,,Offense %,0.05%,50000,1,516090,Defense %,0.000328%,328,2,1420|1862,Tenacity %,0.16%,160000,2,742693|950110,Defense,470,470,3,1133|1899|1676
3moKsJciS7e0Ruumm9xKTQ,854,Tenacity,5,Triangle,1,12,False,0,True,equippedStatMod,,Defense,975,975,0,,Health,37,37,1,370,Speed,125,125,1,1255,Protection,85,85,1,856,Offense %,0.05%,50000,1,587400
TNJdBOAPT_yXKDWq_4R1EQ,854,Tenacity,5,Triangle,1,12,False,0,True,equippedStatMod,,Health,475,475,0,,Potency %,0.000152%,152,1,1527,Offense %,0.05%,50000,1,573390,Health %,2.67%,2670000,1,26783214,Defense,147,147,1,1470
xy01DPWLTvaVeECPBRrhNQ,854,Tenacity,5,Triangle,1,12,False,0,False,unequippedMod,,Health,475,475,0,,Protection,132,132,1,1329,Tenacity %,0.05%,50000,1,516656,Offense %,0.05%,50000,1,561150,Speed,114,114,1,1140
vudD8gNaQb6aw5kVG0KWpQ,854,Tenacity,5,Triangle,4,3,False,0,True,equippedStatMod,,Protection,275,275,0,,Health,35,35,1,353,Offense,97,97,1,970,Defense,121,121,1,1212,Offense %,0.05%,50000,1,598470
9Mkrmz4HSNKqfaxFcSI5pw,854,Tenacity,5,Triangle,5,1,False,0,True,equippedStatMod,,Offense,63,63,0,,Health %,2.55%,2550000,1,25593849,Health,49,49,1,499,Offense %,0.05%,50000,1,587100,Protection %,5.25%,5250000,1,52576980
g-I_OQ05TAmANbhK8sQlXg,854,Tenacity,5,Triangle,5,1,False,0,False,unequippedMod,,Critical Damage %,0.00045%,450,0,,Protection %,8.23%,8230000,1,82324919,Offense %,0.05%,50000,1,577830,Potency %,0.000189%,189,1,1896,Defense,199,199,1,1996
v8-OZkoXQ86x7hJfY9qjdg,854,Tenacity,5,Triangle,5,1,False,0,True,equippedStatMod,,Health,63,63,0,,Speed,159,159,1,1591,Protection,133,133,1,1336,Offense,71,71,1,711,Offense %,0.05%,50000,1,550950
xDo8QDQBTN-sAz0ohwSe-A,854,Tenacity,5,Triangle,5,1,False,0,False,unequippedMod,,Protection,125,125,0,,Tenacity %,0.07%,70000,1,701876,Protection %,5.02%,5020000,1,50296983,Defense %,0.000217%,217,1,2179,Offense %,0.05%,50000,1,509670
z79l9LzjRrGS90Qm7hMNmA,854,Tenacity,5,Triangle,5,1,False,0,True,equippedStatMod,,Defense,150,150,0,,Tenacity %,0.05%,50000,1,506219,Offense %,0.05%,50000,1,514230,Offense,58,58,1,588,Speed,119,119,1,1199
3-ZQiriyRNWNaK6qKj8KCQ,862,Tenacity,6,Arrow,5,15,False,0,True,equippedStatMod,,Offense %,0.32%,320000,0,,Protection,788,788,3,3082|2626|2180,Protection %,22.56%,22560000,3,91701000|57578200|76373800,Potency %,0.000633%,633,3,2305|2331|1702,Speed,607,607,3,1508|1584|2981
Igq8HfcgRgKe9DkFii9zog,862,Tenacity,6,Arrow,2,15,False,0,True,equippedStatMod,,Offense,1600,1600,0,,Tenacity %,0.24%,240000,2,1274640|1141520,Critical Avoidance %,0.88%,880000,2,4633250|4077500,Offense %,0.17%,170000,3,589980|481260|537510,Defense %,0.000401%,401,2,1718|2298
SM3SwA7xShKNY7NmgykiIg,862,Tenacity,6,Arrow,5,15,False,0,True,equippedStatMod,,Offense %,0.32%,320000,0,,Protection %,4.82%,4820000,1,48231000,Potency %,0.000625%,625,3,1787|1795|2675,Defense %,0.001089%,1089,5,2047|1977|2638|2706|1524,Health,417,417,3,1026|1575|1572
bw8NHUdsSdqDriTI5aIhdg,862,Tenacity,6,Arrow,5,15,False,0,True,equippedStatMod,,Offense %,0.32%,320000,0,,Defense %,0.000221%,221,1,2218,Potency %,0.000707%,707,3,2721|1718|2639,Critical Avoidance %,1.12%,1120000,3,4188500|3937500|3069250,Health %,17.64%,17640000,5,34044300|31149900|30974400|27515700|52760700
DhMCuKETQrWi6iLD1JKpUA,865,Tenacity,6,Circle,5,15,False,0,True,equippedStatMod,,Offense,1600,1600,0,,Offense %,0.09%,90000,2,535410|334020,Potency %,0.001197%,1197,5,2838|2623|2792|2027|1695,Defense %,0.00019%,190,1,1909,Health,474,474,4,1562|1051|1257|877
OHfxfcjHQteMQ2jf8e3WXQ,865,Tenacity,6,Circle,5,15,False,0,True,equippedStatMod,,Offense,1600,1600,0,,Speed,409,409,2,2316|1782,Health %,12.91%,12910000,3,47803500|34568100|46815300,Defense %,0.000398%,398,2,2336|1646,Offense %,0.25%,250000,5,512940|558870|301800|583950|464640
0GVzdftLQrad2Y7gEaxnEg,866,Tenacity,6,Cross,5,15,False,1,True,equippedStatMod,,Potency %,0.0035%,3500,0,,Protection %,20.95%,20950000,3,79018800|71198800|59335400,Offense %,0.14%,140000,3,553770|356910|447420,Protection,818,818,3,3349|2047|2784,Defense %,0.000672%,672,3,2788|1754|2184
BQDrEPTqSIGDvCIouH_hLA,866,Tenacity,6,Cross,5,15,False,0,True,equippedStatMod,,Potency %,0.0035%,3500,0,,Protection,530,530,2,2832|2472,Health %,19.04%,19040000,4,52717500|35199900|49131900|53384400,Offense %,0.2%,200000,4,579840|522840|587310|301500,Defense %,0.000523%,523,2,2523|2709
Jbvaqp8NQ42D14NhSSAH8A,863,Tenacity,6,Diamond,5,15,False,0,True,equippedStatMod,,Protection,2000,2000,0,,Defense %,0.00128%,1280,5,2475|2916|2248|2676|2492,Health,193,193,2,896|1035,Offense %,0.15%,150000,3,564000|330990|594000,Protection %,12.94%,12940000,2,52449200|76990200
KHBCltvXSI6XfwwFhIUKDw,863,Tenacity,6,Diamond,5,15,False,0,True,equippedStatMod,,Protection,2000,2000,0,,Defense,811,811,5,1818|1301|1696|1791|1504,Protection %,12.05%,12050000,2,71760000|48829000,Defense %,0.000444%,444,2,1858|2590,Offense %,0.15%,150000,3,582780|338100|564660
OFdEyYw8SB2dd_gq0yZuMw,861,Tenacity,6,Square,5,15,False,0,True,equippedStatMod,,Health,850,850,0,,Offense %,0.14%,140000,3,580590|451920|329280,Potency %,0.000341%,341,2,1501|1914,Offense,715,715,5,1324|1344|1231|1676|1582,Health %,6.23%,6230000,2,28220400|34165800
_Py7t46CQVqIXB07Exf8GQ,861,Tenacity,6,Square,5,15,False,1,True,equippedStatMod,,Health,850,850,0,,Offense %,0.16%,160000,3,504180|557280|533340,Protection,1324,1324,4,3055|3633|3350|3210,Offense,117,117,1,1173,Speed,931,931,4,2086|2315|2946|1972
I0YqQ4ORTqSweKCs07XG4Q,864,Tenacity,6,Triangle,5,15,False,2,True,equippedStatMod,,Defense,2000,2000,0,,Defense %,0.000968%,968,4,2760|1937|2667|2320,Offense %,0.06%,60000,1,594450,Potency %,0.000594%,594,3,1747|1794|2399,Speed,939,939,4,2689|2348|1872|2487
W6b3IsBlTvmtc5Ca_sHaHQ,864,Tenacity,6,Triangle,5,15,False,3,True,equippedStatMod,,Defense,2000,2000,0,,Health %,16.88%,16880000,4,45635400|49383000|28768500|45087300,Speed,369,369,2,2164|1530,Offense %,0.17%,170000,3,574680|492750|582360,Protection,830,830,3,2515|3117|2671
rx-vwWU8TM-RkxqMGLckew,864,Tenacity,6,Triangle,5,15,False,0,True,equippedStatMod,,Offense,1600,1600,0,,Protection %,13.76%,13760000,2,89102000|48507000,Protection,718,718,2,3988|3192,Health,372,372,3,987|1391|1345,Offense %,0.25%,250000,5,582930|424710|356940|592320|525900
